event_id,session_id,customer_id,event_type,page_url,device_id,timestamp,ingest_run_id
aa56e7fb-5d80-4807-86dc-1f742f655fbe,8ee809b4-5d5b-4fed-99c6-67a74e8fe3e9,,login,https://shop.example.com/search?q=shoes,9a921b19-37df-4ed4-85d0-8583864f8d1d,2025-09-26T16:03:31.922468+00:00,920fe448-95d0-4ccb-b77b-2c7cfa389054
9ea31e17-ffce-4d2b-93f2-979fafac5b9b,9efcf371-ae3b-4a9e-956b-67dbc09935c0,ea0320ec-675d-42be-bcf8-ec2b2a71b14b,page_view,https://shop.example.com/product/PROD-0109,06e4844b-068b-41f4-9c78-120424a84b72,2025-10-15T12:27:28.922583+00:00,920fe448-95d0-4ccb-b77b-2c7cfa389054
dadd5a4b-3654-440d-adb1-b7a3ff181da3,51d6406d-abd3-4f96-8fe9-039088694420,5160a713-dde1-404a-8b29-f3cc1192a694,login,https://shop.example.com/,8bcca371-31ce-4420-801f-6b18a7512463,2025-09-03T07:46:34.922628+00:00,920fe448-95d0-4ccb-b77b-2c7cfa389054
c0f6a7b0-f688-4aac-8740-11821f7f086e,41a4433e-fcf4-4f20-8264-ddbdd0bfb567,d8fde909-fe69-4f34-9290-cebfc268c31c,search,https://shop.example.com/,f0241556-af81-429b-ab06-e19a4ec37f2b,2024/31/01 25:61:00,920fe448-95d0-4ccb-b77b-2c7cfa389054
e0cc5a38-1047-4d47-9679-7238b3ff9e79,ec4f96c4-82c5-4622-bbba-961efa314a9a,fc905a7d-b0b4-4217-ad84-c300dbfdeac9,page_view,https://shop.example.com/product/PROD-0143,6dd78212-572a-41c4-88e8-deded58c3bb6,2025-10-06T19:03:15.922725+00:00,920fe448-95d0-4ccb-b77b-2c7cfa389054
ce05f214-1432-4d06-954e-816086edab0a,6f92abb3-8e6b-4d75-a8e8-0c52ec905135,5d4e1b1c-e9d9-4c0c-8c39-142dc1f5f5c7,page_view,https://shop.example.com/product/PROD-0038,f0c53887-5ec6-4ef9-a91b-2f8d08eb763d,2025-09-21T00:21:39.922755+00:00,920fe448-95d0-4ccb-b77b-2c7cfa389054
12c101c6-33ed-4002-b473-b3286e606a3f,cef0a6ec-428e-4561-8786-3aa6ad7c0d2b,661810c5-91ac-4d99-8791-d25c7a977a8e,page_view,https://shop.example.com/product/PROD-0279,8550dce6-f181-4b4f-bd49-2f1a9db57491,2025-09-25T18:14:30.922780+00:00,920fe448-95d0-4ccb-b77b-2c7cfa389054
d3b8aa2b-4fbd-4232-b35f-0a30cbfa120f,21930c3a-0bda-4c08-886c-f7086fcff8b9,9e0f90fc-2741-4828-907b-64b434a5e9e2,page_view,https://shop.example.com/product/PROD-0425,67da5d36-1a20-4181-9d8b-c9587bf96439,2024/31/01 25:61:00,920fe448-95d0-4ccb-b77b-2c7cfa389054
8ee35031-bfd6-4175-8c89-bb5969e446e9,800dc94d-16b4-48e6-aa60-65fc2b14b2e7,86fb453f-ad06-42f0-a4a8-9ea09a065085,page_view,https://shop.example.com/product/PROD-0079,3ab15b7e-0ff2-49ec-9682-d8ee7407c8bd,2025-09-29T02:06:21.922868+00:00,920fe448-95d0-4ccb-b77b-2c7cfa389054
7ec1b19d-5203-4102-af28-7521d26af97c,658986e8-2724-46f4-a554-df9296d4878d,f569d772-34f8-48a6-ace2-88a5bdde3859,page_view,https://shop.example.com/product/PROD-0017,2aba4899-1256-401e-a064-28a23a3e283c,2025-11-06T08:32:21.922896+00:00,920fe448-95d0-4ccb-b77b-2c7cfa389054
ea234a29-761f-4f10-b27d-81fe38a897ec,f0e853e6-505e-40ad-a308-0daf6870a426,91600513-96d6-4e7b-bfce-90bf1689f7ba,page_view,https://shop.example.com/product/PROD-0006,7a1076b9-1570-455c-af1f-3fd1b8b1c1b5,2025-11-19T18:52:38.922950+00:00,920fe448-95d0-4ccb-b77b-2c7cfa389054
02cd19c5-91e7-420d-a145-25b9ea914bfd,a970e7d7-f8ff-49ac-a9fe-bc8b9c9a0120,a28116f3-58a7-426c-9080-76835d234339,page_view,https://shop.example.com/product/PROD-0350,14c69e31-1938-48eb-8026-df23e28cd2cc,2025-11-14T17:11:28.922977+00:00,920fe448-95d0-4ccb-b77b-2c7cfa389054
f4dc4190-9ddb-47b3-a32a-6067d6aa70a0,7b7bfbab-8388-4038-983b-d73305d14efc,,login,https://shop.example.com/search?q=shoes,4c306b4a-135d-4c30-b7f7-9f1e33d30d8a,2025-11-22T21:30:27.923013+00:00,920fe448-95d0-4ccb-b77b-2c7cfa389054
037d3e96-5bfa-4515-ba3b-379ac003cd7d,022fc596-0d93-4161-8a87-e766a960bb2a,04d7faa3-8035-4d4f-b49f-1b65f4973955,add_to_cart,https://shop.example.com/product/PROD-0286,788ee6f7-1c93-421b-8518-dcb6670d4f57,2025-11-03T15:42:44.923037+00:00,920fe448-95d0-4ccb-b77b-2c7cfa389054
79886551-883b-494a-b6c2-5b0680c44f0c,be6eb7a8-8456-4a17-ba78-153805551e92,4ff8c042-0cdf-4fd9-b7a1-417ef4c9a7cd,page_view,https://shop.example.com/product/PROD-0134,9852a1f7-cb4a-4c49-9400-41cb58e62c0b,2025-11-24T10:38:16.923059+00:00,920fe448-95d0-4ccb-b77b-2c7cfa389054
86aa262d-7a8b-4c8e-ae04-f0103cb53d7b,56c35d10-c62a-4006-8c33-10b60fb26a16,ff0c4af0-16f2-4da5-9025-b464c34eecb7,page_view,https://shop.example.com/product/PROD-0399,05960dbe-2501-44b8-9eb3-7af12cac0a9d,2025-09-13 07:00:51.923083+00:00,920fe448-95d0-4ccb-b77b-2c7cfa389054
17010bad-c0fb-4d4b-9d14-9ca1d5375711,85ebb610-398b-4f55-8374-d8ff6fecc0b0,09b96f3c-db18-4d80-9cdb-87f25ffa7908,add_to_cart,shop.example.com/product/PROD-0358,dd0d87cb-4daa-490a-9043-f436fd7b1a56,2025-09-27T17:15:49.923128+00:00,920fe448-95d0-4ccb-b77b-2c7cfa389054
08ef3218-4ccf-4ec5-8b33-c1e4c3b8d285,8bdd827e-986b-4370-900d-37aecf34214e,,login,https://shop.example.com/,f54c741a-1b6d-4782-a0ef-b6bfd80c8585,2025-09-05T18:32:10.923171+00:00,920fe448-95d0-4ccb-b77b-2c7cfa389054
9968db91-1b21-4b15-9259-ea4b1dc86555,5e8e57b6-42db-4995-9e01-9b4b5e20cd25,,page_view,https://shop.example.com/product/PROD-0328,cca31735-76b0-451f-86ce-66206d6d2c06,2025-11-25T16:18:18.923195+00:00,920fe448-95d0-4ccb-b77b-2c7cfa389054
72e22761-f3f0-4370-9164-1439f735d13a,6630dedc-4a47-4ea1-a52b-f54503c062ff,e982a289-c72e-4d12-bc41-503ea37c6895,page_view,https://shop.example.com/product/PROD-0462,ce3ee17c-0e25-49a9-b475-9bd8fc49609b,2025-10-27T23:21:55.923218+00:00,920fe448-95d0-4ccb-b77b-2c7cfa389054
2f81c2c5-aa22-4f99-95bc-f339eb42a48c,dee86a00-4dee-466c-9914-8b8166133d77,,page_view,https://shop.example.com/product/PROD-0421,68d2961d-d894-47f4-895d-71308f3be4b4,2025-09-02T18:48:59.923245+00:00,920fe448-95d0-4ccb-b77b-2c7cfa389054
9f0a4c33-1022-4aae-8eb6-8cb189e37dd8,a26994eb-a622-47ee-bb49-bbb165550838,,add_to_cart,https://shop.example.com/product/PROD-0201,0ff55b7a-171f-4055-b898-c8aa637be92f,2025-10-12T03:20:21.923268+00:00,920fe448-95d0-4ccb-b77b-2c7cfa389054
74e16299-39d2-4f19-8791-4a549914514e,7cad556f-d874-461f-b1be-d826e9aeeeba,,login,https://shop.example.com/cart,9f0453bf-a0cb-4d72-b77b-6092227a6994,2025-09-30 20:16:54.923292+00:00,920fe448-95d0-4ccb-b77b-2c7cfa389054
ecd7f2b8-81cb-462f-9511-8ee8e5fb9863,99f11774-9ac8-4295-b870-673b48392426,6b84df5a-c8dc-4249-be56-767e843513c0,login,https://shop.example.com/search?q=shoes,3a2f3ef3-3c8e-4d11-be23-cee70ee614e3,2025-09-23T23:20:29.923335+00:00,920fe448-95d0-4ccb-b77b-2c7cfa389054
c0062c5b-bdba-4836-b107-14543e9ca177,f3bb7ad5-d431-4daa-95b6-133720324c88,4f1465ab-68b6-4a60-8dd6-0ece90dbf299,add_to_cart,https://shop.example.com/product/PROD-0387,8ef2607c-31a4-43d9-86df-3553522de9b4 ,2025-10-23T05:15:14.923359+00:00,920fe448-95d0-4ccb-b77b-2c7cfa389054
83b5c33c-32ed-4431-9213-2d3f11438f0a,869d8188-5475-47c6-b9ba-11d46f794692,,search,https://shop.example.com/category/electronics,26e991f2-61e1-487d-97e2-f06ebfb9c49e,2025-09-24T04:01:36.923411+00:00,920fe448-95d0-4ccb-b77b-2c7cfa389054
68ebae7a-325c-46ec-98d6-d8b7fb3f4195,d7d83b0b-afd2-453f-b2b4-c0218b33a2ab,3a7081ea-4ec6-4cd0-8af5-f5eba588413c,page_view,https://shop.example.com/product/PROD-0338,ead2a10f-c5ec-4ca7-b1d9-c5239d3ad8e2,2025-09-29T22:43:42.923437+00:00,920fe448-95d0-4ccb-b77b-2c7cfa389054
8b9e179c-258f-4507-b74d-1fcfe09d6a7b,82f86843-bcb6-4012-95bf-b8a9fb0801b1,791c6186-98c5-4bbb-b4e1-5885519194b9,add_to_cart,https://shop.example.com/product/PROD-0144,2912388d-379e-4f0a-9635-54925b6bea41,2025-11-14T11:44:23.923465+00:00,920fe448-95d0-4ccb-b77b-2c7cfa389054
cb5235da-574e-4beb-9343-e343ea201047,a374020c-4087-4fc9-9eb2-52a2364fdd2d,44a42848-3d24-4587-a1c6-bd8f1ff61616,page_view,https://shop.example.com/product/PROD-0333,af3d0dd1-4181-4788-9b94-68b323807303,2025-09-13T08:08:32.923489+00:00,920fe448-95d0-4ccb-b77b-2c7cfa389054
492ebac9-085c-4918-bd98-515f4214d067,197b6458-881f-40c9-b722-bb42bbe344f0,dcb73828-1caa-4278-bd04-f020ef8f889e,page_view,https://shop.example.com/product/PROD-0027///,1f4d5ef8-d62c-49b2-8adc-fc55445e8c0d,2025-10-25T11:07:44.923511+00:00,920fe448-95d0-4ccb-b77b-2c7cfa389054
179a2956-9915-4937-8a3a-1744b355e03f,6f0bddd9-3404-42fb-9042-c6d838e163d9,aa18e1b6-0f97-429d-8baa-3567f908d49b,page_view,https://shop.example.com/product/PROD-0038,5d49d5a2-afe4-4759-8958-b3d39b53a2cd,2025-11-15T15:43:18.923537+00:00,920fe448-95d0-4ccb-b77b-2c7cfa389054
88945f0c-98ce-444e-a2e0-48da92cded71,14017250-5d09-4960-b90e-cfb64ffda9c8,23489fdb-2ad4-4484-8e3e-0b90017fa7ce,page_view,https://shop.example.com/product/PROD-0027,2557ed50-c8de-432b-aa3f-df6a42e13297,2025-11-05 16:06:12.923559+00:00,920fe448-95d0-4ccb-b77b-2c7cfa389054
9f67196c-b630-4dc2-b2bb-20390bc1c4e3,c1b367ca-003e-44f8-bb5d-b81d0cad9f74,4dd9abfe-fcec-4050-8618-d2926d40d6de,page_view,https://shop.example.com/product/PROD-0368,8214773e-50cc-4397-b796-b681a5709083,2025-10-09T22:00:21.923644+00:00,920fe448-95d0-4ccb-b77b-2c7cfa389054
1d9b290a-8cff-411c-ac91-3b0992bd47ac,ec300a66-4079-41d7-9ac7-352a1174c068,,page_view,https://shop.example.com/product/PROD-0157,f3656969-06f2-4c48-9e57-aca39a6270df,2025-10-22T16:48:42.923673+00:00,920fe448-95d0-4ccb-b77b-2c7cfa389054
a766ad28-6dc7-400f-af80-20ab2c254c99,f373b7fe-ea2c-4198-9f4c-7470d42cad5c,47d07053-d340-4588-be45-a9605c178c9f,page_view,https://shop.example.com/product/PROD-0061,60854a02-39b3-4457-b57f-b09d0dfc09ae ,2025-09-12T09:04:41.923697+00:00,920fe448-95d0-4ccb-b77b-2c7cfa389054
217f9d2a-ba70-4462-93fd-f806f821ff84,67a19ee2-6c9b-439b-9f5e-acbc81e56bc1,eacaafe9-7554-47ac-9059-43d0d76a55a6,page_view,https://shop.example.com/product/PROD-0260,1e87941e-3878-417a-b2b4-1b49eac72331,2025-10-10T23:05:29.923731+00:00,920fe448-95d0-4ccb-b77b-2c7cfa389054
1bb247bc-980f-4442-9015-a55ad631b09f,c7ae7933-3c51-4cff-8313-fa05ef350a81,03ee9228-76b6-4351-b0f8-e0d0895ed102,login,https://shop.example.com/category/electronics,b8b54eb2-783c-488d-a1fa-0b797aeeab92,,920fe448-95d0-4ccb-b77b-2c7cfa389054
76496bc4-ae36-4551-bde6-843f45d5ae0b,3341f986-3add-4288-97cc-18dbeb333f13,,search,https://shop.example.com/category/electronics,0e7609b9-04fa-4877-9e7e-e13f73a33086,2025-09-06T05:30:30.923799+00:00,920fe448-95d0-4ccb-b77b-2c7cfa389054
69a8ee02-4d9f-467e-a63d-8dc97b902192,e3cdfc4b-ba3f-41fc-bcc1-239806bbe554,938db5d1-e516-4040-9c66-7edef78977f8,add_to_cart,https://shop.example.com/product/PROD-0109,549213dc-c2c2-453e-9e92-e7a415e1948f,2025-09-17T14:32:17.923825+00:00,920fe448-95d0-4ccb-b77b-2c7cfa389054
5dd4354c-26f9-4098-8a93-9647ffcfbd9c,63c40766-2b6c-400d-9fe0-2ac7066107bb,43a5fcf4-64b1-4d1d-b666-bf9fd1cd6b0a,add_to_cart,https://shop.example.com/product/PROD-0171,bd353d3c-d95f-4343-b5e8-f1031867f330,2027-03-21T16:04:29.923855+00:00,920fe448-95d0-4ccb-b77b-2c7cfa389054
a194fbda-825d-4963-bfa7-6c3abed13261,6c6b045d-c9df-4e24-96aa-e2b0f1a6cfc1,c2a04412-b91e-4328-a904-536666ea9fdd,page_view,https://shop.example.com/product/PROD-0445,1c6afa55-0193-4b8d-b91b-ba0ff9d3058b,2025-09-11T12:24:27.923891+00:00,920fe448-95d0-4ccb-b77b-2c7cfa389054
89f1c1b9-699f-45ab-b9cf-e5cd8f6187d3,7f8ef20c-4f7c-4a08-a9a1-346c6a068ae6,7aab1378-35af-4fb3-b3ac-2921b4eaee8a,page_view,https://shop.example.com/product/PROD-0062,37bea608-969f-4641-9100-de7983a88125,2025-10-27T09:13:57.923915+00:00,920fe448-95d0-4ccb-b77b-2c7cfa389054
45784ec8-9963-4a06-8235-b4d3d5ad3398,c0f0a333-4710-4e33-81e0-4789f63143e5,,page_view,https://shop.example.com/product/PROD-0366,0a58e020-3904-4e8c-856d-7658294994c7,2025-11-15T16:53:22.923943+00:00,920fe448-95d0-4ccb-b77b-2c7cfa389054
9c456ba2-b612-4380-b560-d9b326ffb752,3222d32e-f4c5-47c0-bb63-f4848b7a7b01,429f5c91-6d16-4349-80b2-a72e59c5c792,page_view,https://shop.example.com/product/PROD-0408,a3220233-6b4b-48dc-8dc7-5594462a38db,2024/31/01 25:61:00,920fe448-95d0-4ccb-b77b-2c7cfa389054
c65c3624-799a-41be-97ef-eec2eed51669,db2fd132-2235-4a9f-92c3-a3e60b51db22,,login,https://shop.example.com/search?q=shoes,661bf21c-194f-47c3-93c9-71f88565ec3d,2025-10-07T00:03:06.924025+00:00,920fe448-95d0-4ccb-b77b-2c7cfa389054
59643b9e-0d85-4264-9978-7b3a58abc940,28328176-0f34-4641-9627-9a3db2058081,6e9fe888-6d4d-4626-aba7-30a96b287f37,add_to_cart,https://shop.example.com/product/PROD-0348///,8c00c151-32af-4c1d-b32b-31069e370d5e,2027-09-21T16:04:29.924089+00:00,920fe448-95d0-4ccb-b77b-2c7cfa389054
df6d6f09-8e70-4f85-bcaa-8acc761aad9b,deb97289-1d63-4163-baac-da4554a8690f,9ec7a1c6-4411-48cf-a99b-2543ecea7d50,page_view,https://shop.example.com/product/PROD-0051,b696047d-cfcb-4809-9917-08b15c566da3,2025-10-29T05:04:32.924136+00:00,920fe448-95d0-4ccb-b77b-2c7cfa389054
e2775200-b876-4e59-b53a-35a477478f9a,f136eae4-3e42-4bc1-a9a4-77b3d63b1939,b45c7cdc-133b-49b7-8a2d-cba3f78a352b,page_view,https://shop.example.com/product/PROD-0081,8d7396b5-b3d2-496a-9eef-c30dbe21fd5c,2025-10-02T02:44:43.924161+00:00,920fe448-95d0-4ccb-b77b-2c7cfa389054
db2760eb-2dbb-482a-910c-f306ca739bf4,3ec0da84-5053-4bb7-b64b-55d70b9a5625,5c09d6f5-2d4c-489e-b253-a59e102c3110,add_to_cart,https://shop.example.com/product/PROD-0481,dbc88662-5db7-45b1-b244-65c892dd9010,2025-10-10T19:42:46.924184+00:00,920fe448-95d0-4ccb-b77b-2c7cfa389054
9ca5ca13-9bec-42a6-906c-6f97e466be87,780697bc-12d1-4206-b605-64792059e0b5,7328e6d5-cb80-4451-b4dc-06fc89327ce6,search,https://shop.example.com/cart,6cf168c1-80fe-4691-b398-3feb1732020e,2025-11-20T00:56:59.924206+00:00,920fe448-95d0-4ccb-b77b-2c7cfa389054
3700df50-9ef4-48ab-b283-a80a6ecf6d19,0eec629e-9f12-4893-8399-623f2df3beb8,a14c2b42-ef55-4946-a3dc-21777910ee48,add_to_cart,https://shop.example.com/product/PROD-0224,4a238660-ed5d-4a29-b2db-19fa8c0e91af,2025-09-16T00:02:55.924236+00:00,920fe448-95d0-4ccb-b77b-2c7cfa389054
2bd65853-5c40-436f-9f81-4564e3135670,9cbe9522-33dc-4c5d-af78-a9c83de67646,,page_view,https://shop.example.com/product/PROD-0489,f88b2d93-138b-4d41-9aef-e2f738b3f502,,920fe448-95d0-4ccb-b77b-2c7cfa389054
42e35be4-a9ee-429c-b6f0-e96bb66062d5,e5c4f91e-81b1-4522-95c0-a88f51321554,,search,https://shop.example.com/cart,cc431969-b82a-4347-9f30-f00d4ec0e053,2025-10-03T14:28:47.924291+00:00,920fe448-95d0-4ccb-b77b-2c7cfa389054
18c266dc-b3a7-495a-b70c-10d2e902d226,cef6c0ba-5b48-4121-8e8a-700d5353de2d,,page_view,https://shop.example.com/product/PROD-0207,15aacead-ceb0-46ae-bcca-d1f644cd51a4,2025-10-30T09:05:19.924314+00:00,920fe448-95d0-4ccb-b77b-2c7cfa389054
25957d2a-2fa7-43fd-a4ac-16046ccd8566,f55ce3fa-501f-4480-8dc0-913e16883ad6,70da433a-c423-49cb-8856-353ecb3ef22a,page_view,https://shop.example.com/product/PROD-0253,ea404cdb-e61e-480e-aebe-46e65685ff70,2025-10-10T06:26:09.924337+00:00,920fe448-95d0-4ccb-b77b-2c7cfa389054
57ceceaf-187e-41fc-aeae-6ea51383ea00,eed2b9e2-5f31-4ad8-aa69-a0ca8be10172,304312a6-d4fb-4f8d-91a3-b09765089267,page_view,https://shop.example.com/product/PROD-0102,0fca12b8-15cc-48f3-9b15-a2d4a1c789af,2027-11-05T16:04:29.924365+00:00,920fe448-95d0-4ccb-b77b-2c7cfa389054
dbf32221-2e23-441d-b42d-1db702e93c85,8712aa1d-ca91-439d-9eba-8388c0ff3500,899654f5-4b88-4d42-ae61-4ac33a9cebee,page_view,https://shop.example.com/product/PROD-0196,BB463A08-45D5-4A86-829A-C7FECE8E2772,,920fe448-95d0-4ccb-b77b-2c7cfa389054
ecfd2a4c-8e34-449e-8b6e-e50ba19be9d5,34e7cf03-f973-40c9-bfc8-b69ecc9273d6,88468d69-d883-49b3-ae7f-32eeb20c81aa,add_to_cart,https://shop.example.com/product/PROD-0458,839bd279-3f92-4a5b-821e-686c3d2b1dac,2025-11-06T20:29:02.924471+00:00,920fe448-95d0-4ccb-b77b-2c7cfa389054
286685da-57bf-4a59-9165-3bb464ba70b4,0ea7aa43-dab6-4649-835b-1633308eb9da,,search,https://shop.example.com/,907daa74-3539-4f9b-a6e8-053fdab574e1,2025-09-22T05:30:20.924517+00:00,920fe448-95d0-4ccb-b77b-2c7cfa389054
f563e15e-d52b-426a-b81e-270cf4c6e287,2e0623cc-5788-4a52-b739-8f518c38582e,8c1bbc30-bae5-4405-959e-134fb1a16083,page_view,https://shop.example.com/product/PROD-0158,d86b1f6d-c31c-4f5d-9e9a-7fbfbff137f3,2025-11-01T22:00:12.924543+00:00,920fe448-95d0-4ccb-b77b-2c7cfa389054
a02b143d-42d3-45b3-bbda-a241dccc21a4,95f481a6-6aea-41df-98a4-d3c2b5eb21ee,789ae056-5f47-4844-8dda-d19063e11832,page_view,https://shop.example.com/product/PROD-0179,fa078d09-e06f-40d1-b0a0-a7fb483e963f,2025-11-11T11:18:10,920fe448-95d0-4ccb-b77b-2c7cfa389054
5d6d862f-b356-47ee-8062-fa9807d4effa,39e3d273-956a-4711-8b93-fff78d72bc07,,search,https://shop.example.com/search?q=shoes,e7520453-f3f6-4c60-96a5-e85685078ca2,2027-06-24T16:04:29.924691+00:00,920fe448-95d0-4ccb-b77b-2c7cfa389054
5db8d4bb-5e67-4b85-be7d-7ef6ebea5784,782e8074-9bf0-481d-95ad-75e83cc69b7f,62daff55-d5e8-4461-a5ac-932beb7f110c,search,shop.example.com/search?q=shoes,03a058e1-856b-4891-a330-212a6e352157,2025-10-08T08:15:22.924740+00:00,920fe448-95d0-4ccb-b77b-2c7cfa389054
cea804aa-f1da-400e-89ed-03ef92c1c073,504386c8-5837-4058-8554-02ac4c261e22,,page_view,HTTPS://SHOP.EXAMPLE.COM/PRODUCT/PROD-0412,c18a66c2-5aff-462e-9d31-92e0b3d2277f,2025-12-02T08:15:24.924768+00:00,920fe448-95d0-4ccb-b77b-2c7cfa389054
609a6fbd-4136-4442-be0e-428dd3144b1a,0b70ba70-049f-4713-a9b3-e7406bd3172b,40c76caa-90f8-4b20-8780-50110093e7ca,add_to_cart,https://shop.example.com/product/PROD-0188,2ba82f0d-9c95-46fe-a904-81cbe4204af3,2025-09-23T00:05:45.924797+00:00,920fe448-95d0-4ccb-b77b-2c7cfa389054
f23d75b2-4328-4cd9-9dd0-9b50db2867b5,0ae852d5-9d12-4588-94ac-a903eb0ad02e,bbc77ce2-3880-4a5c-9b81-f18a7341f4b7,search,https://shop.example.com/category/electronics,ef8a9646-3751-4d46-8c9b-decc352cb755,2025-10-10T07:57:47.924826+00:00,920fe448-95d0-4ccb-b77b-2c7cfa389054
d11f1fa4-924b-466a-983b-a2e8237881d1,e60ea93c-bffe-46bc-b163-1c971888c025,2fcd4386-7333-4d3c-a57f-3053a4cbd1d9,login,https://shop.example.com/search?q=shoes,920811ca-3794-4cc1-b526-6a92a65b515a,2025-09-15T19:07:08.924850+00:00,920fe448-95d0-4ccb-b77b-2c7cfa389054
393c9236-236b-43d5-b970-2649ba7e145e,2a91d070-016e-4dab-996f-4437e3bfd860,f339efba-a7c8-439c-b8d9-e4b377fda364,page_view,,c80034f2-803a-4724-bc3a-a6d53c8cf562,2025-09-23T17:34:37.924875+00:00,920fe448-95d0-4ccb-b77b-2c7cfa389054
8ca57ef3-46f6-41a6-862a-50216786a218,19dcbd26-86e0-4366-a801-6fc45faa2c4e,40faa8b4-af91-44d8-bc23-130685b8dae2,search,https://shop.example.com/cart,72d6ab8c-3c37-4b47-be3f-1d7542becdfc,2025-10-24T13:27:42.924904+00:00,920fe448-95d0-4ccb-b77b-2c7cfa389054
3422375d-b4f2-41a3-85f7-c6390629a255,91671fbc-a9d0-4f8a-ae00-62af2f798db3,9a7d8703-1d75-453c-93d9-2b70afa10cc3,login,https://shop.example.com/cart,86851f8f-ecc0-453d-ad75-03fdb62162a4,2025-09-30T17:16:16,920fe448-95d0-4ccb-b77b-2c7cfa389054
b3dffa98-ca83-4c37-b039-f421f89523d3,4e548fb9-840c-419a-bccf-a6165df1b412,546a08ec-64fd-4645-9960-b75f7d10a1c9,login,https://shop.example.com/category/electronics,17213ae6f43f48e48b3dbf2719109f2d,2025-10-10T05:14:01.924962+00:00,920fe448-95d0-4ccb-b77b-2c7cfa389054
c9b51e50-3c77-4230-af15-9098721b99bd,472967ef-0ceb-484e-ad7c-2ad627e6deab,0902fabb-e4e4-44d8-836b-50188ed4f8bf,page_view,https://shop.example.com/product/PROD-0339,9cb64016-1454-4ba4-adb5-2bab1aad8ea2,2025-11-15T15:43:08.924991+00:00,920fe448-95d0-4ccb-b77b-2c7cfa389054
9a323bfe-0a44-4908-8a9e-2c9c6b4928b4,c72936c9-8659-47e0-a6f9-05b4af7ef37d,3d710bca-197e-43b9-979d-291698534b8b,page_view,https://shop.example.com/product/PROD-0127,087e9130-27d8-4ee1-bcec-c95bd398c2f3,2025-11-27T06:51:22.925024+00:00,920fe448-95d0-4ccb-b77b-2c7cfa389054
795fc4c4-d79f-4097-9e2d-eb8c3ea9c4d2,22b4b2b4-d9e4-4810-84ee-40ccfa81ca0d,,page_view,https://shop.example.com/product/PROD-0029,86026efe-98fa-49bf-909e-5c2653c15ecf,2025-10-25T17:34:22,920fe448-95d0-4ccb-b77b-2c7cfa389054
eb9bb4ad-0437-4f36-b3db-6233f5a7b90f,a8fa80e9-1a96-4508-a2da-8388d125ec15,,login,https://shop.example.com/,a765a1f8-6690-4359-85c7-257974ba486c,2025-11-05T07:48:07.925085+00:00,920fe448-95d0-4ccb-b77b-2c7cfa389054
5d94f2bf-5ec5-4030-b6e3-f6f6948ae045,07bbe2f3-ba9b-4e44-9a25-7dbfb8bb0a8c,9bdb32ad-d885-49da-8938-bbedfef04dac,add_to_cart,,f22e3f47-1bfa-4c56-a775-38983369db91,2025-09-17T05:05:41.925148+00:00,920fe448-95d0-4ccb-b77b-2c7cfa389054
eba8514d-6b83-4a01-b995-fbd1fb5af2c4,228718fa-4a07-47f7-8227-33e77ab9ea79,693045c6-5a16-4a14-ac75-e0e88e447ac3,page_view,https://shop.example.com/product/PROD-0166,46617634-1bbd-407c-897f-0c29355f8509,2025-11-14T06:52:31.925190+00:00,920fe448-95d0-4ccb-b77b-2c7cfa389054
a408fbcd-4acf-4a5a-b9b0-c041540adbd4,acba3c1e-a43d-49fb-bd3d-e7524da0bba7,,page_view,https://shop.example.com/product/PROD-0150,300c6a58-c831-49ac-82ee-3a7fcdbfd6ac,2025-11-22T05:48:40.925214+00:00,920fe448-95d0-4ccb-b77b-2c7cfa389054
e2ee268c-66c8-4f50-ad7f-036691e640a9,8075992a-8efc-4d9e-8c00-1153cf9a229f,680f3498-d90d-4708-a74a-1c85c5992956,add_to_cart,https://shop.example.com/product/PROD-0173,c4970924-9ca3-4939-b4eb-95dfdf660942,2025-11-27T17:34:22.925239+00:00,920fe448-95d0-4ccb-b77b-2c7cfa389054
2b1daef1-6864-4a12-a43c-d77120c10ac6,d903f90d-00d2-49d1-b552-bf076e3c5a0c,,search,https://shop.example.com/search?q=shoes,f919c50b-dda4-4730-a57e-b076e861acbb,2025-09-16T08:34:44.925264+00:00,920fe448-95d0-4ccb-b77b-2c7cfa389054
81bce135-951f-4f93-9cf7-aee6d5696827,b7f02201-ad97-4d49-8afc-dcae5cbd43f2,0803b079-c672-4ddb-91d4-42519403397a,page_view,https://shop.example.com/product/PROD-0109,b306f719-4852-4e4a-b018-8d257c2992ad,,920fe448-95d0-4ccb-b77b-2c7cfa389054
af43e828-2f21-450e-8126-c4f682194496,14de580b-4215-4864-81d0-8d5c0bc381f1,260caae1-29e3-47e9-bc65-66a8d7570051,page_view,https://shop.example.com/product/PROD-0021,3c00f1fd-f428-423d-8ef4-2b92f015a0bf,2027-08-17T16:04:29.925345+00:00,920fe448-95d0-4ccb-b77b-2c7cfa389054
0072f0b7-0f00-4479-9c2d-3330b44319ef,4a0ee3a2-5367-4a14-b94c-7b2a6475ed49,a5262dcc-9c7a-4780-bc3d-15c07609494d,page_view,https://shop.example.com/product/PROD-0272,7ab6e54e-8f0d-4004-8c6a-b5bd39f9312d,,920fe448-95d0-4ccb-b77b-2c7cfa389054
4e0f105d-461f-492a-96e7-6433e4cee27b,5ecdb7cc-49db-48e0-a996-d7a15ac8f882,,login,https://shop.example.com/search?q=shoes,6b2f82e0-6543-457f-af07-23fee9be1af5,2025-09-09T15:05:14.925493+00:00,920fe448-95d0-4ccb-b77b-2c7cfa389054
2ad35fa0-85c6-4817-8693-43016f5ce205,e18de351-8007-4d21-9b66-38bf0959475d,e21a2a00-4abf-4801-878e-99c52810f340,search,http://///shop.example.com/category/electronics,e4ded736-54a5-472c-9955-daf4f3b22081,2025-09-16T03:48:53.925529+00:00,920fe448-95d0-4ccb-b77b-2c7cfa389054
0890a8e7-d3a1-471c-9d7d-3604f5cebd17,9a7795f6-a7c4-4cbd-88b8-834bfbbaa0e7,,page_view,https://shop.example.com/product/PROD-0486,7fd3d992-edd9-4ca6-a8ed-98be3a8ae919,2025-11-11T23:41:03.925601+00:00,920fe448-95d0-4ccb-b77b-2c7cfa389054
3f6b934c-b0d2-4682-bd52-d82e6fc5aba0,32f37911-3f27-4758-8e41-6cc3c327a9c1,db215762-6d7a-471d-a77c-742e74fcf62d,page_view,https://shop.example.com/product/PROD-0109,220fc06e-c07a-46e1-9832-c3496d49c844,2025-10-12T19:19:58.925672+00:00,920fe448-95d0-4ccb-b77b-2c7cfa389054
963411fe-2a1a-4ce2-96a3-9d68c68bcc84,7df6e0f6-7727-49ff-95d0-82833c3beb6d,0e16081e-7ede-41cf-bd8c-2f5b2588b77c,login,https://shop.example.com/search?q=shoes,97060a8f-13ed-47e1-98d2-df82fe471864,,920fe448-95d0-4ccb-b77b-2c7cfa389054
22e87e2a-ca6c-4fec-b52a-03851ff2638f,876cb566-59d1-4d84-9653-beaddbcba240,ab14767d-fdd5-4481-b2b4-5f057b78de50,page_view,https://shop.example.com/product/PROD-0101,56e93d86-3622-4fbe-9250-7f30930f2636,,920fe448-95d0-4ccb-b77b-2c7cfa389054
b7509834-af7c-4a16-b6ce-c0f5a1e005cf,262ed63f-edba-4fbb-a383-78775c8a8ac7,,page_view,https://shop.example.com/product/PROD-0390,310806b3-aae4-4501-9491-9b09cc80bb04,2025-11-26T16:53:47.925913+00:00,920fe448-95d0-4ccb-b77b-2c7cfa389054
7986c9af-e5b9-4b4b-a02a-4a3ef5c4c37f,2a63371e-0567-4150-8439-9e68022da831,05d77d75-0d52-4bd7-8a21-f911ff8ec475,page_view,https://shop.example.com/product/PROD-0257,b7575280-3e70-4e34-95fe-2ee8aaa6e443,2025-10-12 23:26:50.925987+00:00,920fe448-95d0-4ccb-b77b-2c7cfa389054
47d8cebd-1e87-4c96-ad59-558bbe878822,0911e90f-226a-4df0-938b-2d43d716834f,3dc49b5d-89e6-4f21-9a8c-83c3658bc9b1,search,https://shop.example.com/search?q=shoes,f70d864d-ea7f-4d81-9cd2-907185b12071,2025-12-01T14:18:28.926068+00:00,920fe448-95d0-4ccb-b77b-2c7cfa389054
34ab52ef-c090-4c9f-910c-5ff43c892fb9,f822383c-03aa-4b01-9552-620e6a2c7e50,62e89247-fb44-4136-9d54-582eb23dab47,search,https://shop.example.com/,43ce5d44-a0b0-4e21-8ab7-cdbc24435e81,2025-09-30T21:31:37.926129+00:00,920fe448-95d0-4ccb-b77b-2c7cfa389054
c4509625-9838-4652-a1ab-29302e7c65fb,2aa8264a-b677-4f92-b577-0388a12f8a80,49b07a21-d4fc-4566-9329-7eb3ba283215,search,https://shop.example.com/category/electronics,25d00c3e-a1a2-4606-a3c3-f4058cf7d203,2025-09-16T23:23:08.926199+00:00,920fe448-95d0-4ccb-b77b-2c7cfa389054
7d7fa95e-4983-475c-a1e3-7bdc93c166f3,8d55ea8f-9bea-4e32-b6da-75760c128446,7e0b70a2-08ec-4bde-b5a0-0ca9f21bd53f,page_view,https://shop.example.com/product/PROD-0086,bbf77981-b8b2-4ee2-926c-020a274ee173,2025-10-27T21:01:09.926269+00:00,920fe448-95d0-4ccb-b77b-2c7cfa389054
c60582d6-bf18-4147-97e7-78de59eceb76,f85f273e-7d49-4a78-8e6b-0f24a5dde9e1,fcd942c7-f977-4bbf-9f66-ebc197d7b9d2,page_view,https://shop.example.com/product/PROD-0146,b0023298-49b4-429d-af7c-63b40a2a5b50,2025-11-30T06:26:32.926347+00:00,920fe448-95d0-4ccb-b77b-2c7cfa389054
a0408e5f-1d25-4a64-a611-9625eaa97d86,9b0a0b65-369a-40ac-9731-dd25c176f119,3b508aaa-1b82-42d8-8f50-c55ad9fbba06,add_to_cart,https://shop.example.com/product/PROD-0256, b85a8ca6-1f96-4c82-ae8f-89bf779af269,2025-09-07T06:04:41.926421+00:00,920fe448-95d0-4ccb-b77b-2c7cfa389054
ba67d856-340e-4c9a-90dc-9ddd2408ae49,35360d9c-ad54-4454-a0cc-d4ef521db5d7,15c6dc99-6c06-420e-918a-420e0c857182,page_view,https://shop.example.com/product/PROD-0481,6b5b1be0-4599-4426-99c6-f5e858320ed1,2025-10-07T18:33:40.926681+00:00,920fe448-95d0-4ccb-b77b-2c7cfa389054
62a7530c-72ab-473b-bcd4-bac7a1cf6f9e,32e31582-2a56-4e77-95a7-70813d433df9,,login,https://shop.example.com/category/electronics,854696c5-6d70-42b1-b43b-61f804fe6a5f,2025-11-02T20:00:56.926771+00:00,920fe448-95d0-4ccb-b77b-2c7cfa389054
67d46756-bec2-4c38-9c8a-bc75a37eb1c3,be695693-35fe-4f51-bd95-98213c83c7c0,,add_to_cart,https://shop.example.com/product/PROD-0492,0614f33c-a1d1-437d-8411-65661cf9a026,2025-10-06T17:27:44.926841+00:00,920fe448-95d0-4ccb-b77b-2c7cfa389054
339cd2c2-982f-4a4b-835a-21581dbceca0,8ba8cdc5-0dd8-4bed-95ed-1b690612c37b,4b3305bb-4ee7-4f8a-81a7-a78806be15aa,search,http://///shop.example.com/cart,1b0b89e0-605f-4670-bed2-5fb3f83c145c,2024/31/01 25:61:00,920fe448-95d0-4ccb-b77b-2c7cfa389054
334cc5b2-34c1-4df2-a84b-d4f5e22b4e6a,84aed277-a049-429e-bebd-96864ccd23bb,faf371d2-ce8b-41d1-9b7b-942e657d0817,login,https://shop.example.com/cart,c37b3576-16bd-4cc7-afde-4fedbdd9817a,2025-10-18T20:36:07.926961+00:00,920fe448-95d0-4ccb-b77b-2c7cfa389054
5b497423-1393-46b5-99ad-f4d54399dbdb,af1b6857-7112-4c4b-aefd-b1a00a5fdcbf,,page_view,https://shop.example.com/product/PROD-0105,b180309e-1948-4a9b-a85e-13959047950f,2025-10-02T02:36:42,920fe448-95d0-4ccb-b77b-2c7cfa389054
0dee870c-a46e-402f-972e-e65b22fe7082,65f1e4ab-c879-421d-8e88-3066a25e8cc6,801c19a0-8438-4fc3-a374-2cee258b909e,page_view,https://shop.example.com/product/PROD-0185,6f75a348-cbe5-4cae-ae1a-cc0b15cc66a4,2025-10-12T10:29:50.927240+00:00,920fe448-95d0-4ccb-b77b-2c7cfa389054
4122f94b-301d-47eb-9c5d-2468615478c3,03099137-5c0a-4246-bb91-ff5273c555d4,,add_to_cart,https://shop.example.com/product/PROD-0154,cad0f986-7f10-4fa2-aaea-c077e37d77b7,2025-10-23T04:23:36.927337+00:00,920fe448-95d0-4ccb-b77b-2c7cfa389054
54694beb-c4b6-4632-bec2-266d056e20c6,034e9669-14a3-4cb7-b5eb-86bdaf0f7220,2c1297bc-d9bb-409b-8bf8-4eca39558222,add_to_cart,https://shop.example.com/product/PROD-0136,38f6e198-a7b0-4458-aa0d-22af9aec8780,2025-11-01T18:01:30.927411+00:00,920fe448-95d0-4ccb-b77b-2c7cfa389054
c490c422-cabb-4ffa-885d-9d0e130c25d5,f5623f34-29df-4b08-aaad-e7ebc98758aa,89262c2f-0454-4efd-b53b-69c4b5b0729e,page_view,https://shop.example.com/product/PROD-0442,1292ea69-4ec7-4b34-aea9-3e6b74a46c60,2025-09-11T02:11:52.927503+00:00,920fe448-95d0-4ccb-b77b-2c7cfa389054
3739e9d7-befa-4136-b171-7713554ede96,52eaadb4-ced5-4c6b-bf26-54a79bdf0ca4,,page_view,https://shop.example.com/product/PROD-0039,92436bd7-34eb-4f78-aff1-8f4568ca2a98,2025-09-16T15:43:07.927571+00:00,920fe448-95d0-4ccb-b77b-2c7cfa389054
556a56d4-bfd5-42c1-89e5-2d8ae5a540a5,42006da8-623c-4c6e-b08d-9f4502f9539f,d1da146e-3838-4d30-bd98-4a7b99d5f7ef,page_view,https://shop.example.com/product/PROD-0267,9db57130-70a0-454c-bf78-3b1f8065b48f,2025-10-15T22:08:32.927600+00:00,920fe448-95d0-4ccb-b77b-2c7cfa389054
8b8e2293-adc9-409f-86cb-05d33b38b692,fa168b6c-c4c1-4cf7-a978-6d8caf798400,d3b4af35-f233-443e-bcda-ec4e43292c3f,page_view,https://shop.example.com/product/PROD-0271,3e3548c9-0542-4847-a6ea-a25b25ba9202,2025-09-21T01:54:34.927634+00:00,920fe448-95d0-4ccb-b77b-2c7cfa389054
10c32733-e166-4a43-848e-c9a3292f11cc,5958176b-29a7-4734-bcc8-d652b9815efa,cf590c7e-17fd-420f-a02d-b6a95f4602fc,add_to_cart,https://shop.example.com/product/PROD-0491,754C3CD8-373C-4886-AE84-135E2A5A92D6,2027-08-23T16:04:29.927684+00:00,920fe448-95d0-4ccb-b77b-2c7cfa389054
1cc1a4f7-d3d4-4d35-b6dd-a698cdc05ce9,95246dfb-c5c6-487b-9d10-65a0e2d93a50,,page_view,https://shop.example.com/product/PROD-0354,5c80e530-fecd-40f2-81e5-36c84a78a2e8,2025-10-22T23:39:16.927727+00:00,920fe448-95d0-4ccb-b77b-2c7cfa389054
4794bed4-b686-47d7-82ef-cdf3dbb40e48,27e32116-429c-42c5-aa86-7d942bce1dd8,42ec8caf-4677-4897-9131-0d02d356abdf,search,https://shop.example.com/cart,dced3df3-831f-40b4-a716-6aa51a8961fc,2025-09-21T12:33:08.927753+00:00,920fe448-95d0-4ccb-b77b-2c7cfa389054
78f4b69d-7946-45c5-85ce-c85f415e7df2,ce5ebcca-c78c-42c8-8412-dd67c550a7dd,,page_view,https://shop.example.com/product/PROD-0311,f8be7c13-f14e-44b9-b289-113968989da1,2025-09-06T02:31:17.927778+00:00,920fe448-95d0-4ccb-b77b-2c7cfa389054
285c2b28-f992-4c7c-9813-d265ec935cd1,1acba7ce-2640-492d-aede-d85369ad8e4a,46e0b5cc-2e88-4aab-8058-dcfee3237d50,page_view,https://shop.example.com/product/PROD-0357,7d70ed23-5ad2-43ec-a0db-48d8a7803624,2025-09-07T18:24:58,920fe448-95d0-4ccb-b77b-2c7cfa389054
227d25d2-0976-4522-b06d-7c3c71a93ea2,abedad74-9fa6-44f0-ba4e-694ef1d8ea5b,,page_view,https://shop.example.com/product/PROD-0365,71b1869e-cec0-4df9-b388-b523a5f750e6,2025-11-11T19:16:53.927837+00:00,920fe448-95d0-4ccb-b77b-2c7cfa389054
7206e366-6dbf-4bb1-94db-9e1c9c8a65c5,e4b3ec14-d37d-41ee-b86d-bbcd6cb57c5a,,login,https://shop.example.com/,3518bdc9-ca1b-4631-9106-64c0843ad952,2025-09-08T07:22:59.927866+00:00,920fe448-95d0-4ccb-b77b-2c7cfa389054
1dae15ba-a110-4699-ab36-19058fd0a1bc,654678cd-14eb-4255-a165-54112f225907,,page_view,https://shop.example.com/product/PROD-0284,b24f1865-8d70-4905-91e2-dfd76a2d35a8,2025-11-27T23:59:38.927903+00:00,920fe448-95d0-4ccb-b77b-2c7cfa389054
a8638bbf-1d93-4d76-8de5-916e07933efa,96caf284-f9c7-4087-be8e-60b31862bc8d,75191cf8-3573-423d-9333-7f63956aff50,page_view,https://shop.example.com/product/PROD-0209,d4111638-3918-4544-8d7f-3646c5ab429d,2026-08-18T16:04:29.927933+00:00,920fe448-95d0-4ccb-b77b-2c7cfa389054
2954a002-172a-46a1-86db-6bc476281362,7e923c50-6059-4e2b-82de-ea7fbc1bd426,5aabd707-2232-48b4-9a56-1d5a54d5b176,add_to_cart,https://shop.example.com/product/PROD-0108,4d02502e-3094-4471-985d-4820c89cf1b8,2025-12-01T18:18:12.927976+00:00,920fe448-95d0-4ccb-b77b-2c7cfa389054
f0ee8802-4599-4210-9bf6-1be359b35679,95246dfb-c5c6-487b-9d10-65a0e2d93a50,,login,https://shop.example.com/,687cfab3-7878-41fd-9fc7-fef8b04ccea8,2025-09-27T00:07:58.927999+00:00,920fe448-95d0-4ccb-b77b-2c7cfa389054
2612d0c8-5b0f-4ce7-b01d-ac685ca75194,031a7e89-3a20-4ec1-ac25-68163cf31330,ff13ae73-aeb7-4e4f-ac45-50f9cdbde1a2,search,https://shop.example.com/cart,192bd0d5-064d-49ae-a08d-4d2acdadddf4,2025-10-11T06:56:30.928031+00:00,920fe448-95d0-4ccb-b77b-2c7cfa389054
68c82bd5-d056-4640-8cbb-03a0ccce1bdb,a1439327-02f1-42b0-b888-9d18eadc62ce,,login,https://shop.example.com/search?q=shoes,4911ce39-8b14-47af-90b2-d4ecd3388ad1,2025-10-08T01:46:24.928052+00:00,920fe448-95d0-4ccb-b77b-2c7cfa389054
b0c0edc5-29a2-47c8-838d-4fc2eb143a09,e946f2eb-8adb-4c98-83e1-f0df79970790,,page_view,https://shop.example.com/product/PROD-0386,eed8b51e-90a9-4afd-9215-41f3e622a0ce,2025-11-19T00:40:14.928084+00:00,920fe448-95d0-4ccb-b77b-2c7cfa389054
881e5375-c560-42fe-a336-01ce50a6cf21,6e16abf2-56cb-4775-9d48-21766377e18a,,page_view,https://shop.example.com/product/PROD-0302,51a77d7c-9187-4919-acc3-2c04907e4ef7,2026-12-04T16:04:29.928113+00:00,920fe448-95d0-4ccb-b77b-2c7cfa389054
031390d7-f379-4d77-b8a5-bd615de2d9de,95afe9ce-d1a3-458c-a7bf-6d81a70e7685,,search,https://shop.example.com/search?q=shoes,98038b3d-5238-4749-bae4-be5a242e19d8,2025-09-23T19:06:19.928136+00:00,920fe448-95d0-4ccb-b77b-2c7cfa389054
b64eeca2-3077-4aa4-aed7-3ff2bfeb5f2e,1e08b666-b7ba-4095-b069-ba7c27df9ef5,0ccf44ad-138c-472a-9b8e-55087caebdab,search,https://shop.example.com/,7d4d669b-edce-4f79-803f-00b9843cdae6,2025-10-08T01:34:06.928159+00:00,920fe448-95d0-4ccb-b77b-2c7cfa389054
89b5d277-7554-4855-9389-2497a62e08a3,1ddc36e6-9015-4721-b80e-ba1ff1c024df,1eccac0c-82b4-4323-ad17-f212ddb61d2a,add_to_cart,https://shop.example.com/product/PROD-0404,6f9a4195-5508-4e92-99f6-85dec8f1e145,2025-10-21T07:41:54.928183+00:00,920fe448-95d0-4ccb-b77b-2c7cfa389054
e264f7e5-43bd-4ce4-8b28-f9d45028cf1d,f92fa9d0-55b7-49a0-9cb9-2a4e4f10e1da,,page_view,https://shop.example.com/product/PROD-0311,4c77ae22-59a7-4e9f-a33a-47f871da40ae,2025-10-01T18:05:42.928206+00:00,920fe448-95d0-4ccb-b77b-2c7cfa389054
7b79474f-d0e0-400f-a30e-c9579a66b87f,deb97289-1d63-4163-baac-da4554a8690f,22e4e85b-ce45-4bc7-9dc5-196b279b3a86,add_to_cart,https://shop.example.com/product/PROD-0478///,73acdad8-b13a-4569-b504-7993763267be,2024/31/01 25:61:00,920fe448-95d0-4ccb-b77b-2c7cfa389054
d783c6c1-53c2-4b61-bea1-87bea7c981ef,26746a5e-863a-4bd5-8815-769659d53324,,add_to_cart,https://shop.example.com/product/PROD-0082,b81b075c-bdae-495a-8c80-eb6a548025fb,2025-09-05T09:22:54.928287+00:00,920fe448-95d0-4ccb-b77b-2c7cfa389054
57766af8-171c-4f17-af6e-8d752a9b673c,e633704f-2e41-4f99-9645-737521da2347,f80c0783-00ca-4b15-ae12-b8438d07e861,search,https://shop.example.com/search?q=shoes,3a040f89-e88e-447b-b920-7abd1e1fc5af,2025-11-26T23:19:59.928319+00:00,920fe448-95d0-4ccb-b77b-2c7cfa389054
46cc8b1c-492e-4131-a531-b02c623ae045,51d6406d-abd3-4f96-8fe9-039088694420,ac71759b-c295-42cd-ae4e-bc964b89f8e3,page_view,HTTPS://SHOP.EXAMPLE.COM/PRODUCT/PROD-0203,9618e47a-3fce-408d-a979-8c8117438703,2025-09-22T04:56:34.928342+00:00,920fe448-95d0-4ccb-b77b-2c7cfa389054
f7be887e-0381-4b82-8981-f3b25212a217,b97dc78a-e69d-4b65-bd64-644e3b19ad1d,7f915580-f82b-4c84-9d8c-39c517b7f304,search,https://shop.example.com/cart,152be2a1-7d6f-440c-9be2-9560ecd6e490,2025-10-18T13:10:16.928366+00:00,920fe448-95d0-4ccb-b77b-2c7cfa389054
4e347db7-3618-4dec-ade5-46d8940533d4,bc1dd913-26de-477c-b85c-affbc206a3dc,7696b8ba-a10e-4b11-b53e-0e7000d84b35,login,https://shop.example.com/search?q=shoes,fd951ac7-c7ef-4c0d-b07a-e1b835b74371,,920fe448-95d0-4ccb-b77b-2c7cfa389054
d149ad8c-7167-464a-996f-2e0e7cc4916f,39cb5bb7-084c-4a0c-a705-74e3d5dcb2f1,eb1f3799-8f06-4f2a-989d-d3af89e5e3e1,page_view,,90a68821-302f-4117-a4ac-b49f9b6d4f14,2025-09-16T10:00:14.928418+00:00,920fe448-95d0-4ccb-b77b-2c7cfa389054
1a27cca7-fa8e-4ecc-9a57-a8c1668490f7,e827faaf-bd3c-4292-8074-ed382d076a29,04d375a5-6773-4faa-937e-ae2e2a591cd7,login,https://shop.example.com/cart,39beed41-8dc4-4a00-8c9d-3901350132c7,2025-09-30T23:08:00.928443+00:00,920fe448-95d0-4ccb-b77b-2c7cfa389054
67a87e85-74a2-498c-984c-1cc696e4da30,6ec729f4-61e5-4647-96f1-9aedec536e1d,f73d0831-4631-4a3b-bf03-f46accced460,add_to_cart,https://shop.example.com/product/PROD-0149,d34ca881-c075-4a35-83ad-941e21e7e099,2025-10-28T14:27:04.928467+00:00,920fe448-95d0-4ccb-b77b-2c7cfa389054
2bc79705-392a-4387-a424-396e111075d2,6eb9d55a-4fa7-4176-a5ce-c11e15434dd5,,add_to_cart,https://shop.example.com/product/PROD-0120,0b0bd44d-81f8-40dc-aa49-bba9b9b1e524,2027-08-26T16:04:29.928495+00:00,920fe448-95d0-4ccb-b77b-2c7cfa389054
83d1a911-51eb-4e60-99f0-12ae40df4a69,bf2af568-7b3f-486f-bd29-51dc21e001fb,215ed782-655b-417b-ae78-cd18c65ac7aa,page_view,https://shop.example.com/product/PROD-0276,9a9dd407-df43-467c-8ef2-e64af132ebc0,2025-09-19T11:32:44.928523+00:00,920fe448-95d0-4ccb-b77b-2c7cfa389054
44828da7-611e-4afe-8e0a-a7b0303439d6,0770bf51-36cb-4b79-b562-59a3aaefcfa2,c73ea573-9373-4d66-9e12-8d234038d730,add_to_cart,https://shop.example.com/product/PROD-0026,6b61e266-6a8e-4fcc-926d-5b97250e70c6,2025-09-19T23:55:38.928545+00:00,920fe448-95d0-4ccb-b77b-2c7cfa389054
c9738266-46d9-4443-b7dc-ceecf7e205ec,50de9d1c-df65-49fd-a899-fe89222720ed,24528a52-94d4-4e65-bc47-1218759fc47d,login,https://shop.example.com/search?q=shoes,37ce2d0c-e672-4dda-8671-5c91243caa32,2025-11-14T15:38:07.928571+00:00,920fe448-95d0-4ccb-b77b-2c7cfa389054
5405113a-0d29-4e29-98be-758704e23977,1b3cc09b-1673-4187-bf3c-a727d2c44fa3,ac03c913-457b-4fb3-86a7-4322b99c0140,page_view,https://shop.example.com/product/PROD-0060,e80fd896-1c54-4ec5-9fbc-6b056d9d1f93,2025-10-24T19:20:03.928594+00:00,920fe448-95d0-4ccb-b77b-2c7cfa389054
68b438cf-ffd3-46a3-9ba3-861df0de17cc,177d9214-4b31-41f3-9228-651d8a136b5e,55517982-7e5d-4403-98f8-c07b114cede4,add_to_cart,https://shop.example.com/product/PROD-0296,f98acbd5-5fdf-4ac7-bfd8-508e5a3b9be6,2026-09-15T16:04:29.928624+00:00,920fe448-95d0-4ccb-b77b-2c7cfa389054
f2ad9c25-f80a-44d9-8866-8ec3a818d742,9d19e48d-6ee1-4d59-a67f-38fc7565417e,5503d0f1-0995-4d71-b635-20376ba2c51a,page_view,http://///shop.example.com/product/PROD-0053,26236527-6a3c-41ea-b384-a3e66726f045,2025-10-13T17:07:30.928646+00:00,920fe448-95d0-4ccb-b77b-2c7cfa389054
2ed9012b-b97f-4542-a104-66c4bc5bf5b1,986a9a08-b421-4649-9bb3-724e21f78239,3bb654c3-4eee-4a95-879c-6c7e60be1444,page_view,https://shop.example.com/product/PROD-0422,510ff5de-61f7-4755-92d3-a8b72cf40484,2025-11-05T11:16:34.928681+00:00,920fe448-95d0-4ccb-b77b-2c7cfa389054
4f8096bf-f2fc-45e2-9d0f-59d56d1803ea,10a46965-3326-4b44-a2f4-e639e7b84a93,5f6cca21-233f-4026-8a89-35d04282e11a,page_view,https://shop.example.com/product/PROD-0136,973575eb-49f8-40b3-aea0-5d81ca0bcbee,2025-10-31T06:07:57.928703+00:00,920fe448-95d0-4ccb-b77b-2c7cfa389054
01babef8-f104-4a63-9993-71241872b0eb,e14ba5c1-abf4-47fd-8c49-9c0b99ebbe28,,page_view,https://shop.example.com/product/PROD-0151,2a02f04e-be13-4ad1-9463-b6cbdf952265,2025-11-22T09:49:00.928724+00:00,920fe448-95d0-4ccb-b77b-2c7cfa389054
49e31cf0-82ef-4bae-951e-e3d6dfa5ae97,f896175c-289a-4887-b51b-c430225db66f,,page_view,https://shop.example.com/product/PROD-0466,e7bfb88f-8ff0-463c-8f72-b1e7b079b956,2025-11-28T16:09:08.928746+00:00,920fe448-95d0-4ccb-b77b-2c7cfa389054
4a0d4d17-13b5-4ce0-b5af-dacf3c5c6f6b,e5c5b484-2f70-40b5-8fcc-d9b4523dc534,52207d7e-c4d2-4dc5-895a-69afcc3e7bc4,page_view,,9d39916a-e82e-4c26-8a1a-2675192746d8,2025-09-30T12:30:25.928770+00:00,920fe448-95d0-4ccb-b77b-2c7cfa389054
c46a611b-8653-4945-9598-621e5ff346d6,adc3cb50-bf19-41a3-9bec-93be2d1b27a3,,search,https://shop.example.com/category/electronics,cb5868b3-d45d-4c6e-8559-46c8e5b91a4f,2025-11-13T10:31:32.928794+00:00,920fe448-95d0-4ccb-b77b-2c7cfa389054
1c1bd779-d79e-4f5f-86ac-7c231b08ad26,d2a376eb-d79b-4ec0-bd02-0b5cae61ea5f,add4840d-d8ce-40ac-bdbc-f274fca6e837,page_view,,64112050-802d-4180-a50b-ef1839f34901,2025-10-12T02:28:13.928816+00:00,920fe448-95d0-4ccb-b77b-2c7cfa389054
a3a3ee04-1ce5-4945-99b2-386b98f86b13,6f092aad-5038-4466-ac87-3077ddbc91e8,12e4394a-9874-4c40-b294-bda0739cc6ae,page_view,https://shop.example.com/product/PROD-0142,129dc883-7e67-4707-9d1c-7ed4b8f2df53,2025-10-14T14:48:00.928840+00:00,920fe448-95d0-4ccb-b77b-2c7cfa389054
52421398-1d0c-4c49-a370-19623fff8615,4c9f1064-b96f-4930-9e6c-11629fbde31c,,page_view,https://shop.example.com/product/PROD-0291,305a6fb4-e622-4007-b666-579858804ee5,2025-09-09T22:47:56.928863+00:00,920fe448-95d0-4ccb-b77b-2c7cfa389054
58b4ca13-0461-41ca-ae85-70f269b1d28e,6aa3a510-4618-45a1-894b-aac5badadf04,d94ff4d2-5328-46d0-9c19-3d1eaf7c8ebb,page_view,https://shop.example.com/product/PROD-0189,5fc53caf-8915-42cd-8407-acd4e68cef76,2025-09-25T08:28:58.928884+00:00,920fe448-95d0-4ccb-b77b-2c7cfa389054
f07074d7-dc14-4ad6-b7e6-c54bb422d5b1,c5e6e918-4286-40f9-8850-a3e62ac21e1b,,add_to_cart,https://shop.example.com/product/PROD-0139,d9998912-f1d7-4d17-afda-785d1ba529f2,2024/31/01 25:61:00,920fe448-95d0-4ccb-b77b-2c7cfa389054
bd9daa9d-bae8-4db3-b877-e27f5f91c153,7f13638f-e6cd-4730-8955-fe1c7d0a23c0,2d8d4af7-6571-4da3-9216-ece68b448531,add_to_cart,https://shop.example.com/product/PROD-0271,810c6999-c978-4e95-a414-d3acfb8916fa,2025-09-07T16:11:31.928942+00:00,920fe448-95d0-4ccb-b77b-2c7cfa389054
d15402f2-4067-48fe-b452-cc62586c5559,6009789a-0ef0-4218-b28e-24dd16b0ef52,,page_view,http://///shop.example.com/product/PROD-0068,4c37276b-a5b1-42e5-86c5-0dbfb9591f5c,,920fe448-95d0-4ccb-b77b-2c7cfa389054
e7068b74-87c2-40b6-a245-f734facae2fe,d643373e-d850-4a9a-9b67-0ae863a63224,06454ccc-5c31-4c24-a99a-a926f18df7d8,page_view,https://shop.example.com/product/PROD-0372,88e83d58-e59c-4ea9-9627-4a8789f363a3,2025-10-01T11:31:21.929009+00:00,920fe448-95d0-4ccb-b77b-2c7cfa389054
b44331d8-6222-4da6-9c2e-38c4a17bc932,9227dd67-12b8-446a-bbcf-abc8826f015c,d6e699f0-e174-43f7-a4ae-f8b5deee016c,page_view,https://shop.example.com/product/PROD-0191,23e50e98-c56a-4496-99d8-1211389e0554,2025-11-08T02:04:10.929032+00:00,920fe448-95d0-4ccb-b77b-2c7cfa389054
8f7fc715-4792-40ef-b49a-17b6ad7cd1dd,27e32116-429c-42c5-aa86-7d942bce1dd8,1639f68d-7050-44fc-b9c0-7ba89d78b014,page_view,https://shop.example.com/product/PROD-0360,a45a7305-9af9-4332-801a-d95bc7a7799c,2025-11-14T06:05:37.929056+00:00,920fe448-95d0-4ccb-b77b-2c7cfa389054
7ea02f9c-9cd8-419f-85c9-da03c3133961,9fd88742-a79a-4505-b042-f5b65b4433b5,b1d6878c-8167-43a9-81b2-227f5cc9e837,search,https://shop.example.com/,3E34435D-65EE-43C0-8A97-6003A5660227,2025-11-24T14:17:18.929080+00:00,920fe448-95d0-4ccb-b77b-2c7cfa389054
0faf549a-dd0e-4de1-930f-bd762081f161,d764683f-61c4-4353-a638-42d0bfafc719,22cdc61f-8a2e-48e5-800c-2a9f6b62dfdc,page_view,https://shop.example.com/product/PROD-0325,d88bd211-3c1e-4900-85bc-3c39426bb9df,2025-09-24T19:45:26.929127+00:00,920fe448-95d0-4ccb-b77b-2c7cfa389054
81bf8301-d6f4-4e19-a5d3-64c4e28e6ac6,ffb0cd1d-cf8e-4a71-9cef-5bf79b758650,4da982b1-d94c-4828-9db6-f3091d40ece7,page_view,https://shop.example.com/product/PROD-0043,35a3cf75-42c0-4274-99ca-e27aa0f463dc,2025-10-03T01:13:29.929151+00:00,920fe448-95d0-4ccb-b77b-2c7cfa389054
797f4636-ff44-4869-82dc-151d08ab28e2,9ab56e28-4de3-4d9a-926e-dbb5035f95dd,309130d5-1553-43b5-abf2-d2318371a0bd,page_view,https://shop.example.com/product/PROD-0257,5f859f0a-6b64-45ab-8174-271e0c0f23cf,2025-11-23T18:08:56,920fe448-95d0-4ccb-b77b-2c7cfa389054
77c9920b-bed8-4ff8-9ccf-2468f580d706,c427ddb8-dbcf-4d2d-8d75-996e60df594d,05d19343-38a4-40ff-b61d-e00da7e10565,search,https://shop.example.com/cart,d0fa446b-b03e-4795-8377-728ee7be0b7b,2025-10-22T04:37:56,920fe448-95d0-4ccb-b77b-2c7cfa389054
b0883643-6399-4303-bd31-c95b02eaff2b,0ebd2b7a-9ba3-4d15-8259-8e7e96054a67,6a16f054-0a3a-4a82-92a1-f7600eaef2f0,add_to_cart,https://shop.example.com/product/PROD-0109,dfc20277-145b-43f8-812b-98e91a368856,2027-12-29T16:04:29.929253+00:00,920fe448-95d0-4ccb-b77b-2c7cfa389054
629fc4cb-a2d8-450e-ab81-ae9dd65e79fe,c386d5a6-f62d-445e-9d9c-87f5ad2c23e9,205d01af-179e-407a-86dd-5f5f870b2ef6,login,https://shop.example.com/,3ef8fdb0-472e-4033-af69-6c5993afd656,2025-11-05T01:38:12,920fe448-95d0-4ccb-b77b-2c7cfa389054
8c984450-e8a6-484a-a47a-2418cfaa34b3,fcb57e37-9f9d-4237-9168-fea72ae9c47a,879d4779-1ad7-4f19-b9fa-76175d5c2dd1,page_view,,767967ae-97a4-4783-9c62-99fa475e480a,2025-10-16T13:45:29.929318+00:00,920fe448-95d0-4ccb-b77b-2c7cfa389054
ed260a27-4c09-4a79-ab7a-753e4bca6213,3ec9f784-2792-449e-80a3-f053d4e27861,,page_view,https://shop.example.com/product/PROD-0268,09068b7e-ce92-40e7-9d11-ca414543bc91,2025-10-17T07:53:17.929352+00:00,920fe448-95d0-4ccb-b77b-2c7cfa389054
81e27ddc-94eb-408f-9260-c91a382bda80,e416a96c-d4a4-4854-bc20-11ffce05acd9,991bcd5f-4c64-4878-9218-064df3e58c14,page_view,https://shop.example.com/product/PROD-0123,d6636cec-9f1b-48cc-b310-e3ca6152971d,2025-10-02T22:13:08.929375+00:00,920fe448-95d0-4ccb-b77b-2c7cfa389054
95ba6447-2340-45eb-b4c9-ef25d26a5a42,713e2375-8fb3-4b66-8393-588de232b422,,add_to_cart,https://shop.example.com/product/PROD-0095,2588b8e6-c140-4c2f-b912-2bcd58e15e9d,2025-11-27T10:14:43.929398+00:00,920fe448-95d0-4ccb-b77b-2c7cfa389054
43de1475-eba0-4b40-8a2d-dd3ed52a943a,67c28dc0-808c-4b5e-a3af-b742ef50bc0a,c63084a7-f3e3-4f00-a6c8-98f5e233c930,page_view,https://shop.example.com/product/PROD-0029,3438b1af-50ad-4158-825f-b5b7c44f434e,2025-10-11T17:01:21.929420+00:00,920fe448-95d0-4ccb-b77b-2c7cfa389054
99154387-afad-49f5-a9cc-1d890639ba0a,b40f8cf9-b18e-45de-9517-1f84f04c7f89,,page_view,https://shop.example.com/product/PROD-0120,d9bdcd44-b736-4f69-8b2d-14df8a531e53,2025-11-22T05:49:01.929444+00:00,920fe448-95d0-4ccb-b77b-2c7cfa389054
9509928d-5f8e-427d-909a-a7c1ca7c9d2b,efbe584c-a077-48ec-8ac9-171357c49ed8,,page_view,https://shop.example.com/product/PROD-0064,cf03fd5e-cde0-4b54-90f6-3916689d4c5d,2027-03-25T16:04:29.929473+00:00,920fe448-95d0-4ccb-b77b-2c7cfa389054
150ae118-3432-4fe6-9ab8-30b93b9f6b64,c97fbb97-ce0e-4e60-b45f-9d54b5926b79,bd8c4be9-1c85-41b5-be32-773a3df0745b,page_view,https://shop.example.com/product/PROD-0454,ddb55080-adcd-4902-be1c-480ecb7cbdc0,2025-11-29T04:06:19.929497+00:00,920fe448-95d0-4ccb-b77b-2c7cfa389054
01aed0d6-25cc-493c-92c4-951f14fc3b58,5663f656-7557-4da8-95c1-5f582c7347c0,0827817c-60bf-4c14-b35e-ff4268f8dc98,page_view,https://shop.example.com/product/PROD-0213,c8ab5e2c-619b-42cc-8361-426d743fc2df,2025-11-19T13:20:00.929522+00:00,920fe448-95d0-4ccb-b77b-2c7cfa389054
074b1045-c938-454c-9268-36805c4d45df,cbced45a-ce0a-4c7f-b0d4-5109f85be726,8de5cb79-e181-45cb-82cd-7a48237c4711,page_view,https://shop.example.com/product/PROD-0361,24f4cc1a-c46d-47ca-83ad-7b3183a5ebd7,2025-10-28T01:24:20.929548+00:00,920fe448-95d0-4ccb-b77b-2c7cfa389054
f09480f2-0374-469c-baad-3dce52e43e93,72ec49a4-738f-40e4-8c74-0845ff7bcc94,6c783178-0c13-4146-9460-f0d271487bed,page_view,https://shop.example.com/product/PROD-0454,cb0c3878-0901-4abd-80e7-9260bac271f4,2025-10-27T02:19:17.929571+00:00,920fe448-95d0-4ccb-b77b-2c7cfa389054
15e4eecb-9ace-4db4-8be8-4c6b2d779b27,e3cd50c2-07b0-4a21-afa5-d04f123b936a,,page_view,https://shop.example.com/product/PROD-0003,751a9ee2-c426-4ab6-8cc3-a512da92e6a0,2025-11-03T08:12:31.929594+00:00,920fe448-95d0-4ccb-b77b-2c7cfa389054
8c0cd669-0390-4257-b912-3f9d4498a9f9,800ca4e6-b476-4af9-aee5-fc85482a1465,15881863-afa5-48b5-b5d5-ec4b89ca8cfe,page_view,https://shop.example.com/product/PROD-0029,09c96cec-b8ac-45b5-a251-32c812624afd,2025-09-06T11:43:55.929629+00:00,920fe448-95d0-4ccb-b77b-2c7cfa389054
bb461712-6f91-4a5c-b13b-e7fafa52b970,a55b1559-6ecb-4bbe-8785-73196914227e,ad6d8a92-0c24-43ef-ac27-c460db535bfb,page_view,https://shop.example.com/product/PROD-0166, 5957d7f8-02b9-4333-92b8-2e660accda09,2025-09-19T02:36:01.929654+00:00,920fe448-95d0-4ccb-b77b-2c7cfa389054
d786129c-4ce8-46fe-91c9-6906534a69bd,36c8f317-0b6a-4b9a-9023-1554d419dcb8,60c6a374-0c14-4bf0-8eea-cebd5f0d7075,page_view,https://shop.example.com/product/PROD-0045,faaab117-ce8f-4244-8313-b9a89b06ab09,2025-11-14T23:20:17.929685+00:00,920fe448-95d0-4ccb-b77b-2c7cfa389054
92821dd6-543a-4d4b-a33f-139408a08b07,2903b2e2-a9c8-41ea-ac96-ffc63d9c8e4a,739edbfc-f5e9-4902-b190-949e993dd797,search,https://shop.example.com/search?q=shoes,a8b7a7b7-ae69-4957-994c-2e435b69afc2,2025-11-30T16:09:03.929717+00:00,920fe448-95d0-4ccb-b77b-2c7cfa389054
5a6ad57d-83f8-43a7-a83a-40cf400a2a0c,0a12e7fd-b077-4252-a4fe-97e862bd35c5,b0792e1d-1d84-4653-8799-8f8a6565ca95,page_view,https://shop.example.com/product/PROD-0450,ab66e9ac-3451-40a8-b08d-4d03074cacef,2025-10-05T13:17:49.929741+00:00,920fe448-95d0-4ccb-b77b-2c7cfa389054
6e4d2a25-10a8-4e8c-80e9-c7891dba19a4,50084d8b-704b-47ca-bf0b-7c5ea6bff97c,fe1318db-194a-4cab-86b9-b63092aad51b,page_view,https://shop.example.com/product/PROD-0111,fad569bb-4d21-4ed6-8b90-c861e877335a,2025-10-26T21:31:35.929778+00:00,920fe448-95d0-4ccb-b77b-2c7cfa389054
b03d357d-065d-4f36-b935-381c64a95cc0,4ff19095-db92-4a75-ae37-d451b86e4971,,add_to_cart,https://shop.example.com/product/PROD-0271,90df1ef3-3876-48d2-8253-ab5a961232ac,2025-09-25T01:40:59.929801+00:00,920fe448-95d0-4ccb-b77b-2c7cfa389054
3823b40f-d83c-4143-9efc-2b108a1b582e,3c96087f-86f3-4de5-b964-85ffd0f5df3d,,login,https://shop.example.com/,1ded244b-5f32-4d0c-af5e-e725e3f9c714,2025-10-01T17:32:04.929823+00:00,920fe448-95d0-4ccb-b77b-2c7cfa389054
2fc64d33-7edd-45a6-98b1-5b0f12a50c3d,de0ad4aa-97bf-4ce4-bd25-5d1b3eda00ff,,page_view,HTTPS://SHOP.EXAMPLE.COM/PRODUCT/PROD-0469,50522a1e-20f5-44e1-9099-7147ef7f37f6,2025-11-27T09:15:15.929847+00:00,920fe448-95d0-4ccb-b77b-2c7cfa389054
7ee9f91b-f6db-443c-a254-3c41a4c2436c,f4157d80-c40c-4649-9b15-f038c0615b8a,15a527a6-1459-4d78-89fb-2be58d9243d2,page_view,https://shop.example.com/product/PROD-0090///,f5f82dd7-3870-4da3-aa0e-150d2b3a5300,2025-09-19T03:34:32.929872+00:00,920fe448-95d0-4ccb-b77b-2c7cfa389054
7f9f963c-c045-4dab-811c-17e9b17bf87f,dd346846-0710-4567-a3de-eea9b58ca463,88f75ebf-2d23-4480-8bfe-fd054410e5fd,page_view,https://shop.example.com/product/PROD-0484,a68becee-78f6-4549-be04-d311a455541e,2025-09-27T00:02:36.929897+00:00,920fe448-95d0-4ccb-b77b-2c7cfa389054
ccef2dee-380f-40c1-b3c1-e67ec83e77c2,824a2b79-1531-42f6-a73d-79a871765843,a5ff0e5c-781e-4f6d-9b01-96ec9d99ccf8,search,https://shop.example.com/cart,3a35cbc1-dab0-4798-80f3-8309f9a8068d,2025-09-22T00:03:11.929920+00:00,920fe448-95d0-4ccb-b77b-2c7cfa389054
88ef058e-0150-4849-8e6c-6a601181a37e,2770d128-aaf4-4c50-bdb6-5808e6ec1091,,page_view,https://shop.example.com/product/PROD-0296,3a4795af-baac-43cc-96b7-4d8ba4c8a0dd,2025-10-24T04:31:56.929942+00:00,920fe448-95d0-4ccb-b77b-2c7cfa389054
d2f8b0ba-e1cd-4b74-a0d9-4567f8ffe4b6,f75e5797-50ac-492f-b5c3-1282d3a7f4b2,,search,https://shop.example.com/category/electronics,4384fd48-8dc5-4da6-b266-f1496512918d,2025-11-20T23:25:54.929965+00:00,920fe448-95d0-4ccb-b77b-2c7cfa389054
117fff21-d936-4601-85f0-a484ff64a4d9,1ccd9f05-6c4a-49ed-8fe5-65f6b0fc3d3c,70f02b6c-4e5c-473f-9e38-55515d161534,search,https://shop.example.com/search?q=shoes,eb65ff4cd2954764b5ae419e25e8b258,,920fe448-95d0-4ccb-b77b-2c7cfa389054
872c420f-0589-4b77-abe8-8f4d11bce98e,7c55b59a-23d6-407e-a3a0-c111b92db45b,d8ab2b5f-2e5d-4fa4-a372-0ce5ff41f43c,page_view,,d13d344a-8e1f-488a-a418-e8ff92d2d021,2025-11-01T23:39:34.930036+00:00,920fe448-95d0-4ccb-b77b-2c7cfa389054
6d90e41e-af92-4a21-848b-57747f7484d5,9161c843-a8c7-4282-97fb-6dee5e04e1ee,,search,https://shop.example.com/cart,67998b36-8d46-45f7-bf99-1c3dda585b18,2025-11-10T13:06:51.930059+00:00,920fe448-95d0-4ccb-b77b-2c7cfa389054
dc2ce2e3-68e3-48b6-ab8e-6896fe60fabd,fe3a701d-0b8a-4840-8b0c-e57818cecc64,f7babbdf-51b9-44cb-985e-00463c7a1930,page_view,https://shop.example.com/product/PROD-0491,8f2e0400-eee9-4c0e-b710-02e2e935d6bc,2025-10-05T13:21:48.930081+00:00,920fe448-95d0-4ccb-b77b-2c7cfa389054
3edb4a3a-7956-4bc8-9aae-8775475d50bc,2f6ed45c-2767-41b9-a0ca-a43607a15372,454d1b7e-3113-4996-8e3b-3699ade8e8e7,page_view,https://shop.example.com/product/PROD-0102,1f9a021e-9b49-498c-87c3-f4d4282806c0,2025-11-25T16:03:13.930104+00:00,920fe448-95d0-4ccb-b77b-2c7cfa389054
0d561344-3a92-4d2b-ad91-79022dea0bad,c0965acd-9911-46cb-b78f-d636979c4475,,login,https://shop.example.com/category/electronics,789b04fc-c9bc-42a5-97eb-bef33bc82299,2025-10-17T22:43:34.930126+00:00,920fe448-95d0-4ccb-b77b-2c7cfa389054
5042d84e-ebb5-4904-ab00-f341ead7af96,9f847f99-e670-4efa-8d1f-78200526b662,9d5587ac-77ec-4bea-a63f-ad66beb9dabd,add_to_cart,https://shop.example.com/product/PROD-0451,22c898ba-5547-4d7c-bd10-3e4267f32a8e,2025-10-22T07:24:05.930147+00:00,920fe448-95d0-4ccb-b77b-2c7cfa389054
48efd216-4662-4615-9c03-1c4ded232695,8e3f3fc7-9988-45c3-95bc-2bea3531c7af,,page_view,https://shop.example.com/product/PROD-0259,deb1d704-a67c-4f13-8c91-5519477de099,2025-10-13T17:34:39.930172+00:00,920fe448-95d0-4ccb-b77b-2c7cfa389054
1735a7c1-443e-4f27-b581-0dee89914323,b85449cc-8666-4b8a-a4fd-fd044eba2ae7,4c161ccb-6421-43a3-a28e-f4c56e311c59,search,shop.example.com/search?q=shoes,7488a08b-d802-4e8c-bc95-a1d12f49f740,2025-10-04T18:39:00.930195+00:00,920fe448-95d0-4ccb-b77b-2c7cfa389054
71ee8d4d-b46a-4c3e-8bd3-17d882438d55,76ca06ce-144b-447d-a97e-fa1e9213fc97,,page_view,https://shop.example.com/product/PROD-0384,037150f5-bd97-45fb-984c-053e9256a561,2025-11-16T16:17:56.930290+00:00,920fe448-95d0-4ccb-b77b-2c7cfa389054
56fe6e80-03b8-4f15-856d-c3929a9d9091,8ba8cdc5-0dd8-4bed-95ed-1b690612c37b,045254d4-7b8a-482f-8f57-69904a0ce2c2,add_to_cart,https://shop.example.com/product/PROD-0043,4baadede-7884-415f-b980-8c72a69bd812,2025-09-08T10:26:47.930315+00:00,920fe448-95d0-4ccb-b77b-2c7cfa389054
d97e110d-c829-4f74-b201-d602424805a0,473a30ac-37c8-411d-bb84-36e82125cb1a,,page_view,http://///shop.example.com/product/PROD-0014,74d02d21-9d4c-4b4a-b6fa-fca9126e6362,2025-11-21T21:29:32.930336+00:00,920fe448-95d0-4ccb-b77b-2c7cfa389054
815537d7-c77d-4492-af6b-8cbaf04b3b9c,8fadc2e6-09f0-4d15-9165-ed74c10cc280,85b55812-5734-4c94-a5e6-85be34fe6ee4,search,https://shop.example.com/category/electronics,7607075a-6a4b-4e7d-bcd3-7157f88fd502,2025-09-28T00:14:41.930366+00:00,920fe448-95d0-4ccb-b77b-2c7cfa389054
1fc7be84-1cfd-48f0-a0bd-c04160c2410b,081d1743-c040-422a-9eda-6fe0d2ffe5e2,b4e8d687-c43c-4151-8bb2-195d95f24d1d,add_to_cart,https://shop.example.com/product/PROD-0166,6ddde124-2cb7-4678-aef8-a4d0b2137162,2025-09-24T14:32:37.930389+00:00,920fe448-95d0-4ccb-b77b-2c7cfa389054
94c1ac06-c4fa-4c52-8afa-a9653515c3ae,b7ca5f15-c257-497b-b4ef-6c5ed310dfc2,bb5e148c-9230-4749-b9f9-3242a74e9f36,search,https://shop.example.com/category/electronics,a877a894-2df6-4960-bba1-be9981f9cd5e,2025-10-26T17:05:27.930415+00:00,920fe448-95d0-4ccb-b77b-2c7cfa389054
7942ff17-4a7f-421f-8328-b2a3689b8466,712ae219-9025-4ab7-b7a8-8ac39df8f335,946a4da2-7006-47ef-b196-c3bc214e3d08,add_to_cart,http://///shop.example.com/product/PROD-0488,d34ad6ee-2aee-4d34-8d3d-00e485d24084,2025-10-19T21:44:17.930614+00:00,920fe448-95d0-4ccb-b77b-2c7cfa389054
12a5110d-7688-4b56-a149-a66cf410f43f,d7a6792f-8e79-457a-866c-9437ce029e6a,,page_view,https://shop.example.com/product/PROD-0330,ac0a8541-6717-47a9-9084-7f37da254914,2025-10-06T13:55:40.930739+00:00,920fe448-95d0-4ccb-b77b-2c7cfa389054
b2de3a3a-8975-447f-a094-dee6c5119cfe,662372c0-17a7-4ae6-a957-93f955fcc0a0,a95b660a-1639-4853-9a99-3bd575ca5df2,add_to_cart,https://shop.example.com/product/PROD-0058,22f45c91-5d22-4183-96d1-7634b8255815,2025-11-28T11:56:22.930789+00:00,920fe448-95d0-4ccb-b77b-2c7cfa389054
30bb24b1-4516-4810-8c9c-45098d5d7712,67218417-f112-4bf8-8395-4741bf120a86,373dc17c-8959-45e6-9ad9-0dafdc9dac1d,search,https://shop.example.com/search?q=shoes,5153acd3-66d2-4a19-8b6e-da4558ccb8d4,2025-11-12T11:08:47.930840+00:00,920fe448-95d0-4ccb-b77b-2c7cfa389054
5a61ba9a-0c6f-4c2c-b7dd-2835c3a9e2ff,ddb73a72-499a-4cd5-a7c8-1b0a03e16c8e,,login,https://shop.example.com/search?q=shoes,0ef8018c-5724-4bc8-a60a-1270a78ec8be,2025-09-29T00:01:58.930902+00:00,920fe448-95d0-4ccb-b77b-2c7cfa389054
3804045c-6093-444e-8242-72b596cd6e73,81160940-4892-46c8-8cd5-23c3b4210fa7,,page_view,https://shop.example.com/product/PROD-0269,75bce675-717c-4d65-8292-59dd6b5b6865,,920fe448-95d0-4ccb-b77b-2c7cfa389054
cb8d2433-1f8d-4081-a5de-1dbea69fa80a,426c9ec1-20e4-4988-b9e3-5c286c160a24,c12f4f08-1657-4374-966b-71b2a586192c,page_view,https://shop.example.com/product/PROD-0286,92c3d591-9d55-4753-b2bb-799be44801ad,2025-09-14T05:43:09.931053+00:00,920fe448-95d0-4ccb-b77b-2c7cfa389054
78409d36-6aae-46fb-ab4e-317dc2a6633f,60265dec-8fca-400b-9f79-8555a9e72418,c9c7dd19-7cbc-47f1-bf6f-a0c9b70b3ac3,page_view,https://shop.example.com/product/PROD-0171,c65b4678-6d6d-462b-8191-f5e9a5f36a1d,2025-10-15T01:33:24.931120+00:00,920fe448-95d0-4ccb-b77b-2c7cfa389054
d1730e6d-da1d-427f-aaa1-1efaa7d3e2a6,6cafc2a1-37fa-4db1-9d12-f0a6b20dd93f,b1abf2c6-eb91-4996-8a61-cd6486211045,login,http://///shop.example.com/search?q=shoes,a3a94f69-1ea9-4bb4-9437-70acfb1e69fc,,920fe448-95d0-4ccb-b77b-2c7cfa389054
d687e0e3-91b9-4cb7-bfd3-096ac21a2c9a,3505214f-9e7c-41d8-8f8a-c90136a070cd,44dc0447-aa8a-4dfd-ac74-5b29ded448f6,search,https://shop.example.com/cart,e009b233-a3f9-447b-91d3-3047573a7802,2025-10-01T17:09:13.931229+00:00,920fe448-95d0-4ccb-b77b-2c7cfa389054
14dac1fe-307a-4927-9f96-1fe13d070d35,8fe37d2f-92f5-4dd6-bcbc-aac4849909c1,3fa6cf40-a39d-405b-bd3d-d728973f2973,page_view,https://shop.example.com/product/PROD-0388,4547ce09-bdef-4ec9-a13b-f262d372b642,2025-09-03T06:59:04.931253+00:00,920fe448-95d0-4ccb-b77b-2c7cfa389054
f315071c-a90f-4787-8823-abfa122ecbb9,93a2033c-63ef-466d-9649-1e89bcf6911a,dc62a552-8301-40e5-aed4-b12d23ecf465,page_view,https://shop.example.com/product/PROD-0419,df82af7b-a459-43ee-b0bf-522a466b8617,2025-11-13 12:30:45.931275+00:00,920fe448-95d0-4ccb-b77b-2c7cfa389054
00565812-653c-4d6a-bf2b-6883fbe5ea04,7221c157-a9dc-4a62-83da-719113e73027,1a68539a-5e99-4082-b594-f299ed873d7f,page_view,https://shop.example.com/product/PROD-0367,03fcf4d7-aedb-4af1-adff-b88c05b0ead9,2025-10-07T18:14:32.931315+00:00,920fe448-95d0-4ccb-b77b-2c7cfa389054
e8e48144-eaf8-4cdf-b50c-7116fbeb3a54,8d46be72-e208-44de-b270-3495ebaf9c46,4e544a6b-a97f-42d3-85e1-c9d30ff572a1,page_view,https://shop.example.com/product/PROD-0468,9f498781-9ab3-42c2-b60e-9c3780ce65bf,2025-10-13T04:23:29.931357+00:00,920fe448-95d0-4ccb-b77b-2c7cfa389054
38f51ece-a037-4679-9b21-0940eeffe619,d9149b72-994d-4c3d-b0b0-218ac40065bf,,page_view,https://shop.example.com/product/PROD-0425,6227cde7-0ae0-4154-a7f6-33614715c7b2,2025-09-26T12:39:25.931396+00:00,920fe448-95d0-4ccb-b77b-2c7cfa389054
0ca8aeb8-b774-40b1-9fb9-aa74be5eb5b9,d4238fa6-dc49-4d6a-a56a-89033b46fb29,,page_view,https://shop.example.com/product/PROD-0258,71cfcf28-00e1-472b-bea4-6b06e890f2b0,2025-09-09T10:21:28.931423+00:00,920fe448-95d0-4ccb-b77b-2c7cfa389054
914aa385-4fc6-4fd7-b700-ed1229b269ed,3cf17532-94eb-49fa-b3a3-86b16bc4a9f4,b4685fd9-93af-4d8b-bf33-095986d54b62,page_view,https://shop.example.com/product/PROD-0182,2af36b0e-a3c1-4dd9-9576-72046775111b,2025-11-16 14:01:18.931447+00:00,920fe448-95d0-4ccb-b77b-2c7cfa389054
327bac3b-3f16-4098-8660-2be15bcf80ba,3e943876-98fb-4bed-a1e4-c3d63210db1b,,page_view,https://shop.example.com/product/PROD-0368,b4c3b6b7-5960-4866-8b9a-0f569a04d173,2025-11-07T06:01:40.931495+00:00,920fe448-95d0-4ccb-b77b-2c7cfa389054
3b81601b-7f0b-4301-8b3d-61862e8d2455,4a3ad549-0bc2-4a7a-b328-2b5cc4558c3f,,search,https://shop.example.com/cart,6a7718bf-4c00-4964-b58f-27630d04e862,2025-11-04T20:18:00.931534+00:00,920fe448-95d0-4ccb-b77b-2c7cfa389054
06adddc2-c752-4ff3-a7d5-a96ef81d6d25,f373b7fe-ea2c-4198-9f4c-7470d42cad5c,ac4043e7-5317-483e-b2c3-6db27b02132d,page_view,https://shop.example.com/product/PROD-0422,a6ef6e66-66b0-470b-86c6-84e8b249f1dc,2026-10-07T16:04:29.931577+00:00,920fe448-95d0-4ccb-b77b-2c7cfa389054
8173faed-09f2-45b1-8e9c-313cf890605b,6836c0a3-2e9c-44e5-9105-8780f797dc54,f1b3142a-9e3d-410a-863e-7542a626bf57,search,https://shop.example.com/,0f2bda0f-34ed-40e8-ac1e-f6d1202f9a78,2025-09-11T04:36:36.931616+00:00,920fe448-95d0-4ccb-b77b-2c7cfa389054
82c60bb6-099f-48a8-8a68-67958eb687f8,dbb98d12-57f2-45dc-ae8e-d0beeb87fb68,,page_view,https://shop.example.com/product/PROD-0086,792c50ea-deea-4b53-b3b9-1cc991e3c418,2025-10-29T12:48:16.931669+00:00,920fe448-95d0-4ccb-b77b-2c7cfa389054
f21f700a-61f3-4a89-b816-96ccb656f537,c7871bd8-6462-4b4b-8388-a83ca83dcb2d,,page_view,https://shop.example.com/product/PROD-0435,dcb4536b-8c54-4df3-8299-260133f05862,2025-11-25T09:33:34.931854+00:00,920fe448-95d0-4ccb-b77b-2c7cfa389054
5742d0c2-3a8c-4617-b3c8-3506137fac6b,597532c6-0eac-4121-ac3e-80bb3e26c30f,,page_view,https://shop.example.com/product/PROD-0180,a1009d83-3a1d-4d73-9ca7-0f8363f92222,2025-09-14T17:04:42.931929+00:00,920fe448-95d0-4ccb-b77b-2c7cfa389054
3f5fa95b-57b1-4ecf-a4ae-b86690b14c02,61b27cfe-3aaa-4fff-afec-6c8fc444d7d6,5ee34728-866b-40bc-8613-03ef14a2a989,page_view,https://shop.example.com/product/PROD-0022,320a5d06-4afb-418a-89d4-994c18782aeb,2025-11-29T23:40:58.931992+00:00,920fe448-95d0-4ccb-b77b-2c7cfa389054
c927c574-dcb0-42cd-9554-764feaf6aa5c,a5030a0a-02ee-4555-bc7f-8fed9334476b,4f1465ab-68b6-4a60-8dd6-0ece90dbf299,search,https://shop.example.com/cart,22e22f5d-f298-4430-9f73-7615268eba61,2025-09-30T20:05:14.932019+00:00,920fe448-95d0-4ccb-b77b-2c7cfa389054
c6efdad4-82b2-40f6-9891-f48863223460,46f9f8a8-6fb7-4d9a-bbf5-1a39f9d708bd,1ce1a96a-01ed-40ae-b0bb-3133b837925b,add_to_cart,https://shop.example.com/product/PROD-0418,fc0d96e3-13ef-4888-8daf-2e2e7969d2fc,2025-11-07T14:07:35.932042+00:00,920fe448-95d0-4ccb-b77b-2c7cfa389054
98a5beaa-ceba-46ae-b840-289ed9080bd7,7af0db62-3dac-4fc5-a481-5813ad04eeb2,68953500-057f-4620-b053-4046eb4d2083,page_view,https://shop.example.com/product/PROD-0321,8759f4f5-c11c-4e27-88e9-7aba0c64b62e,2027-05-16T16:04:29.932074+00:00,920fe448-95d0-4ccb-b77b-2c7cfa389054
c99b6860-e019-4176-81ac-1361440f3d6e,cb11650a-4c6f-4fb9-a566-ce642d867094,71ed8d22-3b3e-4863-85fc-c2b843eb7ebc,page_view,https://shop.example.com/product/PROD-0083,d6ae87fa-9713-4c93-a85e-a0664e51a9a3,2027-04-16T16:04:29.932119+00:00,920fe448-95d0-4ccb-b77b-2c7cfa389054
2e4f03e8-a74b-4e15-b516-fc4cea417586,19563da1-733f-4783-b765-c4d5c5f153b3,,page_view,https://shop.example.com/product/PROD-0131,7af70c33-7be6-4307-9bcc-5b45d83c5ad4,2025-10-04T19:21:53.932158+00:00,920fe448-95d0-4ccb-b77b-2c7cfa389054
65404471-4682-439d-a135-ba23cf7226cd,7f3b5b98-300b-45bb-9195-f9f58f804f0a,,page_view,https://shop.example.com/product/PROD-0073,83c9d983-ca56-44a3-843f-e181611973f7,2025-11-16T14:37:40.932192+00:00,920fe448-95d0-4ccb-b77b-2c7cfa389054
ff5936a9-054d-4742-80cc-eee6bda415dd,46f587a9-4f4f-485b-b35b-dc3b076b66d2,f4f20a1e-1a50-4b87-8b04-7ad01525c521,page_view,https://shop.example.com/product/PROD-0267,0d531644-18a6-49ef-a9b4-251c013ec81c,2025-09-10T16:13:34.932234+00:00,920fe448-95d0-4ccb-b77b-2c7cfa389054
169ebfa9-5c89-4f02-8741-4ea1fd88f4c0,ec2009c2-7f31-4123-bcee-c003bda16d3b,,page_view,https://shop.example.com/product/PROD-0359,266b81e8-b2e7-42c4-a08c-8604826e2a8b,2025-10-11 00:24:35.932260+00:00,920fe448-95d0-4ccb-b77b-2c7cfa389054
dc3d28d1-58d9-487f-b186-7a9e919a008b,8dac6ffe-5a2a-45ac-84a1-626a480db14b,b8ae668f-a1a0-4250-bb16-96ce8917a513,page_view,https://shop.example.com/product/PROD-0312,761dd3fe-354c-40a5-84fc-b80ba0577c90,2025-11-04T11:25:11,920fe448-95d0-4ccb-b77b-2c7cfa389054
47e7e57e-0577-4867-9534-1ff87e08078f,5efe6e6f-2f87-4692-96d8-7a7a698f3124,272a71e3-f854-4a09-b626-bb14eca1afcd,page_view,https://shop.example.com/product/PROD-0104,c7b2f043-5765-4618-89de-0423addb2104,2025-10-22T22:09:30.932353+00:00,920fe448-95d0-4ccb-b77b-2c7cfa389054
13518b77-cc7f-45a5-b210-eab9bf6bc8fe,8568c44a-05b9-4110-ac87-7856ed75b871,,page_view,,4c438c0f-0fd2-45b6-951e-93c2449d664f,2025-10-23T08:05:41.932377+00:00,920fe448-95d0-4ccb-b77b-2c7cfa389054
17a91622-49c3-4640-afef-1ba4c4b61a89,17feabdc-a7e6-42bf-922b-11c79687ea0b,,page_view,https://shop.example.com/product/PROD-0181,1204fe88-8e47-40f1-a26a-4e68bdde3528,2025-09-03T06:02:14.932413+00:00,920fe448-95d0-4ccb-b77b-2c7cfa389054
4329f5ab-036d-4b5d-8c38-a6ca72d674b1,9af22928-0b1e-4384-aed2-5d96c109eb0c,3a207d6b-4681-4252-a9af-574be34dcc46,page_view,https://shop.example.com/product/PROD-0035,878d3950-2e3a-4fce-a2aa-5f7e28704756,2028-01-28T16:04:29.932463+00:00,920fe448-95d0-4ccb-b77b-2c7cfa389054
b5b08f2a-6ac5-431a-9e92-c97c69fe5d43,4d438517-b7b0-46fa-b6ab-e4febcafe2c7,ff33dc09-ba07-4d64-bd56-52b9f28077ba,page_view,https://shop.example.com/product/PROD-0107,f701ae27-3f3b-4407-b8c3-5cb1551cb761,,920fe448-95d0-4ccb-b77b-2c7cfa389054
9da8c174-df22-459a-9186-0d9f34a46cec,6ea43701-4d3a-44e2-8a61-330b167bd434,cf79cb12-d675-4a19-95f8-e9efb04f6838,page_view,https://shop.example.com/product/PROD-0131,5e71c5e9-c196-4bd8-9997-3e5a872d971e,2025-09-17T23:41:59.932526+00:00,920fe448-95d0-4ccb-b77b-2c7cfa389054
e52bf6e5-9597-44b9-bfa8-42226070aac0,ec157961-e2a3-498a-86e4-b42c9c20dca9,ebd05975-5308-411b-9df5-3114da124024,page_view,https://shop.example.com/product/PROD-0155,e1d84d7e-7518-4970-a66b-65dfea341183,2025-10-29T14:56:11.932556+00:00,920fe448-95d0-4ccb-b77b-2c7cfa389054
bbaec5d9-481b-45dc-8291-a03aaa9a93af,b5134d51-815c-46b9-b413-f94a8e581497,09f58777-1602-4410-9a34-7aa9815bbcde,page_view,https://shop.example.com/product/PROD-0026,4273dc52-ba89-45c1-9eff-8b3243a97a81,2025-10-12 16:11:10.932598+00:00,920fe448-95d0-4ccb-b77b-2c7cfa389054
97fe7bec-83ca-4537-ba4b-1eb4adab291d,8f469ce9-660a-4adf-9a91-3bfebedaca45,f18ae0bd-8172-4e1f-89fc-6a09035be848,page_view,https://shop.example.com/product/PROD-0495,367539a7-797e-4450-bc3f-c188c8970638,2025-09-23T02:35:20.932638+00:00,920fe448-95d0-4ccb-b77b-2c7cfa389054
487f3e99-edef-49f9-9de3-66f5ba402dd3,f20908cf-3fa0-43a7-a2f4-ca832a98f023,,search,https://shop.example.com/,7ff0e9e5-44f4-4faa-b5e4-b17e35028b3f,,920fe448-95d0-4ccb-b77b-2c7cfa389054
efda8154-e4c7-425b-9275-b92eb0b9ed2c,56c35d10-c62a-4006-8c33-10b60fb26a16,a3f6b1dc-8bc0-46be-83a8-87c1cbf40735,page_view,https://shop.example.com/product/PROD-0263,1733bfec-94d6-4d6c-92c3-f6d9eda2aadc,2025-10-01T18:29:49.932696+00:00,920fe448-95d0-4ccb-b77b-2c7cfa389054
c6b5309c-8076-4a13-afc5-0934e713e0a8,e4832291-bd10-42f5-9b9a-e97d13d217d0,a4391cdd-c7eb-44b3-bfda-ffcb734a94b5,page_view,https://shop.example.com/product/PROD-0020,a549686d-5095-4983-8329-88acdf45fabd,2025-09-08T23:12:32.932765+00:00,920fe448-95d0-4ccb-b77b-2c7cfa389054
91222bf7-fc5d-43a1-b6d3-380468111e15,774b6d51-8769-45e1-a7a6-84f1a359b504,ed3e146f-62ea-4242-a830-9449716e182b,page_view,shop.example.com/product/PROD-0247,98183711-dff4-4275-8a5c-b8be0eeb2b4d,2025-10-11T10:42:07.932810+00:00,920fe448-95d0-4ccb-b77b-2c7cfa389054
b0f0c5d8-7f83-4ab2-8f10-81aa40c0f02f,93bac902-ef2a-4c88-94da-12c13c5c2f3c,,page_view,https://shop.example.com/product/PROD-0242,7fe7b78c-bd44-4fb2-9d9b-cb761b5f7679,2025-10-27 05:06:11.932848+00:00,920fe448-95d0-4ccb-b77b-2c7cfa389054
159ed590-ec72-40f7-b433-989f8e53b9d4,7e939087-4f41-4dc4-a99c-8b62691b10a3,42d05190-15cb-42bf-b3d5-0cb0721679ac,add_to_cart,https://shop.example.com/product/PROD-0005,6b9fa224-18d3-4847-a27a-7d8fc12bbaf8,,920fe448-95d0-4ccb-b77b-2c7cfa389054
7ce754b9-39a0-477d-b7df-8a0ac733e20e,81e45d2a-6d6d-49ea-881f-99185518d4ec,9ba4b68b-1601-4612-a39d-5df37260558b,page_view,https://shop.example.com/product/PROD-0490,2d7af4c2-0313-43e0-a51a-3f89c3872041,2025-09-25T02:10:04.932938+00:00,920fe448-95d0-4ccb-b77b-2c7cfa389054
b47dce94-8841-471f-a077-802287a0823c,8b0c2402-03fe-4e4b-bb5a-e83c84903464,79bc3d6a-d0b8-404c-b2bf-96d66f1dfbb4,login,https://shop.example.com/search?q=shoes,8540ee3e-d839-4eb4-bd0c-9473c180691d,2025-09-25T18:14:20.932963+00:00,920fe448-95d0-4ccb-b77b-2c7cfa389054
e7e90e15-195a-4c79-bf38-916d33889a0b,4371d4a6-0fa2-4cd4-9ff1-be1dad2dc39e,f46249b8-c858-412c-8c73-df9fef7bf31e,search,https://shop.example.com/,4830ab89-8064-47db-9553-cdd24195f98f,2025-10-16T19:14:44.932985+00:00,920fe448-95d0-4ccb-b77b-2c7cfa389054
bd38dfc7-3d49-4bb6-80c0-806955355c3c,cb9b74cd-fc95-4cea-9633-d9031cfeb69d,774cceaf-61a6-4a3e-9952-c518d12e39a7,page_view,https://shop.example.com/product/PROD-0276,b3f012d6-9a43-4563-8d27-39d588ded598,2025-11-20T12:20:00.933009+00:00,920fe448-95d0-4ccb-b77b-2c7cfa389054
f53675d4-741c-49bf-8ad2-4622bfb17a70,42750904-2208-4cce-b01b-9befed313a85,d49e4853-86e5-4a8f-8f04-c563a608cd8c,add_to_cart,https://shop.example.com/product/PROD-0241,d5eb7df2-3c61-49bb-ba05-a754ac0d05d9,2025-09-12T23:32:40.933071+00:00,920fe448-95d0-4ccb-b77b-2c7cfa389054
8c574377-8a24-4368-a5b5-748d75693983,684daf48-efde-4d31-acb4-ca82cc0983ff,f6483cb6-1fb7-4ba8-acf8-854699c3e2f9,page_view,https://shop.example.com/product/PROD-0051,26064d01-da76-4f56-9f7c-165c935aa38a,2025-09-22T22:00:58.933097+00:00,920fe448-95d0-4ccb-b77b-2c7cfa389054
2ea8a1f8-5f6b-4f41-bb55-366368d9d085,cfb08406-b032-40c2-ae2c-ca408759df74,c8e18dfe-f300-49be-95bf-b3a7595f0b10,add_to_cart,https://shop.example.com/product/PROD-0063,14bda24b-79fc-485e-8abf-fab0c6d5b043,2025-09-16T14:02:17.933121+00:00,920fe448-95d0-4ccb-b77b-2c7cfa389054
cf82cdfc-47ca-4ba1-bf0e-fccda1fcc79a,98d0989e-f039-456a-8fad-db2f65f1acd6,b0e71ab6-5290-4785-91b5-faf598d48fff,login,https://shop.example.com/search?q=shoes,4cca006a-3d49-4f81-a09b-ef90ef523515,2025-11-18T08:15:18.933144+00:00,920fe448-95d0-4ccb-b77b-2c7cfa389054
ee628a40-1566-4c08-a9a7-a720e13ce0ba,8ae6c447-1ac4-49da-99b6-abe13067a239,,page_view,https://shop.example.com/product/PROD-0147,8f05fcef-9e45-4fbd-a2d8-2ec8b9bb02b1,2025-10-09T23:12:34.933166+00:00,920fe448-95d0-4ccb-b77b-2c7cfa389054
6be4428a-bfad-4a38-875f-ace96c6438b8,18239677-2b94-4c41-995b-da256451e3f0,6f43516b-cd7a-410b-b38a-9756ab7b8b9c,page_view,https://shop.example.com/product/PROD-0309,abddd83e-5ba3-41f7-8f37-b6cbdb2b0bd9,2027-02-18T16:04:29.933196+00:00,920fe448-95d0-4ccb-b77b-2c7cfa389054
05921e05-f631-46b0-975f-bcbfc07c42fa,eacbc907-6bd8-4259-87de-7bb911f53581,,page_view,https://shop.example.com/product/PROD-0256,bf2e79d7-18b5-4b85-bd52-2b0df7f38354,2025-09-13T03:41:19.933221+00:00,920fe448-95d0-4ccb-b77b-2c7cfa389054
c40b8083-e9d4-40b5-9a9a-9156f006fcea,91756c5d-1250-462f-aa27-10b4056cfb8e,897cde5a-e777-415b-94c2-c972269b5b59,add_to_cart,https://shop.example.com/product/PROD-0362,09fc5394-6ded-4be2-8a14-5762def1d1c0,2025-11-07T14:07:43,920fe448-95d0-4ccb-b77b-2c7cfa389054
1872c586-f056-4344-bfa8-600c4fac360b,fac6fbca-6d1f-40d9-828f-209b174f078f,bb1bbaa3-9c87-41b8-a1fb-64c08292690c,search,https://shop.example.com/cart,e2f7a9cf-588f-41e3-abc4-98acc5786848,2025-09-27 01:14:35.933302+00:00,920fe448-95d0-4ccb-b77b-2c7cfa389054
bb28e051-3f01-4d20-a25e-15fb379ffe5c,b6ce5bf8-eb2b-4963-a57e-7e0aa40870b2,,page_view,https://shop.example.com/product/PROD-0236,a315a628-6154-424c-ba9c-d75729d83b75,2025-10-04T15:14:28.933354+00:00,920fe448-95d0-4ccb-b77b-2c7cfa389054
eeff529e-ea35-482f-8a45-0ef66213fcf8,455fb0ea-4e76-4997-9aee-1597c26f8f7c,,page_view,https://shop.example.com/product/PROD-0429,553c6c78-87fb-43fa-91d8-1546cd9eba2d,2025-11-02T17:01:37.933377+00:00,920fe448-95d0-4ccb-b77b-2c7cfa389054
6acb6384-ae1a-4995-ba00-ed99b698080c,27e32116-429c-42c5-aa86-7d942bce1dd8,4ac93f23-af0c-4b6e-9b83-1ba76bac4591,search,https://shop.example.com/,79e758c0-8e21-40ef-ac1e-d4325a78b2c0,2025-10-20T09:29:21.933398+00:00,920fe448-95d0-4ccb-b77b-2c7cfa389054
5d9033ff-b9b0-4010-ae9e-fa8d17285732,3cde4bf8-7251-44ed-a947-4b55795513b0,,login,https://shop.example.com/,b7675f66-0876-49d4-86a7-c0d03d9a9fd4,2025-11-10T20:20:24.933419+00:00,920fe448-95d0-4ccb-b77b-2c7cfa389054
343399b3-b0f6-42be-9030-eb6dd1bd8887,ef919719-c555-4f69-831c-d1ab40d190b8,,page_view,https://shop.example.com/product/PROD-0276,d5286ef0-d132-4d1d-8656-40ae8e546182,2024/31/01 25:61:00,920fe448-95d0-4ccb-b77b-2c7cfa389054
b8456ff3-c813-43ec-9e5e-ea747829d00f,a40236fd-8711-4f28-bda1-87dc911aea82,09360004-9732-4e55-8a61-f77dbb1334f8,page_view,https://shop.example.com/product/PROD-0386,0d371819-709e-44b4-82dc-aede2de07f29,2025-11-21T01:03:51.933479+00:00,920fe448-95d0-4ccb-b77b-2c7cfa389054
2fa9e5e2-2698-4bdf-a322-38965ed1cb2c,0a9103cd-4c7b-4399-8306-e6d76292a8f4,0fcff06f-8063-4607-afb3-a8373095632c,login,https://shop.example.com/category/electronics,b80828ad-8503-41b0-8be4-24a34e258192,2025-11-24T01:14:09.933504+00:00,920fe448-95d0-4ccb-b77b-2c7cfa389054
cd99bd00-0929-49a8-b6aa-528fb400c6bd,e0b2365a-e121-4234-81bb-1c663874990b,994e7a38-8826-4b31-a901-be1819cc0479,login,https://shop.example.com/search?q=shoes,2bca4fe9-9674-4f19-a338-05164eff42fe,2025-11-11T18:51:38.933526+00:00,920fe448-95d0-4ccb-b77b-2c7cfa389054
febc57ce-80c5-4893-b76c-652888d0d1c3,6ec5a3ab-cd73-49e9-9fcc-0ab569d838a4,35c4c8d5-8cc7-4839-9496-44f213e1012d,page_view,https://shop.example.com/prod////PROD-0280,fec8ab5a-008c-4913-a8a2-06809946a0ca,2025-11-22T23:54:45.933548+00:00,920fe448-95d0-4ccb-b77b-2c7cfa389054
3ac8938c-8a85-4952-9a52-18c39a785d32,57b4aa62-001e-4879-bd3e-af07f2d7f275,,add_to_cart,https://shop.example.com/product/PROD-0493,269b82ff-cec0-46e2-aa0a-b5a6719c4cee,2026-10-13T16:04:29.933582+00:00,920fe448-95d0-4ccb-b77b-2c7cfa389054
61a1e125-7122-4e6f-bed4-19e561a0ee33,377821a0-40a3-4e2b-bdd8-9c5772ce04f4,12a122aa-4fc1-40b0-b391-31b113e638ec,page_view,https://shop.example.com/product/PROD-0450,a782e88e-f3d6-4475-944c-f7d50bf7aa95,2025-10-07T15:15:20.933605+00:00,920fe448-95d0-4ccb-b77b-2c7cfa389054
64a9210b-39a5-4799-bff7-71a7a65199b1,a47097f7-cccb-4078-bf62-bac14b3aaf62,99f79c00-962a-4d88-9f6b-a8fc888f5ab4,page_view,https://shop.example.com/product/PROD-0442,40d15c2a-d404-4f68-ad2d-9a021dc063ca,2025-10-06T01:21:49.933635+00:00,920fe448-95d0-4ccb-b77b-2c7cfa389054
cbe3f0e1-177c-4141-9f10-249c45c2afb0,c3909044-bf16-4650-9913-164db938ee7b,de58043b-7fad-4084-8b73-a7326ea71153,page_view,https://shop.example.com/product/PROD-0145, 865eb685-00b3-4549-b9d6-1c49e6c0f656,2025-09-15T14:09:25.933688+00:00,920fe448-95d0-4ccb-b77b-2c7cfa389054
b2af238a-4669-4460-944c-abd627da94ed,0a12e7fd-b077-4252-a4fe-97e862bd35c5,2d0ece05-b435-4f39-98a2-c3624993c2be,page_view,https://shop.example.com/product/PROD-0422,7ce6401b-24c7-4bcb-bf6a-e1e99dcf5425,2025-10-06T02:49:13.933715+00:00,920fe448-95d0-4ccb-b77b-2c7cfa389054
e793faf0-42c6-47b6-b19a-58b2fdbdda16,3495cb65-21b9-4b81-b793-b614e2195dba,dee8feb0-c92e-40ac-a281-dec65014bdd1,page_view,HTTPS://SHOP.EXAMPLE.COM/PRODUCT/PROD-0145,efe64214-4aa4-4327-b3fd-ce084d140d64,2025-09-10T13:40:09.933738+00:00,920fe448-95d0-4ccb-b77b-2c7cfa389054
15761cc5-ce27-4f83-a0f6-8312a8f89c1f,6a19f880-c458-40b6-b470-4919f5304a62,3135f0ba-6e60-4a1e-b2b7-e6b7af7cbba7,add_to_cart,https://shop.example.com/product/PROD-0248,0b5e8e65-52ba-41b0-8e0c-eb55df2ffcf5,2025-09-11T03:41:20.933765+00:00,920fe448-95d0-4ccb-b77b-2c7cfa389054
cec0d747-a633-42f8-81b8-0926f1d7992c,98b35a1f-61ba-4820-9613-3262320a0b81,,page_view,https://shop.example.com/product/PROD-0061,85b562bd-85aa-4dcf-a77c-5dca0fd5fef8,2025-10-24T19:56:52.933795+00:00,920fe448-95d0-4ccb-b77b-2c7cfa389054
76c1c1d4-c75b-48c4-819d-b254ffe60599,e873afb2-bb1b-4a82-ac5a-6c4c299b234f,28d912f4-e618-4b06-8947-4a59d539c6f5,search,https://shop.example.com/cart,619b864c-8686-4e47-91ee-4c54f451bda9,2025-09-13T21:56:54.933846+00:00,920fe448-95d0-4ccb-b77b-2c7cfa389054
ee95c087-836d-49c7-81ea-019822cff4f2,8e679857-c41c-46a2-a586-21a4e87c477f,,page_view,https://shop.example.com/product/PROD-0184,4b544bb7-b70e-401e-942d-218d3fda7f5a,2025-11-04T00:26:26.933870+00:00,920fe448-95d0-4ccb-b77b-2c7cfa389054
41d70bbb-a235-474d-a34f-f6a4df33cd84,c64f8967-ed9d-4c0a-b65b-5979efaa603b,,page_view,https://shop.example.com/product/PROD-0381,292904c3-c21a-4d16-a9c9-197975fd19a4,2025-09-07T02:27:26.933892+00:00,920fe448-95d0-4ccb-b77b-2c7cfa389054
1dfba262-606b-4c5e-97fa-512fa168a9b9,2e751a81-4313-4cf9-97c2-49a3a1e512c7,0d5975f6-546d-4ce7-8c28-af07418034be,page_view,https://shop.example.com/product/PROD-0040,41cccc0b-0690-4d3b-a2a1-96872bb05022,2025-09-21T14:46:04.933919+00:00,920fe448-95d0-4ccb-b77b-2c7cfa389054
3d9fe67d-c598-4c0d-84f8-2933281ba056,7a34b35c-d2a4-4fa1-a14a-9fa545dfdea9,8f99a106-a382-411b-9d68-5c72dda2a251,add_to_cart,https://shop.example.com/prod////PROD-0131,e6f8ede3-ff48-4561-aeb3-e38dae157ce3,2025-09-07T06:22:58.933965+00:00,920fe448-95d0-4ccb-b77b-2c7cfa389054
c4b8f5ba-228c-42a5-8040-56e9b4c84e7b,0ac9d74b-b54a-4454-8cdf-0f055f34e18e,,page_view,https://shop.example.com/product/PROD-0226,48ec33be-71b7-4b13-b7d9-3dec5c90a1b7,2025-09-04T19:45:20.933990+00:00,920fe448-95d0-4ccb-b77b-2c7cfa389054
548a3b35-892a-4535-afd8-e6a29a806247,9a25a8da-8ffe-46d3-a0b6-bd23c404a544,4112595c-5116-4675-9d11-22a5818f4529,page_view,https://shop.example.com/product/PROD-0480,5603df4c-e048-4228-96ff-4932f33a26aa,2025-12-02T15:38:40.934014+00:00,920fe448-95d0-4ccb-b77b-2c7cfa389054
b3d342f0-683a-4af5-a07d-8a87de630c50,50127e7f-e432-4f25-b827-9b8466f2b509,f95959e6-3f80-4d35-8b30-8952967badd8,page_view,https://shop.example.com/product/PROD-0364,23548421-6d99-4dc5-84ef-f9a546034d06,,920fe448-95d0-4ccb-b77b-2c7cfa389054
08626f25-17e4-4682-a4e6-e373a4200ce0,abdb4653-b601-461d-b50b-0db68729481e,6085f4c0-1e51-4544-bc25-b7f18968ff5e,search,https://shop.example.com/cart,89504700-45c0-49ad-a0a0-4c0dde1864fa,2025-10-26T23:06:39.934075+00:00,920fe448-95d0-4ccb-b77b-2c7cfa389054
c831b28f-2496-413d-9fd6-d6bc4dfe217f,79452ecd-e1a4-442f-ade9-c6dde1696eed,,login,https://shop.example.com/category/electronics,e8fe25fd-5002-48a5-9100-880c980eb7e7,2025-11-07T01:15:32.934103+00:00,920fe448-95d0-4ccb-b77b-2c7cfa389054
bf79d747-f166-45fe-8d65-3254c0296d25,dad6f63e-fe66-41cd-9f45-4e55f9b3c2d6,7d9bfd1c-0994-4c1e-8fb6-570390f31f68,search,https://shop.example.com/,b95eb8aa-c3b9-4163-a598-5d8d4c4cc916,2024/31/01 25:61:00,920fe448-95d0-4ccb-b77b-2c7cfa389054
d8c3a4c8-4b9a-425a-93b0-05c138977e39,2ff13283-c9f7-4c60-96b9-c1e904e8689c,,page_view,https://shop.example.com/product/PROD-0466,8b0bb262-7acd-49cd-80f6-7b1bbe498ac8,2025-10-10T14:38:54.934197+00:00,920fe448-95d0-4ccb-b77b-2c7cfa389054
32d8edc4-2e6d-48be-b6e3-ca05743b36bc,0070ef98-c26d-43f1-9027-2224fe8a4b0b,9f699c2d-079b-4ce8-97b7-500425d45389,page_view,HTTPS://SHOP.EXAMPLE.COM/PRODUCT/PROD-0249,dcdf9bb2-9cf8-4854-999c-632787cc282a,2025-09-15T10:49:45.934220+00:00,920fe448-95d0-4ccb-b77b-2c7cfa389054
ca2af7ba-a639-40dc-af83-82e4f6efd281,9ec0ea59-7d03-4397-ae56-27fdf27d8bea,984745dc-145b-4a7e-a03e-34885ba3eea8,page_view,https://shop.example.com/product/PROD-0370,fbb76521-634d-4aaf-a8df-e46e5c346dab,2025-09-16T13:05:50.934244+00:00,920fe448-95d0-4ccb-b77b-2c7cfa389054
ef9a6314-da7c-4088-a8dd-a3bccc5f9d89,5620adac-adbf-4454-9049-2aa73c170956,43a6a9c7-c22c-48c8-a1df-2cfb2bb14c97,page_view,https://shop.example.com/product/PROD-0379,36e9ff51-1878-45b7-9e54-d40b738c957a,2025-10-18T17:01:39.934266+00:00,920fe448-95d0-4ccb-b77b-2c7cfa389054
172037ad-33bb-4c6e-b1e2-716ffd0d3ee7,28d86386-27a2-4346-96c2-2f8fbf42b369,,page_view,https://shop.example.com/product/PROD-0269,e3cdb008-2c1a-436d-8923-34e472acbe53,2025-09-22T00:38:36.934288+00:00,920fe448-95d0-4ccb-b77b-2c7cfa389054
c7444c14-e1ef-4e64-9290-e51f50724b54,4ab05520-66ba-4276-b583-29c1607fe9ad,,login,https://shop.example.com/cart,65be0dfe-b5fc-42f0-b0bf-39305cfef239,2025-11-20T14:19:31.934320+00:00,920fe448-95d0-4ccb-b77b-2c7cfa389054
20c75a91-63e1-43ee-bb65-071e6d3cea12,c0cca8e5-a40f-4a0d-9cbd-31b93ce97b09,,page_view,https://shop.example.com/product/PROD-0378,6e74b2e5-9373-410f-ada4-eb55a30e0d7f,2025-09-26T08:51:04.934362+00:00,920fe448-95d0-4ccb-b77b-2c7cfa389054
81b2b29a-1bad-4bf4-b9c0-87567779ae52,281e5588-777a-472a-b26d-12acbef00b95,,search,https://shop.example.com/cart,49a45366-a382-4c5d-b1eb-ebb311c1afef,2025-09-22T01:50:09.934386+00:00,920fe448-95d0-4ccb-b77b-2c7cfa389054
5480955b-c7a9-430f-a669-9a3a853f11c6,5b68b5f2-b950-47ab-b8d3-34995b79d9a2,,page_view,https://shop.example.com/product/PROD-0083,d588a410-d4f6-4fcc-a8bf-980c96a8dd19,2025-09-15T21:30:31.934417+00:00,920fe448-95d0-4ccb-b77b-2c7cfa389054
5312b6ac-7c42-4e40-9df0-fe26de68ba6f,b5207c03-8a84-4b23-a09a-cba0889521fb,03a151f9-7dab-4c27-b659-2a82a0b847d9,page_view,https://shop.example.com/product/PROD-0319,0FA76730-DB7B-4EB3-B517-6DB07B45C6C2,2025-10-02T12:07:36.934587+00:00,920fe448-95d0-4ccb-b77b-2c7cfa389054
3ccd318c-8f80-4e5c-8b6c-6339eaa96f17,c0f8869d-c946-451c-be44-6d6a6614950f,45a9539f-dcb2-485d-bcd8-0f86a54cc5fe,search,https://shop.example.com/category/electronics,5a074e6b-2335-40c7-a054-265f89f26b34,2025-10-24T20:28:36.934648+00:00,920fe448-95d0-4ccb-b77b-2c7cfa389054
e3a4fe94-2f4f-470d-9fe3-f2380daa2154,39430253-972b-4ee0-87a7-2867f54ff089,16d1294d-37e7-4acf-9065-36d1f52b425f,page_view,https://shop.example.com/product/PROD-0215,d13bc10a-03fe-4c9c-9fea-7c1a4ca2cdd5,2025-09-19T15:57:28.934685+00:00,920fe448-95d0-4ccb-b77b-2c7cfa389054
9c181a8d-4f8a-427e-9bfc-22dfcd6a4260,518a6756-ce35-4c84-a159-a9ad641c8940,b8c8bcda-9201-40c7-bf04-56d7ca27cb61,search,https://shop.example.com/,6a0f7af3-a8a4-4150-a998-2f2c114b0381,2025-11-30T16:13:08.934721+00:00,920fe448-95d0-4ccb-b77b-2c7cfa389054
94965447-eb5a-4f1a-b597-0790b257c46f,ab138cee-b138-416d-81bb-49b6866757da,,page_view,https://shop.example.com/product/PROD-0345,3d6ac9ce-4d37-4b70-b0f7-545926610813,2025-10-09T11:28:07.934763+00:00,920fe448-95d0-4ccb-b77b-2c7cfa389054
767e59bb-e30d-47ba-9f07-610c87622e75,dd8830d5-94ee-483b-947d-3a2c5bed307f,356e4f0b-ed7b-4f23-a3df-babe3d30b729,search,https://shop.example.com/cart,e1629f5d-9452-4942-bc07-a30bb37c42c6,2025-11-02T01:17:13.934788+00:00,920fe448-95d0-4ccb-b77b-2c7cfa389054
2054da3e-4521-4e6b-b9d3-6b3a0f29e760,a05df587-5fc3-498f-90a1-28f8dc5c8d3c,,page_view,https://shop.example.com/product/PROD-0180,e466b131-3f01-4373-975a-efd3a02af3fa,2025-11-20T14:03:07.934823+00:00,920fe448-95d0-4ccb-b77b-2c7cfa389054
5e097233-4f32-483d-80c4-29207118bfa8,15e3a056-ed34-495c-b379-41671664f500,ac216386-2d8b-4e88-8a65-d023d991db28,add_to_cart,https://shop.example.com/product/PROD-0111,a44707f6-d50d-43a0-a3bc-1178886f9997,2025-09-22 01:07:06.934847+00:00,920fe448-95d0-4ccb-b77b-2c7cfa389054
f4416d7b-aaed-4877-975e-e4b8a68cd081,59157522-f5d7-4d83-a0cb-17f27af82db3,,page_view,https://shop.example.com/product/PROD-0347,bf2e7332-50fd-4b35-9f63-b83ff3de1caf,2025-10-26T08:06:52.934908+00:00,920fe448-95d0-4ccb-b77b-2c7cfa389054
c8c60527-8d12-4299-8907-5beed95776e3,3b1b4f35-4206-444e-ae77-47e8d4399e1b,0f840306-9c4e-4bdb-9aa1-06233e23c0ff,login,https://shop.example.com/,aa2cbc89-7199-4f98-b29e-14dc4c9e8731,2025-09-28T00:40:52.934933+00:00,920fe448-95d0-4ccb-b77b-2c7cfa389054
3062986c-e779-402b-a865-36876e727b98,efd77fbd-3d41-4626-8db1-691b1adfce85,cf7496cd-259d-4402-a7d4-1fe08975c606,page_view,https://shop.example.com/product/PROD-0431,49d406a9-b3f9-490c-90b4-1443b3e5ae40,2025-12-02T08:44:37.934965+00:00,920fe448-95d0-4ccb-b77b-2c7cfa389054
064f9388-6694-4bb9-9f0b-cb77386278f1,26b429eb-f7a8-42b1-aaea-b8d2f2a77e0e,8a0975a8-83e6-48ea-9d8b-02391b111bbe,search,https://shop.example.com/category/electronics,a07a4ea4-23a7-456c-9744-41cc70f4c777,2025-10-13T15:00:44.935008+00:00,920fe448-95d0-4ccb-b77b-2c7cfa389054
95b46d06-85c8-4217-b3db-d89b3a093f15,daf4c690-23f8-48af-b9f8-39b43e5603da,6f602a75-80f3-434e-a327-ecab59c03de0,page_view,https://shop.example.com/product/PROD-0362,e8dcb740-2817-474d-982d-2466b956b8b9,2025-11-30 05:10:53.935062+00:00,920fe448-95d0-4ccb-b77b-2c7cfa389054
6b8cf829-04fb-4d15-aa0d-a6269d316812,2938f871-3dde-44b2-821b-5ee185592513,,page_view,https://shop.example.com/product/PROD-0266,308cfd1a-4230-4cfc-ae58-99c0a22249b5,,920fe448-95d0-4ccb-b77b-2c7cfa389054
9872e54f-d64b-4c14-8534-23a37e30255d,4a70e8e8-e7ce-4c5a-9aff-940070acd478,f6f0b1f5-f6e4-47ad-83aa-9a0e30b82f53,page_view,https://shop.example.com/product/PROD-0308, 171e04d3-57ca-43a7-819b-c3a9d4d6641a,2025-11-08T18:43:26.935139+00:00,920fe448-95d0-4ccb-b77b-2c7cfa389054
05d31f14-c386-46d5-a9c4-d059054c7955,3838d56b-504b-412b-bce8-8ecb0e8e04bf,,page_view,https://shop.example.com/product/PROD-0352,bf721588-62f0-4467-9a9c-bd66afb76d72,2025-11-07T09:02:34.935168+00:00,920fe448-95d0-4ccb-b77b-2c7cfa389054
3af71413-2470-4a1c-9962-23954947d8e9,0b63cbdb-4eca-4e45-9fd3-c710fc1a886c,8ffea0c5-a642-4fa0-9392-4605c766ff2a,search,https://shop.example.com/category/electronics,fd86c13f-b2aa-411d-9dc6-d402df3b5bbc,2025-11-22T20:20:25.935208+00:00,920fe448-95d0-4ccb-b77b-2c7cfa389054
230c9264-73b2-4c62-b8d3-c5f5a91dc898,79cd7e8c-a650-4a70-82f9-eab7e1eed567,318dac47-df32-44b9-a2ca-1a341b16cfbf,login,https://shop.example.com/cart///,e96c961d-036c-47b6-a7f8-3cbf15b10c5a,,920fe448-95d0-4ccb-b77b-2c7cfa389054
03f25969-1e2d-43d5-948b-3e0503c805a4,8d04c4a2-3155-4950-9953-b5d3aceb7d53,1bf74a63-b371-4201-a29a-9ca067718fe3,page_view,https://shop.example.com/product/PROD-0233,914db4ca-edef-40cd-9322-accd9767392f,2025-09-30T16:56:42.935299+00:00,920fe448-95d0-4ccb-b77b-2c7cfa389054
56fb6927-127b-4ea7-8961-52cc037271e6,d3219d78-90c1-4966-9340-7919c702471a,,search,https://shop.example.com/category/electronics,42b2f650-2979-4981-ad2c-5ab958b1704f,2025-11-11T05:58:40.935323+00:00,920fe448-95d0-4ccb-b77b-2c7cfa389054
75f81962-d1e9-44a0-ae20-77843edc2630,dec2e43a-f868-4c65-bab6-7249e5e6e2d6,8afca992-476e-4bd1-bdb4-fbf5fb1d853c,page_view,https://shop.example.com/product/PROD-0338,fffff671-dc27-4874-b2df-dc67cabea8ef,2025-11-08T12:43:00.935346+00:00,920fe448-95d0-4ccb-b77b-2c7cfa389054
cb7cab5b-f5c1-4bed-ad32-2c0ec431cea6,710766f6-22ed-4015-bf90-796cda9ba44e,,login,https://shop.example.com/cart,d2a749b0-aa71-4367-b325-9319feb00f28,2025-11-22T01:19:06.935368+00:00,920fe448-95d0-4ccb-b77b-2c7cfa389054
44c75ea9-54b8-470c-a66f-52c1abc085b8,9fb58919-55ec-4139-b712-87cc36b00d7d,d14d2366-4555-41f4-8540-123d3f377996,search,https://shop.example.com/cart,2a3edc7b-52ae-400b-b09d-0130d1b003ec,2027-02-07T16:04:29.935401+00:00,920fe448-95d0-4ccb-b77b-2c7cfa389054
565a5ea4-7f49-4e7f-98a8-fe5acbf9795a,e8fd372f-e95e-414f-ac5a-7910fbec1eda,,page_view,https://shop.example.com/product/PROD-0239,be773e4b-e537-4d95-9386-5a72f3d5d25c,2025-09-30T19:44:51.935450+00:00,920fe448-95d0-4ccb-b77b-2c7cfa389054
14897f5f-fc37-479b-8b03-a199cbda508e,af200f42-17eb-43ff-b89f-fea444f5ceca,c94e32e6-f97a-488d-b6ec-0702df035032,login,https://shop.example.com/,2d87026f-99e4-4552-aa9b-363c50e35042,2025-09-04T13:56:13.935496+00:00,920fe448-95d0-4ccb-b77b-2c7cfa389054
525f2d61-fad8-4c77-b491-57cf2c2b5ddb,76f80c96-a4f3-4b18-822b-ce6c297c303f,,search,https://shop.example.com/cart,ce9220b5-cdde-411c-999a-ab7750154dfe,2025-09-03T22:46:31.935519+00:00,920fe448-95d0-4ccb-b77b-2c7cfa389054
955b133a-bb1e-46d6-974e-6f0b42e9ab0d,349a414d-959b-4312-ae1d-c5def30598b1,4a55ec0f-008c-4605-ac89-ffb2dc138c98,add_to_cart,https://shop.example.com/product/PROD-0246,9a541db2-96d9-447a-804e-ac80b3b4d8c9,2025-11-26T15:41:34.935541+00:00,920fe448-95d0-4ccb-b77b-2c7cfa389054
5aaa546e-8f3e-4796-b838-07c45e626f8d,cbef8298-82fe-47ef-af56-f74dc1b58872,3e3d3e76-11f1-4094-a1fb-9833add6c435,search,,9079fde5-e382-471d-9402-200c13b808e2,2025-10-28T17:59:45.935564+00:00,920fe448-95d0-4ccb-b77b-2c7cfa389054
6e4dd365-e283-4edd-ad5f-2c7df54a12d4,295c5f74-0846-4061-b993-9cd5c7a16fda,c6b75221-07a0-4c17-a35b-b11cb97ac2b4,page_view,,47880287-84af-4a97-b692-63d7408b73a3,2024/31/01 25:61:00,920fe448-95d0-4ccb-b77b-2c7cfa389054
8a1a4b52-8e03-4493-a0b1-8d63a1a06c47,7c8b812d-90e6-4453-9bd3-065fd8b165d7,71e24ab0-c5e4-4368-ba27-463218da71a7,search,https://shop.example.com/search?q=shoes///,ed732261-9708-4a0f-92d7-8a88a1378b22,2025-09-29T17:20:34.935646+00:00,920fe448-95d0-4ccb-b77b-2c7cfa389054
28fb262c-b98b-4224-bfac-9b07ab77e3e2,7df7c280-f5f6-4020-b1a7-84f8ba2cda19,dd9b980f-e0aa-4392-afc2-09e037db9232,page_view,https://shop.example.com/product/PROD-0172,db43477f342d44029c3097b5481c88e9,2025-11-01T06:13:44.935674+00:00,920fe448-95d0-4ccb-b77b-2c7cfa389054
07bbdef5-c184-464a-969a-1957409ca101,a8ea0a51-56cf-49d6-8f48-fa8d44d31ec1,06517f00-b35d-46cd-9816-4d35b9bc6552,page_view,https://shop.example.com/product/PROD-0276,cecbb5b3-d846-402e-9b51-b9eb2270bf6a,2025-11-09T00:59:07.935702+00:00,920fe448-95d0-4ccb-b77b-2c7cfa389054
f787d08a-d5b6-41a1-8abc-731764003399,e42a4cdb-e4d8-47f3-9a04-d699b61650ea,1bdd78ee-819e-4b90-855a-eb6387f488e4,page_view,https://shop.example.com/product/PROD-0468,9ef10274-e266-4516-991e-e2e71fd0b402,2024/31/01 25:61:00,920fe448-95d0-4ccb-b77b-2c7cfa389054
5a31ece2-3dbb-4ccc-9104-8abc2043b191,d5b4bfa5-d9d9-4953-83c8-c81696694fa2,,page_view,https://shop.example.com/product/PROD-0359,7b2448eb-49c1-477b-8e7a-d1da7f911723,2025-11-28 05:19:08.935753+00:00,920fe448-95d0-4ccb-b77b-2c7cfa389054
7decccb3-60fa-4e4e-b038-7409f66b4bfd,f812c7d6-0831-4c4d-a586-3872fd724cee,40afd95d-e9bf-44dc-98b4-5eb3ea762e0a,add_to_cart,https://shop.example.com/product/PROD-0213,eb1d7096-a097-48d4-b1d1-2bce345c2fcf,2025-09-06 23:34:30.935781+00:00,920fe448-95d0-4ccb-b77b-2c7cfa389054
80111803-488f-49c6-8c02-889cb1bc0aab,745193ff-1287-4507-83d6-ef21e4a763ff,98e53852-09d0-4b17-af7b-b97e503f9e7a,page_view,http://///shop.example.com/product/PROD-0008,a76b3ff1-f0df-4c06-8604-64219ff57544,2025-09-25T16:53:30.935854+00:00,920fe448-95d0-4ccb-b77b-2c7cfa389054
09e35b4c-ffee-4d5d-b058-74dfd8f0bc63,9b0a0b65-369a-40ac-9731-dd25c176f119,306c3fa2-bf1f-4031-aafa-8c9a350a77f9,page_view,https://shop.example.com/product/PROD-0063,c2a28314-f727-489d-9677-a0a7cd43daca,2025-09-21T07:25:32.935880+00:00,920fe448-95d0-4ccb-b77b-2c7cfa389054
d68bd33a-7965-484d-abf3-7e47e451fee6,851f4661-469f-44d1-97d2-a826bf80fbf0,bd9a3771-b355-4817-96e9-1e506a17f38d,page_view,shop.example.com/product/PROD-0071,350ce758-ecfc-4514-9835-340ecf89cad6,2025-09-11T18:57:32.935903+00:00,920fe448-95d0-4ccb-b77b-2c7cfa389054
0363a8d3-17e9-4388-bfad-cf033c0625b6,23933cda-733b-4d90-a1c9-0aa366fb6c03,71a68263-90b4-4c89-ada9-3dc89277436c,page_view,,64fd908c-f1ba-4ccf-beec-bf6fc0e9b9de,2025-10-29T19:39:17.935928+00:00,920fe448-95d0-4ccb-b77b-2c7cfa389054
081dcec3-4d0e-484b-84fb-1da616800816,8965f763-d08e-4f07-9569-c40c0472b937,9b221375-0462-4227-baa0-88c5d98b453b,add_to_cart,https://shop.example.com/product/PROD-0032,d68652ed-fffd-4725-87a7-f23532fe982c,2025-10-09T07:37:08.935964+00:00,920fe448-95d0-4ccb-b77b-2c7cfa389054
8d2d2125-2217-4f00-9d95-0af738bc2fd4,8397d7d6-bd5b-4620-b08f-aef40aa78dc1,a770defe-ea54-456d-b365-6fa4dc56d156,search,https://shop.example.com/cart,d8ca824f-78f4-458e-92d7-a62e97d300bf,2025-11-13T04:17:02.936014+00:00,920fe448-95d0-4ccb-b77b-2c7cfa389054
6ba48787-42ce-4f8f-beb5-ecf15807f81a,2416292a-d40b-4b1d-8f1d-e132453d757e,de55cef1-5876-410a-acd4-cf51b9b210ad,page_view,https://shop.example.com/prod////PROD-0476,25feb84e-327c-426a-9b86-0b6385d4a7ec,2025-11-12T03:19:26.936036+00:00,920fe448-95d0-4ccb-b77b-2c7cfa389054
d1312c38-8870-48cd-81c1-a0de4847b39d,5dbf4658-0ebf-45aa-b3f0-3c7ac8aff3cd,d20902a5-08ca-4f2d-a02d-e4620fa0a565,search,https://shop.example.com/,77cdd1b8-9077-4ab8-9a8d-241736c3e856,2027-11-16T16:04:29.936074+00:00,920fe448-95d0-4ccb-b77b-2c7cfa389054
a0384ace-06f6-44b5-9fc7-8678d1675f74,ef17b1f5-33c1-45cf-bbdd-68754ea48151,,search,https://shop.example.com/,0234c8c0-74d0-4b8c-bb00-c055bcbc04d3,2025-09-03T22:07:28,920fe448-95d0-4ccb-b77b-2c7cfa389054
fce7c978-80b8-4848-844d-4fbf90fce425,6c246f88-6f67-4ca6-bcd5-c3692e20bd70,d0a43e44-878e-4209-a299-39447865967e,search,https://shop.example.com/category/electronics,67b432ce-d2dc-4805-9d6a-eb6ee8dc773e,2025-10-19T20:02:06.936178+00:00,920fe448-95d0-4ccb-b77b-2c7cfa389054
df4795e7-7c6e-4f3a-8291-950bdc43e3e7,b415385c-f807-43ce-ad05-280f2d616f91,e377f79f-de26-49c7-9258-355806f427cb,login,https://shop.example.com/,efafe9f7-a79a-42ce-8ec7-b2ff7c25577c,2025-09-06T13:37:24,920fe448-95d0-4ccb-b77b-2c7cfa389054
5b86f30b-c02c-4165-8cc4-07108d226292,622ff6d8-5ef3-4e30-87ad-09c32cc6a87d,c0a8ead8-708f-46ba-b614-66f29a63fe5b,page_view,https://shop.example.com/product/PROD-0451,8372a9ad-e901-406a-8909-8a9acca27885,2025-12-01T17:30:35.936263+00:00,920fe448-95d0-4ccb-b77b-2c7cfa389054
a85785f5-5589-46b0-a35d-9d2832dae9bb,5c6496af-9a5d-4317-a682-a505e6200ec5,,add_to_cart,https://shop.example.com/product/PROD-0116,65161b7b-c68c-49ee-948a-26b86163ff1b,2025-09-29T18:17:41.936316+00:00,920fe448-95d0-4ccb-b77b-2c7cfa389054
3fa69643-b2e5-40d2-b0d6-f6ae1ad4dec0,2bc9f0a0-8f74-4eb4-894d-45e39e327eb2,17df893a-b2eb-401f-908f-5322583b07e3,login,https://shop.example.com/cart,14937c8c-7650-4e8a-993e-cb18e9dfaec7,2025-11-08T23:40:01.936338+00:00,920fe448-95d0-4ccb-b77b-2c7cfa389054
f5c70139-02f5-4455-a310-811f662bde9a,dcd55777-2712-4a61-af01-3f16d76f90b7,63e15fd3-3a79-42df-b47f-9420c6f9e676,page_view,https://shop.example.com/product/PROD-0417,90b57fa1-423c-4cd0-b4bc-85cd9235264b,,920fe448-95d0-4ccb-b77b-2c7cfa389054
d2b87abc-8c0a-4e9b-b650-9a4a4e5cfbac,59d108f1-2a12-40e4-86bf-445602b5c4de,d8b32385-6595-4dc5-8ce6-5315e946998d,search,https://shop.example.com/cart,0a2b8eb8-dc7a-475d-9ad3-dd84c3f5521d,,920fe448-95d0-4ccb-b77b-2c7cfa389054
8e2ca55e-b805-4403-96a9-bf54b848e2cb,bd3075b2-210e-4ba4-a6d3-833551b49706,58ac1f09-1eb1-4e8c-a0b6-9be9f98cd3c0,search,https://shop.example.com/cart,264E36DD-D516-4F59-BFFA-EA75084D639A,2025-09-03 00:40:23.936542+00:00,920fe448-95d0-4ccb-b77b-2c7cfa389054
8be2fd73-c9b1-44d1-8327-58196a588617,6633ad01-959d-4405-8b8e-ba8c3e9cad2a,d04baf79-d774-48bb-8685-0001239a572a,page_view,https://shop.example.com/product/PROD-0024,9608be17-d11a-4135-a16c-ecdf0b0de811,2025-10-08T13:03:57.936612+00:00,920fe448-95d0-4ccb-b77b-2c7cfa389054
9b55fe17-0c9b-4b36-b2de-becdedcf0d24,b5788ed7-33cc-40b2-a6a2-46143d231751,e45f4243-5307-4632-8702-ca89b2b803a9,add_to_cart,https://shop.example.com/product/PROD-0438,063fbcd4-e640-4242-8d40-6e56dbdbd605,2026-02-25T16:04:29.936644+00:00,920fe448-95d0-4ccb-b77b-2c7cfa389054
587fe973-6fbb-42a5-9f98-ee13af17dc65,30e62cb0-f7b7-4383-b082-1602ac3d7034,a6ff95f8-0e13-4ada-8e18-3b1469b2498d,page_view,https://shop.example.com/product/PROD-0256,f2237a9c-89e4-4ef5-8865-b9e06fb7596c ,2024/31/01 25:61:00,920fe448-95d0-4ccb-b77b-2c7cfa389054
f26395db-482a-493c-ad64-a3dc9480c023,0fc80cc9-5ed6-4522-890a-13311431aff2,,page_view,https://shop.example.com/product/PROD-0206,d23a51b5-cdb3-40df-b419-6e9fc0c393dc,2025-11-21T17:59:15.936732+00:00,920fe448-95d0-4ccb-b77b-2c7cfa389054
d94b29e2-d5e5-4e06-9bfe-d520bf93d562,fea562a4-24cd-47e6-8085-1ee8ceecdd81,4e28e07f-9760-42e8-9a0d-62c9769241f8,page_view,https://shop.example.com/product/PROD-0471,b14be70f-e8d7-4adf-b9b6-25f8723f584a,2025-09-30T06:02:07.936756+00:00,920fe448-95d0-4ccb-b77b-2c7cfa389054
54f29d69-87be-45bd-ab2f-6f3379d8d500,10728fe8-46e0-484f-abb8-788bbe26e63c,16dd197d-1f46-41c6-a45d-050e151c0162,add_to_cart,https://shop.example.com/product/PROD-0404,8bdf3234-9e34-466b-9390-35633d3d70c5,2025-11-16 07:51:59.936778+00:00,920fe448-95d0-4ccb-b77b-2c7cfa389054
403faebc-4154-4ffc-9d00-540ef4d79611,332435c4-f80f-44a2-8178-6a771a68fb94,3fe8fd93-317e-4b6d-9883-7945b847074b,page_view,https://shop.example.com/product/PROD-0176,827885f9-b7fb-4535-b82a-97086470a854,2025-10-22T14:59:52.936806+00:00,920fe448-95d0-4ccb-b77b-2c7cfa389054
2c94cd82-e794-4bf8-b877-46e57ed17203,57bb502f-7190-4e45-bb8a-3598cca38f64,936d63e5-5fc4-418d-bbc6-5a7acf235da9,page_view,https://shop.example.com/product/PROD-0355,c02ab4d9-0942-428e-8cd9-17a683a5a343,2025-09-13T23:32:37.936828+00:00,920fe448-95d0-4ccb-b77b-2c7cfa389054
6382af8a-c5d1-46d6-a306-130a6d2b3a49,07676fee-2b6b-4f2b-b66e-f1261fc284e3,f1dd1db7-dd03-41a4-8815-cf3f4a8ac4e0,add_to_cart,https://shop.example.com/product/PROD-0216,invalid-device-6314,2026-01-23T16:04:29.936867+00:00,920fe448-95d0-4ccb-b77b-2c7cfa389054
d5d17d88-1eca-4777-b123-a9058a252fd9,d7ae7430-a9f7-4d88-95f3-70921076299e,ab16dc5c-1e70-424b-87e4-71d1162eccf8,search,https://shop.example.com/category/electronics,ba8d1d66-cec8-4767-8962-2cdbc23bb016,2025-09-17T02:42:57.936904+00:00,920fe448-95d0-4ccb-b77b-2c7cfa389054
19cc3fd9-2572-4db7-b637-64494dbc2b35,0b589d0b-14f1-4cff-9282-8ba1d10c2e90,,page_view,https://shop.example.com/product/PROD-0366,aec9ac13-fa01-41df-aea9-e038592ce0d8,2025-09-03T20:03:58.936927+00:00,920fe448-95d0-4ccb-b77b-2c7cfa389054
081a6a02-c566-4ca5-952c-5e80193f9bd6,921eef97-331f-45fa-ae7e-2e9524734189,3efe689f-cf6c-4236-87aa-8b14105642b8,page_view,https://shop.example.com/product/PROD-0339,b863795f-0e56-496d-8dd2-fc93918388e8,2025-12-02T02:20:18.936950+00:00,920fe448-95d0-4ccb-b77b-2c7cfa389054
b21c9807-daee-4e09-a0fd-2d5f95a18c6d,a69e2dac-b4d3-4699-819c-e0f558ee3ac2,283f7407-4e5f-4a92-84d8-368e59c3c0d3,add_to_cart,shop.example.com/product/PROD-0410,5dfc06e2-0f41-4f8c-901f-68c439115427,2025-10-01T18:23:31.936995+00:00,920fe448-95d0-4ccb-b77b-2c7cfa389054
81603489-f3c9-4f48-a33c-ab15f9941c01,334b5638-9bcd-44d9-99f3-c4c64a55cb9e,b6417f70-5eee-4e2a-8250-4412bdd732c7,page_view,https://shop.example.com/product/PROD-0124,d7ecdd5f-b833-4ac9-9f61-0abe58c2218f,2025-09-16T07:58:34.937038+00:00,920fe448-95d0-4ccb-b77b-2c7cfa389054
ae684ed8-478e-48b5-ad4c-b1822bd59f89,30c55925-5328-47b5-b895-849461d93657,5bf7fdcf-49bd-4843-a256-4fac7a78574f,page_view,https://shop.example.com/prod////PROD-0152,2f9571f5-0ae1-4322-9240-b9ba0421f661,2025-11-21T04:18:08.937078+00:00,920fe448-95d0-4ccb-b77b-2c7cfa389054
88e26924-6b35-4493-8c22-648045647fa7,e4172523-9e12-4e21-97d4-0a41eb19e344,7acf98b7-ee4b-4a7e-bf55-3569fc70e6d8,login,https://shop.example.com/category/electronics,0c67055b-d436-44b3-867a-311a3db731f3,2025-11-03T19:10:50.937103+00:00,920fe448-95d0-4ccb-b77b-2c7cfa389054
1123b56e-02de-4cee-b0e7-677754328f03,0c9f29b5-1ce6-4ad4-b799-52083fab0097,df157d22-da4c-4804-a587-4d059bd94f56,page_view,https://shop.example.com/product/PROD-0398,b6df7918-ede5-4cc6-8df8-3bd572d86970,2025-10-16T23:49:05.937130+00:00,920fe448-95d0-4ccb-b77b-2c7cfa389054
84a5d825-9dc1-4aad-9df6-83b3ccb478e4,9729d248-8511-4429-8a08-0c1dd9840f43,36192950-c619-4c8f-9b63-f6fe892275b4,add_to_cart,https://shop.example.com/product/PROD-0397,e5d160f0-6e69-4060-83c1-5bb63385183a,2025-09-23T12:34:22.937177+00:00,920fe448-95d0-4ccb-b77b-2c7cfa389054
1d59fa7e-6826-4849-bca5-a6a6735dda94,fa643c72-e7da-4c00-8eaf-c57e4ee0f850,01fe4036-8c4e-4df2-af9c-d729bbd87da6,page_view,https://shop.example.com/product/PROD-0241,3afb0934-1f6d-4091-9a46-bdf5386c6b65,2025-09-24T12:04:37.937231+00:00,920fe448-95d0-4ccb-b77b-2c7cfa389054
3b773576-5366-4b62-a179-a51577f43cfe,246bfa44-cf5c-46c6-a38c-862aeffde324,634cf99f-148c-4bf9-954e-81fe2e605a59,add_to_cart,https://shop.example.com/product/PROD-0209,97020b77-17bd-4c75-84e6-3cb22352544c,2025-09-11T21:47:37.937256+00:00,920fe448-95d0-4ccb-b77b-2c7cfa389054
ccac89ad-9e62-47cd-86ff-2de7a400e8b9,ac383e64-b605-46c8-84ac-3af5de939e78,2e6f774b-9a67-47c8-aebc-00a614d11668,page_view,https://shop.example.com/product/PROD-0082,8937c35d-e778-45b9-b95e-abfbf116a9eb,,920fe448-95d0-4ccb-b77b-2c7cfa389054
613e1b57-9920-4780-be37-ee75d809215e,de650516-1a2a-4acd-b355-66c61f86d811,0164fc24-e45e-4235-9115-3d1de4803327,page_view,https://shop.example.com/product/PROD-0001,448484e2-acda-4bd6-9cc1-e9186f200188,2025-11-09T04:05:18.937316+00:00,920fe448-95d0-4ccb-b77b-2c7cfa389054
95078a3b-fd19-44c5-9452-5f0a6b31d7e3,4307949e-57de-4770-a0d5-7a22f98956c3,,search,https://shop.example.com/category/electronics,af1dc4af-efb7-491f-9c53-3443df68aebd,2025-09-22T03:15:00.937339+00:00,920fe448-95d0-4ccb-b77b-2c7cfa389054
f9effdd7-688e-4538-ae9b-df46a8d8fe68,9b613c01-5b6f-4ba2-a4a9-7a2b6f1c0021,,page_view,shop.example.com/product/PROD-0413,f74e5606-191c-4749-8608-0088db471572,2025-10-21T11:11:42.937360+00:00,920fe448-95d0-4ccb-b77b-2c7cfa389054
56270f17-a0ac-4406-9c60-6e123f718a3b,01a343ad-c54d-4e6c-a85c-181408ebbd7e,,page_view,https://shop.example.com/product/PROD-0111,3e376d27-5dba-4f73-a555-1712164943b3,2025-10-02T17:30:00.937390+00:00,920fe448-95d0-4ccb-b77b-2c7cfa389054
87241338-fa09-4706-b9eb-5c311d568a50,a9399f4d-49d1-41f9-9b54-c1230d1608c1,094901d9-e657-441a-aa21-5110f57c2f21,page_view,https://shop.example.com/product/PROD-0438,48c2537d-03a4-429b-8151-bf1517b2b017,2026-03-01T16:04:29.937420+00:00,920fe448-95d0-4ccb-b77b-2c7cfa389054
d1f4b362-198f-42ad-a4d9-800ba3a8eb0f,25fdcbbb-8fef-4984-864a-bfb23a5a7689,dee39811-734b-47be-a67e-744a2e2ee42c,search,https://shop.example.com/,7490e387-aa66-4a7f-aa85-2707808c7850,2025-09-27T14:14:00.937467+00:00,920fe448-95d0-4ccb-b77b-2c7cfa389054
7e0999a8-e104-4b4a-8b88-70e47e173255,e6770285-d1df-4fd5-8ab5-6b2f87a866b4,166a04b7-14ba-47bf-be21-2c42462324d7,add_to_cart,https://shop.example.com/product/PROD-0211,2f8d0c3f-a1fd-4712-877b-6ca997670786,2024/31/01 25:61:00,920fe448-95d0-4ccb-b77b-2c7cfa389054
789fbec9-9809-45a0-809e-93cb31d160d2,38fe6544-dbbc-430a-8c29-e37c97734e98,e35d5a30-8d98-43e1-ab77-95516e178e8d,page_view,https://shop.example.com/product/PROD-0340,a5d1d904-70e8-4b39-863e-8fad00b63fd6,2025-09-14T04:57:20.937521+00:00,920fe448-95d0-4ccb-b77b-2c7cfa389054
b48ba6a6-9edc-4b85-b6e1-fe2b0d2c9bc8,cbd3486a-1f2f-4ea2-a10d-05cc20a843fb,ee2406bd-ce60-484d-ba83-177e67255133,add_to_cart,https://shop.example.com/product/PROD-0224,a32ad19c-acf9-4934-be20-d984ace49a15,2027-12-10T16:04:29.937549+00:00,920fe448-95d0-4ccb-b77b-2c7cfa389054
ee7a6ad1-5f19-4a16-bb16-0136b8f73080,9766a370-b0e7-4723-b436-063995b0a86c,98ad8bcd-4709-43ff-adcf-27f5235041c3,page_view,https://shop.example.com/product/PROD-0410,a11a2baf-ffc9-4fc0-9102-006f4076b713,2025-11-18T18:09:21.937571+00:00,920fe448-95d0-4ccb-b77b-2c7cfa389054
f9cc783d-af94-4949-a363-af0c58672e67,deef4d10-0366-43dc-bc67-53b7d3e072d7,,page_view,HTTPS://SHOP.EXAMPLE.COM/PRODUCT/PROD-0307,b86e78af-6e14-4143-82e3-0144b73b68aa,2025-11-20T01:32:21.937595+00:00,920fe448-95d0-4ccb-b77b-2c7cfa389054
6b4db347-c26f-47c3-9bc3-f56fc2ae8e73,48cfcfdf-35ae-46d1-ab96-01f84cb8b4f6,,page_view,https://shop.example.com/product/PROD-0202,e46fc38169f34317926355194e917467,2024/31/01 25:61:00,920fe448-95d0-4ccb-b77b-2c7cfa389054
e6ae038a-59cb-4847-9473-a2f088bc9fff,b009d6fb-0c43-44c3-bbb4-2b29ad3c5932,1c4a4f38-47bb-4b67-806c-9c7c0934e843,page_view,https://shop.example.com/product/PROD-0426,41c96dc3-c6cc-49fb-a6bb-64c3ac7d2cf7,2025-11-19T21:07:54.937728+00:00,920fe448-95d0-4ccb-b77b-2c7cfa389054
73d1bc66-153d-47f9-8d2f-39f58ad9241c,bcedffe2-17db-4f52-b620-8a185919ec6c,a88d9f46-f524-4dff-9445-bc4074efe31b,search,https://shop.example.com/cart,2ebc9ad1-6e5e-47f6-95e2-0ed881032568,2025-10-20T20:32:30.937752+00:00,920fe448-95d0-4ccb-b77b-2c7cfa389054
2ba2eacc-d789-4e87-85ce-6f7c62eb8bc1,fd9e9cd3-a3a6-41f4-b3f8-538e42f11d2d,,add_to_cart,https://shop.example.com/product/PROD-0169,517a0df4-43fb-41c4-828e-11c6d2d78967,2025-09-14T06:02:46.937776+00:00,920fe448-95d0-4ccb-b77b-2c7cfa389054
ae5e3496-80b6-46b4-b958-e0e76ac6a2a0,7541eb66-e090-4fe6-b84d-ece506d48446,,page_view,https://shop.example.com/product/PROD-0420,32b54b6e-b815-4fc1-a9a0-b57d578a4c4c,,920fe448-95d0-4ccb-b77b-2c7cfa389054
b7df160e-9123-4657-b85e-cc82733e876c,2682fbd1-ebc7-4a66-bdec-f8218c94319e,dac6eb03-42fd-41b7-849e-64e80162f10a,search,https://shop.example.com/search?q=shoes,d78fd124-8411-4728-b01d-b13f74fbf796,2025-10-30T02:57:35.937828+00:00,920fe448-95d0-4ccb-b77b-2c7cfa389054
8ea8eefc-2777-45e0-b338-95e346f661fb,3663119d-fcb5-4893-9e40-216a1df352d3,,add_to_cart,https://shop.example.com/product/PROD-0367,ea25b6ea-e158-4853-9d89-ece79c1febc9 ,2025-11-21T00:37:56.937851+00:00,920fe448-95d0-4ccb-b77b-2c7cfa389054
26bd332f-41a0-441b-a45c-5998e4ccd1e6,cc410e72-ca71-4055-94d2-ec0ef7e0b6d9,feba51e4-3287-4e3e-9aa9-05a63c9af924,page_view,https://shop.example.com/product/PROD-0489,34676104-f2ad-4356-8a6c-c4043305e65f,2025-10-24T23:58:28.937877+00:00,920fe448-95d0-4ccb-b77b-2c7cfa389054
ef75b5fe-c88a-4806-b939-68446c986fb0,16933fe9-1aee-4a53-874e-025496fdb5ac,da219eea-3a01-4ec7-8c2f-6c680bed0924,search,https://shop.example.com/category/electronics,d1af79f7-fc80-4fd3-8d21-dbbe50c9559c,2025-11-11T04:16:24.937900+00:00,920fe448-95d0-4ccb-b77b-2c7cfa389054
2cbe1529-86fe-455c-9db1-242f871eea5e,b2c5c499-6894-486e-8605-8959103f1349,b05a0402-7a7b-4f3e-bee6-8ad839272fe0,page_view,https://shop.example.com/product/PROD-0425,ec078b29-5f64-482d-a774-fe4ea6da6cf7,2024/31/01 25:61:00,920fe448-95d0-4ccb-b77b-2c7cfa389054
1b7fb703-f3cf-43ad-bee1-b71067868c8a,cb9d8432-d3de-4995-829e-3f910b9898e7,e1b9870f-c918-4d6c-b8b6-1e4e5367b885,page_view,HTTPS://SHOP.EXAMPLE.COM/PRODUCT/PROD-0223,73871b90-ea51-48cd-beee-2e2a0d9f08d6,2025-10-02T18:32:29.937971+00:00,920fe448-95d0-4ccb-b77b-2c7cfa389054
afaadce9-b16d-4254-92bc-54a1181bfa62,fc81af00-eb8f-4f3d-b3c8-4b546f533b35,189cb523-e2d0-44cf-b36f-2e991456c512,login,https://shop.example.com/category/electronics,a154d8d2-bf90-48b2-a0d6-a6dca97c0d6f,2025-10-24T11:17:55.937996+00:00,920fe448-95d0-4ccb-b77b-2c7cfa389054
116be7a9-6a71-4c17-bc33-6ea242cc78a6,14843fa9-a622-439c-a84e-e21851b738f6,01aa7a86-9d29-4fcb-bb43-7369a0005081,add_to_cart,https://shop.example.com/product/PROD-0150,5aa57d45-f8bb-4980-ac24-0fb18c6d8482,2024/31/01 25:61:00,920fe448-95d0-4ccb-b77b-2c7cfa389054
3a8ba1e4-5825-4021-b66b-c141e040f48d,e99d2af2-1b61-4a5a-a857-fc4019e1f3ab,,login,https://shop.example.com/search?q=shoes///,349d9e2e-2e0c-4db7-9507-5c624a6dad18,,920fe448-95d0-4ccb-b77b-2c7cfa389054
d6b20fb8-c21d-4f6e-8b12-b7225d6476b2,c5394d6f-a024-479d-99ce-b31344813a1d,ba40b22f-537b-452d-9408-07825f640f4f,page_view,https://shop.example.com/product/PROD-0121,0B32C87D-EAD4-4A04-8F89-09DD869B3825,2025-11-11T22:26:13.938207+00:00,920fe448-95d0-4ccb-b77b-2c7cfa389054
25d1adc9-92ba-4d22-b19a-64faf0cc1e93,60b9eeab-395d-457a-9527-e5223f8aaafa,,add_to_cart,https://shop.example.com/product/PROD-0128,1fe2e0747cb643d88779fd4e09bf7167,2025-11-28T02:26:50.938267+00:00,920fe448-95d0-4ccb-b77b-2c7cfa389054
3f6e6a2a-403f-424f-9cc1-44584cd283e3,19f6106a-693f-4f1f-bdce-00547dfc9fc0,5a0e1438-7f73-413f-8712-df39184daf4f,page_view,https://shop.example.com/product/PROD-0442,5ccaf27e-4e23-4e8d-ad70-fe9ba649c636,2025-11-29T04:53:16.938294+00:00,920fe448-95d0-4ccb-b77b-2c7cfa389054
2f3fac47-a450-4ceb-8ea1-24f99f653b03,b6569517-2757-44f9-a46a-cfda9d1a1567,bf4a8718-4a62-4627-8774-78bda8d371ce,page_view,https://shop.example.com/product/PROD-0110,dbf02fcd-bbc9-48eb-a703-f277bfbcc52a,2025-09-28T18:03:51.938319+00:00,920fe448-95d0-4ccb-b77b-2c7cfa389054
605df029-91d1-495e-8935-0fad068a926a,7023bcc9-3be0-4441-adca-8077acfaa186,0db4573f-c781-4524-a861-84dec0f9f696,page_view,https://shop.example.com/product/PROD-0009,50f2d240-1db8-4ee9-8289-9af8cf15a759,2025-09-23T09:31:17.938342+00:00,920fe448-95d0-4ccb-b77b-2c7cfa389054
859260d1-1c73-46b8-8998-5e8eab635e0d,3f6479e6-2ba5-41e4-9578-8f531b2bab7b,,page_view,https://shop.example.com/product/PROD-0348,28e76a65-0724-44a8-a894-b0b128882af7,2025-11-05T08:03:58.938366+00:00,920fe448-95d0-4ccb-b77b-2c7cfa389054
99f7d3cc-4e8c-4962-9fa7-5ed7389159a4,2bba24b5-9089-4da4-88e7-795aa2fde00e,3381d963-e76b-47ef-a55a-4346c29dbc81,page_view,https://shop.example.com/product/PROD-0085,23aa50e4-de64-468c-87ed-599156872b02,2025-10-30T22:32:58.938391+00:00,920fe448-95d0-4ccb-b77b-2c7cfa389054
4ef6bd8c-a83c-4ebf-a3e1-d9bb391567bb,aa4c879f-ccfb-4d36-ac5f-0e71f02d9795,3d880602-5343-44a5-bca1-883fe3b7aebf,page_view,https://shop.example.com/product/PROD-0044,d9a3baf0-38f9-414b-9a2a-4e76a08db6ad,2025-09-09T08:04:34.938431+00:00,920fe448-95d0-4ccb-b77b-2c7cfa389054
0d71b32f-b00e-4a55-9137-83c04191acc6,3aba9ee9-1447-4740-b7e4-a985b8f43ed5,68846b83-96d2-499c-b9a6-71fc734421bf,page_view,https://shop.example.com/product/PROD-0288,fcfc7cc7-2372-4e3e-b927-c0ee2250f324,2025-11-04T19:51:07.938566+00:00,920fe448-95d0-4ccb-b77b-2c7cfa389054
b735bf78-6572-4d1b-9493-2b16372a43e1,c63b904e-90d1-4076-a40e-0441048d9243,,add_to_cart,https://shop.example.com/product/PROD-0233,16b97e2d-4a35-4972-81fd-8be9e8e5fd8f,2025-09-09T00:51:58.938590+00:00,920fe448-95d0-4ccb-b77b-2c7cfa389054
fd65d9a1-0c12-437f-999d-e84fd6966bd1,551696a3-723c-479e-8760-c5797684fb8c,,login,https://shop.example.com/category/electronics,4a0d87fc-5173-4b93-a929-43e08d8788c9,2025-09-27T06:34:35.938612+00:00,920fe448-95d0-4ccb-b77b-2c7cfa389054
c82a6b1a-84c3-4e23-b930-f504149661eb,7ed1ecf8-8378-4a80-b956-d537559f001c,,page_view,https://shop.example.com/product/PROD-0243,72878e5c-8241-47b5-80fc-b944767437a0,2025-09-23T15:55:20.938663+00:00,920fe448-95d0-4ccb-b77b-2c7cfa389054
7347cc20-9f75-4986-81d6-789146d503f5,05d62d78-15cc-44b6-b6e3-b2c6b4922f75,,page_view,https://shop.example.com/product/PROD-0251,2fef0cae-53f2-4bba-be34-50c72525c548,2025-09-18T11:00:26.938750+00:00,920fe448-95d0-4ccb-b77b-2c7cfa389054
69d70be9-b5b0-4306-82cc-3f0537cb7c31,ca14477e-8da3-4dbc-a323-88d3e49a06dd,ca0a2eaa-1e4a-482a-94ff-db4c2ff0fbe9,page_view,https://shop.example.com/product/PROD-0114,53a1368c-a9fb-4887-a4e6-daa77d2095bf,2025-10-30T19:06:10.938776+00:00,920fe448-95d0-4ccb-b77b-2c7cfa389054
d8a397db-4cdb-44c1-ad9b-3a6847113b8b,8eb3b557-d17e-4869-9f31-ae811e039b21,f1d5cba5-fdda-4498-bc4e-5c5d4a2307a6,page_view,https://shop.example.com/product/PROD-0399,af5e1337-f7a4-40e9-a2de-45d2fd9b5c49,2025-11-05T16:27:07.938799+00:00,920fe448-95d0-4ccb-b77b-2c7cfa389054
490291af-be9f-4830-b93e-7ee19c0d891e,0592dfa5-9b9a-4427-a14c-6b3f7d637c03,16254f5b-b0ef-4486-bc5c-c7877ae70756,page_view,https://shop.example.com/product/PROD-0239///,99e4cc21-21fc-412d-a429-45cb921eb05f,2027-09-10T16:04:29.938835+00:00,920fe448-95d0-4ccb-b77b-2c7cfa389054
178be1e6-2008-4d2d-bb44-21df257341cc,8633e95f-21ea-41b3-8ee7-c905f7fe2d6c,a742f597-b8ca-4bb4-a065-a316c4cd2957,page_view,https://shop.example.com/product/PROD-0180,b92de35a-4c36-4631-aa05-525e9f564402,2025-11-03 11:44:20.938878+00:00,920fe448-95d0-4ccb-b77b-2c7cfa389054
f2e46244-bdb2-45f3-ac7a-d0fa124f149c,07590ff6-d2fe-4391-aac8-76dfd6432d19,,page_view,https://shop.example.com/product/PROD-0442,78468084-1d7f-4e5e-8c55-a2dbe027991e,2025-11-11T10:20:11.938910+00:00,920fe448-95d0-4ccb-b77b-2c7cfa389054
576a6189-b9a9-482e-a270-b674f95c1656,82f86843-bcb6-4012-95bf-b8a9fb0801b1,0c4d782c-0a9e-48c6-ac81-1916653c7d19,search,https://shop.example.com/,7fb3fadd-e25e-4192-835b-e312d1a3a684,,920fe448-95d0-4ccb-b77b-2c7cfa389054
0dcf96dd-eabc-421f-a593-3e8c3ae0855d,4aef33e5-740e-47ae-9a3c-da10fb2355b4,1e48ec18-5882-440a-9cd8-7816aa8a1b8a,page_view,https://shop.example.com/product/PROD-0088,92d98560-dafc-4793-ada6-0bf9a4f6b714,2025-10-15T16:38:50.938964+00:00,920fe448-95d0-4ccb-b77b-2c7cfa389054
1575d766-f81b-44c0-a500-309adf181a6b,18323043-5229-49d3-82e2-84772ee628e5,bd494e76-4b29-4a2b-b221-bc4d91a457e1,page_view,https://shop.example.com/product/PROD-0079,43f638f7-e41d-4bfb-8369-42bc6dd43ce4,2025-09-23T03:18:14.938987+00:00,920fe448-95d0-4ccb-b77b-2c7cfa389054
2c8668a3-16f3-405c-9de0-999d80810e81,83be969d-22b3-48b8-ae16-baf913cf02ec,1ef51647-603f-470e-9906-fd56ce7f7328,page_view,https://shop.example.com/product/PROD-0336,b6e38aa6-9f58-4914-a177-872650718ac6,2025-11-16T20:04:20.939012+00:00,920fe448-95d0-4ccb-b77b-2c7cfa389054
8107d444-2442-416f-8b21-c6e1dae695a0,3d95d029-d701-4514-880d-59483947a718,c449afda-02de-457b-afc9-5af2cb6ff54b,search,https://shop.example.com/cart,730f5913-a89a-42a6-88aa-59d5b65e1fe6,2025-12-01T13:40:32,920fe448-95d0-4ccb-b77b-2c7cfa389054
b716776c-1cac-47cb-a6db-8b4d7ec79e92,82389141-8152-4b20-b8d3-63057fe5c8fe,d3f9112b-f3c2-42f8-8ccc-2706beb8d918,page_view,https://shop.example.com/product/PROD-0491,9e2a4a25-3a33-444b-ac70-5c466338b88b,2025-10-07T22:10:39.939110+00:00,920fe448-95d0-4ccb-b77b-2c7cfa389054
edcafbb1-75da-40e6-818e-1d5428fa6e9d,104e3432-618d-4b39-9a3c-629b73425158,,page_view,https://shop.example.com/product/PROD-0377,9ae56817-f3c2-4c1d-9249-cbd72656f878,2025-09-12T11:35:16.939272+00:00,920fe448-95d0-4ccb-b77b-2c7cfa389054
54b72ead-11a4-438f-9d08-72233a3a6249,cfa6287c-dd01-47ce-9e2f-ec6da734d936,b83e8977-4aa5-4a92-ac4b-1b385026ac08,page_view,https://shop.example.com/product/PROD-0497,f5b1ab01-4717-4b99-8ba9-8527b5ba55da,2025-11-22T16:33:10.939345+00:00,920fe448-95d0-4ccb-b77b-2c7cfa389054
068359ec-7d3a-4041-9284-cb23fb267d71,0a8a3c88-1e0f-4be3-a700-3643d0d0d91e,e06c38c1-297a-4111-b742-547b6d5be338,add_to_cart,shop.example.com/product/PROD-0271,5ed5f899-6cef-45db-bae3-7a1664ecb6e7,2025-09-11T19:19:15.939415+00:00,920fe448-95d0-4ccb-b77b-2c7cfa389054
27cd569b-75f6-4cc8-a2ca-a2919a2d58c4,a92d5771-6400-490b-82d7-9ab7aca850c9,a595ec50-0166-42d5-a049-f45c11292a55,page_view,https://shop.example.com/product/PROD-0484,f3b2eceb-16e5-450b-be40-6c0c6cd3a4b2,2025-09-10T04:43:14.939465+00:00,920fe448-95d0-4ccb-b77b-2c7cfa389054
b04d942f-deb5-49fb-9b67-b9bbca889c7d,4587ed83-1783-417d-85a5-d6b4ff2c0cd5,,search,https://shop.example.com/,5e523bb2-e676-4c80-9419-c9a4e8bcfcb2,2025-11-30 00:52:17.939518+00:00,920fe448-95d0-4ccb-b77b-2c7cfa389054
309672e1-eb6c-4e40-8cbd-00419b5c9589,8c2af482-184f-4db3-8e00-c46b292d0df1,a08cba13-1190-47fd-b3ec-4a847fda88bf,page_view,https://shop.example.com/product/PROD-0191,1a2af49e-dd76-4053-939c-f692ac123836,2025-10-14T21:12:46.939605+00:00,920fe448-95d0-4ccb-b77b-2c7cfa389054
9a8317d4-92e6-4024-9dad-f3e20ecbbc83,2832afaa-12b0-4d80-b962-dfc135de452b,86902a6e-4e25-465a-906a-271ad8a578f0,page_view,https://shop.example.com/product/PROD-0475,829b17af-cbe2-4331-803d-39c1c262b738,2025-09-14T19:59:27.939631+00:00,920fe448-95d0-4ccb-b77b-2c7cfa389054
6c2f81f6-bf02-45b9-9434-91dc6866a950,92c3ae72-6bb2-4b54-8933-b11594c099ef,eabd64d5-8207-481f-a8bc-72d3943e1746,search,https://shop.example.com/cart,invalid-device-1555,,920fe448-95d0-4ccb-b77b-2c7cfa389054
8cdc525c-1786-4956-bcab-b5935c0b7cd9,1655f119-f7d2-4dd0-a483-2c2839a7161a,523a85df-867d-41a5-a5a0-6179ba22319b,page_view,https://shop.example.com/product/PROD-0217,c8c9478d-d723-4a52-a1a4-66c195ccd5b1,2025-11-02 14:40:47.939725+00:00,920fe448-95d0-4ccb-b77b-2c7cfa389054
c13c0603-5bc0-4e86-95f2-1f36e1720a72,dae4008d-53fc-440a-8d9e-50ae53166014,,login,https://shop.example.com/search?q=shoes,048c9cda-cecb-4894-8ead-6f8d6611afd9,2025-11-17T12:56:45.939803+00:00,920fe448-95d0-4ccb-b77b-2c7cfa389054
9fca55c0-a50b-4153-a9ee-373a5680f5f0,9aca548b-6c35-4bbd-8316-f28fa0a7c623,,page_view,https://shop.example.com/product/PROD-0394,c7060d4f-810c-40ee-8012-9c3d67174bc5,2025-10-19 15:53:20.939845+00:00,920fe448-95d0-4ccb-b77b-2c7cfa389054
fba35de2-6c01-401e-b625-571d0912b3b5,6d895671-297f-4a3c-80fc-278d4716c097,4492da0a-d6f7-4c1a-bc77-c21ad2c4e524,search,https://shop.example.com/cart,c453c35e-6fc0-4421-934f-330a49a5b155,2025-11-01T02:43:03.939920+00:00,920fe448-95d0-4ccb-b77b-2c7cfa389054
4ac3dcd2-9e2c-4473-91c8-194224511dd2,558fc9c6-9aeb-439b-b67e-beacf610f27f,f0f2e612-94b9-487a-a318-737096c0479b,search,https://shop.example.com/cart,4bfd2ba4-0bce-4ac7-8732-81b9b05cbbc5,2025-10-30T20:14:09.939962+00:00,920fe448-95d0-4ccb-b77b-2c7cfa389054
299f2a3e-e863-4a61-92ec-df9a8ba7977d,458f52f6-a1f6-498d-ae8c-14856c443bf2,9aa57ef5-6404-4924-b2a3-4988cc2d9cdb,page_view,https://shop.example.com/product/PROD-0386,93c3a1cc-2bc3-4bd7-8881-0da39b0dbcc5,2025-11-07T13:29:34.940041+00:00,920fe448-95d0-4ccb-b77b-2c7cfa389054
4a797e71-eca3-40ec-ac1b-6ecef8ee5a5f,84c518d1-fb53-4a2f-bb77-282ac5f48baa,902510e6-99bb-4e2b-b950-08c867a5f41f,page_view,https://shop.example.com/product/PROD-0238,bd60eabb-7ef3-4614-a13a-88a5ec524e82,2025-11-10T21:14:18.940067+00:00,920fe448-95d0-4ccb-b77b-2c7cfa389054
9baca2b6-5e81-4c83-9643-af6d843f905b,095ada83-2ee7-4051-bf89-b94beecdaf9b,cc40c056-e9f1-4f50-a366-edc1dd99834b,page_view,https://shop.example.com/product/PROD-0162,3b86ff44-972e-4eed-86ec-ba87e5c1ff21,2025-09-07T00:15:29.940120+00:00,920fe448-95d0-4ccb-b77b-2c7cfa389054
8dd68754-e737-4ff7-8bcf-c652450d702b,25124bb2-eea8-4d72-a424-ac35951cfc4a,464a25a6-545a-45d5-aa8c-f0135d5bf880,page_view,https://shop.example.com/product/PROD-0191,d989c5d765a446aa871601d206da62ad,2025-10-01T05:54:43.940170+00:00,920fe448-95d0-4ccb-b77b-2c7cfa389054
a2812503-8e04-449f-91d1-b3bbddd7faf2,1deb2e9b-1b2f-45c2-8eba-cebea4cf0510,2c9db2dc-1d26-429e-a2f1-170608f47c28,page_view,https://shop.example.com/product/PROD-0439,63dabc84-5e9c-4bc2-8237-3f12e716ddb0,,920fe448-95d0-4ccb-b77b-2c7cfa389054
6bdeb5db-ad93-41c5-bd0c-f7ba1494d186,0b9f7c61-64bf-4b39-9b1b-24a506421c6e,a3991fa2-65f2-477c-976a-5366221d6c76,page_view,https://shop.example.com/product/PROD-0414,2749370b-e64f-44e8-911e-f717e3608f4c,2025-10-03 01:54:54.940265+00:00,920fe448-95d0-4ccb-b77b-2c7cfa389054
7e7ce5a2-1b61-4a26-bbf4-83e9a6d042ba,21dbccf2-659f-4110-bdfe-c5769eb153a5,,page_view,https://shop.example.com/prod////PROD-0470,bca4974f-0bac-47bc-8b5d-49ce9937f1f2,2025-11-22T22:12:26.940340+00:00,920fe448-95d0-4ccb-b77b-2c7cfa389054
c4473699-1890-4f99-b694-385286dedd7e,a47e9b8c-c9a7-4171-b093-c8762112428d,c28751a5-16a3-4aad-87d2-eaf31e3addff,search,https://shop.example.com/search?q=shoes,bc718019-d8d1-4de3-abf6-079d805b3f8b,2025-11-23T07:49:51.940368+00:00,920fe448-95d0-4ccb-b77b-2c7cfa389054
23476baa-d906-48b6-bc8b-e2ad9d4cda0e,7ef953a1-2eea-49d0-960c-0fb406b65613,b4eaf9d1-80f1-4101-8495-f493f47002a7,page_view,https://shop.example.com/product/PROD-0274,1381c459-210f-4cd9-b531-a4b03066f91c,2025-10-06T21:14:37.940391+00:00,920fe448-95d0-4ccb-b77b-2c7cfa389054
e25611f1-5bb8-411f-9c87-ba5883afd610,4c3bec5d-d79a-4da7-9d3c-d3b2066d8992,,page_view,https://shop.example.com/prod////PROD-0486,d3c1d298-cc23-4af1-bf00-566ed5fa055f,2025-10-06T14:12:58.940412+00:00,920fe448-95d0-4ccb-b77b-2c7cfa389054
46bf7cae-e806-4fe7-852e-54dac9b1ba88,dca0b75c-9d19-4449-8078-25b6255af7df,,page_view,https://shop.example.com/product/PROD-0063,f4a8f918-168d-481c-b109-e557b151e5bb,,920fe448-95d0-4ccb-b77b-2c7cfa389054
053101bb-f62c-4a7f-a7a3-55f961736d44,472967ef-0ceb-484e-ad7c-2ad627e6deab,,page_view,https://shop.example.com/product/PROD-0045,e5358b16-8639-4e21-9a18-8762d2d193df,2025-11-28T05:00:29.940486+00:00,920fe448-95d0-4ccb-b77b-2c7cfa389054
5ab5a25b-6e33-4e41-9882-8f550882e64b,6294f6aa-f9d7-48fc-ab88-45ce2f7d3392,,page_view,https://shop.example.com/product/PROD-0115,8699cd1b-52ed-4fcd-b36d-a68e92703e3b,2025-11-07T15:14:26.940534+00:00,920fe448-95d0-4ccb-b77b-2c7cfa389054
9ee56657-9cd7-4e56-b0eb-97e0121a5a6c,4a6f14ec-4b60-46f0-9781-51b6593cad78,9779cf38-6006-4146-98e7-5878c13aa270,page_view,https://shop.example.com/product/PROD-0434,e6f56ad3-86c6-4f0e-a6e4-b170415b4ca9,2025-11-27T03:57:15.940557+00:00,920fe448-95d0-4ccb-b77b-2c7cfa389054
b90de2a1-38ee-479d-b56b-e01931797d6b,81e45d2a-6d6d-49ea-881f-99185518d4ec,,page_view,https://shop.example.com/product/PROD-0357,4a0e1483-f185-480e-aae6-75f50e23a31b,2025-11-05T10:03:29.940581+00:00,920fe448-95d0-4ccb-b77b-2c7cfa389054
5aed0400-3ea7-4981-b74a-b69bfb3dc1fa,9ede6872-e0ad-4608-98c0-42f0ce83943f,f17d0f2b-7c1b-44b7-b333-9642cbc311a6,page_view,,a486214e-209e-4138-a62b-064753c55656,2025-09-02T20:18:20.940605+00:00,920fe448-95d0-4ccb-b77b-2c7cfa389054
6808ed0e-b9e0-40f0-9d65-7d146be6e146,4ff19095-db92-4a75-ae37-d451b86e4971,,page_view,https://shop.example.com/product/PROD-0093,83b4d995-4939-4aa0-8338-edb50c0b9f4e,2025-10-18T09:53:34.940633+00:00,920fe448-95d0-4ccb-b77b-2c7cfa389054
5e1f5aa9-8938-43bc-adf4-541ff38076f6,55368139-c2cd-44f4-8ef2-461dbdcbbcbd,23c95600-3748-435a-92aa-6f36be240e9f,add_to_cart,https://shop.example.com/product/PROD-0229,275e01e7-1747-4caf-98dd-ce47bff6392b,2025-11-04T04:44:00.940688+00:00,920fe448-95d0-4ccb-b77b-2c7cfa389054
357dda96-7fb1-4fe5-9ef2-72402407a21d,825e7c3d-7cbb-48e0-9a9c-69bf1dc9b85c,1935e172-5fe0-4ece-b5f1-0aaae204ecc8,page_view,https://shop.example.com/product/PROD-0407,567c2ea4-f4c7-4536-b14e-92d91f3b91e2,2025-09-27T11:36:24.940712+00:00,920fe448-95d0-4ccb-b77b-2c7cfa389054
a5a02779-8956-4762-a2b8-aca1e39932a1,8d348bfe-2fdc-4c09-88e3-63857d61b8dc,700d3b97-67ff-4d4f-ace8-277d54bb8bd5,search,https://shop.example.com/category/electronics,956493fb-8b3b-4a23-9197-d208cc25d0d2,2025-09-03T12:01:45.940733+00:00,920fe448-95d0-4ccb-b77b-2c7cfa389054
88324ed2-6c62-4229-8b2f-4ad100f28f96,5337c221-448a-4041-b8d5-9beb739f5cff,5d2e189f-c964-4b7b-b066-65c5d1b9ee83,search,https://shop.example.com/cart,ea2793a1-4fc3-4418-8138-6e9fbe8f7de1,2025-09-15T12:45:30.940761+00:00,920fe448-95d0-4ccb-b77b-2c7cfa389054
9fc14803-6608-4b89-b3c7-89447bd8fa52,6fc75b6e-0d70-4bc8-bd42-01622573d66d,e37ad2cc-c87e-4033-9510-fdefd24b3ce1,search,https://shop.example.com/search?q=shoes,b7354f83-c160-4236-b70d-54a7f98885b4,2025-10-14T09:31:48.940797+00:00,920fe448-95d0-4ccb-b77b-2c7cfa389054
29098678-30c7-47d2-94dd-ffe7e4262f0e,836b1c63-9057-48b3-acb2-fd05a45d9910,5609c89b-8669-45a9-925a-910e912e87bb,search,https://shop.example.com/category/electronics,a46bb821-1394-4e52-87c2-b72a9d425c6f,2025-11-18T04:08:47.940848+00:00,920fe448-95d0-4ccb-b77b-2c7cfa389054
5040f837-9891-4722-b5b6-c2cc4091ed0d,32935513-85c8-4913-b84b-0517aaa7f991,,page_view,https://shop.example.com/product/PROD-0113,fcea907b-1f51-48ed-9fa4-b7fc0b317a4f,,920fe448-95d0-4ccb-b77b-2c7cfa389054
cf8817c3-3034-4057-8550-88b279ba628d,6e16abf2-56cb-4775-9d48-21766377e18a,a36b6323-a29b-4f29-b931-15086fe8e27f,search,https://shop.example.com/category/electronics,04e45c4e-fa4a-4639-9ec0-1446279f1d84,2024/31/01 25:61:00,920fe448-95d0-4ccb-b77b-2c7cfa389054
0b8152fc-f89d-4e3c-ba26-c993ad80adf1,d5249498-0dbc-4f0d-9825-67000545ccb5,317f103c-86fd-41dd-8b05-26629a37e530,add_to_cart,https://shop.example.com/product/PROD-0424,bab9ec09-deff-436b-b823-d211de39c6d5,2025-11-13T14:07:36.941060+00:00,920fe448-95d0-4ccb-b77b-2c7cfa389054
7883aad3-12cc-4c6d-ab8e-e93988c95435,48ad06b9-e48f-490b-90f9-2785cc473ab4,,add_to_cart,HTTPS://SHOP.EXAMPLE.COM/PRODUCT/PROD-0298,f0ea7f07-e379-460e-8107-c242f09755b9,2025-11-18T02:21:34,920fe448-95d0-4ccb-b77b-2c7cfa389054
44a84299-f586-4e8e-84bc-8f58e9ad6e99,b4688ba0-776c-40e3-97d2-50baa80cb481,b11478a2-ccf1-4894-84ae-27609d2e8635,add_to_cart,https://shop.example.com/product/PROD-0147,e8605a5f-45aa-4ffb-85da-a79f720fed8a,2025-09-04T02:11:11.941192+00:00,920fe448-95d0-4ccb-b77b-2c7cfa389054
47f7d632-5993-461f-93b1-25965ff8a7be,ecb59ec7-ef35-4db4-b419-374894eba4cc,a888f17c-70df-430d-acbc-e9cb01e125c8,page_view,https://shop.example.com/product/PROD-0292,4d038917-5e01-45d1-bd6b-3066499bc767,2025-11-30T10:54:19.941246+00:00,920fe448-95d0-4ccb-b77b-2c7cfa389054
888ae1c0-fc81-428b-a957-2d8b6a592efb,4acb97c1-723d-4199-9cef-82ef1ddd6188,516dd8da-2803-4295-ad34-ff28fd843989,page_view,https://shop.example.com/product/PROD-0074,7135d731-7eb3-4724-a419-da24708f6bc3,2025-10-24T08:44:55.941303+00:00,920fe448-95d0-4ccb-b77b-2c7cfa389054
f339b614-64f0-4b2a-8ad5-57c2baee81e9,adf0148c-c5c8-4b30-8622-c460fb18c1f1,37cfcf36-4214-4722-b983-24e71316954c,add_to_cart,https://shop.example.com/product/PROD-0217,0fdaf66747174ee8b5bf1ff04383da21,2025-11-08T14:47:09,920fe448-95d0-4ccb-b77b-2c7cfa389054
2b68c9f1-8d58-4453-af9c-e29c91f745b3,2807b4dd-8665-4416-931e-8e68abad9183,,add_to_cart,https://shop.example.com/product/PROD-0147,65628a5d-35d7-49b4-88bb-d797cfd3ac99,2025-09-02T16:25:27.941492+00:00,920fe448-95d0-4ccb-b77b-2c7cfa389054
9fe442b4-90c7-47e6-9f2a-ec355feea991,cd9d57e6-9ed5-437f-ad3f-44a748a9f218,,add_to_cart,https://shop.example.com/product/PROD-0250,943fe7fe-f5f4-4bcf-bb9a-020d56389b3e,2025-09-14T10:29:29.941547+00:00,920fe448-95d0-4ccb-b77b-2c7cfa389054
73fb3053-5cdc-4bb6-8618-6a272162f687,e918ac4e-42fb-462b-a70c-a34ae83ef810,3ac88805-82a8-49ab-bd61-c068e76f1b42,page_view,https://shop.example.com/product/PROD-0259,dd85ba1a-e780-41b1-8be2-d573d0af8fbe,2025-09-30T23:13:52.941589+00:00,920fe448-95d0-4ccb-b77b-2c7cfa389054
8c21fdbb-aadf-4d88-9e8d-94bb3af8a6f0,f668c4ed-e0ed-4eba-89ff-86386ced92d9,8b01436e-7f54-415d-8b25-3d749b798f3a,add_to_cart,https://shop.example.com/product/PROD-0045,55e6aaf5-453e-4870-a7dd-46a88e780278,2025-11-21T21:41:03.941648+00:00,920fe448-95d0-4ccb-b77b-2c7cfa389054
1ec2be06-19d6-46ae-90cc-5be8159212ee,017fa42e-d5cf-4426-a442-db84d17c1436,5e6acf6a-8528-4028-b032-7ebe7289d24b,add_to_cart,https://shop.example.com/product/PROD-0410,5e67e9d4-f0ca-488f-a07c-69de62bcf843,2025-09-24T01:04:26.941708+00:00,920fe448-95d0-4ccb-b77b-2c7cfa389054
5d982f3e-9df8-4aea-81f9-0ad130e229e5,e1a5834b-7931-452f-b3e7-a5b946cfdc42,e54cb812-3c28-45b6-91b5-9a26a7b1ff2f,page_view,https://shop.example.com/product/PROD-0388,c60e498a-937b-49ac-8f00-b33a40d03fce,2025-09-16T04:37:31.941746+00:00,920fe448-95d0-4ccb-b77b-2c7cfa389054
1cd4b525-0e57-43ae-9c94-ed643aa083fd,1a96bf0f-3a49-44e6-a9a0-db9839066aa0,704facbb-719f-452c-b5d3-a37ed044b702,page_view,HTTPS://SHOP.EXAMPLE.COM/PRODUCT/PROD-0275,cbaf6684-2303-4420-9ce1-4939d596228b,2025-10-10T09:11:42.941786+00:00,920fe448-95d0-4ccb-b77b-2c7cfa389054
b8eb6cb1-6259-4738-9628-c5ce4b18a99a,10728fe8-46e0-484f-abb8-788bbe26e63c,,page_view,https://shop.example.com/product/PROD-0425,288e9077-747f-4ffb-9d81-34e2c657e182,2027-05-10T16:04:29.941851+00:00,920fe448-95d0-4ccb-b77b-2c7cfa389054
0c27d48a-d839-4cc2-a8eb-d4063e96a7ab,1e6eb388-f6b5-42b2-9b8e-daf740952951,2c28a601-5eb7-4002-bec7-82d8e697688f,search,https://shop.example.com/,4425df3a-8fe5-41e3-99cd-715cd62a67e4,2025-09-21T16:30:40.941897+00:00,920fe448-95d0-4ccb-b77b-2c7cfa389054
e0201fa1-c270-4ea7-a31a-279bb05161a9,9a83a08f-26af-45dd-b830-fbfa868b4eba,,page_view,https://shop.example.com/product/PROD-0095,af8109f1-045c-4a91-8d41-57506cf29dfd,2025-11-23T09:13:19.941950+00:00,920fe448-95d0-4ccb-b77b-2c7cfa389054
d7bd820a-d911-4c3a-b7a4-7fa99793b019,2c098444-20df-4b8b-9778-a42711c7751a,7cb5f2fe-4477-4888-9472-c267eb08089a,page_view,https://shop.example.com/product/PROD-0260,cad23cf3-16b8-4b3f-9712-1cbb72f8e675,2025-11-28T19:32:05.941990+00:00,920fe448-95d0-4ccb-b77b-2c7cfa389054
1dbf2d01-ed97-4a99-8d04-a5be1148f7b9,45a1726e-e70a-43fd-979d-e3c7bac30e1d,fff303eb-4768-4a6f-add7-daf878326b41,search,https://shop.example.com/search?q=shoes///,b57cbd19-7cf7-4382-813b-e7796c496ed8,2025-11-27T23:53:24.942034+00:00,920fe448-95d0-4ccb-b77b-2c7cfa389054
f9dbd65c-5528-4487-ba43-109fb35bc579,249cb39b-adf7-43a7-bae4-6731a57a0605,469cd475-7f1c-4cfd-b23f-ef3e0b6f9fac,page_view,https://shop.example.com/product/PROD-0356,ac8e59ab-fe7b-4675-aa03-ca14c945a89b,2025-10-10T11:21:58.942091+00:00,920fe448-95d0-4ccb-b77b-2c7cfa389054
d37eecae-e61a-458c-9fc3-0ec54150ba5a,81034238-737f-4b7f-924c-ec1522756323,891730e2-5e06-4e9a-b5dd-b3b7b977d224,page_view,https://shop.example.com/product/PROD-0080,acd5e410-851f-4fd9-a996-319d35cabb85,2025-09-29T14:47:13.942151+00:00,920fe448-95d0-4ccb-b77b-2c7cfa389054
0297373e-fdbd-458e-a198-b81c16a9e87c,b564d730-bab3-49b5-a986-e7b835370926,0acfc495-a40b-4171-a399-a269ffa6ec13,search,https://shop.example.com/category/electronics,020e9984-9c77-4f6c-aed2-d9eee823d830,2025-11-06T19:24:06.942203+00:00,920fe448-95d0-4ccb-b77b-2c7cfa389054
2a68baab-37c3-43e2-abe2-c272ba97cd7d,bfd04874-ab9d-485a-a9a5-825c4dcd9498,62eab18f-ef19-450a-ac6a-1bdb89396c6a,search,https://shop.example.com/search?q=shoes,d17d0efb-5130-4f40-a379-1d8f530626af,2025-11-13T06:40:19.942249+00:00,920fe448-95d0-4ccb-b77b-2c7cfa389054
82f2ed5e-ce88-4b7f-8a6c-4592ee5d4867,83ef719e-8c7b-4557-b50f-7f4b52ef7644,1faff14d-6ef0-4ad1-984f-f2173efe439f,login,https://shop.example.com/search?q=shoes,bdaaeecc-13f9-40a3-ad7f-c7882c3b4e63,2025-09-21T12:33:53.942285+00:00,920fe448-95d0-4ccb-b77b-2c7cfa389054
807319a6-4196-4c85-83b5-058d74d10c68,496d5d20-34ed-454b-8b58-385cb59dce1d,8824972d-8487-4511-ab29-19748848c976,page_view,https://shop.example.com/product/PROD-0202,cdbf5aa0-2f3a-46bb-9785-90ab501c6fd3,2025-11-23T02:06:08.942346+00:00,920fe448-95d0-4ccb-b77b-2c7cfa389054
901a42c4-098a-4928-a058-f0ce765586cc,0dea9151-c076-4ad7-b0e7-41bf6f58e4c6,9f1515d1-1240-47a2-8e98-536e05b42f03,page_view,https://shop.example.com/product/PROD-0499,65fc8f4b-8936-4883-b323-e92f9ab77fc7,2025-09-26T22:51:16.942406+00:00,920fe448-95d0-4ccb-b77b-2c7cfa389054
b8fc0d65-c473-489f-8fcb-4c80ca918811,c7a497c3-87f9-44a6-afd9-a98600a09ec9,062d588d-6952-4b1c-a9b0-2303f46403ae,page_view,https://shop.example.com/product/PROD-0142,d297ae1b-6453-475b-998e-f146005e4fa4,2025-09-29T11:57:15,920fe448-95d0-4ccb-b77b-2c7cfa389054
4b4c22b0-a714-40ec-bd51-72282aef0b77,1ad80f39-1d89-4dc1-b771-2930e850db64,6462b667-3cc7-4db8-9876-018dd548f9eb,login,https://shop.example.com/category/electronics,569e1d88-d534-4a15-ad78-88cd19a7c95b,2025-11-03T19:31:35.942660+00:00,920fe448-95d0-4ccb-b77b-2c7cfa389054
47e3f4e9-b19e-42dd-bbb4-0843bb05e423,1cf83935-066c-44ea-8980-a30ed3c9ed2c,7b6f2c8a-d15a-4ea1-a23c-f05064d2dd45,page_view,https://shop.example.com/product/PROD-0134,e88c1036-8578-4dba-9750-facdeb0412ae,2025-09-04T09:51:16.942707+00:00,920fe448-95d0-4ccb-b77b-2c7cfa389054
f4aa1046-a9b3-4944-95e8-aa1512f07edd,b661a08d-3371-4909-b47d-2571695ed7f0,,page_view,https://shop.example.com/product/PROD-0114,598212f2-6507-484f-a8fc-311590e216ed,2025-09-04T16:01:37.942751+00:00,920fe448-95d0-4ccb-b77b-2c7cfa389054
d5c018b0-b550-4e64-a1aa-1e1a7be945a2,1b0c9711-a83e-4303-96aa-f1fc1685af6b,,page_view,https://shop.example.com/product/PROD-0077,9179b18d-39a8-41c2-83a9-3e0a7fc4422a,2024/31/01 25:61:00,920fe448-95d0-4ccb-b77b-2c7cfa389054
7a7c087d-cd33-40e0-ad6d-1523c6112bef,1bedaaa7-a5ef-4e9a-ac40-149eff4af11e,62768e1e-7f91-4266-9d07-1fdf6aa55e3a,page_view,https://shop.example.com/product/PROD-0498,13ac49c9-debd-4e87-bd48-268ca2081226,2025-10-29T16:01:05.942865+00:00,920fe448-95d0-4ccb-b77b-2c7cfa389054
85d672e6-32e5-4158-a1eb-02f248b7aeeb,4f996621-fd47-43c0-b83e-d31e0e54c289,43de1926-952b-442e-bd26-dbb74e0bab6e,page_view,https://shop.example.com/product/PROD-0242,128d2907-c9d4-4a6d-a153-491d428e298d,2025-11-04T10:48:14,920fe448-95d0-4ccb-b77b-2c7cfa389054
fc0d2861-e45a-4f7e-b519-22abca0c12ea,afe7a501-8a33-4d04-a401-ff78824d9d4a,,search,https://shop.example.com/category/electronics,1a7eb83b-c2cf-4872-83f2-3b815a3dc745,2025-10-09T02:28:18.942975+00:00,920fe448-95d0-4ccb-b77b-2c7cfa389054
8ad3f992-2bd1-4b7a-bc25-2d7e86d958c8,3aaabb8c-1b90-466c-920f-c1c7487f2836,1c46df31-eee9-4533-8097-269292f6e91d,page_view,https://shop.example.com/product/PROD-0198,4d66375f-d6eb-42a9-8907-11ab1e276210,2025-09-06T03:44:46.943009+00:00,920fe448-95d0-4ccb-b77b-2c7cfa389054
1f59608a-25ab-4fed-ae9d-4090ed17c67e,26e9f7ca-8be7-4937-bd75-ede47e4ce040,67a8bebf-3a7c-4e05-812e-2cdb2b8f6da8,search,https://shop.example.com/search?q=shoes,d6a27565-c38f-49a8-836f-2bb8904ac3da,2025-10-02T06:58:07.943064+00:00,920fe448-95d0-4ccb-b77b-2c7cfa389054
0b2a838b-9a37-4711-aeca-8377712d9603,7daba8ac-64af-4c6e-9757-2362fab3883f,65b34f7b-2a55-451c-b9dd-7c8c1fe4a1ec,add_to_cart,https://shop.example.com/product/PROD-0358,852458be-93f4-4d93-b10b-c3d1a02aab53,2025-10-05T08:38:01.943090+00:00,920fe448-95d0-4ccb-b77b-2c7cfa389054
cdb4e056-7207-476f-bf54-78205b896c83,7fb2f551-2dda-44e0-8275-5636253b3ddc,b97c4377-cd36-4f1d-865e-5e9e0ffc3b43,add_to_cart,https://shop.example.com/product/PROD-0429,79f1196c-ba47-469b-9205-edc4a297d2dc,2025-09-04T11:51:11.943112+00:00,920fe448-95d0-4ccb-b77b-2c7cfa389054
0202f92a-70bd-4c7a-9c42-a1e8ccd276d9,82df99c4-3c6e-4752-a471-32f4dd76b9c1,899442f6-2379-4ed8-a8d9-872ed5d881bd,search,https://shop.example.com/category/electronics,494cf622-3867-481b-8093-c6f58b787330,2025-09-26T20:00:18.943134+00:00,920fe448-95d0-4ccb-b77b-2c7cfa389054
dcadc1aa-9f1c-41e6-83e1-9d1aa77ae6e2,fe31ddc5-8cdf-482f-b43b-80cac0d8a621,3cba3bb3-b31e-400f-b213-c16a2cf7f064,page_view,https://shop.example.com/product/PROD-0344,8d77069e-c9a1-4b07-9691-b4a4b333f9cc,2025-09-19T05:06:21.943192+00:00,920fe448-95d0-4ccb-b77b-2c7cfa389054
1dbef5aa-fe69-4fb5-b59a-f96713de0f5f,70879c8d-24d1-4aec-bf50-8d2c85841b2e,,search,https://shop.example.com/search?q=shoes,450f5183-ac36-44ae-944f-e308ec5600ec,2025-09-27T09:39:38.943243+00:00,920fe448-95d0-4ccb-b77b-2c7cfa389054
86d3c37f-4797-4b13-a2d0-763dcbd31aef,69f9f0ba-d45c-4008-ad6a-14a3819d7f72,,search,https://shop.example.com/cart,bdd365ed-44c1-4b65-9c72-ef3e7f55bb0f,2025-09-06T04:27:52.943283+00:00,920fe448-95d0-4ccb-b77b-2c7cfa389054
bd47bb54-5045-4c08-ab28-b8c27be8efe7,f3a98acb-8e66-4b77-8c19-7ba072cc8677,,page_view,shop.example.com/product/PROD-0435,a238b523-bcbc-4db5-9b5c-e6e9480eff1a,2025-10-14T11:53:34.943313+00:00,920fe448-95d0-4ccb-b77b-2c7cfa389054
9a1cc267-c612-4fd5-8ea0-0fa0bd094fee,b302284e-a037-45c8-9845-2a7ac4e8139f,c32d33ff-7eee-42eb-a1a0-0af65188be40,page_view,https://shop.example.com/product/PROD-0236,579b9586-3654-4ae2-8e74-af0cc5286cf4,2025-10-31T12:17:18.943348+00:00,920fe448-95d0-4ccb-b77b-2c7cfa389054
457fac10-ba1d-4108-8aac-8f25e74a785b,7854e095-8eef-4ddc-8c87-d0073e7af859,,add_to_cart,https://shop.example.com/product/PROD-0455,0769d7b6-cfeb-451e-9ad4-1f476f1a4c74,2025-11-09T22:13:47.943370+00:00,920fe448-95d0-4ccb-b77b-2c7cfa389054
6a5b676f-e69c-4a86-8914-760730e74b3c,3bf29ed4-aa6e-4e16-af7e-d0c163f8a9ab,e431b3c9-0ef3-4f87-adc6-b1e5eeb97bd2,add_to_cart,https://shop.example.com/product/PROD-0029,ac76334a-d3f8-413f-9ef9-b265bc9aa64e,2026-03-04T16:04:29.943399+00:00,920fe448-95d0-4ccb-b77b-2c7cfa389054
913083df-2144-4e8d-9d9c-6dfa0ae66142,a72ec19d-bea4-484f-9970-897d8d51bf48,,page_view,HTTPS://SHOP.EXAMPLE.COM/PRODUCT/PROD-0079,f9377d63-a382-469d-80e5-e0fdd423ec18,2025-10-04T11:00:01.943527+00:00,920fe448-95d0-4ccb-b77b-2c7cfa389054
f2bfee30-1642-479f-a8ad-6c74209f515b,67c02b3b-1517-46e9-9191-fcd150ba5bea,344a4e04-442b-42eb-ba95-dec5d17fbbcc,page_view,https://shop.example.com/product/PROD-0029,ca1cf7f8-9509-4fff-883f-141aaf25d743,2025-10-21T05:48:37.943614+00:00,920fe448-95d0-4ccb-b77b-2c7cfa389054
82804656-cf8b-4606-adb7-c6a3b6a306cf,6277f906-6601-4078-aa1e-da43eea60481,40818de7-697c-48e6-ae07-c222f359339e,add_to_cart,https://shop.example.com/product/PROD-0142,26ca77f9-5307-4382-9d1d-0031580fec27,2025-12-02T04:22:47.943653+00:00,920fe448-95d0-4ccb-b77b-2c7cfa389054
74acc065-348c-4006-950d-64d2ffb06ccf,8c7ec443-39b5-4719-8fbb-1bdedb673c59,892a8589-2511-41c8-b819-77b9e3b80dbc,page_view,https://shop.example.com/product/PROD-0266,1ef6c560-0e35-4a48-92a4-d7c4fbb3c6e3,2025-11-25T16:50:57.943798+00:00,920fe448-95d0-4ccb-b77b-2c7cfa389054
39d3dce9-9b0d-4088-b2c8-5787edd7a76f,8f0a77bd-47c0-4f55-b566-64fe509d2541,fac2cbf3-880a-43b1-8663-3516fb327c75,search,https://shop.example.com/search?q=shoes,d63e97ac-89a8-4f2f-bf5d-7d780f53e2ed,2025-10-08T18:26:05.943996+00:00,920fe448-95d0-4ccb-b77b-2c7cfa389054
05df2686-a5ad-48e6-93c3-d558e7b45bfb,23d8a5b4-c3b1-43eb-88ad-243871b6929e,ab4e6295-6609-4ada-aaaf-d1e2c4b34657,page_view,https://shop.example.com/product/PROD-0047,c36730ae-b5a9-4dc0-839a-9f91f968a79a,2025-10-30 02:26:57.944109+00:00,920fe448-95d0-4ccb-b77b-2c7cfa389054
afa6bb11-0cfe-4761-a9af-a3cf85b9d00b,82f86843-bcb6-4012-95bf-b8a9fb0801b1,,page_view,https://shop.example.com/product/PROD-0090,3193dcea-c788-4b0e-a67f-f8a882061f98,2025-11-16T03:20:52.944167+00:00,920fe448-95d0-4ccb-b77b-2c7cfa389054
837f47a3-362f-4893-9f79-94d9ea6f2ff5,b0d0d6ad-8b58-4a77-a1e5-ce5d3c3eee38,efd6b18d-99f9-4f5e-9b75-dbcd104b049a,page_view,https://shop.example.com/product/PROD-0442,a7c65e65-db4c-4b77-8345-4b9c93d4e5b4,2025-10-15T13:24:42.944229+00:00,920fe448-95d0-4ccb-b77b-2c7cfa389054
0ab61748-b826-4329-957d-086a8cc7aedb,bcdf6db1-b82d-4dd7-a47a-2daacd70f20b,1773f15d-a14f-4d94-abe2-b24c216d2761,login,https://shop.example.com/,d660a1a4-0b0a-4012-a7e6-38cdb9cbb39f,2025-10-01T13:39:04.944260+00:00,920fe448-95d0-4ccb-b77b-2c7cfa389054
d1dfe075-96ef-4d14-91ed-a207f9f622d9,f30e58d2-f4f5-4de4-b211-4cc45979159e,,page_view,shop.example.com/product/PROD-0059,416dff27-cdab-4b03-b122-5b5a2702a62a,2025-10-15T04:43:35.944298+00:00,920fe448-95d0-4ccb-b77b-2c7cfa389054
8d5b9b83-68b6-45cd-93ab-6cda0d44e3fa,9316b7a5-5f56-4d2e-95bd-584d216ffedb,a23fa2cd-cba8-4aff-ad4f-c2f0efdccde2,page_view,https://shop.example.com/product/PROD-0315,de93cd2b-f657-4376-b124-ade1eb4cde03,2025-10-27T05:56:01.944338+00:00,920fe448-95d0-4ccb-b77b-2c7cfa389054
a370375d-8e71-4274-b618-ee603e3f1b96,4150fbe4-2805-46ec-b095-930e2534603a,,page_view,https://shop.example.com/product/PROD-0113,46bf3960-35ba-4cbc-bc8a-a4cf090f99f0,2025-11-20T11:15:14.944372+00:00,920fe448-95d0-4ccb-b77b-2c7cfa389054
b5c6394e-f159-47e7-8575-03126357cc31,c40267c1-9571-4534-a598-5a827abd7686,3d8c6895-bf2c-42b5-9abc-0569c5c8f440,page_view,HTTPS://SHOP.EXAMPLE.COM/PRODUCT/PROD-0497,f50aaa5b-1048-41e0-8cb7-dbe25a11d4a1,2025-11-04T02:53:06.944394+00:00,920fe448-95d0-4ccb-b77b-2c7cfa389054
2d47769d-9043-459c-a22e-14a8d6073108,82822c19-4132-4d80-b803-dfd536fbe672,0faf9cec-be73-4520-9613-e88bb727f146,page_view,https://shop.example.com/product/PROD-0467,39c8884c-63df-4dd9-bd21-d95a34badbad,2025-11-02T22:33:07.944419+00:00,920fe448-95d0-4ccb-b77b-2c7cfa389054
b42719d7-ed17-477a-b0fe-6867491a138e,78561746-fe24-427c-8942-8128bbf31d24,7ec1ad16-21a9-418d-9ca4-1a2b3ea141b5,page_view,https://shop.example.com/product/PROD-0114,6c472d4c-14e9-4071-836e-34b3b4a9697e ,2025-10-04T20:41:39.944442+00:00,920fe448-95d0-4ccb-b77b-2c7cfa389054
a934ec50-9ac4-4876-8d91-5abab0be83ee,e7f3d6ab-8ec8-46d8-ab46-8ff39e331ddf,0d5443b0-245d-46bc-a64d-4360af3badea,page_view,shop.example.com/product/PROD-0394,cfbbb8e8-1c08-4806-9aa8-28d54e9bc55d,2025-09-06T20:36:08.944470+00:00,920fe448-95d0-4ccb-b77b-2c7cfa389054
3f425c1c-153b-41e4-9fcf-7462c4b6d017,77b3f3de-05fa-49a4-8d9f-d44d8f89b87e,68feca3f-cf66-4a04-9463-dfda905f034c,page_view,https://shop.example.com/product/PROD-0268,0e8e24fd-1864-4bad-bc48-07ae7220824f,2025-11-08 17:15:18.944495+00:00,920fe448-95d0-4ccb-b77b-2c7cfa389054
22fb6b7e-b021-4d5c-bc57-2478b11df885,3acbce1c-7de4-4ec3-9c68-6bc462223ae8,,page_view,https://shop.example.com/product/PROD-0158,b48236fb-6eb2-4630-b319-1d061b6e4b81,2025-10-18T07:18:54.944535+00:00,920fe448-95d0-4ccb-b77b-2c7cfa389054
02d0ce27-0ba9-4daa-89ca-7133919e5654,8aeb567a-1f66-4002-92be-907f5f6ff0d6,,page_view,https://shop.example.com/product/PROD-0394,7a03b32e-f448-429f-a385-db7f8f5dc534,2025-10-28T05:54:22.944566+00:00,920fe448-95d0-4ccb-b77b-2c7cfa389054
1efac6fa-c8a0-4227-a7b0-fb9c0d264f13,d5a04c5d-6667-4284-9917-85169d278871,,page_view,https://shop.example.com/product/PROD-0480,FC03989B-FCF6-4939-993E-B7BE6E16B3F1,2025-12-01T11:41:20.944636+00:00,920fe448-95d0-4ccb-b77b-2c7cfa389054
9f28bc0e-5f66-40e4-bd70-bbad379a312f,077d7a0b-e5ee-430f-888f-e7550187d70c,6172d09f-fba2-40f3-ac34-5dd9c239d40b,add_to_cart,https://shop.example.com/product/PROD-0039,b2933064-f682-47e1-be3c-fc6f29f5eb5d,2025-11-10T12:50:19.944666+00:00,920fe448-95d0-4ccb-b77b-2c7cfa389054
d3e6414c-0f77-4675-8c9a-611747ff0d2b,55ce327a-09c2-4454-938f-d45643cd0161,80b603a7-069a-4140-88df-8f45bb570970,page_view,https://shop.example.com/product/PROD-0148,86968fa5-7f07-47ff-ae26-3c7e4e7a1a54,2025-11-29T06:35:48,920fe448-95d0-4ccb-b77b-2c7cfa389054
4972d337-9fa8-49ca-9abe-5c8bfe3240c4,5be4d52c-8d40-4d5e-bf4f-0c6b10801bf9,,login,https://shop.example.com/cart,dc53bbea-a63f-429d-b81c-a1021af75a2d,2025-11-30T19:44:59.944751+00:00,920fe448-95d0-4ccb-b77b-2c7cfa389054
9a90efb9-8133-4228-bd24-c00d9265f9fd,4dab72d6-7ee8-48b4-ab2e-10ccad1659db,c4f635ba-6b3f-40ba-b1f6-32df4ac4888e,page_view,https://shop.example.com/product/PROD-0267,1a27ee9e-5a1e-4d01-a74d-5e5229f768f9,2025-10-27T10:17:52.944789+00:00,920fe448-95d0-4ccb-b77b-2c7cfa389054
b0d46a78-30be-4adf-9a1b-462aa09a1d58,3f07e0a9-b607-4404-8450-e8de28081484,5dea7074-0feb-4fa5-b217-3683187cc096,page_view,https://shop.example.com/product/PROD-0001,27f99531-f166-464d-838a-05eb9739438c,2025-10-01T04:42:47.944820+00:00,920fe448-95d0-4ccb-b77b-2c7cfa389054
d1a393b9-7509-457a-bdb1-4b35a727af93,8804ecb3-56ee-4dee-a829-0fef578a9487,537cb65d-084f-404b-9f01-b0e3555e68a4,add_to_cart,https://shop.example.com/product/PROD-0438,b3a78c37-9654-47d6-a6bd-2559596a25bc,2025-10-01T05:26:19.944888+00:00,920fe448-95d0-4ccb-b77b-2c7cfa389054
0f67c380-b082-40e2-9ed1-66788b8cca04,b6df3ee9-bf93-4816-a94c-ce1bdc1b0b33,,page_view,HTTPS://SHOP.EXAMPLE.COM/PRODUCT/PROD-0215,a506f49b-134f-4dda-b209-6c27f5d142af,2024/31/01 25:61:00,920fe448-95d0-4ccb-b77b-2c7cfa389054
82056b55-2476-43be-a2c4-dcc298191da0,400b071a-1f7e-4812-838f-7002bb73c4d2,d97370cd-8cbf-4106-9120-d99bd54747bb,login,https://shop.example.com/cart,678aebb8-6147-4c9a-8bbb-4fb39e8f436f,2026-11-09T16:04:29.944970+00:00,920fe448-95d0-4ccb-b77b-2c7cfa389054
47384617-0a61-4ad0-bfe6-7baa6c54d4e9,aa1e9ffe-fa16-4e22-a122-9421b03ddab5,5449d219-0bfb-4617-8112-1d6a093781a4,page_view,https://shop.example.com/product/PROD-0432,250de6ce-181d-4e47-841d-4d77cc932c6d,2025-09-02T20:44:09.945027+00:00,920fe448-95d0-4ccb-b77b-2c7cfa389054
c5e3208e-4015-4790-ad09-ec862ea47a5b,c656cb9e-b007-4c63-8746-46316ea33602,55d5c4f5-f027-4afe-a639-e034077de6ff,page_view,https://shop.example.com/product/PROD-0050,26b63cdd-2caf-41b1-a99e-6d02e9b29a1b,2025-10-15T10:52:55.945050+00:00,920fe448-95d0-4ccb-b77b-2c7cfa389054
03acbbe7-c463-4c5d-86ab-5cd2bc8f7840,5c956ef9-593a-4365-a9f7-f5bb6a807d79,074f0939-c71e-487e-921b-756c0236e69b,page_view,https://shop.example.com/product/PROD-0252,8472db0f-3309-4bda-90ec-9984eee3ca29,2025-10-14T03:12:02.945073+00:00,920fe448-95d0-4ccb-b77b-2c7cfa389054
eab4d597-e367-4e74-88af-ec5897e1c23f,2fac29ea-549c-46fa-a240-ec024621f633,373687f4-3329-411f-82d9-73c6b0e34ea3,page_view,https://shop.example.com/product/PROD-0400,3ee8186b-9f45-4af0-9d24-455a0bc1abc2,,920fe448-95d0-4ccb-b77b-2c7cfa389054
abde23e4-cf12-49ee-8c67-578b1d644733,c2d1bd3e-f7bd-42b2-8e1b-70ec2a842fb5,366f6094-b2cd-44ea-84df-4818e850c622,add_to_cart,https://shop.example.com/product/PROD-0035///,b63ac5c7-7961-4665-842b-00bbcda871a8,2026-06-01T16:04:29.945142+00:00,920fe448-95d0-4ccb-b77b-2c7cfa389054
b0228cd0-a246-4f9c-86be-44dfed29f334,38311ff2-7c39-4fb8-8330-b57a127032d8,f3a73471-85f6-43de-84f8-221cfb0fb290,search,https://shop.example.com/cart,3e15044a-91b6-4414-b817-8248addf7147,2025-10-18T11:51:13.945215+00:00,920fe448-95d0-4ccb-b77b-2c7cfa389054
2f3d6700-187c-481d-9b53-04ffdab0939c,10fa8124-172d-4564-8f3e-7e8377b596b1,c1ddab0a-1d41-4c65-924c-6b39d7a2d293,page_view,https://shop.example.com/product/PROD-0028,bebd757c-76c4-4d73-ba85-7cfdda22b0b7,2025-10-23T17:00:29.945310+00:00,920fe448-95d0-4ccb-b77b-2c7cfa389054
ad36dbd7-d9e0-4efa-b6bc-71510800658c,d8375eab-2340-4329-8984-22d8f95f2bd9,,page_view,https://shop.example.com/product/PROD-0106,5d1e83fd-2c0a-48f8-9899-57289f312623,2025-10-22T02:32:24.945335+00:00,920fe448-95d0-4ccb-b77b-2c7cfa389054
5819b28e-90bc-49c6-8034-6c22e5eb22a7,f12622d0-6de3-4f18-bdc0-def18587c7e8,f5d22967-582c-4700-b552-3b13611ffb76,page_view,https://shop.example.com/product/PROD-0098,2cf7c4f4-7a1b-4258-8444-40208847e90f,2025-09-15T17:00:17.945400+00:00,920fe448-95d0-4ccb-b77b-2c7cfa389054
e5873cb0-3d05-42aa-b7b5-7e5617ad4fea,368bc0d0-2af8-4570-a863-10363a0eeb77,4b9c6d1d-8bbb-4628-b57c-0881cb57684b,page_view,https://shop.example.com/product/PROD-0167,25d2632a-53a2-4c9a-97df-57dc0aa68a9b,2025-10-23T17:55:15.945424+00:00,920fe448-95d0-4ccb-b77b-2c7cfa389054
70ca415e-02fd-4565-8597-75bb3a21c733,48244842-d931-4c95-8bae-1f6d407bda1d,6cc7d54b-f878-4629-a299-bca8589af0e9,search,shop.example.com/cart,1ab40752-13c8-4671-8a2d-2d819b5fa9fa,2025-09-22T21:41:30.945445+00:00,920fe448-95d0-4ccb-b77b-2c7cfa389054
c3d83bc1-67f2-4322-97a2-0bc26bc9ca1f,0911e90f-226a-4df0-938b-2d43d716834f,bb325792-003a-4d9a-8eca-81b2c6eacc2c,add_to_cart,https://shop.example.com/product/PROD-0413,4e52a391-eeb2-4442-b98f-403bcaa74bbd,2025-11-21T11:35:40.945470+00:00,920fe448-95d0-4ccb-b77b-2c7cfa389054
1dc1a136-5b91-433e-860c-948c1e281ad6,ba024e65-d39e-4aec-bf4a-b6831592a9cb,,add_to_cart,https://shop.example.com/prod////PROD-0047,024c85c4-841e-4a1c-9623-0de8f8d2764e,2025-09-09T06:18:48.945501+00:00,920fe448-95d0-4ccb-b77b-2c7cfa389054
78cb807a-978f-44b1-aca1-9ec54fe597b3,c10f250e-7907-49bb-837c-014d8a68ffdd,d452bbf7-0c1a-4ea2-8486-47ad461e9477,login,https://shop.example.com/,3226c950-0a69-41fb-b3a8-c8d2fee3f386,2024/31/01 25:61:00,920fe448-95d0-4ccb-b77b-2c7cfa389054
8641143f-e017-47aa-b097-662d1feab35b,9a25a8da-8ffe-46d3-a0b6-bd23c404a544,66986c70-a2f1-4fcd-bfd5-22ebdd31821c,search,https://shop.example.com/search?q=shoes,499b5c80-c622-44b9-865b-52d7ef6e705a,2025-09-12 19:15:30.945590+00:00,920fe448-95d0-4ccb-b77b-2c7cfa389054
2b0f03bc-0701-452d-b720-0849299338c0,8d14bbde-96ac-4329-9247-2e7229ff3519,,search,,cf1bfa95-b059-4983-81d2-119d388f3f86,2025-11-01T22:23:44.945636+00:00,920fe448-95d0-4ccb-b77b-2c7cfa389054
85a1d922-8582-4351-9785-8544139a19d9,b8678209-7337-44ba-a256-8023643b6888,,page_view,https://shop.example.com/product/PROD-0225,f5955258-d3bf-4857-a144-52836f4615c8,2025-11-15T07:14:58.945682+00:00,920fe448-95d0-4ccb-b77b-2c7cfa389054
e3636e76-8c0a-4e45-9da6-66e013914ddd,39865d2d-b342-470b-8f05-fcdc3b923516,4ce0f47d-84d4-4cac-b205-f3a74429163d,page_view,https://shop.example.com/product/PROD-0229,6715c198-0051-40e1-8192-4a2e4be4b019,2025-11-26T12:06:18.945705+00:00,920fe448-95d0-4ccb-b77b-2c7cfa389054
846339f9-d15f-46f8-99f5-6f2ee5eb3772,1e4052c2-de76-4c3a-9476-51cf31a873d2,13fbbbba-179f-49e6-b928-a2e3ceb1c719,search,https://shop.example.com/category/electronics,f243c3d1-1660-4282-b981-ee24c8bba418,2026-11-28T16:04:29.945733+00:00,920fe448-95d0-4ccb-b77b-2c7cfa389054
55969e7e-418a-4650-ac5a-d45fe77b4b54,1e3c8451-bae3-4cee-8e4c-1a1558ebb4ce,fc46dce0-8cc5-48db-ac57-69b966390475,page_view,https://shop.example.com/product/PROD-0217,976898bf-7367-448b-bf46-8727eb922dee,2025-10-21T21:34:13.946017+00:00,920fe448-95d0-4ccb-b77b-2c7cfa389054
e3a2aab4-0880-4221-9348-588a3b034931,9621eecd-5667-4554-9b84-8151f7ed2396,fcb801a6-3493-4dae-8fc6-807664d4ac4d,page_view,https://shop.example.com/product/PROD-0247,36c02af9-ada1-4495-a1ea-df065e3526cf,2025-11-02T17:35:18.946040+00:00,920fe448-95d0-4ccb-b77b-2c7cfa389054
51c9d9f5-f5e5-445a-a710-736d9673a5fc,2545b096-caa0-42c4-ab4e-ab0499ef3454,5fb4509b-0519-4319-b536-2cc932aa212b,search,https://shop.example.com/search?q=shoes,6082fd22-0c5a-49bd-898b-4eee43a1969d,2025-10-25T10:39:13.946067+00:00,920fe448-95d0-4ccb-b77b-2c7cfa389054
874acfd7-08dc-472f-b52c-260b317dc1e2,0534ef36-2afa-4b46-828d-eb6dc93909c4,,page_view,https://shop.example.com/product/PROD-0212,4c4a5d5f-5639-465d-b2d6-589583450fe3,2025-10-04T05:36:53.946104+00:00,920fe448-95d0-4ccb-b77b-2c7cfa389054
91fd3b00-cba0-4d7d-834d-c92438e8656a,7c728bf2-1893-4459-912f-fed75b43f5b8,537da2ef-6d4c-4262-836c-4d595955a010,search,https://shop.example.com/cart,39aa3354-8a1a-47c3-83f7-44306d7cc6a3,2025-11-12T20:18:40.946128+00:00,920fe448-95d0-4ccb-b77b-2c7cfa389054
2a6ffa57-b38f-43ce-b79a-0135fbb3feea,8fcc5e9b-bc14-45a4-96cb-483c9fad98f1,2a4cd403-f961-4f0a-85a4-4896053f46db,add_to_cart,https://shop.example.com/product/PROD-0052,1418e54d-9015-4ae4-80dc-1c1a37573530,2025-09-23T14:00:10.946154+00:00,920fe448-95d0-4ccb-b77b-2c7cfa389054
783fa645-fb67-44ec-a942-53234a31f0b2,ca7fd8a6-22a3-49a7-91ca-15f4d627147e,,login,https://shop.example.com/category/electronics,fdf794c4-161f-4f7e-9ce3-9caf1c28f3bc,2025-11-14T15:38:15.946175+00:00,920fe448-95d0-4ccb-b77b-2c7cfa389054
aab223ff-a312-478c-8d42-9d38b50cf4e0,ad01c315-3d31-4854-abed-7a275f4dbf87,,login,https://shop.example.com/cart,d596196c-fd97-4755-85fc-13a462b76ac1,2024/31/01 25:61:00,920fe448-95d0-4ccb-b77b-2c7cfa389054
4407fcab-5d8c-4fa3-8a6f-1a3651cb4223,9da1c5ca-be8a-4821-ae99-c1586fd097bb,,page_view,https://shop.example.com/product/PROD-0136,6fc2d896-b93d-4fe1-88be-0d443fee4d08,2024/31/01 25:61:00,920fe448-95d0-4ccb-b77b-2c7cfa389054
8c047beb-79ed-4037-8935-cf95e3e5db6c,908b3f16-193c-4aba-b92d-1a62aa11b5fd,,page_view,https://shop.example.com/product/PROD-0329,3b579a38-94c0-4f57-99a8-18497bacd4e3,2025-10-19T15:20:54.946286+00:00,920fe448-95d0-4ccb-b77b-2c7cfa389054
8215a4ee-a5e8-4bbc-a1f0-4154cfb2df97,25849a54-17a8-48d4-bcd9-f043e1a001e0,8baf4f15-6699-49ec-b379-162a9a9810cb,page_view,https://shop.example.com/product/PROD-0333,1a5a6812-1a20-405c-9743-c0b4cefc799f,2025-11-22T22:17:31.946337+00:00,920fe448-95d0-4ccb-b77b-2c7cfa389054
858e1507-5924-4660-9b67-e7a172bce9b2,65f3ac9c-8afb-4249-9e97-dffe375cd155,1b53f5ab-807a-4dfa-bdc9-bfd2239fcba3,search,https://shop.example.com/search?q=shoes,0eaedd47-1c15-461a-ae16-5aebf206aa28,2025-09-26T01:35:36.946377+00:00,920fe448-95d0-4ccb-b77b-2c7cfa389054
572fe6a8-4b12-4b9b-b89b-26edb42d8b63,e3e347f1-d74c-4a9c-b546-654c988cf0c7,e7f4a786-a2ab-458f-aedf-836bb1b78afe,add_to_cart,https://shop.example.com/product/PROD-0342,51069cde-1b9f-4e6e-a027-044720405097,2025-10-22T04:56:20.946400+00:00,920fe448-95d0-4ccb-b77b-2c7cfa389054
1f24660c-f233-44e4-afb7-66386f5d0288,e06cbade-559b-4d50-b2b4-05666303f12e,e09696ea-d788-4e1e-9f7d-3706df2fdd7b,page_view,https://shop.example.com/product/PROD-0147,bced1a8d-3b86-4e2f-a48d-4579f4556652,2025-10-07T20:29:33,920fe448-95d0-4ccb-b77b-2c7cfa389054
f9d46ad1-b321-40d4-90f0-4f3d2644d665,8aa8a92c-4867-4bcf-9fde-b90e67c9b199,ab6b0a07-6443-4ba2-85d9-2c7eb055b22e,page_view,https://shop.example.com/product/PROD-0500,6ec725c3-c652-4bd0-8ece-4efa53f5cb0b,2025-11-16T01:38:41.946602+00:00,920fe448-95d0-4ccb-b77b-2c7cfa389054
bcebc5ee-f527-4ea5-a295-7a43c8f8bc2b,a40e7114-a6ee-404a-9d8f-1ae805a9e558,2ae4bf58-78b3-4500-99d4-d17792178261,page_view,https://shop.example.com/product/PROD-0407,6ed4adac-36dd-42f8-a16e-59052ea31439,2025-12-01T18:30:54.946660+00:00,920fe448-95d0-4ccb-b77b-2c7cfa389054
e23ebc7f-aa7c-4d5b-85ce-96e261ca9370,2413d2c4-84c5-4315-a342-4bbec8ea2986,64b599d8-ec32-4a73-a9ac-6b7e26c97a53,page_view,https://shop.example.com/product/PROD-0335,49f90ca5-4728-4186-a786-3ad1d37b0f4e,2025-09-28T11:31:42.946688+00:00,920fe448-95d0-4ccb-b77b-2c7cfa389054
7de427cb-697a-4987-8a88-fe2fa0daf3fc,ee6e6d1d-0833-4d84-9353-1d73facbaa30,57fce4f9-bf3e-4769-a604-72228371ea79,page_view,http://///shop.example.com/product/PROD-0474,c4216fa0-6d43-46fd-861b-e7438f950527,2025-09-15T02:43:18.946715+00:00,920fe448-95d0-4ccb-b77b-2c7cfa389054
ef7f95ba-4142-4f02-ab4c-f14dcdb6536c,38c3a669-0772-42e9-a489-4bb715a92b98,9cb05712-4135-4a55-925d-1631bb14c6e5,search,https://shop.example.com/search?q=shoes,5b5a5c3a-5420-4eb1-a293-6f532a2e1bfa,,920fe448-95d0-4ccb-b77b-2c7cfa389054
aebf2194-08f5-42fd-9caa-d20912e2148e,bae781bf-37d7-442c-aacf-846052450e66,,page_view,https://shop.example.com/product/PROD-0366,9e347d31-d3ce-4b42-bed4-ea39ee60816b,2025-09-08T22:25:16.946810+00:00,920fe448-95d0-4ccb-b77b-2c7cfa389054
afe425e8-b321-4581-8974-59716b1a19d2,2d94397d-7cd7-4b0e-9858-ef7aaf528cb5,,page_view,https://shop.example.com/product/PROD-0259,f0e97ffd-3407-4027-acec-deb8e8c7b024,,920fe448-95d0-4ccb-b77b-2c7cfa389054
6fe44fb1-2e6b-4221-b882-8a61b8e14c83,ae12091d-9f0d-4627-bf06-24ba5a7bf763,8c87210d-d556-4aa2-b8b9-cb83aeee5c1a,page_view,https://shop.example.com/product/PROD-0433,91392350-2b79-4685-9324-3e79014dfa57,2025-10-10T16:10:35.946862+00:00,920fe448-95d0-4ccb-b77b-2c7cfa389054
3bd5a0b7-f111-4d92-9832-f394ba655649,8f0a77bd-47c0-4f55-b566-64fe509d2541,,page_view,https://shop.example.com/product/PROD-0193,30493106-5293-4bfe-b684-184463e5ddb4,2025-10-15T04:14:14.946889+00:00,920fe448-95d0-4ccb-b77b-2c7cfa389054
d46d2a90-fbdb-4394-86aa-d4096bc0ba1d,bd0fe50f-97c7-46b7-b12d-8a09b54b3ee6,840ef90f-33f1-4f71-9a8f-b71cf493c432,page_view,https://shop.example.com/product/PROD-0328,90aa9875-ba60-442d-ab1e-cb6b35f61d1b,2025-10-16T12:51:46.946932+00:00,920fe448-95d0-4ccb-b77b-2c7cfa389054
305e9352-4615-4cb9-a725-6196f334f657,dd24d2fe-5fa1-4a96-be0e-0124351f0f57,3a1d6e25-e894-4a68-b211-704a1129ea44,search,https://shop.example.com/search?q=shoes,0c25e665-477c-4948-8657-232734c5254a,2024/31/01 25:61:00,920fe448-95d0-4ccb-b77b-2c7cfa389054
40d61e61-b8ff-4944-813f-8ad24871d5aa,3e538fe7-8f81-41c8-ac0d-edf1e175f49d,,login,http://///shop.example.com/,97f343ba-83b4-40f2-b182-640c66d89418,,920fe448-95d0-4ccb-b77b-2c7cfa389054
a9931927-5ee8-4984-8144-d33f900746d5,1e4052c2-de76-4c3a-9476-51cf31a873d2,6e1c15f5-1d81-4f7b-a773-7c51589f48f1,page_view,https://shop.example.com/product/PROD-0395,7f9490d8-4e70-40e6-bc4d-7c4154fa3105,2025-11-06T12:34:45.947054+00:00,920fe448-95d0-4ccb-b77b-2c7cfa389054
68fc2791-2c95-4642-a979-291aae2aeee3,2bc9f0a0-8f74-4eb4-894d-45e39e327eb2,,page_view,https://shop.example.com/product/PROD-0413,6419d11f-df46-4917-8e2e-794b9fd32494,2025-11-21T07:10:39.947083+00:00,920fe448-95d0-4ccb-b77b-2c7cfa389054
5849febe-cdf1-414e-bf2a-e0cb33671a43,82389141-8152-4b20-b8d3-63057fe5c8fe,13b02794-0d62-4bee-90b1-2121b5ec2640,page_view,https://shop.example.com/product/PROD-0036,c6b45572-1d64-43aa-aaa4-dc4db9d34e81,2025-11-29T11:50:27.947105+00:00,920fe448-95d0-4ccb-b77b-2c7cfa389054
d0923eeb-3ef8-4cc4-ae22-9c40c2fb4dfc,dcd5f407-66a5-4670-bad9-d5cd113737ab,bd805369-cb50-478a-9c18-8636e0810573,page_view,https://shop.example.com/product/PROD-0065,3ff349e9-90cc-41b0-9c94-6237ea022d30,2025-09-05T19:05:58.947127+00:00,920fe448-95d0-4ccb-b77b-2c7cfa389054
6b58bbae-494c-4efb-8918-f4418c4b6eaa,7dd3d2a5-f651-4f11-97c0-3b496c73817a,d5eba28d-de0c-440e-9ced-f9c25e2b83fe,login,https://shop.example.com/search?q=shoes,b1aee831-7e17-444f-9843-763f37b575f8,2025-09-03T23:31:30.947159+00:00,920fe448-95d0-4ccb-b77b-2c7cfa389054
e208c7f9-ccdb-4707-b2d2-9e3283f29173,ed47749d-014c-4b41-ac68-ed8529890848,,search,https://shop.example.com/cart,f7d620e4-1a4b-4ff1-a858-86ab1f9aa5db,2025-11-23T16:27:58.947208+00:00,920fe448-95d0-4ccb-b77b-2c7cfa389054
7b6e4351-e30b-4fa0-b179-d729ef7f6963,ec4f96c4-82c5-4622-bbba-961efa314a9a,61c22cee-c28e-4843-991d-2bf996d61164,page_view,https://shop.example.com/product/PROD-0305,23512a36-80da-4acd-ba2e-d2ebc4dd3453,2028-01-14T16:04:29.947238+00:00,920fe448-95d0-4ccb-b77b-2c7cfa389054
3950bea0-0dbc-4f5e-a007-4d88ffcfec05,18f42d06-02db-4fdc-a146-5ab91730e7a3,0babb741-536e-4b89-839c-af5ae75f0f8d,page_view,https://shop.example.com/product/PROD-0353,f34767dc-716e-45e1-86ba-9125a9ef5117,2025-10-20T09:31:09.947274+00:00,920fe448-95d0-4ccb-b77b-2c7cfa389054
3694db0b-121c-467f-91c8-f27353e47f3c,2adc0681-a966-4274-aed5-52b7be1e5f16,e961f972-21f9-4467-a81d-535978d84fdf,search,https://shop.example.com/category/electronics,89b48623-9117-461a-bc3c-d5eae034f474,2025-10-24T18:31:52.947296+00:00,920fe448-95d0-4ccb-b77b-2c7cfa389054
45d99580-3189-4780-82ab-a1f50be540d3,57b235cc-544a-4694-bc4a-be1c3cf814d9,432b5732-146b-4d97-b7c0-f2149686aee9,search,https://shop.example.com/,e367e9d8-866a-4f54-a1f8-08aa29e54e31,2025-10-11T02:46:46.947327+00:00,920fe448-95d0-4ccb-b77b-2c7cfa389054
d915e3dc-2e2b-4df0-bb3b-5133e1b09012,2a52f116-fe80-4d8b-8000-0837b7862854,,page_view,https://shop.example.com/product/PROD-0060,9f93256f-053e-40c5-a67e-c965a258d7e2,2025-10-29T17:34:25.947391+00:00,920fe448-95d0-4ccb-b77b-2c7cfa389054
5d2e61bb-78ee-4f6f-b7e0-e3c15b955200,3d243c41-5aca-4004-8241-8652aa61892b,,page_view,https://shop.example.com/product/PROD-0261,b1e56a95-f343-4b9e-b0b6-3c76d9e1f716,2025-10-06T02:15:19.947420+00:00,920fe448-95d0-4ccb-b77b-2c7cfa389054
12aa4824-18aa-475d-a0f9-c1872dac56c4,80e785c2-18ef-4200-9666-97713301d511,70383e18-c7f3-4e79-a3d1-9cdb58fd7223,page_view,https://shop.example.com/product/PROD-0356,7e1f531f-d79b-4606-9581-357df10be5d0,2025-09-22T14:28:10.947476+00:00,920fe448-95d0-4ccb-b77b-2c7cfa389054
bc17f6eb-ec7c-4e03-a5b2-ebbe41d6a853,fa83e6dc-eb4f-484d-97e3-4554db28cc02,a9941c8c-9081-42bd-a63d-aa3e0e3b48fd,page_view,https://shop.example.com/prod////PROD-0330,c0835cc3-f0a9-49c6-b37f-e9e895881db2,2025-10-27T10:54:36.947506+00:00,920fe448-95d0-4ccb-b77b-2c7cfa389054
43c5ef23-82ef-40d0-ae7d-4f4574086e53,610a2884-666c-446c-bf4d-9a0dd43eaf61,22d15c4d-9f3f-43ad-91a7-5a27b7452b1e,page_view,https://shop.example.com/product/PROD-0476,daeedc05-9ce2-40a1-a795-c36387029255,2025-09-07 20:49:40.947530+00:00,920fe448-95d0-4ccb-b77b-2c7cfa389054
b4b85aa8-8ffa-428a-882f-aa6078ca59f3,9227dd67-12b8-446a-bbcf-abc8826f015c,,search,https://shop.example.com/category/electronics,74229d0f-a456-4a07-8db5-ae88b4a24e0d,2025-10-25 03:37:53.947560+00:00,920fe448-95d0-4ccb-b77b-2c7cfa389054
23dcdf55-5ecc-4a9e-9ad6-579af1e756d2,d2183afc-8a6e-4eff-b745-78cbe74f270e,65f5cbcb-1447-4e2b-8a26-a980844bebb7,page_view,https://shop.example.com/product/PROD-0198,82f4e7fd-7a5e-4ed8-8ba6-e86eb7cd3845,2025-09-30T09:16:44.947597+00:00,920fe448-95d0-4ccb-b77b-2c7cfa389054
b08fb465-0311-4518-8266-9e69c9934abd,6cc35a7d-e2af-4ee9-a1a9-0f49ebac9e7e,f6b6a376-fb2a-41a9-8c9e-688dcd11e7e8,add_to_cart,https://shop.example.com/product/PROD-0433,72b8325a-db92-4675-8e78-485c70ffd1b7,2024/31/01 25:61:00,920fe448-95d0-4ccb-b77b-2c7cfa389054
91fb5d15-f487-48c2-80d1-c02b7ca1d7b7,5f1e0773-6968-416d-abb3-f6ffd7257250,4b4e580b-6ab9-4f5c-8ed4-7053709fb58f,page_view,https://shop.example.com/product/PROD-0038,4ff646f7-0165-4d61-9ef7-4f90fdc8c1c1,2025-10-22T03:03:11.947651+00:00,920fe448-95d0-4ccb-b77b-2c7cfa389054
629d032c-626f-45f2-a17c-3e7db6b045eb,abaa6c4f-106e-4015-8719-25da676dace8,,page_view,https://shop.example.com/product/PROD-0465,a238003f-e0cf-49fe-8ec6-d0ef2afa3622,2025-11-19T10:03:02.947680+00:00,920fe448-95d0-4ccb-b77b-2c7cfa389054
005933a0-fc2d-4deb-8d68-e4e702c59716,c168627b-092a-4f5f-9da7-4ce6e6321507,27ddf840-6e0a-461f-8715-ae5a469efdb8,search,https://shop.example.com/cart,b2235444-400b-4b76-995f-44ecf8b2caa0,2025-09-28T20:44:47.947722+00:00,920fe448-95d0-4ccb-b77b-2c7cfa389054
4dce05de-cffc-44ee-a73a-63721802cb5b,a5778d8a-d825-4465-8d89-da7c14721b86,7a2a4830-8ff5-4ccb-9972-73684a045657,page_view,https://shop.example.com/product/PROD-0016,b737fdcc-8101-4aa6-97c1-06e3320b954d,2025-09-03T12:58:03.947745+00:00,920fe448-95d0-4ccb-b77b-2c7cfa389054
da1327d7-a5f3-49fe-9b66-34ff8201e8b2,acba3c1e-a43d-49fb-bd3d-e7524da0bba7,9a423e17-fdb5-4c70-88bf-bfa3a7f599f6,login,https://shop.example.com/cart,44f73925-9ffc-485c-b6f8-10a7b15daf1f,2025-11-27T01:50:26.947768+00:00,920fe448-95d0-4ccb-b77b-2c7cfa389054
1758eca6-3f73-4f04-a876-3555cb8847ed,52948b29-3d2e-4b24-a156-e2447b38fecc,1a5c56c1-1487-4928-8848-cc586c0a1896,page_view,https://shop.example.com/product/PROD-0248///,e5ca6014-b0b2-4205-9a45-d06f47d82300,2025-10-05T01:47:57.947796+00:00,920fe448-95d0-4ccb-b77b-2c7cfa389054
540ffdd3-c718-43fc-a938-b967a1f172d4,7a650099-87f3-4f66-9e45-8f495e702a95,,login,https://shop.example.com/cart,14dda737-b61e-4b55-9106-15d9fe2710f7,2025-10-08T12:42:22.947841+00:00,920fe448-95d0-4ccb-b77b-2c7cfa389054
6d4d5331-8d44-4aec-91b7-163de411d886,88b27318-b8f1-4bef-8134-54f84ced44e6,745f01e2-3573-43b5-b57a-0b7960059844,add_to_cart,https://shop.example.com/product/PROD-0117,a0049800-0a04-4537-9c8f-2c2458cc3281,2025-11-28T07:43:23.947865+00:00,920fe448-95d0-4ccb-b77b-2c7cfa389054
7b41fdc1-1311-440e-b7a9-36ac18cf9aaa,d8505c64-04d6-4641-8804-94293597047a,100652a4-2929-4ee5-8ccc-e8ef3e5d80d3,page_view,https://shop.example.com/product/PROD-0224,369f572d-ea1f-4c28-a8ed-6400187420e7,2025-11-03 12:53:53.947895+00:00,920fe448-95d0-4ccb-b77b-2c7cfa389054
a22cb464-e8f7-49b7-928c-3d41c8364b47,bda0e057-3e13-4055-b775-cf16f9dc484b,e0e88f00-504d-4f6a-b39d-4ebbe7acd610,page_view,https://shop.example.com/product/PROD-0039,dd9ffc6d-850f-4732-84ec-f96a0bb0e141,2025-10-07T02:55:03.947927+00:00,920fe448-95d0-4ccb-b77b-2c7cfa389054
ff18a37f-0683-4579-8778-2ec1030439f9,de2cac9f-694b-44d8-adda-0adae4387d4c,,page_view,https://shop.example.com/product/PROD-0051,6dcb6200-e0d5-4229-a5a1-39f4d2519267,2025-09-06T02:08:14.947962+00:00,920fe448-95d0-4ccb-b77b-2c7cfa389054
40a7414c-3450-4543-adfa-3b14dee7e07f,f12519c3-4e7c-419f-b5a2-492820515205,,page_view,http://///shop.example.com/product/PROD-0175,f1c1595c-b0b9-43a0-a57e-d19f0b99f6c0,2025-09-26T19:56:33.948018+00:00,920fe448-95d0-4ccb-b77b-2c7cfa389054
a18fed79-ef03-4156-b5e8-6eab9a151f69,5e51d828-0358-46f1-9dc5-153134178cbc,c821a4b4-113c-4464-bcca-42146785546c,add_to_cart,https://shop.example.com/product/PROD-0334,6e060ab2-6988-4b61-8d54-02a672ce57b2,2024/31/01 25:61:00,920fe448-95d0-4ccb-b77b-2c7cfa389054
7e9a410e-e0a3-4294-9662-168f01f09926,4f6b797d-5e35-451e-ba84-1ef3a980391a,cb84bf56-a31e-4ebc-94e6-0415c54c8528,add_to_cart,https://shop.example.com/product/PROD-0356,1a7c7dd7-d0a0-4268-9cb2-771436977b6d,2025-09-05T11:50:04.948105+00:00,920fe448-95d0-4ccb-b77b-2c7cfa389054
78bfd9ff-fa1f-47ce-b437-3d86d96f8837,b8388183-dbdd-4a2b-905a-1579184f4db1,,page_view,https://shop.example.com/product/PROD-0032,46c3e7d0-bd43-4914-abff-0ee41c28a61a,2025-10-14T18:57:11.948126+00:00,920fe448-95d0-4ccb-b77b-2c7cfa389054
9b582a06-e75c-4fbe-97bb-e746dd1ac41e,953e9666-9ca9-4995-8d48-ff4838b039ce,,page_view,https://shop.example.com/product/PROD-0444,ad6a3293-3545-45ef-8a21-78b4c49a95be,2025-10-23T17:04:07.948147+00:00,920fe448-95d0-4ccb-b77b-2c7cfa389054
c8f38005-fed8-4450-b8dc-f504bda50c23,63c959c3-6665-473d-a3b7-476aaa9cdb90,0b380427-f20a-49c1-b39e-1d3993a6f364,add_to_cart,https://shop.example.com/product/PROD-0102,36a1b86a-f644-4aa2-9bc8-7b3f7eba0fe7,2025-09-27T16:34:18.948170+00:00,920fe448-95d0-4ccb-b77b-2c7cfa389054
33ca8e15-33a9-47d2-9f80-1bebcc62b1af,0a3014d2-f6c4-4dd8-bea6-03543a5206ee,ddce7854-73f7-4ab1-b495-213abe2c2940,page_view,https://shop.example.com/product/PROD-0218,67dc0d22-8f9f-4c43-b504-0ed4bf148bf1,2025-09-18T04:08:13.948193+00:00,920fe448-95d0-4ccb-b77b-2c7cfa389054
27d2f5f8-bd94-49a8-b701-4a1bd2bd80f6,31725318-f695-4b87-89d1-8b380d344fc6,a161df53-65b9-4001-882d-8206aab0ee81,search,https://shop.example.com/cart,2199de90-4a77-4d12-b1fa-5b3ff17c2867,2025-09-15T12:42:09.948216+00:00,920fe448-95d0-4ccb-b77b-2c7cfa389054
4bde391a-a9fc-4e18-bd3f-39e557fb6fd7,ca231f48-fc31-4b2f-a952-517ecbbee749,,search,https://shop.example.com/search?q=shoes,7d82da80-4e15-409a-8b8f-8b8de71e9bc2,2025-11-29T10:19:08.948258+00:00,920fe448-95d0-4ccb-b77b-2c7cfa389054
4a89efa6-9bea-4273-b3d0-497fd65e5993,1122332a-b077-4f52-b1cd-1b882d6af4cf,,page_view,https://shop.example.com/product/PROD-0120,369509ba-84eb-4ab8-a313-b68a4036f291,2025-11-14T19:09:32.948281+00:00,920fe448-95d0-4ccb-b77b-2c7cfa389054
becadd8d-2d92-4d8a-95be-7234452aefd6,ccb75cac-1fb5-42a4-85d7-5fa80223a6a8,98562d50-2d68-4657-8db2-4ecb70817aa4,page_view,shop.example.com/product/PROD-0289,390315FF-DCA6-4BD4-8E20-2EE26DF33670,2026-11-10T16:04:29.948313+00:00,920fe448-95d0-4ccb-b77b-2c7cfa389054
1a50f68a-a3cd-4997-99fa-1bfb28d42cc5,01487c38-70c0-4112-8efc-a118136307f9,5452c406-7576-434b-a2cb-d1e163d70a49,login,https://shop.example.com/,d8d75510-7e89-4029-95c5-8b8fd8624fd9,2025-10-11T03:07:18.948369+00:00,920fe448-95d0-4ccb-b77b-2c7cfa389054
bd685a5c-5ed6-439d-a012-72f69ed316ea,824a2b79-1531-42f6-a73d-79a871765843,548865a0-506e-4569-ab06-8bc15208e916,add_to_cart,https://shop.example.com/product/PROD-0367,651fea54-78b3-43c4-bef8-f4d15d5ebd66,2025-10-26T05:25:22.948395+00:00,920fe448-95d0-4ccb-b77b-2c7cfa389054
d77a3c91-848a-4448-a552-b0c9752887be,66a0dba9-4788-48d9-b8ff-1a7067a41611,7d283c18-b0bf-4c93-a651-3f4bcab03854,search,https://shop.example.com/category/electronics,a9579eec-7f32-4337-a3ad-8a7859844b08,2025-09-11T02:02:23.948428+00:00,920fe448-95d0-4ccb-b77b-2c7cfa389054
d6f5038e-795b-4c61-9592-0e0134ef47c6,24e2f8ea-af76-4355-a965-113f60231d65,,search,https://shop.example.com/search?q=shoes, 49287ed9-0f44-4cbb-b7b6-a105cd2e347b,2025-09-18T15:18:23.948466+00:00,920fe448-95d0-4ccb-b77b-2c7cfa389054
731ef72b-29f3-4bdb-9a20-52470a29af11,82822c19-4132-4d80-b803-dfd536fbe672,f69bd0ae-f447-4a34-9d7b-e137d4be1b91,page_view,https://shop.example.com/product/PROD-0009,0e35f385-23a4-46ae-8574-a336bdb28b6c,2025-09-22T18:32:39.948503+00:00,920fe448-95d0-4ccb-b77b-2c7cfa389054
6f91e9df-64d2-42e0-adad-28e57e270944,6633ad01-959d-4405-8b8e-ba8c3e9cad2a,09987591-05b4-441a-b755-d1c104f39545,page_view,https://shop.example.com/product/PROD-0257,a5501daf-5120-402c-b20d-25c656f5da8f,2025-10-01T16:50:19.948545+00:00,920fe448-95d0-4ccb-b77b-2c7cfa389054
947169a3-2d0a-49d1-8d95-e260a1ba8249,dc76b037-bee3-4ee8-b926-c0e2f3c756ad,d49ce93a-5bf6-4891-826a-a3e5abe1368a,login,https://shop.example.com/cart,bc53b6ec-ea68-4ee8-94be-51f9bc880c20,2025-09-28T09:10:43.948567+00:00,920fe448-95d0-4ccb-b77b-2c7cfa389054
15ca8d0d-eb9d-4389-af36-0699a2c8a2e7,49b85980-b86e-4a79-926b-dcf747d7c2a5,c8a5965f-3610-41a5-a72e-682a9e50c118,login,https://shop.example.com/,18c97c31-aaf4-4772-8a9f-ee8ba83147bf,2025-10-06T11:00:09.948590+00:00,920fe448-95d0-4ccb-b77b-2c7cfa389054
f301f1af-4ede-4c65-b22b-2e8ac59e9cf2,413ab879-46b4-4cfa-9fd6-ca99986723c0,da6df2c8-4368-46c5-bfdc-344b10921862,page_view,https://shop.example.com/product/PROD-0388,b3480db7-f9af-4ca0-92e5-fa0a12d7c179,2025-10-26T19:07:56.948613+00:00,920fe448-95d0-4ccb-b77b-2c7cfa389054
1ef9a6fd-25f5-477f-9ce7-33c4b2af9ed6,71504076-5d93-47cf-b0e7-b4ff8a7047d2,,add_to_cart,https://shop.example.com/product/PROD-0392,c911a66c-b550-4fd3-bb42-93b13ec89e6a,2025-09-07T19:36:51.948634+00:00,920fe448-95d0-4ccb-b77b-2c7cfa389054
b47539d8-552b-4d1a-95f2-bf403f860654,25124bb2-eea8-4d72-a424-ac35951cfc4a,55a6d4d6-306b-40a0-9556-12d63c75a388,search,https://shop.example.com/search?q=shoes,c2e54ba2-8702-47ed-b999-1d0cc141f614,2025-10-06T00:06:03.948656+00:00,920fe448-95d0-4ccb-b77b-2c7cfa389054
3d5cb455-1276-4e38-b1f1-09d9416ebb66,79c63794-6600-45b9-bb66-59f1c2eadd30,,page_view,https://shop.example.com/product/PROD-0295,92e3b12f-51e6-437c-a191-bee95a37bfc8,2025-09-16T08:53:20.948678+00:00,920fe448-95d0-4ccb-b77b-2c7cfa389054
9853b115-f8c5-4f6c-a6d4-77a85076b5a6,7e539555-990f-49fa-a012-aaa2863fc837,b52d1ff7-7f38-4d54-aec2-5600e302d74b,page_view,https://shop.example.com/product/PROD-0135,878069d0-00a3-4392-a0f2-375e81aa9e01,2025-11-07 02:21:06.948701+00:00,920fe448-95d0-4ccb-b77b-2c7cfa389054
0fa42d98-89d2-4f15-bc0e-0e3aae160c58,22398895-afde-4480-8258-b94c42d4e665,a434ded8-809a-4fda-9d66-d64b214a48bb,page_view,https://shop.example.com/product/PROD-0416,invalid-device-5129,2025-11-07T10:15:48.948737+00:00,920fe448-95d0-4ccb-b77b-2c7cfa389054
71c89a1e-6a49-434f-8761-70bf588f85aa,e91fc0da-c851-477b-96ec-0137b563210d,,page_view,https://shop.example.com/product/PROD-0380,aab993be-364b-406f-9f5a-7c8bcd13bbb3,2025-09-11T19:55:06.948788+00:00,920fe448-95d0-4ccb-b77b-2c7cfa389054
b3da9c5d-86e9-4f1a-b5f9-d8043c46b255,5d7e9c02-cf05-4219-89b7-af8907f81fd4,6db5ef50-d0ae-4f14-ae75-6c69d4c0ad3f,page_view,https://shop.example.com/product/PROD-0087,0504b47d-eda4-4b40-baa3-9bb04cdc791f,2025-11-25T20:39:52.948811+00:00,920fe448-95d0-4ccb-b77b-2c7cfa389054
3ad23cdb-09cd-4dea-9367-122461504219,81a4407f-6198-4236-a771-85529bac7ac5,7e457a0f-455d-455f-b0df-a8cf334547e6,login,https://shop.example.com/search?q=shoes,f4badf43-e677-463f-bb36-ebf794d5aae0,,920fe448-95d0-4ccb-b77b-2c7cfa389054
82539513-9bce-4d8d-b7c0-205058da377c,4861780d-c353-4952-b7a0-0637e51829ac,,page_view,https://shop.example.com/product/PROD-0239,ab607d39c03347efb267840a089a76b0,2025-10-09T17:07:53.948868+00:00,920fe448-95d0-4ccb-b77b-2c7cfa389054
b2e4dc05-d77c-417a-9d43-cd25b65e578a,25df2148-ec43-463e-96ec-095ce7ab9162,2fcd23ee-f59f-4a88-87fc-5232605a871f,search,https://shop.example.com/category/electronics,83b98b8f-2371-487c-9050-1f3680ffdcb5,,920fe448-95d0-4ccb-b77b-2c7cfa389054
fd2896d3-bee0-46dd-818a-9d2d449215cc,f969db6a-6e7c-45db-9ec2-30a51078d5aa,55403d7a-7570-4cbf-aa41-47a396c14f46,add_to_cart,https://shop.example.com/product/PROD-0206,586b29c0-15e0-489e-91c7-8f6071183a40,2025-10-03T12:23:15.948949+00:00,920fe448-95d0-4ccb-b77b-2c7cfa389054
eac1254c-7d59-484c-a731-43c7919a5a42,22d8880c-5960-42bb-978d-f791eb4809f1,ded1e467-55d5-432b-9e0d-e5a1d9464a79,page_view,https://shop.example.com/product/PROD-0137,2989ef5d-6ae9-400f-a9f7-3e85f7105f1b,2025-10-10T19:07:40.948989+00:00,920fe448-95d0-4ccb-b77b-2c7cfa389054
3a65358d-bf94-4d14-a19b-d1aa018914a6,5b9a4ebd-02c5-49f4-b74b-e9df16f419f6,,login,https://shop.example.com/search?q=shoes,b06761eb-7338-4457-87a9-2bdac174bcba,2026-05-02T16:04:29.949046+00:00,920fe448-95d0-4ccb-b77b-2c7cfa389054
89e4c45c-18ba-4753-a8f0-4b38522762b2,2d4c7586-ec1c-4814-8613-b349910ac992,,add_to_cart,https://shop.example.com/product/PROD-0299,c3ff6b96c8b44680af3d7f940b2923b1,2025-10-05T10:38:27.949086+00:00,920fe448-95d0-4ccb-b77b-2c7cfa389054
793ce91c-f5ad-4de9-b160-fee82e308f2b,ac514bab-5843-4c68-a097-53c59870ab7b,25e3f60d-fd8e-4236-ad5a-0912ac8558c1,page_view,https://shop.example.com/product/PROD-0047,fcb62527-f4ba-4f36-8221-bc39bd587dfc,2025-09-21T06:08:45.949115+00:00,920fe448-95d0-4ccb-b77b-2c7cfa389054
f7f969a1-afee-4e55-a6ca-8e072f719581,f9cfe150-ad71-4103-b147-95ca2259138b,486a81be-cd41-4cb9-8bb3-381916ee7980,search,https://shop.example.com/,77b15c1f-50b9-4d66-9245-d044ec614bfa,2025-11-07T20:26:51.949159+00:00,920fe448-95d0-4ccb-b77b-2c7cfa389054
1a6426c0-6171-41ef-8baf-e1cc8224f84c,94bb7f1f-41a7-4319-9808-9a949d6a8091,,search,https://shop.example.com/,3273f7d0-7d8b-4095-88d2-3d7c28bf4cb6,2025-11-30T08:11:59.949179+00:00,920fe448-95d0-4ccb-b77b-2c7cfa389054
be415632-57c9-47e5-83ab-479abc24b83a,ab13eef7-1d97-45df-81ff-27a0d85dd8ec,,page_view,https://shop.example.com/product/PROD-0177,5e3369cb-daf3-4668-952c-9dc5458527b1,2025-10-21T17:18:48.949201+00:00,920fe448-95d0-4ccb-b77b-2c7cfa389054
e4df32d8-b0db-4e70-9f80-4c35505c79d9,b1dd728b-ce6e-41da-8d3e-a4c3aa2fc38d,,page_view,https://shop.example.com/product/PROD-0221///,9ff73c8a-5c41-4d98-b255-264546c70dd9,2025-10-06T23:13:21.949221+00:00,920fe448-95d0-4ccb-b77b-2c7cfa389054
3481d431-8503-4f88-ae6e-263dce51cf34,cba8113f-1a9e-4155-8f54-0b039e7c6c08,a24e29d3-2f7b-4272-acee-a530b4235d1f,page_view,https://shop.example.com/product/PROD-0004,2d3dbccb-64d6-4379-9a9b-12bb956a3e9a,2025-09-10T20:34:31.949245+00:00,920fe448-95d0-4ccb-b77b-2c7cfa389054
3d15eaa1-7b7f-42d1-89af-3bb19f3a30f6,8dce54a0-c1ed-428d-8c41-d2ffe0b9a09e,ea6c15e1-ba54-4214-a829-fb70c29f715f,add_to_cart,https://shop.example.com/product/PROD-0414,64a96532-b63b-4734-83ad-8859674c1422,2025-09-29T21:08:45.949267+00:00,920fe448-95d0-4ccb-b77b-2c7cfa389054
dfca5a7e-37bf-43fb-9ec5-85a3e7916e84,595ce409-ff25-4c45-8b4f-926fe4fcb855,,page_view,https://shop.example.com/product/PROD-0227,bcca9d2d-f811-4f39-8bc7-37970988e70e,2025-09-18T05:32:09.949289+00:00,920fe448-95d0-4ccb-b77b-2c7cfa389054
c6e10bcd-3572-4187-aeba-3ab62fc133b4,d0a1fbdd-07cf-4868-ab55-ddeabf0ef432,5b3f5ffc-cb86-4641-84b9-ca308fac86a5,page_view,https://shop.example.com/product/PROD-0095,133d2704-4ae4-4738-bfeb-79d0b4d3c258,,920fe448-95d0-4ccb-b77b-2c7cfa389054
a4a768f7-6785-4195-8899-9850d7f23472,70778816-a973-4224-8aa6-bc77d2e30362,c01b421a-f530-4827-b85d-7d2cb0f4a250,search,https://shop.example.com/,53a36c44-79c3-4771-aa7f-6f902cb24fe3,,920fe448-95d0-4ccb-b77b-2c7cfa389054
0986939e-965d-4c22-8e1f-dc532006e55c,c14e01f2-f167-4acb-bc41-a7e3f3cfba15,e508d655-a7c1-487e-a131-9d5487b77beb,add_to_cart,https://shop.example.com/product/PROD-0377,500846b0-e625-4aa3-b387-82b352130b0b,2025-09-03T09:34:44.949417+00:00,920fe448-95d0-4ccb-b77b-2c7cfa389054
449cfd59-28d3-457d-b9a3-b204dca7098f,45ce8981-7c1a-42c6-989d-a2d3351bac98,6109c588-7d3b-4ab4-8bfa-c51f37a20b54,add_to_cart,https://shop.example.com/product/PROD-0370,219a28ea-36ed-4779-a18a-098c315916aa,2025-09-19T21:27:21.949441+00:00,920fe448-95d0-4ccb-b77b-2c7cfa389054
aea7fd3d-ac21-4a77-a428-169310af43dd,0800c2a9-ae8a-4f2e-b33d-6b427a8b256a,5cb85e15-8031-47a5-9a37-14d5a126ada8,page_view,https://shop.example.com/product/PROD-0448,42f59e86-e43c-42fe-a50a-449eb4588e41,2025-12-11T16:04:29.949470+00:00,920fe448-95d0-4ccb-b77b-2c7cfa389054
befb62cc-082b-49e9-8b13-5b1a1918ed3c,36fbf872-1112-40c7-9218-fa818c5a802f,59b80a33-544f-46dc-b176-1e7246c27800,page_view,https://shop.example.com/product/PROD-0052,11188218-4027-4cf3-800b-07d45f2553da,2025-11-19T23:20:08.949494+00:00,920fe448-95d0-4ccb-b77b-2c7cfa389054
0d879c1b-5150-4b08-b152-b1289bb81edb,0eb1ee91-35b8-4771-9ed0-ff76e3b32c03,ff69c690-7a61-4daa-9cad-33cdaaccabce,page_view,https://shop.example.com/product/PROD-0241,042fb6a2-8c05-486e-91e0-061a86f56fb1,2025-09-30T18:48:56,920fe448-95d0-4ccb-b77b-2c7cfa389054
0de60bf9-13d7-4bc5-bdc2-5e540465e311,3ad0c4af-1654-48b7-a725-4ca2f2bbdb3e,12f2f5e0-b8d0-40cd-88b0-a8ba1d584ba2,page_view,https://shop.example.com/product/PROD-0012,b512e5e7-48f7-4419-9194-860fb187ce57,2024/31/01 25:61:00,920fe448-95d0-4ccb-b77b-2c7cfa389054
4362ed3f-bdce-4b12-9eec-0eab89eedcca,c06d3d98-5584-4075-beed-3a7793fcead8,2ff14b68-aab2-49a4-8664-3f2f62af4ff3,page_view,https://shop.example.com/product/PROD-0053,b214f0fc-4f0d-4c6e-9e76-3d920bf76db4,2025-09-07T12:29:51.949663+00:00,920fe448-95d0-4ccb-b77b-2c7cfa389054
a91c93ea-e03b-4e2a-bce9-b96b4d8706e1,67134b4a-4cc6-41d2-9650-4f3af2b5ac47,616b9ae8-5395-48bf-b9d2-0d391b16fa9f,search,https://shop.example.com/cart,b63464a7-4c6d-4382-a282-f22732640f7b,2025-10-16T23:16:13.949685+00:00,920fe448-95d0-4ccb-b77b-2c7cfa389054
24ef004c-0aab-43f6-90a5-3c86cb1c19ad,b4910663-b351-47ec-9a1a-b753e24a5bf2,248096f0-989f-40f7-8ba3-4fe3698631c6,search,https://shop.example.com/,b26de5ce-e57d-40a6-993b-ffaf1429bf85,2025-10-03T18:19:50.949705+00:00,920fe448-95d0-4ccb-b77b-2c7cfa389054
98248ca9-7822-4ed9-b3a9-711575379e14,a9493aed-c40a-452d-b515-a805844ae820,,page_view,https://shop.example.com/product/PROD-0374,2ed01516-1070-459b-aec1-0df26559130a,,920fe448-95d0-4ccb-b77b-2c7cfa389054
1b6e5fdc-3f5c-4bed-bb33-a87aae73bb29,8134dcc4-a8da-477b-bc1c-dd261a6a86d3,8f8769f5-8aac-463c-9bc6-e28b085cca0a,search,https://shop.example.com/search?q=shoes,a8c1d30925544c819233f3a66111f687,2025-10-29T06:56:34.949760+00:00,920fe448-95d0-4ccb-b77b-2c7cfa389054
cb3fe176-7b07-45f2-bfe7-7dff5dcf0deb,cca1aa05-7b8e-453a-a444-5468eddd2342,6f35520c-3299-4c5e-a6f1-2e2e18b98051,page_view,https://shop.example.com/product/PROD-0121,7fdb5a9b-cd43-4d30-85d1-ae5fe049a81e,2026-04-13T16:04:29.949790+00:00,920fe448-95d0-4ccb-b77b-2c7cfa389054
bb3f6366-af0d-4569-994d-d13f6d2c9202,bfc239a3-51c9-41c2-a91a-97c3406cfe1d,,page_view,,c682752b-b42e-48dc-aae5-4f973717c74b,2025-11-18T16:32:53.949812+00:00,920fe448-95d0-4ccb-b77b-2c7cfa389054
3e71d9df-efa5-467c-9540-885b4243cb30,7ec4d352-8985-4e2a-bc6c-256b54671e28,fcf2c2cc-f5e6-4d12-9fcf-ef78cdf5bf58,login,https://shop.example.com/category/electronics,30272d94-fff8-4e6a-aa21-9ccb4ecead5f,2025-10-21T12:51:39.949868+00:00,920fe448-95d0-4ccb-b77b-2c7cfa389054
5701034a-b78a-4dae-b011-2774376b301c,d4d1ad8e-dcda-430d-9a8a-4b04302be7bd,,page_view,https://shop.example.com/product/PROD-0078,f9f2707c-95e4-4b72-ab4d-0996c349a4ff,2025-11-16T04:39:22.949892+00:00,920fe448-95d0-4ccb-b77b-2c7cfa389054
642c43c2-2359-4391-addd-613182773bbe,282e4db5-5ec0-4522-b7e6-183d66a203d4,fdbed752-0bbf-4563-98d2-c3a2efd07259,page_view,https://shop.example.com/product/PROD-0236,1a9c08ee-fbee-42cd-a601-0bdae48fabb7,2025-10-24T17:21:49,920fe448-95d0-4ccb-b77b-2c7cfa389054
22f79b39-bcf7-4939-97ca-8606da48130a,7e10ec79-a3fd-4011-971b-10da19080fec,c949e053-c465-4fe9-b3ff-60267d10811d,add_to_cart,https://shop.example.com/product/PROD-0481,427f5180-1ebe-4806-ab9f-ec8b0841661c,2025-10-20T13:47:17.949962+00:00,920fe448-95d0-4ccb-b77b-2c7cfa389054
824f7f51-27fd-4a40-9548-5d9d0cc1b3ed,2ad27d25-5972-47db-af13-7fd1b6f2c4fb,,page_view,https://shop.example.com/product/PROD-0133,0f852389-8cc5-4621-bacb-fe84860c91f7,2025-11-22T13:19:31.949986+00:00,920fe448-95d0-4ccb-b77b-2c7cfa389054
c5057b54-16c2-4345-8394-77e76d542a30,4a121c35-3adc-41f6-9bbe-f087cc78153c,,page_view,https://shop.example.com/product/PROD-0465,f8270666-a1cf-40eb-9c7e-0866381053d9,2025-09-10T16:29:42.950007+00:00,920fe448-95d0-4ccb-b77b-2c7cfa389054
366fa6f6-439d-40ff-bb3f-d51ed5e6bf18,ec694782-48dc-4ea1-ba2c-2e74e1e6297c,,page_view,https://shop.example.com/product/PROD-0181,075d61b2-9941-4040-99ea-3fc188bfbeb3,2025-10-31T21:01:18.950030+00:00,920fe448-95d0-4ccb-b77b-2c7cfa389054
7c29ee99-753c-4edb-b404-f9927c57ca7d,de1bc696-b45b-4ecb-97f8-0579b8778a39,a1ed133c-debb-45ab-b90f-c19e4f95303d,page_view,https://shop.example.com/product/PROD-0359,cae0b78a-00d1-4e1e-8308-97497b812f6b,2024/31/01 25:61:00,920fe448-95d0-4ccb-b77b-2c7cfa389054
3491b07c-ced4-4e03-b3c3-36dca55b5742,e5624a7c-56eb-4579-971a-a1860f6eb7a7,,search,https://shop.example.com/,b3cf02a3-9b02-491d-869e-8bbf0eebff5a,2025-11-11T11:32:14.950136+00:00,920fe448-95d0-4ccb-b77b-2c7cfa389054
7a44ee05-d8bb-4dfb-8214-f69119ed7277,a4d697a8-53b0-4696-bf03-486243f0137e,e30fa032-d240-4219-828f-8e767a368e58,page_view,https://shop.example.com/product/PROD-0499,ab2d049e-ec94-42c8-8e54-1702a6bc17d1,,920fe448-95d0-4ccb-b77b-2c7cfa389054
ce7ab046-95f0-4ff9-837c-62850b17c589,e623d646-5a19-479f-be9b-5bde0090bd57,958019d1-68bb-4730-b618-46b3a2106040,search,https://shop.example.com/category/electronics,00a030b2-22fe-4323-b419-981c0b16616b,2025-12-01T15:54:03.950192+00:00,920fe448-95d0-4ccb-b77b-2c7cfa389054
e597c18c-6f29-4cf7-85d6-f721ce10e28b,bea4eaf0-5044-4518-bc0c-2d3fdeff5ba9,f83e05b6-3d0d-4cfd-a928-bb2da3595df6,add_to_cart,https://shop.example.com/product/PROD-0475,0e4e124c-893d-4c2c-a3ef-068445dc4786,2025-11-29T17:55:08.950228+00:00,920fe448-95d0-4ccb-b77b-2c7cfa389054
c801fa04-2bdd-41f1-94cd-2a6f24a8f721,34787a9c-a769-4b91-89ca-39dafd0285e3,,page_view,https://shop.example.com/product/PROD-0065,4e3730ac-46f9-4544-b12f-5a2e1c4160da,2025-10-17 10:03:43.950249+00:00,920fe448-95d0-4ccb-b77b-2c7cfa389054
b3f623cd-dc98-4d3a-a62b-d8125aaa3b95,04581c6e-ca8f-4c39-825a-6d7fea1a9140,a403e043-2db3-44ea-b90c-5a2ee3a4a5e1,page_view,https://shop.example.com/product/PROD-0436,f1bd83dd-c6e7-420d-a9e5-6b2d173a2f4b,2025-09-22 05:24:47.950288+00:00,920fe448-95d0-4ccb-b77b-2c7cfa389054
a19c8c4f-98bb-4859-b0b8-93216f849d3a,d8f2b66c-8b5b-471a-a4f6-d19408a3437f,82b0f1ff-e826-4d8f-b9f9-de7eb9e15173,page_view,https://shop.example.com/product/PROD-0190,82e37edd-c67a-4f05-b549-929e4ebb0283,2025-11-16T22:28:46.950323+00:00,920fe448-95d0-4ccb-b77b-2c7cfa389054
c67caa25-eea5-4a83-92d6-ea5c8e1c85b4,57bf3ac8-9f8c-4a70-8723-216ed7d4d832,beda4865-ce70-4f5d-81bd-86572828df3e,add_to_cart,https://shop.example.com/product/PROD-0475,invalid-device-9502,2025-11-22T19:13:19.950344+00:00,920fe448-95d0-4ccb-b77b-2c7cfa389054
10437150-4737-41df-a56b-659ba7e93beb,80995393-1f82-4589-a813-1d957d41c079,da99530e-fbf1-492a-8a90-652256add8c7,page_view,https://shop.example.com/product/PROD-0455,65affdb7-d5ec-4765-8851-02992ee6dc9d,2025-10-14T18:12:52.950371+00:00,920fe448-95d0-4ccb-b77b-2c7cfa389054
4b1127c7-4ca9-4bad-99de-3e7d7c98004d,afabd6d4-5d5f-4a8f-be84-7d10242255d1,75e9cfed-c350-4f47-bbfd-11f56a203be3,page_view,https://shop.example.com/product/PROD-0105,1a1ba198-e4c5-4973-a00b-09b19745c9e9,2025-10-07T16:57:38.950429+00:00,920fe448-95d0-4ccb-b77b-2c7cfa389054
83ab7f22-2b76-4af6-8c6b-6cb51a304e13,fdf3d461-a268-43b7-96bb-0d1828e78f18,,search,https://shop.example.com/cart,756bf3a5-b968-42e3-b6d3-38db0ac59164,2024/31/01 25:61:00,920fe448-95d0-4ccb-b77b-2c7cfa389054
62789e22-7671-45f5-af49-3e4350c16edd,8a091c7e-004e-48ec-a0bd-f53ccc18b52f,9790a2cf-b448-42b2-b6f0-a65476ae6a4b,search,https://shop.example.com/,81d080e0-7623-41c7-8c4e-6b753e5de807,2025-10-27T20:56:11.952214+00:00,920fe448-95d0-4ccb-b77b-2c7cfa389054
944c8317-8954-4adf-8644-152ecf3b7d74,3c72905d-5d89-42d6-ae28-58f186d83293,17a46025-ccfe-477b-bbb7-64f35b43d61e,page_view,https://shop.example.com/product/PROD-0431,d6433e79-dc5b-4f4a-ba9e-cc144b1bf21d,2025-11-18 14:45:03.952244+00:00,920fe448-95d0-4ccb-b77b-2c7cfa389054
b72c7560-06f7-458d-a94c-e02ba8a33f7d,efe91232-d65b-439a-b9be-b11d175eb8d1,f1df8f7d-33cb-4fa4-82f1-3614374c24a2,add_to_cart,https://shop.example.com/product/PROD-0485,be8b2679-c600-45fb-9c64-60e6d55542de,2025-10-15T14:13:19.952276+00:00,920fe448-95d0-4ccb-b77b-2c7cfa389054
1b41f665-2c65-420c-968b-f3e3b2f47b31,56296393-e5ef-422b-9d4d-c43c80e08135,,page_view,https://shop.example.com/product/PROD-0203,040f9ee6-9d90-48d6-b51b-4f5084141b98,2025-11-17T23:19:44.952298+00:00,920fe448-95d0-4ccb-b77b-2c7cfa389054
4b411045-06b3-4be4-a919-e1fde0c2d08a,20390fe3-2668-4a04-81a5-4fa18d2973cc,,login,https://shop.example.com/search?q=shoes,dbcb1a4a-4177-495a-90a1-f4bade946799,2025-10-13T14:57:05.952319+00:00,920fe448-95d0-4ccb-b77b-2c7cfa389054
a22c22d6-3616-4d12-9629-dc0d57e8c922,e5ef9ecd-08bf-4c4a-8507-2d8f6e17c7eb,,login,https://shop.example.com/search?q=shoes,1ea8e913-ccd6-443f-b456-65643e28b843,2025-11-08T10:38:55.952339+00:00,920fe448-95d0-4ccb-b77b-2c7cfa389054
c2ced873-a0b0-4430-8561-db871e2e7120,df66cd7e-be2d-4999-97f7-e58b5a27c99b,,add_to_cart,https://shop.example.com/product/PROD-0004,ab7c27f4-eca7-4cc1-8a1f-301752a55179,2025-09-19T17:11:42.952368+00:00,920fe448-95d0-4ccb-b77b-2c7cfa389054
08befddc-30a2-4402-9ab4-591dd93d57f4,a9faefb8-fbf0-405a-88ba-3ec492c3cad4,a17b417b-ffb8-4423-8370-5a43d5961a5c,page_view,https://shop.example.com/product/PROD-0282,53de9f23-f564-49c5-aa3f-b00aa4e91217,2025-11-01T15:51:06.952404+00:00,920fe448-95d0-4ccb-b77b-2c7cfa389054
21d7be5c-05f1-4d01-a31c-cbb067834832,f00ec97c-abf0-49b3-9f08-ccf7b5fadce0,4912a005-2eaa-4256-8672-b54c5a764408,page_view,https://shop.example.com/product/PROD-0206,9196198b-2592-4d40-943b-0405b932725a,,920fe448-95d0-4ccb-b77b-2c7cfa389054
13a49049-a755-4e25-a1ee-4f4b6312ed1b,0e12c867-6bc7-426c-9573-0a6d1ca3bc07,5ab0617e-ef2c-4a68-af34-7192661bc639,page_view,https://shop.example.com/product/PROD-0204, 7d1890d5-2377-4da6-93aa-2ef5bd81c998,2025-09-11T04:02:28.952466+00:00,920fe448-95d0-4ccb-b77b-2c7cfa389054
39ea2d76-e71a-40af-a3e8-b495f3ed24ab,3c9c0b8a-76fd-411e-8044-e9f5842619eb,,page_view,https://shop.example.com/product/PROD-0149,2145ffea-76d6-49a5-8c29-fdf74ffb6304,2025-11-07T01:07:36.952491+00:00,920fe448-95d0-4ccb-b77b-2c7cfa389054
d685de7b-bcf1-4717-8631-7c696be6d3bb,3711bc92-b449-47be-ba69-a294820dcfc4,23a2f545-419b-450a-94c7-dc8a6feba6e5,add_to_cart,https://shop.example.com/product/PROD-0311,e5207c34-2899-4d0c-8571-2562b6b2719b,2025-11-09T07:00:02.952513+00:00,920fe448-95d0-4ccb-b77b-2c7cfa389054
2df1eff9-7cc1-46cb-97e1-04601d696f5b,5f90cafa-8710-4655-b148-f861a0cdeec9,,add_to_cart,https://shop.example.com/product/PROD-0341,ae0000b7-3de6-4d48-a8d4-449ab886cdb7,2025-10-14T10:48:01.952537+00:00,920fe448-95d0-4ccb-b77b-2c7cfa389054
fa54c570-b132-429a-a18e-aa334dd0fc32,edbe1b5e-d3b4-435f-abb8-ec9952851b04,e76563ee-638e-401a-9959-a7196730bae9,login,https://shop.example.com/search?q=shoes,ce24e846-d934-45a7-b76e-05bd1e88ad44,2025-10-29T23:37:39.952557+00:00,920fe448-95d0-4ccb-b77b-2c7cfa389054
5f405a8b-8e57-47ec-9236-44221d58c569,3af9781a-3844-449f-b375-60d37812c258,cfdc2dc5-fbb1-4d26-8301-8de532083641,page_view,https://shop.example.com/product/PROD-0187,36a0fc8b-7947-4348-a07a-260829ee93f6,2025-09-29T12:13:41.952582+00:00,920fe448-95d0-4ccb-b77b-2c7cfa389054
9c406d19-dce7-46be-9805-b56d9cd2696d,12366eac-2698-4671-b79b-9d2acd5d3daf,c50afae0-db54-4933-897a-e141877d3a43,add_to_cart,HTTPS://SHOP.EXAMPLE.COM/PRODUCT/PROD-0282,74deca2f-6b95-4ac6-9c16-ff92081ac2e2,2024/31/01 25:61:00,920fe448-95d0-4ccb-b77b-2c7cfa389054
4d36c7b2-7628-4093-b63e-93bfc038282b,350b680d-90cf-4891-9478-519a71bc7f04,,page_view,https://shop.example.com/product/PROD-0456,596176fa-8a92-4b02-ac12-bdacfa555d88,2024/31/01 25:61:00,920fe448-95d0-4ccb-b77b-2c7cfa389054
233e7f2a-8596-48c0-ac6a-1a7c50214b51,228637d5-32b1-4e7a-92ba-dd89c7e5c5bb,76e5f051-0b6e-462c-bae9-36a9c61e3408,add_to_cart,https://shop.example.com/product/PROD-0434,29b649ad-8eaa-4e90-bd45-fe116818bb8a,2025-09-26T16:54:34.952770+00:00,920fe448-95d0-4ccb-b77b-2c7cfa389054
d10c8a3b-b1a2-43f8-b59d-81222317ef34,602e5d34-22dd-4249-b9be-5c650704ed58,8eaa2312-f4c9-4207-83d1-09c42f2c1969,page_view,https://shop.example.com/product/PROD-0288,44cba116-644c-4637-baf6-c174d3e87f32,2025-11-10T13:20:54.952807+00:00,920fe448-95d0-4ccb-b77b-2c7cfa389054
354a58f0-e5ba-4d33-baa5-80bb2d2d06ac,00dc1c07-82cb-4d59-98f6-0b75d9b2e4d0,,page_view,,c4f8fabe-8e18-479d-9f86-bcb92eebb791,2025-10-09T00:12:26.952830+00:00,920fe448-95d0-4ccb-b77b-2c7cfa389054
1d539f65-1c0a-4c5b-91de-c23b2cd0a9ae,2bd717b2-5828-4362-b5ce-48f37afd4a7a,c0f60def-6ea1-4b04-b7f9-1572a2e6016f,search,https://shop.example.com/search?q=shoes,2b6008b2-bd70-453d-bb13-d6463a5ede0d,2025-10-30T17:59:34.952855+00:00,920fe448-95d0-4ccb-b77b-2c7cfa389054
678508b9-2449-4aac-adf6-f108b9b05ada,8e595e09-dad2-4d8a-b7d0-d9588fae9b36,,page_view,https://shop.example.com/product/PROD-0325,ebb176ff-de98-45a4-8ffd-71198330f2da,2026-05-12T16:04:29.952884+00:00,920fe448-95d0-4ccb-b77b-2c7cfa389054
c02d1490-cbe3-4542-b3aa-d152e93b3862,8804ecb3-56ee-4dee-a829-0fef578a9487,,add_to_cart,https://shop.example.com/product/PROD-0035,a89cf68c-a9cd-4732-b2d0-87e6c9caedc2,2025-09-26T03:48:23.952907+00:00,920fe448-95d0-4ccb-b77b-2c7cfa389054
72cd11a1-4b91-4e7e-af20-22906bc9ddc4,b3711b79-77e5-44f7-8925-ef56ca4b1ab1,12296bcf-9f27-4ce0-b3c0-697866e4bde9,add_to_cart,https://shop.example.com/product/PROD-0158,26e1710a-e814-447a-b382-bcfa87a65765,2025-11-28T05:12:00.952932+00:00,920fe448-95d0-4ccb-b77b-2c7cfa389054
6a34fb3d-13c9-4d11-8774-f02bd948acfd,940f0ce8-01e5-4c66-9c2b-58a2e982393c,0b52dc63-2f6b-43e6-9ade-772b5d1390a6,page_view,https://shop.example.com/product/PROD-0428,e232288f-70f9-4d6b-8fb7-911cccbaf2f3,2025-11-26 02:39:46.952989+00:00,920fe448-95d0-4ccb-b77b-2c7cfa389054
1fc400ef-ad5d-46d3-859b-6f0a76c2972e,de650516-1a2a-4acd-b355-66c61f86d811,713e78ef-3570-4e41-b1e8-dcd2c639e0d2,page_view,https://shop.example.com/prod////PROD-0417,8790b114-51cd-422d-8a2b-8ade3775f69c,2025-11-26T22:42:10.953053+00:00,920fe448-95d0-4ccb-b77b-2c7cfa389054
104323bb-96f3-4210-9c25-fda4eedd9a70,2515742f-d7b3-4f28-9689-1f756e101e90,c147272a-b0b6-4fb4-aa6c-d9754b9867a5,page_view,https://shop.example.com/product/PROD-0080,7647565a-e6b0-4a58-abcb-6786535e0f0b,2025-11-25T13:11:15.953090+00:00,920fe448-95d0-4ccb-b77b-2c7cfa389054
aece7971-9903-4486-aaa5-00086dc2a2cd,c04dc891-6c3d-454f-92a2-846dc4b8afbc,6b9f785c-e2f4-4c99-a6dc-388822c84fc0,page_view,https://shop.example.com/product/PROD-0178,dd813b58-d60c-4842-b86d-e91993e4c65a,,920fe448-95d0-4ccb-b77b-2c7cfa389054
0dff12bb-bce1-48bc-91dc-d87f6672f7c4,03efada2-a14f-4ba5-b3ab-5f80bb1b6e1c,2590d2b7-8f38-4724-86f3-19530369b179,search,https://shop.example.com/,65778a28-d079-433c-bf26-c54719df029d,2025-11-20T21:52:08,920fe448-95d0-4ccb-b77b-2c7cfa389054
8d038eba-1e81-476c-96c8-8da5f6fcfa86,39c85b83-ec40-4298-8997-4431d6d761f2,b69049d1-9a55-4e1d-82e7-6b9e889dd889,page_view,https://shop.example.com/product/PROD-0448,29209dcf-1447-4422-af4a-69fb27c358f6,2025-11-15T13:11:36.953255+00:00,920fe448-95d0-4ccb-b77b-2c7cfa389054
76c5ccfd-1329-4ec6-a586-84c14e903492,7e998576-52db-4e99-9360-6073d1030ea0,c0ae5d82-848d-4e11-a47e-f7a2e5868142,page_view,https://shop.example.com/product/PROD-0240,2d7313a2-8edb-46c3-ae0d-e204c6d0aa9b,2025-10-21T00:04:02.953285+00:00,920fe448-95d0-4ccb-b77b-2c7cfa389054
98bd393c-1ba4-4e6c-a1e4-245df49ff122,266a26ff-f8fa-4c51-a782-faacfefda1bf,,login,,1f0b9efb-7be5-484a-aa69-74e0c25c5c2f,2025-10-24T04:56:04.953306+00:00,920fe448-95d0-4ccb-b77b-2c7cfa389054
7c44f079-c695-47d1-9206-ec0df4794cc9,bae781bf-37d7-442c-aacf-846052450e66,,page_view,https://shop.example.com/product/PROD-0281,a05b688d-e64e-4bc4-a641-2de098f2375c,2025-10-15T18:40:09.953331+00:00,920fe448-95d0-4ccb-b77b-2c7cfa389054
1dfb4175-4752-415f-8b70-9e8a1165f23e,5ab23931-fb58-48de-ac2a-f45831326c77,3ad20bd0-47d8-4511-8190-8789896f9cc5,login,https://shop.example.com/search?q=shoes,004a1f73-839d-4476-b4a0-354c06de4c6c,2025-10-18T15:18:32.953354+00:00,920fe448-95d0-4ccb-b77b-2c7cfa389054
9c650cf3-d132-40ab-843e-cea3bb6cdbf1,4022c6ec-e1b0-49e6-8acf-ca6a16119115,5f29be51-1a15-40a5-aee6-3747da0e4150,page_view,https://shop.example.com/product/PROD-0298,3787f329-ef77-4d56-8816-3c4a893fbb7b,2025-09-24T11:48:04.953379+00:00,920fe448-95d0-4ccb-b77b-2c7cfa389054
135d69ed-5f76-448f-9869-b28356201975,b6b50d0c-5e74-434d-9e67-c9f6e2efe5cb,6fcda944-60ad-4810-a144-a7ea583607f3,search,,30511f2e-aee8-456a-bf37-7e9fb0642d5d,2025-11-20 07:42:26.953414+00:00,920fe448-95d0-4ccb-b77b-2c7cfa389054
68f971fc-1cfc-4ca0-b581-df0c6a32748b,95240655-7b27-40c1-90e1-348d27bb5c2d,,page_view,https://shop.example.com/product/PROD-0235,74a18c79-c7c3-406c-9ca8-e56a0c9f725c,2025-09-15T02:06:26.953497+00:00,920fe448-95d0-4ccb-b77b-2c7cfa389054
b2790b62-545e-4ce2-afe0-73b5aeff955a,9af22928-0b1e-4384-aed2-5d96c109eb0c,a1932728-8b38-4739-bc0e-e28fc34a41c1,login,,7eb95052-d0b3-4572-8193-880f8295c1ec,2025-09-21T12:03:30.953548+00:00,920fe448-95d0-4ccb-b77b-2c7cfa389054
29005711-a1d8-42f4-aaee-d96af844b50e,e61903a4-00ee-47f4-b4df-91ef1a422c0c,48d0e485-8d63-4e82-bb5e-2978d714cced,page_view,https://shop.example.com/product/PROD-0263,59c5e97f-2a8e-4fcd-a165-b43189052d09,2025-10-09T17:38:22.953612+00:00,920fe448-95d0-4ccb-b77b-2c7cfa389054
1dab3450-94b8-4ce9-9b69-dc6616083da9,af986991-b4dc-4a34-b004-af1c98cd3cc5,7386fb74-827f-49c0-aebe-f7e58537d5de,add_to_cart,http://///shop.example.com/product/PROD-0038,e404ba0c-ed7d-4a05-b2ef-3ba8e6bd78c0,2025-11-16T03:18:43.953761+00:00,920fe448-95d0-4ccb-b77b-2c7cfa389054
c1b4655e-3489-4ffb-ad93-102f3c8d4cc6,133f1ae4-6167-40b8-b9b3-ca2812c1b762,,page_view,https://shop.example.com/product/PROD-0133,f53c57e5-d385-442a-8f43-d30d463de2c5,2025-10-03T00:56:08.953863+00:00,920fe448-95d0-4ccb-b77b-2c7cfa389054
9be8692b-dd6f-4cf6-8ecf-ac881aa2300c,18c13172-e07b-4cf3-a30a-c2752e39f80b,4186c845-0ea3-4ee0-8df8-2998709698e0,page_view,https://shop.example.com/product/PROD-0328,370c2027-fa67-4f78-8213-916d691e3318,2025-09-15T17:21:35.953917+00:00,920fe448-95d0-4ccb-b77b-2c7cfa389054
e6a81529-aefc-4ab5-af2a-d68e2753800f,be1d5681-dba6-4cf2-9d1c-074d26fa2a62,7552dea1-d147-460d-abe9-66c6e604d1cb,page_view,https://shop.example.com/product/PROD-0268,8ac996dd-2b88-4252-9b08-b9f735697198,2025-09-30T01:12:53.953945+00:00,920fe448-95d0-4ccb-b77b-2c7cfa389054
b8a7563a-cf63-43ac-94ff-2f3663655df5,ec5b0459-cba7-49e3-b22a-2c53a5b8797a,,page_view,https://shop.example.com/product/PROD-0161,7e6e27e5-950c-4016-b761-55bd09917ae4,2025-09-08T14:18:26.953980+00:00,920fe448-95d0-4ccb-b77b-2c7cfa389054
37df6352-931c-4167-bfba-8b5fd1bed315,e4172523-9e12-4e21-97d4-0a41eb19e344,e7d003fe-9e53-4a7c-baaf-d71b1a100812,login,https://shop.example.com/,5ecc18c7-77d8-4c7f-b095-018efafa1d5d,2025-11-15T11:13:25.954041+00:00,920fe448-95d0-4ccb-b77b-2c7cfa389054
6b847bdc-48d9-4a67-bfaa-26dc7234cddb,2cd2defc-3296-4738-9332-82c1dd0f162b,b51c2b60-db79-459e-8b5d-7b6332cb0e5f,page_view,https://shop.example.com/product/PROD-0417,65747432-21e5-4abb-9afa-5e3d95555a84,2025-10-15T21:48:39.954069+00:00,920fe448-95d0-4ccb-b77b-2c7cfa389054
de93faef-7579-4d04-95ea-e2c3a32b502f,2ba52d2a-5b91-484e-9e17-7743155da9e6,,page_view,https://shop.example.com/product/PROD-0221,56c5c902-49d5-4e7e-a7e2-ba37aaa7b3f3,2025-10-23T19:36:13.954092+00:00,920fe448-95d0-4ccb-b77b-2c7cfa389054
2f70e031-be72-4742-ba6a-255d878f4816,1d2759fb-af7d-415b-aa67-72c1c394c83c,,page_view,https://shop.example.com/product/PROD-0155,7c61c0dd-d1f8-4f6b-9d48-55a2a64a0354,2025-11-18T04:30:21.954114+00:00,920fe448-95d0-4ccb-b77b-2c7cfa389054
08bb2389-efdd-45fd-9ee0-f0bdf8bcc220,127ea5af-6435-4708-90f1-26f800f4a1dd,345b8848-0c45-41a6-8d41-9e47692cac05,page_view,https://shop.example.com/product/PROD-0087,71e90827-8117-4c8f-a6d1-d0a3934b5ead,,920fe448-95d0-4ccb-b77b-2c7cfa389054
90138ed5-ee75-408f-8670-3a21afe4f4db,9c664db4-1ffd-40b0-a075-a9006e82f892,8f84e23e-092d-49bd-86f8-ec739e8b2b2d,page_view,https://shop.example.com/product/PROD-0440,2f173bb0-0aac-4e83-b9de-6c04e5d9ece7,2025-10-08T05:46:39.954242+00:00,920fe448-95d0-4ccb-b77b-2c7cfa389054
7e4bfcd7-cf8d-4253-836a-1e8a035dd3b7,b5778033-60bd-4e2d-a355-9d2eda0b32ad,114d668a-3736-4b7d-b1f8-6c01ac11301d,page_view,https://shop.example.com/product/PROD-0058,fded542d-061a-43a4-a0fd-e63eaae9e9b8,2025-10-27T03:04:56.954270+00:00,920fe448-95d0-4ccb-b77b-2c7cfa389054
4df1a99e-2453-496e-832d-f0739fd74bc4,fc81af00-eb8f-4f3d-b3c8-4b546f533b35,6962e0be-a560-4f8e-b892-36eca084d15d,page_view,https://shop.example.com/product/PROD-0390,c0f29178-6ea8-46ae-a9e4-79ee3d0efc4f,2025-09-19T15:43:50.954332+00:00,920fe448-95d0-4ccb-b77b-2c7cfa389054
c2f550bd-238c-49c9-9420-bc8834b1c154,0e671065-23d7-4218-a1c5-86bc98526ba6,3c1bb3e0-a5a3-4809-92d6-7de69d7cfe3a,login,https://shop.example.com/,f7e30834-7939-4daa-8454-9cc558f5388a,2025-10-24T22:03:54,920fe448-95d0-4ccb-b77b-2c7cfa389054
6482e86a-e0f9-439d-80fe-55ce17ee2a8c,7fbed227-ea29-4ce8-8ee2-5930d1e71438,827eda23-55d8-4801-ba2d-a18cf71daa3d,page_view,https://shop.example.com/product/PROD-0171,3b9b6213-d962-4813-8ed4-b41d22ca1b6f,2025-11-01T20:35:19.954555+00:00,920fe448-95d0-4ccb-b77b-2c7cfa389054
02a1b8b3-d995-46cf-bcd7-2e7eef11baac,74f4dd2a-0e18-414e-b7d2-0e176e26f8da,,page_view,https://shop.example.com/product/PROD-0279,73e868bd-7ca5-4740-a17f-652483ff7edd,2025-09-03T23:51:17.954614+00:00,920fe448-95d0-4ccb-b77b-2c7cfa389054
e6747990-1b3f-4d3c-bbc6-f7938b3471c4,48f2a59a-fdf6-414d-8ba8-cb3aaef1087b,5b7ba6ac-a59d-473e-91d2-aea28d87f008,add_to_cart,https://shop.example.com/product/PROD-0321,9933baef-1a9d-4488-a13e-3eb54060bc57,2025-10-03T01:09:57.954669+00:00,920fe448-95d0-4ccb-b77b-2c7cfa389054
73400ea7-9fe9-4257-ad39-a44e6140a29a,5ecb0577-3b4b-4305-9f28-d19c37b38ace,6b29542e-3bd2-4606-9ee7-25a473595c7a,search,https://shop.example.com/search?q=shoes,55ffdd80-a0cb-478e-ac59-3ff5e4d4035f,2025-11-03T22:29:50.954692+00:00,920fe448-95d0-4ccb-b77b-2c7cfa389054
33401dde-ef85-4062-b627-6b1238fc0377,53de4ef6-d94b-4fa2-9182-7c882791511d,,add_to_cart,https://shop.example.com/product/PROD-0088,fd83cb35-47bb-4a24-b5e1-35511f75d930,2024/31/01 25:61:00,920fe448-95d0-4ccb-b77b-2c7cfa389054
c197114a-3e97-40ea-af5d-f6641d77b218,73eae062-7e99-4d7e-b27b-d538f9512d7f,,login,https://shop.example.com/category/electronics,46c1c006-acff-49be-9130-8e42eb59940d,2025-09-06T19:26:21.954758+00:00,920fe448-95d0-4ccb-b77b-2c7cfa389054
075d834f-66e0-455b-a3c0-b6ed9bf26205,81a13a1e-e68c-45ce-9c4a-73fdbf00f6f9,9f9de701-cdd4-4fd8-864f-659c5ad87970,page_view,https://shop.example.com/product/PROD-0137,3984287e-d8a4-4e1f-aa67-af4f9a82a07d,2025-09-04T07:33:30.954781+00:00,920fe448-95d0-4ccb-b77b-2c7cfa389054
27e2d63c-878b-4ca7-8e67-bdb469ce4e73,ab1835d7-7840-40cb-9c96-db49fd5a4cf9,,page_view,https://shop.example.com/product/PROD-0317,756854a9-62c2-4e4d-9296-3c3fb13a6214,2025-11-28T20:00:15.954802+00:00,920fe448-95d0-4ccb-b77b-2c7cfa389054
d2fcb9ff-8172-42a3-89fe-cf07220d05af,b7067a47-61fa-40f8-af87-85572f0b2cfd,fb4390a3-a054-4705-bcad-dcac301dcdd6,search,https://shop.example.com/cart,4467c8e8-fdb6-42fb-ac34-453afaa10677,2025-11-10T05:29:19.954824+00:00,920fe448-95d0-4ccb-b77b-2c7cfa389054
85501121-bc75-44da-bee8-4800dbace431,398a9f84-c887-407c-aeb0-a1226f48340f,,page_view,https://shop.example.com/product/PROD-0195,0c7874e1-84c9-4e98-8a7a-55a85b2b3f50,2025-10-31T14:31:46,920fe448-95d0-4ccb-b77b-2c7cfa389054
c511ee90-74fe-43ff-9076-03a5cae87e51,70c27807-b851-4c7e-a19e-d915f11f868e,d6c6b5bf-6601-4836-a20e-cf28b1c4bd5f,page_view,https://shop.example.com/product/PROD-0038,5e2e9185-030b-4709-bac2-a721fec9fbc7,2025-10-13T23:52:12.954881+00:00,920fe448-95d0-4ccb-b77b-2c7cfa389054
51e121e7-e6ba-4989-b050-8b013c182532,b1f54327-a81f-460e-826c-3ffb618f0ab9,af7d8958-f2a6-4075-836a-31c32b0a4e4c,page_view,https://shop.example.com/product/PROD-0121,66351a4e-52c7-4cf7-8223-dc7b74783b12,2025-11-30T12:57:58.954904+00:00,920fe448-95d0-4ccb-b77b-2c7cfa389054
ee29865b-28af-4e32-9e41-b5c5da7beea6,501a59e5-283c-4f11-bd4c-373802dba987,71430409-d7ed-40db-9aac-92c49470b9e9,page_view,https://shop.example.com/product/PROD-0238,5106b556-fde0-4758-8ef2-e67212bec97d,2025-10-30T02:15:53.954952+00:00,920fe448-95d0-4ccb-b77b-2c7cfa389054
31e82139-7d9a-4fbf-ac7d-b8f9730e4b79,938f320e-d167-4b4f-b5d4-21ca08054b2d,fd147b91-1b1c-440f-b6ad-66a7dd02aad9,page_view,https://shop.example.com/product/PROD-0360,ecec2bc0-323f-404d-aecc-e6a301f088db,2025-10-12T06:12:16.954987+00:00,920fe448-95d0-4ccb-b77b-2c7cfa389054
8c2c05da-e168-4a21-b202-75c857e5adfa,b2011a48-e7f2-4d73-912a-3bc9638efda8,,login,https://shop.example.com/category/electronics,14efd982-7209-4f1b-94b0-470dc92cb2f2,2025-11-04T05:23:21.955009+00:00,920fe448-95d0-4ccb-b77b-2c7cfa389054
bc022fc8-0b66-4f1e-bfc1-43a5677c3cc6,c9a6e33f-89c8-4fc2-839a-73a68417f3b1,ffdbeba2-9743-4d3f-8462-2b8d3d01f564,page_view,https://shop.example.com/product/PROD-0394,803b765a3c3841d0853e2a2fbe8e5e19,2025-09-30T02:14:38.955032+00:00,920fe448-95d0-4ccb-b77b-2c7cfa389054
c227a643-55bc-4031-80e3-416ba2e734b8,132e5de6-fd25-432f-b803-8522374a9e8f,149d47db-7298-476b-81f0-bfa226920977,page_view,https://shop.example.com/product/PROD-0356,6099a8e7-2792-49e3-a643-59bd69cf4d1f,2025-10-01T16:16:39.955059+00:00,920fe448-95d0-4ccb-b77b-2c7cfa389054
d8b81571-4cf6-4fad-99ac-3c567df7f696,fd0fbc42-60c0-48db-b2c4-30edcb159d83,e666d59c-330e-4620-bcca-08a45d6977d9,add_to_cart,https://shop.example.com/product/PROD-0396,67e394fb-1c30-446f-908c-7e04e5c64aed,2025-10-23T12:44:14.955084+00:00,920fe448-95d0-4ccb-b77b-2c7cfa389054
51bd5756-9166-46e4-ba5c-7b3f7c6102a6,c5e6e918-4286-40f9-8850-a3e62ac21e1b,9bbeb65c-028b-4b04-a316-f0ee054b9f3d,page_view,https://shop.example.com/product/PROD-0162,b748472c-03ba-431e-8366-322ca0979f6d,2025-12-01T05:07:36.955108+00:00,920fe448-95d0-4ccb-b77b-2c7cfa389054
1c6b121f-87fc-4d07-a30e-9649cc76af8d,cfd59c71-210d-4d1b-9f4d-acb3f1ba1242,cd450ef6-decc-4bc8-a960-06de5f948171,page_view,HTTPS://SHOP.EXAMPLE.COM/PRODUCT/PROD-0138,1d33707b-7bcf-4340-81bd-2522eb903451,,920fe448-95d0-4ccb-b77b-2c7cfa389054
3ba5e6d0-6b10-4865-ba64-67f7c9bc6a8d,72480340-be72-4d9c-9d3c-852d1e414c58,2dd15cae-ce8d-40f0-8739-b28ffd38a872,page_view,https://shop.example.com/product/PROD-0081,cc9235e2-1bc3-4f61-b126-21f2b534bb3b,2024/31/01 25:61:00,920fe448-95d0-4ccb-b77b-2c7cfa389054
835b873a-51a1-466d-8ade-c29f2dff3b67,c3ba75bf-3f80-49a5-89ad-94b4b4be4101,e0e2af18-b6c2-4a49-9192-a37ec8c638c1,page_view,https://shop.example.com/product/PROD-0374,915b666a-8fa4-4f2a-8550-470a6229ff79,2026-10-06T16:04:29.955223+00:00,920fe448-95d0-4ccb-b77b-2c7cfa389054
b16d0c2d-0cc5-48f3-b90e-e520ae4eca50,ce45676b-1598-4185-9e0e-f1f8734c20b3,,page_view,https://shop.example.com/product/PROD-0055,invalid-device-9338,2025-10-26T19:29:27.955246+00:00,920fe448-95d0-4ccb-b77b-2c7cfa389054
7a36ae89-4dce-470e-9612-cb2f9047ad30,f136eae4-3e42-4bc1-a9a4-77b3d63b1939,,page_view,https://shop.example.com/product/PROD-0014,5be64857-d038-4ed4-ab2b-213570c875a5,2025-11-10T10:45:05.955286+00:00,920fe448-95d0-4ccb-b77b-2c7cfa389054
c0dabc63-70b9-4683-a0c3-21ba43bf4f4c,90fc97fd-4417-44f3-90b6-82ba0d13d850,,page_view,https://shop.example.com/product/PROD-0057,436e334a-4728-4c97-926a-1f273ea75a5b,2024/31/01 25:61:00,920fe448-95d0-4ccb-b77b-2c7cfa389054
ff826401-d3b5-4988-a425-b68e8737c903,3b5d54b6-1213-42bb-bd24-520d41623243,,page_view,https://shop.example.com/product/PROD-0037,27e404bf-4720-44b8-889e-948f32595d06,2024/31/01 25:61:00,920fe448-95d0-4ccb-b77b-2c7cfa389054
037231fe-513c-4671-9b9f-0c77afe5bb0e,73f2746f-0196-411c-b353-d33078f6085e,,add_to_cart,https://shop.example.com/product/PROD-0314,21663a55-bdc8-4032-929e-f659a9a89688,2025-11-27T20:26:11.955410+00:00,920fe448-95d0-4ccb-b77b-2c7cfa389054
212cfed0-0c1f-40ef-9754-c56d4210b823,4ad936d4-a17d-4b94-9e53-e974e35d6394,,search,https://shop.example.com/search?q=shoes,6dfec6ca-ec41-4c40-a5b7-07ab44f43f52,2025-09-27T02:26:31.955441+00:00,920fe448-95d0-4ccb-b77b-2c7cfa389054
2706f306-fc20-41f0-a59e-a0cada56f6ac,94e68d5a-7b0f-4830-890f-1b32a3e195fd,,page_view,https://shop.example.com/product/PROD-0293,21d28515-b442-4043-a27d-e45eed65fb13,2025-12-01T08:53:09.955473+00:00,920fe448-95d0-4ccb-b77b-2c7cfa389054
34bb43f1-6294-4c0c-9d00-6abd88b39110,6edd3440-b05f-4626-ad91-c7bde3130257,,page_view,https://shop.example.com/product/PROD-0058,22a572f8-75f9-4504-bab8-36d70c8c368f,2025-09-18T01:18:19.955523+00:00,920fe448-95d0-4ccb-b77b-2c7cfa389054
5de5e5de-8dc8-4a91-bed7-131008fd23d2,ed2e8980-d4d8-49b6-b248-f7e384e359c4,6d11846b-e83c-474c-80c8-e7f223627bc8,page_view,https://shop.example.com/product/PROD-0297,a289fd4c-4cc1-475b-87b9-178920c1e8a5,2026-10-21T16:04:29.955552+00:00,920fe448-95d0-4ccb-b77b-2c7cfa389054
4efb8546-1d91-47aa-8c2f-480755d9bb2c,bc42f952-5c20-4cb2-89b2-de6c41b57357,29b48bae-d19a-487c-8039-9aa5694ac300,page_view,https://shop.example.com/product/PROD-0477,808a9831-5e3c-41f0-8ae4-9437b8137220,2025-09-08T11:44:57.955575+00:00,920fe448-95d0-4ccb-b77b-2c7cfa389054
566a0234-470c-40a0-b5a9-6a14aaa1d92b,bbee5ff6-111c-4fa4-b245-afe88da7b2a5,de77cce2-26f1-4b20-b4e8-986592afc187,search,https://shop.example.com/,fd56afe3-bd21-42ed-a6d9-5dc5dafa017a,2025-10-21T22:27:01.955598+00:00,920fe448-95d0-4ccb-b77b-2c7cfa389054
2a42ac26-362b-4c29-9e4d-ab2a6b2fdd48,e3cdfc4b-ba3f-41fc-bcc1-239806bbe554,,page_view,https://shop.example.com/product/PROD-0171,3f17b200-1560-464c-bfc1-c79dec1797fa,2025-09-04T16:54:31.955620+00:00,920fe448-95d0-4ccb-b77b-2c7cfa389054
6a8f651e-308a-4002-8ce3-5e01b0f01ac8,8d55ea8f-9bea-4e32-b6da-75760c128446,1a31ad0d-602d-4004-906d-861f274f3b33,login,https://shop.example.com/search?q=shoes, 79c707fe-5a8f-4b68-bc2a-f2118d24f2e4,2025-09-15 13:41:28.955642+00:00,920fe448-95d0-4ccb-b77b-2c7cfa389054
6e3e60bb-4d60-4473-b181-e48032f4419a,c5adab0f-7a7b-4b19-86c3-1f5b6da2177a,ff63b40f-e071-4097-9adb-bb67af180e25,page_view,https://shop.example.com/product/PROD-0079,fb2a8ca9-6e06-4416-b447-c7f6e24a80e0,2025-09-12T23:37:12.955679+00:00,920fe448-95d0-4ccb-b77b-2c7cfa389054
09b9125f-e18c-4d10-9024-e9346a2bae06,7eede171-a61d-4af0-b651-01c7f15274ca,d0323ccc-2112-4805-9484-9b644c894a65,login,https://shop.example.com/,e08a35a3-43ce-4eb1-a37e-a6dabf816d42,2025-10-22T00:03:29.955714+00:00,920fe448-95d0-4ccb-b77b-2c7cfa389054
9daadce1-61d1-4d74-81e2-d308e1a5576c,c7f2193e-245c-43ee-ac8f-78ae3afa4885,0fb9154c-5642-4f89-9ef2-22e1b4374318,page_view,https://shop.example.com/product/PROD-0306,39c1fdc1-28d4-4417-93db-8c8e76df5133,2025-10-28T00:31:00.955753+00:00,920fe448-95d0-4ccb-b77b-2c7cfa389054
5e361fa4-e698-4d7e-a102-240486d8afa4,0c19a253-f370-428c-a16f-bed8de39b38d,97bae543-7a34-468c-9b58-69858412b12c,search,https://shop.example.com/category/electronics,d5a0294c-a9f0-4852-8de4-05831468b25f,2025-11-08T13:22:10.955781+00:00,920fe448-95d0-4ccb-b77b-2c7cfa389054
41168a4e-b6c8-4184-8013-32e2ee54596e,15c69723-e429-433f-9f5c-b288c25d7f48,215ddf17-23e7-4e1a-8a49-336445974e71,add_to_cart,https://shop.example.com/product/PROD-0095,64a9f2f6-2e36-4801-a134-8a1346e518b8,2025-10-15T19:02:49.955804+00:00,920fe448-95d0-4ccb-b77b-2c7cfa389054
8ae6710c-211c-4914-b67a-30f47b28da8f,6a5970b6-486e-4184-aa6d-81661f037732,f110b416-4aa6-40f1-b357-94f9cd323273,login,https://shop.example.com/cart,625a332e-5ba8-464b-a30a-f58e240e22bf,2025-09-09T11:23:59.955827+00:00,920fe448-95d0-4ccb-b77b-2c7cfa389054
f5cd1d84-8e65-4a27-ac3d-8ab03a63bde2,369196c8-2b39-48ff-9728-8b8cdc27a129,,page_view,https://shop.example.com/product/PROD-0490,e2124c74-4422-41dd-8d45-f9a04141b564,2025-11-21T17:21:20.955849+00:00,920fe448-95d0-4ccb-b77b-2c7cfa389054
f78c39d1-3546-4c31-892c-4109c41a505a,ac57456b-e002-41f2-8e65-35e2c541c0f6,,page_view,https://shop.example.com/product/PROD-0231,8410e956-1616-4481-9e3c-24c4baf6d6c8,2025-11-24T02:09:05,920fe448-95d0-4ccb-b77b-2c7cfa389054
dac02665-8966-4de4-b418-d5204bf1acbf,0e867370-8e3c-46b7-a3d7-a35f63b569d4,0e16081e-7ede-41cf-bd8c-2f5b2588b77c,page_view,https://shop.example.com/product/PROD-0437,03f3f404-1134-4c51-acef-ed875f919dc9,2025-10-16T23:14:15.955903+00:00,920fe448-95d0-4ccb-b77b-2c7cfa389054
528934e6-fa0d-4ea3-9bb3-c42a4ed5b359,3b1ffc24-499f-4c4d-b9d9-b8cbafca2134,6120722c-e948-40a2-a94a-a5078532b10d,page_view,https://shop.example.com/product/PROD-0463,076ab998-a43e-486f-92ed-c671a5a6a21c,2025-09-08T04:49:17.955926+00:00,920fe448-95d0-4ccb-b77b-2c7cfa389054
74d01648-7037-4032-9e51-419236c05d67,2ccaf3c9-8ff6-4000-b764-2665d204ccc0,,page_view,https://shop.example.com/product/PROD-0392,80d29f58-0f42-41c0-9b48-69ebe3dda7a5,2025-10-24T09:31:01.955948+00:00,920fe448-95d0-4ccb-b77b-2c7cfa389054
72a4d2cb-45ec-42d4-a1f2-b7aeeff4fa16,2e62d950-0174-40de-bfc2-5b5d0e538ad4,572d55fd-7232-49af-9e2d-fa7b735a8194,page_view,https://shop.example.com/product/PROD-0290,334881fb-3b3f-44a9-96f8-bc197942e47d,2025-10-28T22:06:36.955971+00:00,920fe448-95d0-4ccb-b77b-2c7cfa389054
1f141a95-a957-4be5-a5f8-2c5b3711c9dd,e46c64d5-b57f-4528-870e-cdb05bf364de,e1be91b2-c499-4d8d-9453-2250160ef0ff,page_view,https://shop.example.com/product/PROD-0448,99b57fcd-f860-4699-970a-e9d022a277b8,2025-09-30T04:20:47.956011+00:00,920fe448-95d0-4ccb-b77b-2c7cfa389054
30e81b9c-2bb4-4bb0-b8ff-42fade5ebe97,80807893-2e12-4c3b-9687-55d80ec1e5aa,1676ff73-5159-4c1e-9d8d-3c8281a70a06,login,https://shop.example.com/search?q=shoes,bcb77011-22bc-4e20-9fb9-55b08c190e2d,2025-10-09T10:22:20.956053+00:00,920fe448-95d0-4ccb-b77b-2c7cfa389054
53ba15dc-79d5-4fbe-a099-25bf1ff53542,827ac2db-0f98-48b8-bebf-65141d4977be,f95959e6-3f80-4d35-8b30-8952967badd8,page_view,https://shop.example.com/product/PROD-0453,1b0a356f-605c-45ea-80a9-2d867d0788d2,2025-09-04T08:38:44.956091+00:00,920fe448-95d0-4ccb-b77b-2c7cfa389054
66addff6-094b-46c2-83f6-cf8fe661c6b9,5e1d11bf-fb4f-4a4f-8973-e7db360249c7,,page_view,https://shop.example.com/product/PROD-0382,9ea135c9-df6f-45e6-8d1a-803fe7aeab66,2025-11-10T02:11:27.956114+00:00,920fe448-95d0-4ccb-b77b-2c7cfa389054
85ebb1fa-726e-404b-ae08-4aaba3ebdfdc,a6527990-1a8a-45b2-8a81-93ce1d39d36b,4a6a26e1-c769-4973-9b9d-55da32677644,page_view,https://shop.example.com/product/PROD-0420,046a3f62-7140-4906-b81c-a7f1a54190af,2025-11-29T20:55:05.956137+00:00,920fe448-95d0-4ccb-b77b-2c7cfa389054
c1195045-d659-4f76-8a47-08cad4dea93c,076dc6ff-88a5-4f48-a620-82383f6d19cb,be23ca34-ea6c-4f46-a785-02b74d226fd5,page_view,https://shop.example.com/product/PROD-0036,702238b3-c44a-4d00-a66b-25e91ae4ae47,2025-09-03T04:38:14.956166+00:00,920fe448-95d0-4ccb-b77b-2c7cfa389054
099e2260-2e0c-43eb-b2de-db096737743d,df5b7e39-e66d-4b8f-a494-daf47ddb6a26,6fa386d0-6780-44ad-8d89-50cb8ee2339f,page_view,https://shop.example.com/product/PROD-0239,22d9f3d5-489a-4b60-8c07-0000ead5a1ce,2025-11-05T17:46:38.956188+00:00,920fe448-95d0-4ccb-b77b-2c7cfa389054
b11ef036-6787-463c-8ddf-eb5e7ae21b31,b2462f43-0a26-4d35-b00c-f0ff27492f3f,,page_view,https://shop.example.com/product/PROD-0381,bd9050db-810f-418f-b6bf-f5a2b73979d2,2025-09-21T09:43:27.956208+00:00,920fe448-95d0-4ccb-b77b-2c7cfa389054
14e23899-612a-47a5-857f-7cda2746a0aa,f3c364b7-6d01-4f32-b624-261e0a13e845,c074b85a-f207-4522-82d9-8dc2d47b1649,add_to_cart,https://shop.example.com/product/PROD-0454,7bdba7d4-2b96-4e85-a51e-eb12c2a64dcd,2025-11-03T10:19:57.956231+00:00,920fe448-95d0-4ccb-b77b-2c7cfa389054
b4aaf790-b4ac-40c3-8b9c-f139ddf21fb2,0c5998c6-2618-4ae6-89eb-909ba41c9829,a626b272-7cd7-43f8-afd8-926fbae8fb3a,page_view,https://shop.example.com/product/PROD-0157,41484c70-eed1-437e-b7e4-b3f6049f7048,2025-10-01 14:07:17.956253+00:00,920fe448-95d0-4ccb-b77b-2c7cfa389054
ae21ae9a-6076-4d7d-b00e-fea650844ddb,00cdbbfc-97cb-4400-bb85-b0a3eef79be0,,login,https://shop.example.com/cart,144fc85b-6922-49ed-820a-5da6a549a7c9,2025-09-17T05:07:30.956284+00:00,920fe448-95d0-4ccb-b77b-2c7cfa389054
92192a28-d3e9-4f21-b625-35ec807dd9ec,958b10db-cc8c-411a-bdc3-dd5384cbb9fd,185e12dd-a26b-47d0-af44-2b211d119a22,search,https://shop.example.com/cart,7471bc966e5644bebc9595d0d97d35cd,2025-10-03T23:25:48.956306+00:00,920fe448-95d0-4ccb-b77b-2c7cfa389054
e859254a-6f4b-4906-82a5-65b3c320945a,0c397a18-5336-4c80-85c0-d66e8fb2b630,9780b572-125f-4dd6-815e-441487613105,page_view,https://shop.example.com/product/PROD-0156,62ab35a4-f75e-4700-9f24-2cce8a705bf9,2025-10-23T23:11:07.956333+00:00,920fe448-95d0-4ccb-b77b-2c7cfa389054
edbfe667-93c0-4cc1-abcc-626eccd733ec,d044d72e-57ad-482d-9457-0691c26c4f13,d90915c6-803d-41ad-9723-ea211ac2e0f5,page_view,https://shop.example.com/product/PROD-0163,980141f7-1115-4ad5-ad96-9ff65d684497,2025-09-19T09:31:05.956385+00:00,920fe448-95d0-4ccb-b77b-2c7cfa389054
c8d10368-0353-40d7-a87d-bfb3707e837e,f42d2a70-ff21-49d8-a2d2-168eed10d1f1,7a401476-9d79-4aba-8cbf-7b4ba8b69393,search,https://shop.example.com/category/electronics,f0488ec7-bdf3-47ba-80d4-4592eb048af1,2025-09-05T08:14:53.956409+00:00,920fe448-95d0-4ccb-b77b-2c7cfa389054
0c868dbf-fd78-4b08-a8d7-4003f4181245,286f741b-1c72-423f-9ca8-004eb2e63957,,page_view,https://shop.example.com/product/PROD-0017,ff532fd3-a232-48f8-b1a8-da7744dcfd77,2025-11-23T22:01:16.956435+00:00,920fe448-95d0-4ccb-b77b-2c7cfa389054
2627dd54-90e2-429c-a294-d8306c639b33,87e4bd13-a537-4528-ba4f-c5898e52b495,,search,https://shop.example.com/category/electronics,07998f0c-8433-4122-a497-7dc6209dec73,2024/31/01 25:61:00,920fe448-95d0-4ccb-b77b-2c7cfa389054
1430179a-6916-4eba-8084-73ca06c114a0,c0766750-a910-4c93-8cf0-98b770881d38,,page_view,https://shop.example.com/product/PROD-0387, 5dd1f02c-599b-4743-8bd0-805525c550c9,2025-09-06T05:34:12.956510+00:00,920fe448-95d0-4ccb-b77b-2c7cfa389054
915fc715-3dca-40eb-b813-7df8d533d2d9,05907dbf-5597-41cb-99b5-a168b9596865,1561d921-d01a-486b-85aa-66ad1c9228ef,page_view,https://shop.example.com/product/PROD-0386,28a4b8d3-25c4-41e3-84ca-09cf0cea3bf6,2025-11-06T22:21:46,920fe448-95d0-4ccb-b77b-2c7cfa389054
47e98a7d-0d5d-4610-befe-36885864f993,b826d5fd-84a8-4ef8-9c88-67d607c9f9ba,fb4ac39a-cd98-4966-9ed0-4446cecfaad0,page_view,https://shop.example.com/product/PROD-0097,c7a0ca9c-2ecf-497f-915a-9eabc468b6cb,2025-11-24T05:34:52.956610+00:00,920fe448-95d0-4ccb-b77b-2c7cfa389054
0a01e5ed-2fb6-4ecb-b0ae-00e5722a30b3,85d9d149-ee1a-4d12-b9ea-9c9aa7a701fe,b0c4b174-c6ed-40f8-9da7-1686c9236568,add_to_cart,https://shop.example.com/product/PROD-0421,c9d6023b-d2e4-4c58-909a-bb93f7321b83,2025-09-03T08:31:29.956633+00:00,920fe448-95d0-4ccb-b77b-2c7cfa389054
977c839a-4906-4dfb-97b2-26bcce7d4a2a,b88358b3-c12f-4aef-9b8b-0e62d2c7de02,,search,shop.example.com/search?q=shoes,b6e40492-960e-456d-bdfd-1224bf900e34,2024/31/01 25:61:00,920fe448-95d0-4ccb-b77b-2c7cfa389054
6f1e0210-2552-4d38-a53a-8afa83678146,49716cd1-93d2-482e-940d-30b88e2a6fa0,,login,https://shop.example.com/,524a6b1f-f029-45a7-bbed-68d0f0ad60be,2025-09-09T22:42:08.956689+00:00,920fe448-95d0-4ccb-b77b-2c7cfa389054
5f739c5a-9ee1-47e5-b8ce-2a83b7dda0a8,72480340-be72-4d9c-9d3c-852d1e414c58,,login,https://shop.example.com/,1f9e4994-6d9d-4eea-b711-a0a11cba17d0,2025-10-08T16:53:52.956711+00:00,920fe448-95d0-4ccb-b77b-2c7cfa389054
a0ead68e-9632-424c-8bfd-e6480dbe8ba8,6a19f880-c458-40b6-b470-4919f5304a62,699b6913-c987-4c5d-9531-46cb7f5c71a9,page_view,https://shop.example.com/prod////PROD-0070,c0dddb64-bb33-40b8-806b-0de7f0167c59,2025-11-02T22:46:13.956734+00:00,920fe448-95d0-4ccb-b77b-2c7cfa389054
0233b98e-1d6d-47b4-b949-4423143d7b86,02187641-b655-47c3-bb21-3f0bdd1b53f8,,search,https://shop.example.com/cart,41d31deb-bbfc-4579-852c-5fcf261cbe61,2025-09-08T16:51:38,920fe448-95d0-4ccb-b77b-2c7cfa389054
08157d78-c8d8-4813-adfc-4f120fcab8d6,738e7a52-334e-4ba7-b689-59f5d09203e9,dafb601e-26b2-4a56-b727-5469584399a2,page_view,https://shop.example.com/product/PROD-0493,b8991b84-0fc4-408a-b841-6d7639b6513f,2025-09-18T01:43:36.956829+00:00,920fe448-95d0-4ccb-b77b-2c7cfa389054
7445085c-4edf-4e8e-9cd5-c582bfdeb3e9,dc5cc0d4-fd8f-4288-bf62-774c1c7a177b,ca79e2e9-44a4-4ec3-8f87-73de4e9153ca,page_view,https://shop.example.com/product/PROD-0164,966493ea-12e2-4080-9615-f283c81e55ba,2025-11-11T07:10:24,920fe448-95d0-4ccb-b77b-2c7cfa389054
41323ec2-ffe8-465e-925c-c3927dbcc631,0b023f23-769e-4f13-bc40-fb3eda509c58,,page_view,https://shop.example.com/product/PROD-0439,1e3e9101-ba73-4f21-96d1-84828e30749e,2025-11-15T10:10:58.956923+00:00,920fe448-95d0-4ccb-b77b-2c7cfa389054
b1db0660-4191-4489-8a33-aa0d65873cfe,00f6be2e-b03e-43b4-8ed1-204daf1b0e7c,0c9e8aeb-1a1d-4440-bd8b-bba853d0f198,login,https://shop.example.com/search?q=shoes,0d9615cf-1919-4587-b998-1a1600137cf4,2025-09-18T17:01:25.956945+00:00,920fe448-95d0-4ccb-b77b-2c7cfa389054
37491215-24d3-44fa-ab5b-a6a00b78e0bd,df4b8ae6-efe6-4a73-89e3-bc5a392f6a9f,a62742da-20a2-423c-9a9e-ea5c7885fa4f,page_view,https://shop.example.com/product/PROD-0122,bfabbab7-d87b-4df6-90f1-94cdb715f16f,2025-11-06T10:42:21.956967+00:00,920fe448-95d0-4ccb-b77b-2c7cfa389054
e5e0bd36-0799-49a4-b987-7d20d6766954,e05bf8c8-2639-42c7-b2b3-f98135c94460,ae200a9b-1ac1-4eda-b21f-1ae1602c9212,login,https://shop.example.com/search?q=shoes,c94be3d0-7552-4416-8637-544dd56a4902,2025-10-13T22:05:11.956990+00:00,920fe448-95d0-4ccb-b77b-2c7cfa389054
ddbe56e2-bea1-47fe-9a60-d50c9be11cd0,123ac9ae-09c9-4afb-b926-3caec00071c4,2d7a4945-6c3b-437c-a27a-f3ff276e2059,page_view,https://shop.example.com/product/PROD-0385,63d4eab9-c3ba-435e-a2d7-5827a9e58dad,2025-09-29T07:22:09.957012+00:00,920fe448-95d0-4ccb-b77b-2c7cfa389054
49f508a3-9389-4732-aea3-53e2482514e7,c8d2d260-eaf0-479f-b2fb-32e51953ab29,066bbcdd-12be-4565-9ea2-bfef7e84e296,page_view,https://shop.example.com/prod////PROD-0045,402e98bb-581f-4a88-9845-67f38e3267bf,2025-11-12T14:46:32.957033+00:00,920fe448-95d0-4ccb-b77b-2c7cfa389054
b2df77d8-b310-4890-bc6b-716b50ccf1c6,2b1a1fce-20cd-42c6-b97d-f9d381077499,9739387b-00bc-4d3b-b7a9-ab3e6d435b60,login,https://shop.example.com/,749ce67b-a7c7-40fa-b2d8-6ab894c799c2,2025-10-29T06:26:03.957061+00:00,920fe448-95d0-4ccb-b77b-2c7cfa389054
e313d340-94e4-465f-8361-4e2d2966ae8f,a91e97f6-8c01-4329-a9c4-b212dbb27b2d,d10598b8-038a-42b9-bbe3-b560acb7c990,page_view,https://shop.example.com/product/PROD-0302,e804d283-c336-4d89-8cc2-c3bbf3f7dfe6,2025-10-29T17:09:45.957107+00:00,920fe448-95d0-4ccb-b77b-2c7cfa389054
5d55387f-c6a7-42f4-b61e-11d9923fea1a,7ea26be1-d633-496f-8fe8-f3b362366408,4e6f08e9-867f-41ac-bc4c-112afaed5794,page_view,https://shop.example.com/product/PROD-0245,22a13a47-91d1-4125-945a-b72769e6b811,2025-09-05T11:42:54.957159+00:00,920fe448-95d0-4ccb-b77b-2c7cfa389054
951778b8-57f5-49b0-9dc1-9cd345b15598,0f3e0c18-bd5b-4f03-8042-569ba2de6233,,page_view,http://///shop.example.com/product/PROD-0226,01f7d2e3-9346-40d7-8020-d2531d9a39e5,2025-10-08T04:47:12.957181+00:00,920fe448-95d0-4ccb-b77b-2c7cfa389054
fdb0c060-8704-462d-b0d3-9a1869b07801,33d8f11a-e406-4860-80f1-a6fcbc14a06b,4bd4d408-2c01-4823-a901-421f3709191f,page_view,https://shop.example.com/product/PROD-0300,b7f105d0-c965-478b-a25a-442dcafae3ee,2025-10-02T11:40:03,920fe448-95d0-4ccb-b77b-2c7cfa389054
7229f4c5-5f8a-4d36-8c0c-a32897a62bef,4d417fee-3e9e-4caa-a43e-526495ca8efe,,page_view,https://shop.example.com/product/PROD-0170,dd45f985-b53c-45a1-b8c4-2926230686d4,2025-10-13T21:37:12.957246+00:00,920fe448-95d0-4ccb-b77b-2c7cfa389054
cf4f743c-ac4a-4cae-a097-e8d0a331588e,fa643c72-e7da-4c00-8eaf-c57e4ee0f850,,search,https://shop.example.com/,4889e3cf-7334-4e54-bc57-40eb2a615034,2025-10-05T17:27:51.957267+00:00,920fe448-95d0-4ccb-b77b-2c7cfa389054
edf73769-bf96-4320-b856-e5c66553233a,6a1833d6-a1ac-4f96-8ad8-e6e0cd18e73e,,page_view,https://shop.example.com/product/PROD-0189,ef18e54c-0bcb-48a8-92e1-061043d9ea2c,2025-09-29T21:53:10,920fe448-95d0-4ccb-b77b-2c7cfa389054
e00154e7-5aff-48a9-9836-6bade466cb7e,2ce0c149-0d75-4fc3-b482-5175cfc990f3,,page_view,https://shop.example.com/product/PROD-0131,e3007db2-264d-41d4-802d-c7dc7fe11389,2025-12-01T14:08:24.957325+00:00,920fe448-95d0-4ccb-b77b-2c7cfa389054
6b33343e-2c74-415e-8137-87e456232d71,39e8fca0-98d9-43d9-b84e-614e5ea603be,,add_to_cart,https://shop.example.com/product/PROD-0125,7d2ae1a0-05ae-40fe-b8ba-42314074514e,2025-11-30T00:25:35.957346+00:00,920fe448-95d0-4ccb-b77b-2c7cfa389054
66a03445-e99c-4fa0-9d5e-4b51d6a30a83,66155375-d266-4dc6-8dda-c255c366e4c8,80646127-1cf7-4a08-b39e-af903ef81dd8,page_view,https://shop.example.com/product/PROD-0227,7e228fab-50fc-4b37-8ca5-849cf3d5548b,2025-10-30T04:58:56.957369+00:00,920fe448-95d0-4ccb-b77b-2c7cfa389054
0608b4ea-9128-4ae7-96ad-521af7787e9a,1b0c9711-a83e-4303-96aa-f1fc1685af6b,05fdb4f2-162c-4302-b787-67854ca02d12,page_view,https://shop.example.com/product/PROD-0234,7886004a-6bbf-4523-ad2f-fc40df7ce4c3,2025-09-07T09:09:10,920fe448-95d0-4ccb-b77b-2c7cfa389054
8880242c-eff8-4af0-8c96-6ff2b61df833,52e2a2a5-3bb6-455f-81e4-61083c921055,f66de389-216d-4638-825a-e27acff740a5,login,https://shop.example.com/search?q=shoes,134bf1a3-e7e5-48d6-97f3-147fbbf67374,2025-11-18T11:37:05.957439+00:00,920fe448-95d0-4ccb-b77b-2c7cfa389054
5f62aba2-8273-4c9a-b431-9a1e2c360899,3c0090a3-a252-4365-b8a6-fed212d88e16,,page_view,https://shop.example.com/product/PROD-0134,c91f8e03-d057-4e8a-a747-e128534df211,2025-09-10T14:16:47.957493+00:00,920fe448-95d0-4ccb-b77b-2c7cfa389054
6f1b4c6b-5191-42b5-89d3-81f61dcd5b5c,815a776f-15fa-41a0-8de0-6d4fdccbac67,,search,https://shop.example.com/search?q=shoes,b18d51ab-dcd5-4e96-8601-e97202ca3d2e,2025-11-15T09:32:18.957518+00:00,920fe448-95d0-4ccb-b77b-2c7cfa389054
4706cfbd-57bc-4aa8-9b55-e8f44d760b07,b4910663-b351-47ec-9a1a-b753e24a5bf2,10143ca2-01e9-49c4-9377-11c851eb8d8a,page_view,https://shop.example.com/product/PROD-0156,ec23992d-b487-4ccf-8cf7-e0797b8f5f15,2025-11-12T00:14:01.957568+00:00,920fe448-95d0-4ccb-b77b-2c7cfa389054
08dea984-703b-4555-aae1-04bf4bf577f5,38da235b-53e3-4c17-8da8-52ad62d40152,,page_view,https://shop.example.com/product/PROD-0365,1b8d2a85-d6d4-46e3-bc80-b548930d2dd7,2025-10-29T01:12:14.957592+00:00,920fe448-95d0-4ccb-b77b-2c7cfa389054
ef3011f5-ec01-4fc6-b091-35e05aa8440b,dafed6ec-50a9-4a04-bc47-0e9ba9fde867,a4a9fb98-ad03-4729-a2f2-bff6c67027fd,page_view,https://shop.example.com/product/PROD-0276,d8dcd001-8b02-465e-8a1b-f51a6d768a31,2025-11-03T18:33:16.957629+00:00,920fe448-95d0-4ccb-b77b-2c7cfa389054
ca2021b2-1eb5-4b25-842a-3192ea781abf,b738d9fd-ae2b-4ebc-a844-6230e4fabbca,,search,https://shop.example.com////,14716a45-6008-40e1-9ab4-e55c3a444f0f,2025-10-03T19:08:23.957652+00:00,920fe448-95d0-4ccb-b77b-2c7cfa389054
aa94a5fb-9174-409c-a6ef-bf71b8649fac,7444cc87-7133-4c9b-945b-d1a3670f6491,,page_view,https://shop.example.com/product/PROD-0252,66364d57-2c5c-492c-98a5-be39d39eea0f,2025-11-28T19:04:50.957676+00:00,920fe448-95d0-4ccb-b77b-2c7cfa389054
bef5af2c-da36-476e-a2ed-b02eb97e0ee3,32dae9fe-129b-47ec-81ea-797101316d27,2a3b19c4-e384-4cd7-8d6f-2284fc4b2c69,page_view,https://shop.example.com/product/PROD-0373,081fed57-2aea-420a-af46-5e626a7e6144,2025-09-19T05:03:52.957697+00:00,920fe448-95d0-4ccb-b77b-2c7cfa389054
d09c972a-1b92-4326-bf0a-f49038428d41,cc8485d4-7b3f-4bfc-b97f-5bf5be59cb52,63eaba53-702e-4b33-8487-63e398ca16f0,page_view,https://shop.example.com/product/PROD-0200,d16d4580-42ad-4085-bda6-256f30f376d8,2025-09-20T14:10:11.957719+00:00,920fe448-95d0-4ccb-b77b-2c7cfa389054
50083d35-11ce-42e5-b14a-abe5ba32b6c0,eacff518-dd78-4582-9cf2-96abec93820a,7227f433-9bf3-43b7-a7cb-23014ca1fa56,page_view,https://shop.example.com/product/PROD-0152,89189764-d801-4068-9361-9a9a269800a1,2025-09-15T12:06:27.957763+00:00,920fe448-95d0-4ccb-b77b-2c7cfa389054
d4841b1a-4944-4060-b03a-abf206d808db,cfdc927c-3a7e-4f2e-9127-18fb8ed189bc,,search,https://shop.example.com/search?q=shoes,681c3fdc-35ee-46c1-be08-fbc7c12efb8b,2025-10-09T18:00:05.957807+00:00,920fe448-95d0-4ccb-b77b-2c7cfa389054
dca93ca8-e0a2-4335-806b-49752a0b7e9a,403438fb-6a0a-4a93-bf4d-d476bfe8af3f,13f8c17e-493f-4fb3-b05b-9c09c33ebbf9,add_to_cart,https://shop.example.com/product/PROD-0245,ead7575f-f24b-4676-92ca-e6cf92f54903,2025-10-26T07:27:38.957829+00:00,920fe448-95d0-4ccb-b77b-2c7cfa389054
377ad70a-19f4-46a7-ab4e-47cda92e907e,1ff3b7c7-93ed-4e1b-8889-02433948ccf8,bd65f72f-3b16-46e4-a8d0-45a29f0a4f9e,add_to_cart,https://shop.example.com/product/PROD-0496,6b8bea5f-c7f4-4317-bac9-08cd858da082,2025-09-11T15:57:15.957860+00:00,920fe448-95d0-4ccb-b77b-2c7cfa389054
651191aa-dd20-4db4-a221-9225137e2929,1e7c1266-0ba8-49f2-991e-ffa61a383e04,,page_view,https://shop.example.com/product/PROD-0243,1ad6db08-8224-46d7-b934-38d4b007b950,2025-09-17T01:50:11.957920+00:00,920fe448-95d0-4ccb-b77b-2c7cfa389054
f992baf0-e222-49ee-aa0f-8330ac94568b,865d57db-e910-4e71-89e8-d9f77fd414c4,,page_view,https://shop.example.com/product/PROD-0383,0b7460d5-3c73-456f-8fdd-73c967de9fb2,2025-11-15T00:25:42.957943+00:00,920fe448-95d0-4ccb-b77b-2c7cfa389054
59a26a26-1c05-45fb-b546-ba71ebca43d9,4e51617a-3752-4258-809c-c2490f4c2323,d0861f38-c998-43f6-9d9a-8ee56fade3e6,page_view,https://shop.example.com/product/PROD-0341,b5ed2ee7-22f8-4adb-8dce-9b41558990c9,2025-09-14T20:29:52.957965+00:00,920fe448-95d0-4ccb-b77b-2c7cfa389054
4bd5ca21-1968-49cc-8a85-d245580330dc,527ddb99-2734-4a82-89f6-2f532bca31f0,,page_view,https://shop.example.com/product/PROD-0456,c1a47366-447e-443a-b364-d50cd2c3d5cf,2025-09-13T21:32:43.957986+00:00,920fe448-95d0-4ccb-b77b-2c7cfa389054
aed11ef2-d25f-40e1-915a-0f076c34d526,d033bc71-be37-4a98-8e35-39b181a9a04f,46fcb125-081f-4372-bf53-593718cb7612,page_view,https://shop.example.com/product/PROD-0359,0e600da2-f786-4056-9912-95225452dec5,2025-10-16T21:17:55.958008+00:00,920fe448-95d0-4ccb-b77b-2c7cfa389054
69776708-7647-4199-a82b-3236fd2169ab,5624072e-c376-41b7-b71f-47b2c35061d1,,page_view,https://shop.example.com/product/PROD-0281,679278c9-132a-4f09-b28f-6bd29d5acc78,2025-09-12 20:13:32.958028+00:00,920fe448-95d0-4ccb-b77b-2c7cfa389054
5982e153-f172-45ac-9e59-10e5c15be29b,4d16f4ee-2d0b-43c2-afb4-db60678f9373,,page_view,https://shop.example.com/product/PROD-0133,dbdfa594-f255-49eb-bbb8-da62f6cb4576,2025-09-24T10:04:59.958067+00:00,920fe448-95d0-4ccb-b77b-2c7cfa389054
096d3758-3b59-493c-a916-b81091c3423e,8e7e7a1c-1e74-437d-8a71-00d710e4b981,,page_view,https://shop.example.com/product/PROD-0458,invalid-device-7786,2025-09-08 11:45:31.958090+00:00,920fe448-95d0-4ccb-b77b-2c7cfa389054
fb0aa1e8-8763-4f6e-8d47-94a3fde74158,04fb7dff-7041-43f6-aea0-3be98a4f630a,,search,https://shop.example.com/search?q=shoes, 197ae1fa-e94f-455f-8630-aea6e3d61315,2025-09-22T18:46:29.958136+00:00,920fe448-95d0-4ccb-b77b-2c7cfa389054
b6953421-adc6-4452-993c-e58cb85c1e64,a049acd0-0b57-43b1-a34b-5042c561f8b5,,page_view,https://shop.example.com/product/PROD-0500,abafc012-b8b0-4a1e-be7c-7cbaea33dc2f,2025-09-14T01:07:48.958164+00:00,920fe448-95d0-4ccb-b77b-2c7cfa389054
b2b3056e-1724-439d-9181-21c93c7a4dad,37074f30-7759-43df-9276-3ba519e36efe,,add_to_cart,https://shop.example.com/product/PROD-0311,7502565e-ab1e-4808-a164-94ebd82f2713,2025-09-23T11:57:38.958227+00:00,920fe448-95d0-4ccb-b77b-2c7cfa389054
42a5f19e-5c4b-4d86-a0c6-a402b8aa3445,f7327d7d-c952-4e49-931d-be7124c198f8,,search,https://shop.example.com/cart,f704baec-d7b7-4454-a0bf-426366288f18,2025-10-13T18:58:56.958251+00:00,920fe448-95d0-4ccb-b77b-2c7cfa389054
bca8c0fc-9993-4f11-9df7-edc48119d7f6,3470c204-f8f7-4b02-899a-69637c38fe90,,page_view,https://shop.example.com/product/PROD-0256,de1f49c4-6175-4097-b1f9-32fa7616c963,2026-10-30T16:04:29.958278+00:00,920fe448-95d0-4ccb-b77b-2c7cfa389054
c3b44d9c-3282-4b79-b1d9-24cb6d5da7cb,cd4a2978-7758-4197-ad22-058bf2607e76,536887b7-196f-45c9-adca-6ec1a61199a6,login,https://shop.example.com/cart,42fbf7b0-eef0-453f-b65c-230fa379815c,2025-10-21T09:35:18.958303+00:00,920fe448-95d0-4ccb-b77b-2c7cfa389054
5e0372ed-9c39-4c4b-be8b-2eec293eaf91,596cb64a-aa06-495c-a078-b2fc7aa60654,,page_view,https://shop.example.com/product/PROD-0369,d5b75245-f095-4f40-9bd8-bc1913ad0d46,2025-09-13 11:06:26.958324+00:00,920fe448-95d0-4ccb-b77b-2c7cfa389054
6ead690e-e8cd-4c8b-8af2-81c71c5061bb,c1544f16-bee0-4dcd-8ce5-f49251863c23,64f5213c-0768-42f1-80db-ebf6978b84ad,add_to_cart,https://shop.example.com/product/PROD-0200,531caa3a-2462-4174-8ebb-54a224e06663,2025-10-01T12:40:52.958352+00:00,920fe448-95d0-4ccb-b77b-2c7cfa389054
862b78cc-d1cf-483b-a451-a12935be0e27,a9230d26-4b0b-4711-b57f-327a6c8f6081,bce6a912-e401-451f-a85a-12a8771412ef,page_view,https://shop.example.com/product/PROD-0020,edc31cd7-c715-4893-96b9-2559384c7d10,2025-10-09T22:08:55.958375+00:00,920fe448-95d0-4ccb-b77b-2c7cfa389054
7747a068-194f-4ef4-9572-39dc18182ed3,8d8f209a-2adc-4879-bbc6-2c05cbad083d,0f87d9fc-a0cc-4ef0-9017-d8adc214e006,page_view,https://shop.example.com/product/PROD-0269,e3ae18d9-8ab7-4021-ac3c-4203c14909b0,2025-11-01T09:55:35.958397+00:00,920fe448-95d0-4ccb-b77b-2c7cfa389054
401eeddb-1e4c-44e6-9a3b-d75dfe26c71b,0371be79-f90e-485c-a003-e50e38b5de0a,351bf9ed-fdb5-4354-a21a-4f7cf5627847,add_to_cart,https://shop.example.com/product/PROD-0246,67d88577-e105-4e97-8c31-388f511ed5a4,2025-10-05 19:46:02.958418+00:00,920fe448-95d0-4ccb-b77b-2c7cfa389054
d7db909f-afe8-4cad-a612-2dd908ceaf3f,cdfbec8e-7378-45f6-9bcd-589f071c94bc,482697c3-45e9-4fcd-a4e9-a5ed3517ba83,login,https://shop.example.com/,c13adf68-a11c-4da6-bebd-0963f78fac72,2025-10-03T11:51:46.958550+00:00,920fe448-95d0-4ccb-b77b-2c7cfa389054
b1c1099a-579d-4594-a41e-96cd1d6e70bd,a3abe7bf-4be2-4589-b394-9dd1b1cafe7c,b6aa6ab5-c680-42c0-9cc5-19008247dff0,add_to_cart,https://shop.example.com/product/PROD-0193,0910966e-5c41-44ac-9ce1-eb2f70ec8aff,2025-09-29T21:37:22.958674+00:00,920fe448-95d0-4ccb-b77b-2c7cfa389054
6e472004-92be-4d21-a922-323dc36ea245,c555c4fe-fb2e-45c5-8cd4-cf787b6278bb,e54f2fec-6b2d-447f-bf6a-2a40eddba025,add_to_cart,https://shop.example.com/product/PROD-0223,d652ea94-bab9-4006-ad72-b5ad81745ece,2025-09-17T03:57:18.958738+00:00,920fe448-95d0-4ccb-b77b-2c7cfa389054
1d23169f-811c-4c13-8400-8bd62cf54581,1b2449ef-534f-4ebf-aae8-322791c51567,1d8632b8-dd63-4fa3-bcda-fd1b0dca274b,add_to_cart,https://shop.example.com/product/PROD-0066,d0e6ea8f-366b-4661-a637-2188b2b86d19,2025-11-30T08:41:35.958764+00:00,920fe448-95d0-4ccb-b77b-2c7cfa389054
d4b84809-6c43-48a4-96c5-cf5d0c5b61de,b0eebaf0-6fa1-4797-b257-36ecc3603bb8,,page_view,https://shop.example.com/product/PROD-0084,9e9bafe9-fdf0-42ea-9e9f-ee4242a4fb87,2025-09-11T02:16:03.958786+00:00,920fe448-95d0-4ccb-b77b-2c7cfa389054
cab73e19-d203-42a7-bdae-6dd61a7d0785,9da2b0f2-1eb2-4895-87a5-61401036fbc0,,page_view,https://shop.example.com/product/PROD-0480,235d82bf-aa72-4efc-ba70-ec988d5c8a48,2025-09-12T22:50:25.958807+00:00,920fe448-95d0-4ccb-b77b-2c7cfa389054
79036e73-0f31-4365-9a2c-5ebc5877f2f1,c702e8d9-dcef-4845-ba51-cce68d74abb9,76671031-60f2-4523-8ebc-542dc360774c,page_view,https://shop.example.com/product/PROD-0253,1a81ad7d-41cc-4581-b2b7-351154e25447,2025-09-27T09:15:50.958837+00:00,920fe448-95d0-4ccb-b77b-2c7cfa389054
ab58a1f0-cab0-496f-9baf-bfa3d96cb479,9b7791f0-aaf4-4993-abe8-6a9884fbdf50,ba6565dc-7186-44c7-af08-87cd663a074c,page_view,https://shop.example.com/product/PROD-0190,d4e9c4c5-ecd8-45c9-a6cc-6ac4685f562f,2025-11-12T21:33:52.958905+00:00,920fe448-95d0-4ccb-b77b-2c7cfa389054
3fe17574-2727-4aeb-92fe-49a90cc0eba4,5904f6bc-aaf6-4f7c-87fb-b3b612229920,be6116d6-d9ed-4b67-a51d-22e07fdaa1f1,page_view,https://shop.example.com/product/PROD-0222,d427f65d-b0e9-4ff0-9ce9-705f1287edfb,2025-11-03T19:59:46.958928+00:00,920fe448-95d0-4ccb-b77b-2c7cfa389054
218161fd-4a96-4cd8-a724-c99fd27a5d14,adbdc95a-456b-422e-9826-83e2255f03da,51e9b20b-5bb3-4b20-809c-cf0b4a8fda24,page_view,https://shop.example.com/product/PROD-0109,88331919-c855-4fc3-bae0-e5cf80e5afd8,2025-10-08T20:00:25.958950+00:00,920fe448-95d0-4ccb-b77b-2c7cfa389054
0b381e0a-493b-4992-aa8f-977a9b862431,6ec6284d-7c97-4c62-a78c-3f78e9847592,5d1c5ced-86d8-4b95-86c9-05c223f60521,page_view,https://shop.example.com/product/PROD-0191,6a775302-8c2b-41cb-bbfe-1f0b4b4d78f1,2025-11-04T19:09:50.958973+00:00,920fe448-95d0-4ccb-b77b-2c7cfa389054
3c252052-dff5-4952-a82b-d0d643fdda24,4bc1a9f3-74bb-4467-bb78-fa258e76d888,,search,https://shop.example.com/cart,9709d001-2007-4787-97e9-b41a50f93260,2025-10-20T16:38:31.958996+00:00,920fe448-95d0-4ccb-b77b-2c7cfa389054
0dc43727-b430-4fbf-9927-21fd6d7822cd,c1ee44c3-0ccc-4944-98b9-805a1eabe4d4,0277d98e-fb67-4810-aaf0-09efbe23d0dd,page_view,https://shop.example.com/product/PROD-0201,6501d5e6-338e-4b43-b07e-132c1b2c7ffb,2025-10-29T13:02:58.959018+00:00,920fe448-95d0-4ccb-b77b-2c7cfa389054
d9c82289-e7c7-4be0-b2fa-4d83bb1637a0,3019e871-b462-445c-baf0-3f010545d985,,page_view,,47b6f20e-edbc-4417-a391-209abebb6af1,2025-11-16T10:16:34.959057+00:00,920fe448-95d0-4ccb-b77b-2c7cfa389054
0bfd6b5c-a48a-4e2f-96b9-46540261a248,2d730bc6-08ee-4204-8a02-94c1033f23d8,e54f35e7-db1c-4d27-ae83-8848aebe5df2,search,https://shop.example.com/search?q=shoes,375b9a88-dc25-4e39-a7dc-69090791e2dc,,920fe448-95d0-4ccb-b77b-2c7cfa389054
546b38c7-c425-496c-a32b-4668d62892a5,94fd3ae1-b590-44e4-8d61-c67e7d5eaee9,,page_view,https://shop.example.com/product/PROD-0283,bdad09d5-b2b2-466e-8163-667a214ec21b,2025-09-23T17:16:00.959127+00:00,920fe448-95d0-4ccb-b77b-2c7cfa389054
92ae8973-162d-4bb4-8075-35a9b84a748a,4def49bf-9a2f-4452-ab9c-310c776025d1,,login,https://shop.example.com/cart,d32c95a4-fc7a-4a3f-a082-7688c8e1f944,2025-09-05T02:33:09.959156+00:00,920fe448-95d0-4ccb-b77b-2c7cfa389054
d20b3d0f-a910-4f26-a095-dff85ee40431,315631d4-a644-46ba-9d40-1be65da107e5,fee7280e-340a-4f81-8209-ea577dd7495a,page_view,https://shop.example.com/product/PROD-0053,2d5d3fd2-e351-40d0-9f27-54a0b97baddf,2025-10-24T11:00:20.959229+00:00,920fe448-95d0-4ccb-b77b-2c7cfa389054
7f26492a-3155-4d68-be45-c5214f382adf,2810d380-0dd0-4790-8452-a150d776c622,89d496a5-0809-4056-afb7-9872075b3c51,page_view,https://shop.example.com/product/PROD-0005,4ba0b52b-efef-4191-bd48-0749ebf6c896,2025-11-20T01:35:06.959254+00:00,920fe448-95d0-4ccb-b77b-2c7cfa389054
b63bf846-d843-4a1d-91ca-ba66f0d7ec59,ce055075-91ac-42f4-b2a8-e8f5ed80c304,,page_view,https://shop.example.com/product/PROD-0412,74f8f9d9-a882-4415-a727-01b6e3c0d5d6,2027-06-06T16:04:29.959304+00:00,920fe448-95d0-4ccb-b77b-2c7cfa389054
898d0969-8c47-4836-9c8b-1a0a5b1b8850,ccd74332-ded7-4295-acd5-bcb49ce867c3,,page_view,HTTPS://SHOP.EXAMPLE.COM/PRODUCT/PROD-0345,ca5ff188-d29a-45f7-a39d-5d0eaa92f451,2025-10-11T06:41:51.959348+00:00,920fe448-95d0-4ccb-b77b-2c7cfa389054
2d3ced76-8b13-452a-a58b-000ce8b7479b,535c7325-3084-4988-ad7a-caa147b02542,1fbbde23-da9d-4cbf-9c0b-311e204058f7,page_view,https://shop.example.com/product/PROD-0139,26d4d718-d3b3-40a4-b207-1b7431839f31,2025-10-27T20:49:01.959418+00:00,920fe448-95d0-4ccb-b77b-2c7cfa389054
7b62e479-9578-4a0e-a04b-f8c737ccea28,f75e5797-50ac-492f-b5c3-1282d3a7f4b2,346f358c-07c5-4cbc-9ebf-8ed545a21f0f,page_view,https://shop.example.com/product/PROD-0150,03629d3f-d64a-41a9-bff2-2e2c3f4ceb67,2025-10-28T09:11:24.959441+00:00,920fe448-95d0-4ccb-b77b-2c7cfa389054
068ad555-f05e-472c-a05c-076ab24865e2,45a1726e-e70a-43fd-979d-e3c7bac30e1d,958bc7bf-7aa2-4bc8-992a-5bd5b6986585,page_view,https://shop.example.com/product/PROD-0222,bdbc3913-5fc2-4747-80a1-31dcb73b19cc,2025-09-05T01:14:58.959462+00:00,920fe448-95d0-4ccb-b77b-2c7cfa389054
6ac5b0be-edf2-4647-bdd7-584745945181,672dc971-529f-420d-80cb-d990066f0975,7ee01cf2-5af8-4ca3-8dcd-de5c7bfaeef8,page_view,https://shop.example.com/product/PROD-0353,7331f18b-1aca-478f-94d7-80d0c89aef04,2025-10-18T20:38:31.959484+00:00,920fe448-95d0-4ccb-b77b-2c7cfa389054
9acfbd78-bacf-4a49-a884-89ce1cb6c73b,082b83f0-d6ad-4661-95fa-fa81028eb802,,page_view,HTTPS://SHOP.EXAMPLE.COM/PRODUCT/PROD-0058,014f2b45-1941-4567-a10e-990c438d517f,2025-10-02T01:19:21.959553+00:00,920fe448-95d0-4ccb-b77b-2c7cfa389054
99a963ed-80dc-4055-a3ef-4f79b019c784,36e8db23-581f-403d-8edc-31603f5f2f8d,b835b9c4-eb3d-4aaf-8eea-a854d9bba6ef,page_view,https://shop.example.com/product/PROD-0471,2b789ac5-950f-499a-a8e0-d13c7f53056c,2025-09-28T14:00:07.959583+00:00,920fe448-95d0-4ccb-b77b-2c7cfa389054
64730526-256c-4c64-aaf8-961f7d390c52,80c45ade-3118-40df-b1f5-610179fa33c4,1de3b25a-3fe1-4883-957c-5941b45dce79,page_view,https://shop.example.com/product/PROD-0280,719cdeac-5c06-42e7-9371-3355139aed08,2025-09-05T02:16:27.959619+00:00,920fe448-95d0-4ccb-b77b-2c7cfa389054
5da44b10-4058-471a-8c1a-e01d0fd2f3dd,ca355512-7f77-4226-862b-0c72e61c066e,,add_to_cart,https://shop.example.com/product/PROD-0328,f60a6498-7ed6-40b3-b2e3-6b6edf3de3a4,2025-09-07T13:36:40.959656+00:00,920fe448-95d0-4ccb-b77b-2c7cfa389054
71a94b5c-a41e-4718-baca-96668601c126,fe850685-2a70-485f-b160-32b199e99c85,e3f4161f-0388-4ef8-a63e-57f1a86ac70b,search,https://shop.example.com/search?q=shoes,7225308d-9fb8-44e6-b55c-f66729ec5230,2025-11-12T14:34:57.959709+00:00,920fe448-95d0-4ccb-b77b-2c7cfa389054
0d7b1a9c-add1-4b67-af67-3c63d2e8e663,fada93c0-6088-458e-841b-599a4ab1574e,a58d20cc-5643-4949-bace-a0fa16550c9b,add_to_cart,https://shop.example.com/product/PROD-0034,2c21f83a-da76-4101-a86b-4d09a295fd95,2025-11-23T08:34:29.959742+00:00,920fe448-95d0-4ccb-b77b-2c7cfa389054
46f43b6f-a6ae-45f6-a960-45e57e414223,cab4d7fb-2d0a-4c1b-a871-d00fc7a4a6f3,8844631e-d88a-4e80-9fb6-30ffec1668c9,page_view,https://shop.example.com/product/PROD-0497,f81edc6f-c0ca-4934-856b-43b1b7401f70,2025-09-10T12:28:29,920fe448-95d0-4ccb-b77b-2c7cfa389054
2d8d6249-5863-433b-bc18-2554dda1911f,44cecb35-3f16-4c93-b529-70023cb0f593,6aa69ce2-65c4-4f89-987e-4a1be0318408,login,https://shop.example.com/cart,358000b0-1490-4fd6-9511-bb02a6437f01,2025-09-16T13:30:02.959819+00:00,920fe448-95d0-4ccb-b77b-2c7cfa389054
798fb79a-df73-4c63-adaf-100371ae7bf3,0112b8f5-da20-4e0c-9114-5b3ecd49aad2,,page_view,https://shop.example.com/product/PROD-0390,f79e8a1d-26cb-4c27-b3ef-9f1d35b24a3d,2025-11-27T17:44:26.959842+00:00,920fe448-95d0-4ccb-b77b-2c7cfa389054
985e519c-a706-4eae-9b7e-caf57f65919e,a4b36cee-1cc9-43cd-8057-ab82daa69d6d,99f19c63-20ce-420d-99fb-0c399e9f4565,add_to_cart,https://shop.example.com/product/PROD-0107,e2a8f64a-5f05-481d-bac2-7caae4405abd,2025-09-08T06:42:48.959864+00:00,920fe448-95d0-4ccb-b77b-2c7cfa389054
4161d66c-f601-46cb-9e25-22ada4f370e7,81a4407f-6198-4236-a771-85529bac7ac5,02633261-97f6-47c9-9a18-a414e86b0cb2,add_to_cart,https://shop.example.com/product/PROD-0004,c523941f-2705-4fc6-9641-aadab38d1643,2025-09-19T18:05:14.959885+00:00,920fe448-95d0-4ccb-b77b-2c7cfa389054
079acddf-00b7-4255-aec6-6c918fe43d3a,84269dbe-6153-465f-8618-d096a3538302,9d357e78-9ee2-4262-bf6c-432cc8f2aa81,page_view,https://shop.example.com/product/PROD-0118,415f38cc-8211-4ad1-98eb-dde3925e2968,2024/31/01 25:61:00,920fe448-95d0-4ccb-b77b-2c7cfa389054
1f6bf5a1-6dba-47ab-864f-0d973668503b,34613f0f-db31-49a6-97ac-273945038be4,249be1ab-cec4-4be8-9958-56b4d6d324df,page_view,https://shop.example.com/product/PROD-0247,ab4e2247-138a-41f4-b0ae-c6fd9a8e7031,2024/31/01 25:61:00,920fe448-95d0-4ccb-b77b-2c7cfa389054
40d22de5-bcb0-49ef-beda-75fa3ace4ba1,6ed22c16-9418-459a-8251-16b606f976d4,,page_view,https://shop.example.com/product/PROD-0165,b774b755-f909-4259-ac53-8d80590a20c5,2025-10-27T06:14:30.960003+00:00,920fe448-95d0-4ccb-b77b-2c7cfa389054
aca2c07e-9e23-4009-aecb-d792c12a41c3,29f9244f-b809-466e-a562-639fe06469d5,36e879e2-a173-4ec1-b325-c8b9351aa07a,search,https://shop.example.com/,cd4ce4cd-8eb8-4892-a106-258ed1c95939,2025-11-27T14:49:12.960025+00:00,920fe448-95d0-4ccb-b77b-2c7cfa389054
7483d9ea-1eb0-418b-a826-e7538d1d59a9,6e07712d-1df5-48c9-9e51-12f632c39f6a,,page_view,https://shop.example.com/product/PROD-0326,10166818-9cf6-4024-86cd-f89e59789667,2025-10-28T07:50:34.960059+00:00,920fe448-95d0-4ccb-b77b-2c7cfa389054
ef52555e-e99d-48c6-b358-c1f36b1d61db,238ca929-ac27-4254-800d-5dbb466f00f2,,login,https://shop.example.com/cart,d055ffda8fd44cd9b6fd69a6312c1281,2025-10-10T20:41:12.960080+00:00,920fe448-95d0-4ccb-b77b-2c7cfa389054
d838d1fe-9292-4809-9ca1-82c0d0afecb6,b5936f1c-a882-4cf9-90c2-2b0c2009a2fd,5d36eb3a-3987-4bb4-bcfb-7592b1c7290f,page_view,https://shop.example.com/product/PROD-0297,7419a2f4-f38e-4170-93e2-d7cf5c26c228,2025-09-28T14:22:23.960106+00:00,920fe448-95d0-4ccb-b77b-2c7cfa389054
742a2a54-ce56-4a62-a3ae-2f9ae56a8553,31c2ec03-0e4d-44f4-bb8c-93a5d619ddb4,8facf1eb-4c68-451e-b2c2-8f2eec4e6425,page_view,https://shop.example.com/product/PROD-0342,677f2991-f6a1-4e11-975e-7d6176c05e28,2025-09-26T03:23:18.960128+00:00,920fe448-95d0-4ccb-b77b-2c7cfa389054
2d540cd3-4307-46f0-b1bc-7b6398eacb91,6bf3c4ba-0626-4284-9b1e-da28789b2d84,,search,https://shop.example.com/,7cca1b6e-0cd7-49cd-a010-10c61b7c440e,2025-11-13 11:09:34.960149+00:00,920fe448-95d0-4ccb-b77b-2c7cfa389054
cf5b8bee-8076-4d1b-828a-1f1030ea7262,489bcde0-1a6f-4fad-9176-3b302b6cbca8,,login,https://shop.example.com/,08f2e038-4ff4-49d0-96fe-44f37f1aefc2,2025-11-25T05:40:59.960176+00:00,920fe448-95d0-4ccb-b77b-2c7cfa389054
baba6dba-d949-483e-9a81-2457d84112a2,787c3923-5514-4464-a400-ee3f12bf6f1d,4ebf37ce-2a84-41d2-a4c1-04b784167511,page_view,https://shop.example.com/product/PROD-0426,82e64621-6b80-40da-b404-e098c72b4302,2025-11-01T10:35:18.960257+00:00,920fe448-95d0-4ccb-b77b-2c7cfa389054
5ab7f61c-bccc-4db3-be46-a068f4945145,9958d1b2-df2a-4b42-8aa7-8b4eb30f2f43,,page_view,https://shop.example.com/product/PROD-0367,8302482e-1c9b-423f-88bb-a2b2e97d0101,2025-11-02T03:13:39.960284+00:00,920fe448-95d0-4ccb-b77b-2c7cfa389054
2c1446ca-9efb-4070-ab60-0ebb6df5f0e9,d2cbf37c-6947-404b-9b3b-3cf354add8fa,3b7e4824-9053-4b81-a74c-2ea952f314d5,page_view,https://shop.example.com/product/PROD-0384,a8f9931c-f953-499b-94f3-77136ee037ad,2025-09-10T13:24:31.960308+00:00,920fe448-95d0-4ccb-b77b-2c7cfa389054
dece3c89-84e4-4e00-855e-86e1f1cdaf7f,d52e6b41-4185-4c1e-bba7-121846c8e119,,page_view,https://shop.example.com/product/PROD-0001,d8601283-0f51-42cf-965e-ad0963e19308,2025-11-29T09:20:15.960338+00:00,920fe448-95d0-4ccb-b77b-2c7cfa389054
c2031fb6-2875-409b-b4b6-9128707c95a8,49b85980-b86e-4a79-926b-dcf747d7c2a5,bb197729-94a1-47a2-8f12-9c174ce268d4,page_view,https://shop.example.com/product/PROD-0075,bbc557d2-b715-42a5-8485-bf8ff27f339d,2025-09-03T16:22:12.960372+00:00,920fe448-95d0-4ccb-b77b-2c7cfa389054
5a8b0207-dce6-4bd8-b677-a33ff6f64753,7ce5a1e1-d461-41a0-b745-d70940b31ebe,d52168d3-539a-4297-b599-e2361427429e,page_view,https://shop.example.com/product/PROD-0118,fc261715-76d5-453a-a293-a14f567f7aff,2027-02-05T16:04:29.960407+00:00,920fe448-95d0-4ccb-b77b-2c7cfa389054
77682cc9-c83d-4add-838c-5b06a65c81d5,f5d2cf77-210b-4997-8d8e-6d5232b646f7,3bbfd372-142d-4238-8449-bd40f9f84321,page_view,https://shop.example.com/product/PROD-0256,4e65cc0a-573a-405c-ad85-1161f8f7e531,2025-09-04T02:41:27.960470+00:00,920fe448-95d0-4ccb-b77b-2c7cfa389054
b3f06d21-bd62-4213-b084-59e4bdd624bb,3a239d97-afaa-4fee-a081-ad8bb1482a26,,page_view,https://shop.example.com/product/PROD-0034,c8c4a708-ed26-4f75-9e24-566a401d4632,2025-10-06T23:35:03,920fe448-95d0-4ccb-b77b-2c7cfa389054
335f7ece-1bee-4aa0-89c0-391899a81928,7fbed227-ea29-4ce8-8ee2-5930d1e71438,5d48cd78-8d8f-4a7a-a22d-29532dbad89d,page_view,https://shop.example.com/product/PROD-0334,7c0402a8-0be0-407e-b1eb-5c19ad676f5c,2025-11-03 07:14:56.960524+00:00,920fe448-95d0-4ccb-b77b-2c7cfa389054
481e2762-fd6b-4b79-900d-ace277eb1d37,c5395e98-7e2e-4468-b92a-6b8ab166af87,7660f702-40a6-4082-a2bb-5c8b688dab9f,page_view,https://shop.example.com/product/PROD-0219,b058e517-f54a-4e99-9d78-45e6a785de93,2025-10-10T07:07:21.960552+00:00,920fe448-95d0-4ccb-b77b-2c7cfa389054
8e89aa22-1d51-44c8-824b-71f938e7f7c7,cfa6287c-dd01-47ce-9e2f-ec6da734d936,89f64741-23c3-40ce-a6fc-9bdef2e70421,page_view,https://shop.example.com/product/PROD-0193,8bd0a66795184c03b9275ab6a053f239,,920fe448-95d0-4ccb-b77b-2c7cfa389054
1620742f-abf3-4d85-ba53-03c430c3f829,abcffd4a-a6f1-496d-8ace-577402f7587b,6d50d543-a7f6-4d7e-9154-72823585fee7,page_view,https://shop.example.com/product/PROD-0122,e97a3ffd-c607-44fb-a909-af92befcd0a0,2025-12-02T08:53:47.960628+00:00,920fe448-95d0-4ccb-b77b-2c7cfa389054
f2287f32-cb48-4eb7-a704-73bab13522fa,9b5e0613-509d-4c72-880e-660a819b75be,644f02c5-809f-429d-896b-c75271cdf776,page_view,https://shop.example.com/product/PROD-0463,73bb021e-58ed-4294-9ada-57cbd1e47501,2025-10-02T09:16:28.960652+00:00,920fe448-95d0-4ccb-b77b-2c7cfa389054
d9411633-900a-4f14-a620-d49bdf6e124f,998c7243-c413-48d8-8e08-dc80258aedae,,add_to_cart,https://shop.example.com/product/PROD-0324,951dd300-3c0d-4f27-9736-f0ecbed670d7,2025-11-08T21:41:08.960691+00:00,920fe448-95d0-4ccb-b77b-2c7cfa389054
a14fccde-eb03-49af-823d-bc4552943d0b,cab4d7fb-2d0a-4c1b-a871-d00fc7a4a6f3,2d637194-af23-4792-93a6-57e1092936f2,page_view,https://shop.example.com/product/PROD-0362,76e5b312-9f22-4f13-a4ba-954c2579f17c,2025-09-18T23:47:11.960716+00:00,920fe448-95d0-4ccb-b77b-2c7cfa389054
49a2c786-ac06-44a4-bfc7-5b53753cfd87,52ff1a60-9820-45bc-a6bb-d4b7a3814a3f,d6494445-8ea7-4d07-8d60-db442e0c81c7,search,https://shop.example.com/search?q=shoes,4aa01c3c-cd3f-4041-8891-e0fec848ed68,2025-11-12T13:22:11.960744+00:00,920fe448-95d0-4ccb-b77b-2c7cfa389054
86f1e4a4-58a7-40f7-b3ef-91c302667ec3,7bfbee16-49e4-4042-b08f-8d6b02279cc8,,search,https://shop.example.com/category/electronics,2ed6ad2b-69f2-4a2c-aa1c-1f81bfff9e4f,2025-12-01T21:01:57.960788+00:00,920fe448-95d0-4ccb-b77b-2c7cfa389054
796f046c-6aac-4301-b13f-4c478e1d38a5,d0f3b02c-ce27-4883-90ed-1a7abb0c22bf,c27de22e-f67b-4062-ae51-b79d85c70da5,login,https://shop.example.com/search?q=shoes,4d2aad34-8068-4bfa-a33f-27ee88fced8b,2025-11-17T20:46:37.960824+00:00,920fe448-95d0-4ccb-b77b-2c7cfa389054
04ecee5c-0ef0-44d7-b3b9-f860362918f8,1162db5d-7c6c-4272-9969-455591dff3b4,,login,https://shop.example.com/,ad987ee6-3a8b-4526-9235-724e13dc38d7,2025-09-19T06:21:01.960848+00:00,920fe448-95d0-4ccb-b77b-2c7cfa389054
5f21fa79-8cfa-498b-8836-6889a4842769,511d75eb-4e33-4b20-a409-78cf1a5ec61a,,page_view,https://shop.example.com/product/PROD-0249,2a25005e-697a-48c6-b61f-ba26d60c4518,2025-09-24T01:52:33.960894+00:00,920fe448-95d0-4ccb-b77b-2c7cfa389054
97059023-35ef-4a15-ba09-8b3d2b14e689,4b553c37-b619-45d8-8ab5-c1425daee441,620c8e1d-5c84-4760-b1c3-6e4c2ff9f297,page_view,https://shop.example.com/product/PROD-0315,8f2b53bb-3bee-4670-a2df-1ebf8adb9bd8,2025-09-22T13:34:33.960917+00:00,920fe448-95d0-4ccb-b77b-2c7cfa389054
eb6f0cb7-bca2-48de-b064-4c759f9441b4,c0287dcf-d551-4a9d-924b-ffc2433aafe6,3918391e-bec9-4e9b-974a-d16b915e615c,add_to_cart,https://shop.example.com/product/PROD-0068///,dd7ffdb7-244a-4db6-b6c3-3ab5a7fd97e5,2025-10-09T17:45:03.960940+00:00,920fe448-95d0-4ccb-b77b-2c7cfa389054
4ec8ef5f-23e5-481c-b7c4-29335b1804ae,3a736e56-e1f3-4e35-ae89-ff6a8ff60b4f,,page_view,https://shop.example.com/product/PROD-0486,ee8cd069-f4d5-43a4-91df-a7caabf30438,2025-11-04T13:15:19.960966+00:00,920fe448-95d0-4ccb-b77b-2c7cfa389054
f21d281f-1d4a-4bc6-ba0e-22d735436965,fe5a9e5d-cb1a-4a6b-9acb-4a4e7bd1d393,f26daf2f-50fb-41f5-b457-3d859bec99d2,search,https://shop.example.com/category/electronics,4fbd9d53-25a6-4f9b-9a8f-893a9133e982,2025-10-21T10:57:33.961000+00:00,920fe448-95d0-4ccb-b77b-2c7cfa389054
7130a14a-a286-4dda-bc3b-c6812e951854,dbeac9cb-6586-4fbb-b2ac-47b4aa40ced0,68dae444-5273-4cf5-8b19-be5e61520078,search,https://shop.example.com/cart,d56a12f2-3b61-4b81-9818-c5a18bd34b5f,2025-10-08T23:05:56.961029+00:00,920fe448-95d0-4ccb-b77b-2c7cfa389054
d08ed9f4-0672-4061-8096-5e440a2ca63f,869561ce-f8ce-455d-a7d9-ffd808788820,,add_to_cart,https://shop.example.com/product/PROD-0355,d0d1ef10-1eb4-4f39-aa9c-0634c3a2203a,2024/31/01 25:61:00,920fe448-95d0-4ccb-b77b-2c7cfa389054
2dcbe0e9-6c26-46d5-a571-539e1025988b,7af1a444-95c3-4fd0-8a4f-9aac646fb9cb,721eea13-4997-41f4-bfce-9cfe57ab39e2,page_view,https://shop.example.com/product/PROD-0211,c30473c9-26cb-46b1-82d5-df956d29a7ac ,2025-11-02T21:22:54.961112+00:00,920fe448-95d0-4ccb-b77b-2c7cfa389054
3af34b84-6b98-4a45-a0a2-d1ac717e104e,ca355512-7f77-4226-862b-0c72e61c066e,28b64385-a300-475b-bfd6-035310626d55,page_view,https://shop.example.com/product/PROD-0490,75418df3-1cf9-495e-a8d7-751e504cc7b3,2025-09-08T10:16:13.961138+00:00,920fe448-95d0-4ccb-b77b-2c7cfa389054
bc9083f6-b775-4efc-bc82-66e1effc3e11,dbaf6428-6034-4e8a-8bf0-74106c6739dc,543ff621-fe87-4264-bbe1-b3c36afbabc3,search,https://shop.example.com/category/electronics,d332c935-3004-4feb-9b32-46a39a4646b1,2025-10-27T18:03:36.961161+00:00,920fe448-95d0-4ccb-b77b-2c7cfa389054
b5fdd7ae-8825-4390-af6f-2e1f7e5c0fe2,67c28dc0-808c-4b5e-a3af-b742ef50bc0a,a6782884-81a4-43bd-91b6-635d94cc8883,page_view,https://shop.example.com/product/PROD-0025,f89f73d4-c1f8-451a-91a6-1b22b5a7c8d9,2025-11-26 11:40:27.961183+00:00,920fe448-95d0-4ccb-b77b-2c7cfa389054
60e1b647-eb57-45e7-889f-a7a8698a1f39,0dd7866d-6045-40d3-9dfb-1274be2f532a,329d03fb-4477-4ac6-b387-e062480cd8f3,page_view,https://shop.example.com/product/PROD-0026,03027f4d-46ef-4c3a-b572-97e8beacaa30,2025-09-05T11:04:20.961214+00:00,920fe448-95d0-4ccb-b77b-2c7cfa389054
1bb971ce-f37c-4395-be86-cd2835d7aefe,3f40a30e-4eb3-4b0d-957f-155d435d5696,,page_view,https://shop.example.com/product/PROD-0295///,8c488684-2eb6-47cd-ad83-16b77ff14f95,2025-10-30T16:52:59.961235+00:00,920fe448-95d0-4ccb-b77b-2c7cfa389054
75231183-fa08-487b-a591-d27ec49e6042,46d45174-7536-40b5-9f9a-20fee57a4cac,,search,https://shop.example.com/,9986c785-8451-4465-8079-e32e74d3e20a,2025-10-15T05:25:23,920fe448-95d0-4ccb-b77b-2c7cfa389054
17349bb6-a62c-4091-b582-eb3219ffa4b7,fc6f902d-f93b-44c3-94fe-165560b6ba73,d502e26a-2e76-46b1-a5b2-1ab8877dc05c,login,https://shop.example.com/,5a672dbd-e3a6-40ab-86bd-fc2d8f281236,2025-11-13T16:15:43.961301+00:00,920fe448-95d0-4ccb-b77b-2c7cfa389054
d5634c3f-7ce5-43a4-a998-4d813a8d061f,e6d34eef-3468-48b3-a278-b3b15f4c736f,,login,http://///shop.example.com/cart,194f1886-5949-4e91-9fbb-9d22f72eff8a,2025-09-09T01:27:23.961342+00:00,920fe448-95d0-4ccb-b77b-2c7cfa389054
2a2a9972-32bb-431b-9aca-1763a5e0e07c,55e20352-25e0-41d1-9407-20b565a35b9b,2ed14837-5914-4704-b906-ece9500d9df7,page_view,https://shop.example.com/product/PROD-0035,1610e337-6964-41b9-90d3-4f0b11fa1892,2027-09-13T16:04:29.961374+00:00,920fe448-95d0-4ccb-b77b-2c7cfa389054
7b064721-27c5-406d-8fe3-1415a4f66254,51ccf9d4-849d-4191-8f1d-a163c2de424a,9983b1c9-bfac-4788-8453-800819d5b2c9,search,https://shop.example.com/category/electronics,6c49251d-15ec-4381-8de8-83316e54fb7e,,920fe448-95d0-4ccb-b77b-2c7cfa389054
eee350ac-c885-4c03-aff4-80ef57c21c94,02c6b36c-acce-416a-95ca-34ca7710813a,7bbc3c9b-fe97-4e5a-b5a9-3ad6f5434429,page_view,https://shop.example.com/product/PROD-0329,3804f17a-7de0-47a7-a61b-b23f5f53f585,2025-10-24T10:50:45.961448+00:00,920fe448-95d0-4ccb-b77b-2c7cfa389054
729ef78c-0aed-41cb-83f8-1a79bdc712b5,979196e4-f0a2-4305-ae7c-b139d4f1e4a5,,page_view,https://shop.example.com/product/PROD-0181,f271c8cb-51b1-42c2-8fc3-e9badbaf9ab5,2025-09-19T10:36:56.961470+00:00,920fe448-95d0-4ccb-b77b-2c7cfa389054
6a2f3ac8-a53f-4644-b302-63ac847b9fdf,b956675d-56c8-47de-9b0d-d09b33bd889c,e51f96c7-6f44-45e9-8af9-3b93d80e05f3,search,https://shop.example.com/search?q=shoes,e4563f6e-01bc-4d89-ab00-8f73d6cc9a09,2025-09-24T17:36:36.961508+00:00,920fe448-95d0-4ccb-b77b-2c7cfa389054
ae46eee4-4d0b-4f17-a346-b5edba388c22,c2ce4355-8a60-4130-8569-cf96be97dbeb,64666fec-7de1-4e43-a74d-bca5dce4cdcf,page_view,https://shop.example.com/product/PROD-0294,326be9f6-8aaf-42ea-8680-de4319437c00,2024/31/01 25:61:00,920fe448-95d0-4ccb-b77b-2c7cfa389054
d93ac3b3-1a11-415c-855e-4381c31ea35a,5af3bc40-63ca-4ece-b126-c722328839d6,d1c99e58-e64e-45dc-8ec8-d04aae365c3c,page_view,https://shop.example.com/product/PROD-0076,a0e21c35-2e5c-45cc-8e8b-19383571ea21,2025-10-13T03:52:41.961590+00:00,920fe448-95d0-4ccb-b77b-2c7cfa389054
8c36a20c-2fe5-498c-9ae5-5a7bf0e774d5,3cd0ae78-91cf-4e2f-b0af-3a1703733969,1be174d8-d05d-4a2a-8bd8-630042476c33,page_view,https://shop.example.com/product/PROD-0214,2fec03d0-bdfc-413e-92d4-5d8fdd36e257,2025-09-17T12:36:20.961613+00:00,920fe448-95d0-4ccb-b77b-2c7cfa389054
d39c837e-4571-421a-8a4f-dae8c2c264dc,74ad7d99-d2d3-4c8d-beea-e6a01027b24f,d4cde0e0-a102-40a7-b335-fac9fa2cb389,page_view,https://shop.example.com/product/PROD-0010,a4926138-b2de-4736-b4b9-c38eba107608,2025-11-13T11:56:00.961636+00:00,920fe448-95d0-4ccb-b77b-2c7cfa389054
13855b2e-7f96-49d1-8c63-3bc638ce078b,7813f92a-d3b4-44ff-ae1b-0a4407bd6d22,eec5d7cc-f399-4a29-9e8a-c0198d1deacf,page_view,https://shop.example.com/product/PROD-0196,0A442356-79EC-4806-94D8-7BC169F96C92,2025-09-25T01:53:56.961659+00:00,920fe448-95d0-4ccb-b77b-2c7cfa389054
6758182a-dc6b-4623-97a7-fc8eb7ef0b6d,f6d2f35d-d25c-41b6-9fee-cb51b672a2ed,,add_to_cart,https://shop.example.com/product/PROD-0208,2d612d65-abdc-4830-b538-0a1b7e4564af,,920fe448-95d0-4ccb-b77b-2c7cfa389054
92693274-174a-4780-a29a-37b422d9da37,4ede3f41-fce8-4d5a-89d5-a09018c24152,39eeafe0-aa12-47f4-b2f3-ddb0936443ff,page_view,https://shop.example.com/product/PROD-0492,c50c4bea-f877-4e1e-9c53-456ae1e542eb,2025-10-31T13:48:15.961760+00:00,920fe448-95d0-4ccb-b77b-2c7cfa389054
f50e6328-3cc4-4d9c-b359-f2f5732a0f2a,25fdcbbb-8fef-4984-864a-bfb23a5a7689,2d33a8d8-1687-4159-8c63-e54ce9c00c1f,page_view,https://shop.example.com/product/PROD-0110,1c9ec143-5945-41ca-b798-fed229d6553a,2025-09-17T06:35:22.961785+00:00,920fe448-95d0-4ccb-b77b-2c7cfa389054
c897aa0d-dd47-4208-9c21-a734d6f124fe,187b2cca-c2db-4cf2-bfc8-a40f44d8d26b,4e8ccf94-feec-49c7-85e4-18a9589f6563,page_view,https://shop.example.com/product/PROD-0482,e513ba9b-3a86-4f37-bd86-87ca1db9c7dc,2025-09-26T17:33:25.961807+00:00,920fe448-95d0-4ccb-b77b-2c7cfa389054
bc393c50-08ec-467d-9e5b-863ad8fd6639,a80820a8-b91b-4756-8505-8467481a4344,468ebe29-95a7-44f1-a46b-564bc0edef85,page_view,https://shop.example.com/product/PROD-0473,c814754f-df07-4b38-9b6a-388e45ebe18b,2025-09-27T03:12:36.961851+00:00,920fe448-95d0-4ccb-b77b-2c7cfa389054
654bcfb5-03bb-4b25-a09e-a2ba53589702,b3eaf339-7696-4e88-a830-568c83ee9d87,,page_view,https://shop.example.com/product/PROD-0229,d3c59928-a856-4d8b-80d3-4ed98d1bae6e,2025-10-30T03:24:53.964502+00:00,920fe448-95d0-4ccb-b77b-2c7cfa389054
9708f36d-da79-4e8a-92c5-fcd6658fee0f,d19ada3b-0fde-499c-8632-f94d663ae9ea,186375b9-0a06-470b-883b-a5aab2a1a462,page_view,https://shop.example.com/product/PROD-0402,b728d203-2640-452c-86a6-ad11d2331ffa,2025-09-06T03:06:08,920fe448-95d0-4ccb-b77b-2c7cfa389054
7967d70d-a9bd-47e3-a4c1-13a898b256d1,5278f336-b808-40f0-8b68-3adccc5177f3,64bc96db-2532-449a-b008-ccaa9c40cb37,page_view,,58b87016-1ce0-4cac-a9de-a111f6eb3990,2025-10-19T02:05:31.964628+00:00,920fe448-95d0-4ccb-b77b-2c7cfa389054
075ef437-60a5-433b-a6ca-e0396e2e06c7,5965b4a6-93b6-439c-a081-8b4bc75af9eb,,page_view,https://shop.example.com/product/PROD-0382,d71b676b-5c38-4f31-aa86-7b90b19cd7b2,2025-09-14 03:35:25.964691+00:00,920fe448-95d0-4ccb-b77b-2c7cfa389054
2b491eb8-af4f-4019-96fe-f345cec24090,8c08b71a-4edd-47bc-b097-ea4cc62ae17a,,page_view,https://shop.example.com/product/PROD-0216,a9a46a2a-b594-46f2-9b89-4d515ed088a6,2025-09-18T05:54:50.964739+00:00,920fe448-95d0-4ccb-b77b-2c7cfa389054
c87b5a1c-a185-4f69-9ead-0637821114aa,79d485b8-d7e3-47ab-8ebd-de8416bfe2a9,9767a7d6-7aff-4d40-be94-1e53819702ac,page_view,https://shop.example.com/product/PROD-0150,295b8b4c-c211-4ff2-995a-0f61b284fe8b,2025-09-13T01:40:25.964782+00:00,920fe448-95d0-4ccb-b77b-2c7cfa389054
c45ea80e-51f8-4154-b2f0-7acd0987a475,ad01c315-3d31-4854-abed-7a275f4dbf87,60bd90ab-c42a-4740-9c1e-452ff103f321,page_view,https://shop.example.com/product/PROD-0195,fcb7a6b4-068e-4842-aa8e-6df73efcf4dc,2025-11-13T15:25:05.964836+00:00,920fe448-95d0-4ccb-b77b-2c7cfa389054
acc175c2-9d06-4cd8-b814-e8edd3ad1146,e5624a7c-56eb-4579-971a-a1860f6eb7a7,,page_view,https://shop.example.com/product/PROD-0470,3385ca1a-9cd3-43ba-8723-af3e23fdd91b,2025-10-07T22:07:02.964879+00:00,920fe448-95d0-4ccb-b77b-2c7cfa389054
3eab9a90-0c0a-4948-a649-69750450707d,2f567631-075d-48a2-a95b-4ae4b1538f36,891a932d-cca6-46df-839c-d6fd73264db7,page_view,https://shop.example.com/product/PROD-0064,a820a403-5fde-4f58-8960-913f26afa755,2025-11-15T09:08:00.964915+00:00,920fe448-95d0-4ccb-b77b-2c7cfa389054
73337956-512e-4e21-a97a-829e6c4bb5f7,221b3477-c0fa-45a8-b287-af6dab5986a4,fb76454e-9d4f-47e2-9154-4ad5967bc995,page_view,https://shop.example.com/product/PROD-0134,12c8e269-5504-4f47-9381-aed9ea6eaf8e,2025-10-07T12:51:14.964966+00:00,920fe448-95d0-4ccb-b77b-2c7cfa389054
d8a1d5c3-8cad-43c0-94e2-e9be858813e3,7aad3ca6-9492-43e1-b9e4-3b8fb7d8afa7,ed810cfe-e05f-4bc1-a37e-f42fb6296cc0,search,https://shop.example.com/cart,bdccf292-0198-4a52-8c6a-9a619eecf654,2025-11-16T01:03:04.964996+00:00,920fe448-95d0-4ccb-b77b-2c7cfa389054
00bf1541-6676-4582-a0f4-b3763261595f,8c2af482-184f-4db3-8e00-c46b292d0df1,1b11ea69-fc24-4338-b711-52cedd5bfba7,page_view,https://shop.example.com/product/PROD-0248,dee696da-6ab3-4ff8-b2f1-52ede9a9e4a9,2025-10-01T10:25:15.965039+00:00,920fe448-95d0-4ccb-b77b-2c7cfa389054
607a9cbd-f281-457f-8274-0b25f852713c,481a3032-29e5-47c8-800e-8affc0ef2280,5a3315ec-0ff3-4178-bae9-87333b689e5c,page_view,https://shop.example.com/product/PROD-0120,ae1b2a27-9f37-4506-abd7-f984b511b1a3,2025-11-22T20:27:32,920fe448-95d0-4ccb-b77b-2c7cfa389054
98287fbd-2e19-4f78-aeec-420833f0b754,923bfa26-fb60-4851-b297-e248ea77ff8a,,login,https://shop.example.com/cart,d3cf4365-6b34-4a6e-b011-d7c9bcdf8810,2025-11-19T09:02:18.965139+00:00,920fe448-95d0-4ccb-b77b-2c7cfa389054
92874102-4d58-42bd-8426-05b4099c0a92,fb891908-e3b1-444e-b63f-c484dbc80e04,,add_to_cart,https://shop.example.com/product/PROD-0415,b5bb8132-8099-4412-8736-46828f0b603b,2025-11-09T05:51:52,920fe448-95d0-4ccb-b77b-2c7cfa389054
3ba4389e-d228-4005-bacd-248dcea5a63b,11d86a8c-d75b-4793-9ee9-eaeaf7e49f92,,add_to_cart,https://shop.example.com/product/PROD-0282,19f22b58-1bb2-44fe-87e6-07ff1d50c8cc,2025-09-25T02:27:48.965204+00:00,920fe448-95d0-4ccb-b77b-2c7cfa389054
3656919b-710a-42ce-b517-de5a3e2c8b25,55368139-c2cd-44f4-8ef2-461dbdcbbcbd,,search,HTTPS://SHOP.EXAMPLE.COM/SEARCH?Q=SHOES,5e699bb0-4475-413b-b5e4-7ac9b1febfcc,2025-10-10T09:03:25.965231+00:00,920fe448-95d0-4ccb-b77b-2c7cfa389054
92b40dcb-43e7-44d5-9e01-5acbd83aed4e,0af5c356-a2b5-4d38-8370-0cdbd9a3e4fb,,page_view,https://shop.example.com/product/PROD-0046,5c845b7f-2b26-4656-970a-7e5ded8c1620,2025-09-20T16:57:52.965286+00:00,920fe448-95d0-4ccb-b77b-2c7cfa389054
1017f337-3a8e-4649-8406-e987fabdf719,d9d4eb9e-397d-4638-b139-0dfe4400a4a4,96008037-eee3-4b1e-bcd1-6faede159cd4,page_view,https://shop.example.com/product/PROD-0344,c686d4bc-4e92-4c80-9ca5-9558274abbdd,2025-10-04T07:23:50.965328+00:00,920fe448-95d0-4ccb-b77b-2c7cfa389054
ffadbdef-2b15-4f54-b8bd-ca58cba1bd06,18bf96bd-2b13-425a-8700-8c854860ff42,,page_view,https://shop.example.com/product/PROD-0230,38ca8a5b-f7d3-4b87-b6f1-dff490703e9a,2025-11-22T10:34:58.965373+00:00,920fe448-95d0-4ccb-b77b-2c7cfa389054
b8965ae2-427c-409d-b5cc-3f8b22120da6,91756c5d-1250-462f-aa27-10b4056cfb8e,7728a715-f247-4085-b0a8-83decd6bd25f,search,https://shop.example.com/,1c392c94-bf76-45b9-96ed-01a7cf7aebd6,2025-11-19T03:53:14.965403+00:00,920fe448-95d0-4ccb-b77b-2c7cfa389054
bebe188b-6370-4d96-b99f-adc350dfe1ad,073a020c-b997-4b76-95ed-d53bf35cf461,,page_view,https://shop.example.com/product/PROD-0429,b43eacdb-c58f-4be4-9880-9700513cecea,2025-11-11T23:46:12.965427+00:00,920fe448-95d0-4ccb-b77b-2c7cfa389054
5ea68337-aa2e-4a28-bba2-ab062ca25afb,61d05512-1bc6-49cd-a8df-2b41b190aa03,f8e8e6cb-73cd-4400-b028-b9ed09186d68,login,https://shop.example.com/cart,28198cad-9659-419f-b176-aeebf25096e4,2026-10-21T16:04:29.965454+00:00,920fe448-95d0-4ccb-b77b-2c7cfa389054
c90eebc0-2058-48c3-bc65-712c9dac8f96,1185d9c1-a8b0-4f70-b718-751f75e366b0,,page_view,https://shop.example.com/product/PROD-0332,a0d9a772-e8eb-4f56-81cb-f824d4ea9d3a,2025-09-08T00:50:50.965478+00:00,920fe448-95d0-4ccb-b77b-2c7cfa389054
480a516a-2b41-4ed7-a12a-b10f50185615,28403690-b795-4c4b-bbed-f71a39e05dbf,38cdea9c-dc3e-453f-8f7a-40bceee051c6,search,https://shop.example.com/category/electronics,ed2b8a11-e960-4de7-98a3-cb917ebaee00,2025-09-20T00:56:23.965500+00:00,920fe448-95d0-4ccb-b77b-2c7cfa389054
944c14d6-d564-4b37-9213-c019c6da8144,3664c7f3-917f-4c5c-9bf2-70d354b8a53a,75b9b40e-d93f-4b04-b2da-c69c5e1f92eb,page_view,https://shop.example.com/product/PROD-0361,e36a3f87-bfd9-457a-8295-b3471c858e13,2025-09-27T18:12:28.965523+00:00,920fe448-95d0-4ccb-b77b-2c7cfa389054
6d66dc8d-ec75-47a8-b2f4-ee90468b888c,139c9a72-c007-42f8-b31b-6237cdb98523,e2ef587e-9894-428e-937d-f38b0f672515,page_view,https://shop.example.com/product/PROD-0386,0f7ecd2b-720f-4f5c-a02d-87788bfcc18c,2025-09-23T11:39:15.965545+00:00,920fe448-95d0-4ccb-b77b-2c7cfa389054
544434c0-f545-4ab3-83ec-f08123442c9b,06a04118-43c0-4a24-8e2e-ad8b5365b052,77a0dd54-2bea-4457-bcae-17f265ad203a,add_to_cart,https://shop.example.com/product/PROD-0356,7c207cba-7fa9-43f2-8114-2f265a7978d4,2025-09-18T22:52:28.965567+00:00,920fe448-95d0-4ccb-b77b-2c7cfa389054
66fe615b-481d-42ae-bbbe-971891d6d7f3,53fcebf2-61ee-40bf-be57-bbe8e17699a0,e7ca6e87-364b-4f27-b572-992470f1ad6f,page_view,https://shop.example.com/product/PROD-0001,84f06254-f8b8-4c28-b4e6-9f97093cd5cc,2025-09-15T16:30:19.965588+00:00,920fe448-95d0-4ccb-b77b-2c7cfa389054
ce22d95e-44e9-4e2d-8d58-408071d72d64,c6b4ae82-11a9-4716-856a-ef00d204cfb3,,page_view,,3217bc7d-275c-483d-9bf1-2d60d2627d4e,2025-09-24T04:30:35.965616+00:00,920fe448-95d0-4ccb-b77b-2c7cfa389054
c8847fa4-b5d7-436a-a4ff-48c440562968,270c2769-2639-43b7-80b6-839fd41dd732,eeeba52a-287a-40a7-94c4-25de10d0157d,page_view,https://shop.example.com/product/PROD-0462,3c53c4ad-d461-4ea7-b6e9-b3d2860277b0,2025-09-19T23:00:24.965671+00:00,920fe448-95d0-4ccb-b77b-2c7cfa389054
5a288f01-1567-462a-98cc-c1fd9c0a1af2,652ab76e-34ba-47fd-b03f-43941161bc3e,c0448aec-80f4-4640-b80f-7230323dc7f2,login,https://shop.example.com/,fc0603d9-e9ec-43c4-b62e-89514cc4987a,2025-10-04T17:50:57.965694+00:00,920fe448-95d0-4ccb-b77b-2c7cfa389054
10ed5bee-fd4b-4a82-a1dc-2320476cafc8,0fe546f4-0b58-400d-9617-c96e61bb1696,,add_to_cart,https://shop.example.com/product/PROD-0317,4595d2d3-d642-4c53-b39a-5051d544cb99,2025-10-23T19:58:38.965718+00:00,920fe448-95d0-4ccb-b77b-2c7cfa389054
e9db132e-cca5-40f5-a448-e38092508ebf,cf1bfd9c-7ea6-4056-89a7-dbbb71598d80,492e69d6-4ad3-4907-b0a5-8761ac46906a,page_view,https://shop.example.com/product/PROD-0143,26ca0f5e-22b9-4100-97e4-294385c51130,2025-09-30T14:28:30.965761+00:00,920fe448-95d0-4ccb-b77b-2c7cfa389054
f6e4306c-c6b4-48a9-b3d2-761b751b54bd,f022bf6c-e2dd-4b71-8bca-531c94275ff9,b824141b-d57e-4947-8acb-81c51401be65,page_view,https://shop.example.com/product/PROD-0128,a9b8a0a0-15e6-43f9-a8bf-ee435eee61e5,2024/31/01 25:61:00,920fe448-95d0-4ccb-b77b-2c7cfa389054
bbe2307e-ca04-4181-be6e-fae93659e1f7,6c4599fb-5d0e-488f-8e9b-6e6975d17053,,page_view,https://shop.example.com/product/PROD-0302///,2b417fe0-eb50-497f-a8cf-098290058018,2024/31/01 25:61:00,920fe448-95d0-4ccb-b77b-2c7cfa389054
b1a2071a-3804-43ce-94b2-9c6902e2c459,a6907b93-1f58-48af-a32f-6ea6ebbb2013,6271d815-4dc5-457e-a8b7-131b6aa8fb8d,add_to_cart,https://shop.example.com/product/PROD-0287,3efcb8d7-b18d-4a9b-a258-863b953f3267,2025-10-10T04:29:30.965907+00:00,920fe448-95d0-4ccb-b77b-2c7cfa389054
0c9cf772-50ee-4b4d-95a4-937eaf866747,326714c3-26bb-4db7-a289-f505491e2d86,,page_view,http://///shop.example.com/product/PROD-0148,f4788539-5a2d-4e8d-b300-869d044082f4,2025-10-07T00:44:53,920fe448-95d0-4ccb-b77b-2c7cfa389054
ba44bf90-c557-44c2-926a-6ff769bcbba7,28c7a35e-6ef4-4955-9717-99ddc99d4984,77ad2636-e8ce-427e-9e43-193e8dc4696a,page_view,https://shop.example.com/product/PROD-0455,34870401-ccf7-48bf-b3b2-e011550e8b29,2025-09-18T07:06:01.965982+00:00,920fe448-95d0-4ccb-b77b-2c7cfa389054
e6add004-0b4d-4085-85e7-f0758e8c0736,80a8eecd-24e1-4cc2-84ee-e186ca7f8263,aa20721c-8bcf-4b0b-a926-619bc974ce7b,add_to_cart,https://shop.example.com/product/PROD-0147,8bf56b65-d300-4dbf-9e9e-cdbcc3e65832,2025-10-27T12:17:19.966006+00:00,920fe448-95d0-4ccb-b77b-2c7cfa389054
82f04614-9b70-44f2-91b4-53e538849333,0323d70f-e60e-4644-a2a2-372a8ce77988,,add_to_cart,https://shop.example.com/product/PROD-0352,9d6a9759-c814-4eb5-8ea0-30e2e753249b,2025-09-20T14:08:16.966027+00:00,920fe448-95d0-4ccb-b77b-2c7cfa389054
f52ac7f0-4f79-4f90-9fa8-6a17613d4154,aab4b04a-8897-4437-8a8e-9c834d26b7f3,9561b7d6-be8f-485e-a2e6-aee37414f1fb,page_view,https://shop.example.com/product/PROD-0119,8a77b4a5-6949-460f-905a-dbb3e1382921,2025-11-21T14:48:49.966048+00:00,920fe448-95d0-4ccb-b77b-2c7cfa389054
781a7c16-e7a4-4238-9d25-74d591657d93,0b70ba70-049f-4713-a9b3-e7406bd3172b,,page_view,https://shop.example.com/product/PROD-0489,aee550a1-952b-46f2-bc04-92f65d326be3 ,2025-09-15T02:34:40.966076+00:00,920fe448-95d0-4ccb-b77b-2c7cfa389054
8adee86f-56b2-456c-a000-d1b520f05623,d93b5cce-3c0f-47e4-982d-cd6d7377bc2d,396fa3fd-0d6d-4789-a2c6-a725510202a3,page_view,https://shop.example.com/product/PROD-0204,dfb103cb-aa39-40d7-bd00-55c60dcc1ef3,2025-10-02T14:39:57.966133+00:00,920fe448-95d0-4ccb-b77b-2c7cfa389054
787899f3-e16b-433e-ae3f-472b590fcf5f,6096ced8-3251-401c-9780-3b29bc47d545,,page_view,https://shop.example.com/product/PROD-0248,58c9e006-7594-458c-802c-28d3a21bac9a,2025-09-12T19:00:46.966177+00:00,920fe448-95d0-4ccb-b77b-2c7cfa389054
20883e5e-8845-4ddd-8854-0cecb5f91b88,59a4ce78-4ad0-4e63-bba7-734641297083,462236d7-e2a5-4fcd-8d58-df0255405938,page_view,https://shop.example.com/product/PROD-0185,33faee8e-0788-4bab-8870-771bcf7801c1 ,,920fe448-95d0-4ccb-b77b-2c7cfa389054
a9585c78-070b-4aec-884f-804ef05a497e,9f76d043-caac-48e8-a25b-cb008a52a92d,c2cd64c6-22ed-4c91-9498-ed0385e5395d,add_to_cart,https://shop.example.com/product/PROD-0337,07698c74-2d51-446f-8bfb-585f6da1fe60,2025-10-06T09:53:48.966251+00:00,920fe448-95d0-4ccb-b77b-2c7cfa389054
8c8c2ed2-aca6-40ef-b83b-df0394af1c0a,21939c9c-d447-4b02-8c50-0053df593eaf,,login,https://shop.example.com////,d8728045-b0a5-4a79-9244-e48617fd06ff,2025-10-30T11:04:16.966277+00:00,920fe448-95d0-4ccb-b77b-2c7cfa389054
397b3bc7-5ac9-4d68-9398-d867a66a1436,3f03610d-4895-4683-91f2-1fc121c2d8ae,,page_view,https://shop.example.com/product/PROD-0199,b7002c4d-16db-44f9-8c3c-26a58e7db5d1,2025-09-29T17:48:55.966308+00:00,920fe448-95d0-4ccb-b77b-2c7cfa389054
a42034e3-bc9d-45ad-b967-5c2df019e8c0,b9dfd5ba-86eb-415a-965f-c59d94dd687f,,page_view,https://shop.example.com/product/PROD-0475,33853207-6470-4af6-b92b-06d9a8397f31,2028-01-21T16:04:29.966348+00:00,920fe448-95d0-4ccb-b77b-2c7cfa389054
a47ad36e-7a5d-4a22-bcb7-3ed3de27a424,47b77a47-e116-4c88-85fe-f1546e55d55f,,search,https://shop.example.com/search?q=shoes,e2b99cf3-f137-458e-99dd-4729504dbcf2,2025-11-08T07:04:59.966390+00:00,920fe448-95d0-4ccb-b77b-2c7cfa389054
58c876ce-c4eb-4eb9-9aee-4e82a78b1595,3eeaa718-897a-4406-889f-8f87f9e5f709,,page_view,https://shop.example.com/product/PROD-0229,40754df2-1f3d-40c8-91c7-f1a925388129,2025-11-08T16:11:10,920fe448-95d0-4ccb-b77b-2c7cfa389054
a5b7fe00-7782-4e94-a1a8-6342063fa3de,d5cbbabf-0113-40ad-8019-13f02907e980,,page_view,https://shop.example.com/product/PROD-0095,c605c587-96ac-4e77-b9f8-a9b8cf10bba2,2025-09-02T20:22:23.966582+00:00,920fe448-95d0-4ccb-b77b-2c7cfa389054
04ca2eb1-5041-44cc-b1ab-aacb2d2092ad,67d15748-c830-4324-afa4-4e08d7e7c611,c29048eb-4447-4bd6-b0d3-86b43962c426,page_view,HTTPS://SHOP.EXAMPLE.COM/PRODUCT/PROD-0299,c12cbd85-7696-479e-8373-0a2bcdc685c2,2025-10-10T14:02:12.966608+00:00,920fe448-95d0-4ccb-b77b-2c7cfa389054
4e316304-9492-4e8f-871d-e72992ba6285,9644fa39-f5ad-42ca-bdc0-a4fd96d9094d,,login,https://shop.example.com/cart,invalid-device-1302,2025-11-15T12:43:50.966639+00:00,920fe448-95d0-4ccb-b77b-2c7cfa389054
1103e631-93a6-480d-8cb2-bdfc0b5efe24,44d4273b-cb9d-4bb4-ac93-948b45188159,d124ba23-148a-4ddd-b1f3-a51db47fd237,add_to_cart,https://shop.example.com/product/PROD-0440,3caa9ff0-b0c8-4353-bba3-6125a5eea339,2025-09-09T07:01:15.966694+00:00,920fe448-95d0-4ccb-b77b-2c7cfa389054
a445ebe2-6fe6-41f3-b596-6645a06e61ee,ba75a2bf-b023-43e2-a383-778ca5fb7158,,page_view,HTTPS://SHOP.EXAMPLE.COM/PRODUCT/PROD-0238,2a8eb67a-2d58-4666-9388-7dc9b171d1ee,2025-11-10T12:27:09.966770+00:00,920fe448-95d0-4ccb-b77b-2c7cfa389054
a5297b7b-131d-42b8-aab1-f5062db8081d,ead79fab-97da-4ce0-a092-47c2db949993,00f9fafa-ae49-44aa-b0b5-e3969c53f656,search,https://shop.example.com/cart,a82dba68-1934-49da-b023-5988eef8851a,2025-09-10T21:37:22.966819+00:00,920fe448-95d0-4ccb-b77b-2c7cfa389054
2c338751-2599-4eef-81ca-98144bf1ad1f,95fde7a9-f170-4a2a-996a-e6bc90bc8435,,page_view,https://shop.example.com/product/PROD-0491,4beb4d68-0883-4b71-ad67-a7bff5c2c7d7,2026-04-11T16:04:29.966865+00:00,920fe448-95d0-4ccb-b77b-2c7cfa389054
ea1d89d6-96c0-4f66-ad9b-e7c0b3b85d6f,71845ee3-f6fa-4578-b34e-5c054b9cfd00,,page_view,https://shop.example.com/product/PROD-0207,39f664b6-1c6b-46fb-9e03-50243b638aa0,2026-05-21T16:04:29.966916+00:00,920fe448-95d0-4ccb-b77b-2c7cfa389054
ad649413-7994-47cf-a096-8e7014d0ce5d,72480340-be72-4d9c-9d3c-852d1e414c58,b18c4649-977f-472d-b313-e83fe746212e,page_view,https://shop.example.com/product/PROD-0481,b29ebe9d-fc25-4698-af26-eb8a7023ab52,2025-09-19T11:43:54.966957+00:00,920fe448-95d0-4ccb-b77b-2c7cfa389054
571d9961-6554-4a52-abf1-8b9903ea5631,13cf453d-e97c-4d81-963a-44e2d27e96b4,e26a6451-6902-42d9-83d3-ef8f0e32ca3d,add_to_cart,https://shop.example.com/product/PROD-0446,f4397c19-db98-4abb-b192-9632dbd2cc28,2025-11-18T02:51:24.966999+00:00,920fe448-95d0-4ccb-b77b-2c7cfa389054
86da2212-3767-49ae-b7e7-197821092939,dd698c1e-f510-4d91-abf6-37dd71987d87,79c2182c-a29e-40b7-8e6f-f022fd96266a,page_view,https://shop.example.com/product/PROD-0209,eba9cf8f-9cc4-4af1-b81e-1e18ae4a8d61,2025-11-25T16:17:36.967023+00:00,920fe448-95d0-4ccb-b77b-2c7cfa389054
55fc071f-46ff-4a29-9be3-f0cb99abea9a,01b44be8-da42-4a38-8c60-4937908bafc1,65ac5a01-6bdf-44ed-b3d8-e269ee6b2a13,page_view,https://shop.example.com/product/PROD-0439,7cb80403-f6ed-4a6c-84cb-7fa5445df120,,920fe448-95d0-4ccb-b77b-2c7cfa389054
82f3c2a8-dff9-49ed-b972-405207d66eb2,cec58e6c-b13b-4f4d-9996-7d9dce842d05,,page_view,https://shop.example.com/product/PROD-0396,10567ec2-6688-4c86-b48d-9d6ecbb94bb9,2025-09-04T07:49:46.967076+00:00,920fe448-95d0-4ccb-b77b-2c7cfa389054
eacc2c8a-8a62-4f29-ab6d-7d1fe38348b5,755aadb5-9444-42b4-844c-02ac4411d667,70ca8ed9-60ce-487b-860a-fcafb0c392de,search,https://shop.example.com/cart,4ac8e7aa-3b39-4748-84a4-4a38c155c2fc,2027-07-12T16:04:29.967104+00:00,920fe448-95d0-4ccb-b77b-2c7cfa389054
cb2be41e-5be4-4285-adad-bce7fb9d4333,4aae1721-af42-41c6-b1c2-0a4b46587603,,add_to_cart,https://shop.example.com/product/PROD-0222,66350f07-d240-4874-a106-304a38c30562,2025-09-04T21:16:53.967125+00:00,920fe448-95d0-4ccb-b77b-2c7cfa389054
7f7e3154-a0a8-46f4-9511-7d53f2d717ff,1cabab7c-e426-4f32-b46e-c992d9f59b73,e711e60a-92a3-4797-9e8b-68360a0c4fd8,add_to_cart,https://shop.example.com/product/PROD-0489,921ea244-e700-42a8-ba0c-5d57b00bbe01,2025-09-26T12:46:30.967162+00:00,920fe448-95d0-4ccb-b77b-2c7cfa389054
e664f50b-2e92-47a5-8b6d-b9a294d94ab5,a85a182a-3171-4c17-8186-7de2e22b1a55,bca0158e-d222-4c02-86e6-7242f4d6b49e,page_view,https://shop.example.com/product/PROD-0198,716c563b-a49f-45a5-91ac-7f61e5de5e37,,920fe448-95d0-4ccb-b77b-2c7cfa389054
b2151307-c1f5-47a2-8676-3b7939af8be1,cc410e72-ca71-4055-94d2-ec0ef7e0b6d9,1e16c302-8a90-4e2c-b10c-7ca68ff81781,page_view,https://shop.example.com/product/PROD-0355,c05ec8af-dfa4-4d46-bf98-95e548942741,,920fe448-95d0-4ccb-b77b-2c7cfa389054
2072087a-9720-4c93-93a1-f7bb64296d54,7f8acb50-b9ef-4e0f-8b9d-61f3a3ce96d2,f64a7f0d-424f-4b90-ab53-9b151b67d1d4,page_view,https://shop.example.com/product/PROD-0355,22ce99a9-d030-4492-bafc-1554028b2060,2025-11-30T20:42:33.967302+00:00,920fe448-95d0-4ccb-b77b-2c7cfa389054
721387f7-d9d4-4609-97b7-8ffc3da9f4a9,60152b79-7a1f-41ef-97ae-4c5d6fd74915,cb98003d-7864-4a1a-90ca-766ffbf70e02,login,https://shop.example.com/,a3eecc67-0574-4866-88c1-3d741c1a6c26,2025-09-08T01:20:54.967324+00:00,920fe448-95d0-4ccb-b77b-2c7cfa389054
700ba2c8-dd9f-4639-b788-92e37cfde170,ebc6b6a9-a5ee-474a-b67b-748e333fc9d7,,add_to_cart,https://shop.example.com/product/PROD-0252,0e40c1eb-bc02-42b6-857f-1a0d13feab48,2026-12-04T16:04:29.967352+00:00,920fe448-95d0-4ccb-b77b-2c7cfa389054
3fe8a6cc-da27-4904-869a-94a3f6b20252,0b07de7e-9af6-4510-921e-dfdfa0109476,6a2e298f-0662-44f7-9ff6-5f1346467f1a,page_view,https://shop.example.com/product/PROD-0337,caad68d6-7f93-442c-98c9-729b8b86635b,2025-10-08T01:43:29.967380+00:00,920fe448-95d0-4ccb-b77b-2c7cfa389054
284b93f2-a823-4586-a67e-a859c4829744,4c879216-5594-401b-b00d-47efe0cdc819,995d8317-aad7-43f8-b7d6-110e2f5f19b8,page_view,https://shop.example.com/product/PROD-0156,f7701dc1-71ec-4b93-a7a7-3900a72480fd,2025-10-29T02:13:10.967430+00:00,920fe448-95d0-4ccb-b77b-2c7cfa389054
200d54d6-7e98-4ad7-ba2a-0674d4648028,e8e8dede-beb2-423b-a154-8253bba1cd02,60adfc77-3f71-4d91-b320-9640867b8f0f,page_view,https://shop.example.com/product/PROD-0184,37b05c08-171e-4404-98c3-efda42972c3c,2025-09-24T23:40:41.967481+00:00,920fe448-95d0-4ccb-b77b-2c7cfa389054
7d9ea886-9867-4782-a2b6-2b1e83c0ddcf,ec3823e2-5a99-405d-8f3d-5aad3774e0e7,172737b0-cc04-4ee5-b625-b769eeed914b,page_view,http://///shop.example.com/product/PROD-0250,6be4f7fd-3128-4bca-8ccb-1536bac3d2a2,2025-11-09 02:35:22.967531+00:00,920fe448-95d0-4ccb-b77b-2c7cfa389054
c79652a0-5a57-4720-93e1-4346069e8fa3,47b7deee-0b3a-475e-bda7-792607d543d8,d94f4e8e-8cdc-471f-9c94-60f92c5597ed,page_view,https://shop.example.com/product/PROD-0351,a8118b88-0524-4446-9e33-44695d25239e,2025-11-01T19:25:02.967588+00:00,920fe448-95d0-4ccb-b77b-2c7cfa389054
abd06137-d28d-4d31-9f9d-97a39df86500,d222d603-b40e-4c3a-b41a-ba2f0d63ab3c,,add_to_cart,https://shop.example.com/product/PROD-0165,invalid-device-4686,,920fe448-95d0-4ccb-b77b-2c7cfa389054
98fdda65-5f2a-4b39-970f-d96597b6a606,5dbf4658-0ebf-45aa-b3f0-3c7ac8aff3cd,6cb2ef5e-c22f-4626-92f4-a1f3188ece19,page_view,https://shop.example.com/product/PROD-0079,8fc30505-9c51-4eb4-9685-70db19b3344c,2025-09-17T06:17:38.967646+00:00,920fe448-95d0-4ccb-b77b-2c7cfa389054
044fb698-bcb3-4b15-bedc-762caab60d81,402d038e-3011-48eb-a375-884e9f9f8dd0,,add_to_cart,https://shop.example.com/product/PROD-0210,0ce35269-f1e6-4447-8e09-81895b224d8d,2025-09-08T04:11:52.967678+00:00,920fe448-95d0-4ccb-b77b-2c7cfa389054
0630b01c-f3a0-4eed-b305-9e74cfe85199,c585485c-da58-46f0-82ad-0cc66b10ae55,,page_view,https://shop.example.com/product/PROD-0220,4709a08f-53f9-4fd0-a9d7-fb379cc24388,2025-11-17T07:56:40.967701+00:00,920fe448-95d0-4ccb-b77b-2c7cfa389054
3ae1833d-2883-4667-b2b1-c9b212650c4c,2640c198-fc91-40b9-990c-475838c826fa,739d3607-db44-46c9-ac1f-42674f49d53d,login,https://shop.example.com/cart,17975517-f116-498d-80f9-679642a4c310,2025-10-05T13:51:35.967722+00:00,920fe448-95d0-4ccb-b77b-2c7cfa389054
4d8cf205-8e54-4833-a4a8-df9887ae639d,777cc4c1-aa97-4f8d-9238-ed5a3326dece,,page_view,https://shop.example.com/product/PROD-0014,beb834d3-5ab2-422c-a6da-8d7d2f524cc0,2025-10-13T11:18:01.967743+00:00,920fe448-95d0-4ccb-b77b-2c7cfa389054
c106be75-7197-4093-b87c-e7e326668824,258029e8-7f47-4354-a97e-a852dc17a7a3,d509b065-a2b2-4fec-ba6c-1a0874864b3b,login,https://shop.example.com/cart,e7eba7f1-d1e5-4933-938c-5c17193c6611,2025-11-03T01:44:59.967764+00:00,920fe448-95d0-4ccb-b77b-2c7cfa389054
5bb3635d-8c6d-4503-820a-8f228c47cd29,9c664db4-1ffd-40b0-a075-a9006e82f892,f623c47b-0af6-4e39-82e5-865f95c977c6,search,https://shop.example.com/,8f615871-e8aa-4885-b8bb-c03f66951df1,2025-09-10T22:11:40.967813+00:00,920fe448-95d0-4ccb-b77b-2c7cfa389054
711f2bd0-2bd4-4461-beca-65778af8f5f1,713e7dc3-3abc-4b8c-8d47-47fe4f5adbae,,login,https://shop.example.com/search?q=shoes,aa6ec2e5-d8b3-454f-972c-afee1b61dd3e,2025-09-29T00:39:56.967848+00:00,920fe448-95d0-4ccb-b77b-2c7cfa389054
20aedbcf-443c-4af0-b21a-edeef822c5ea,e58e9712-f876-47ce-a4f4-56ab2c9710b8,4d7c656b-6480-4687-89a1-6faa33e87567,page_view,https://shop.example.com/product/PROD-0133,bbdc5a85-2b93-44df-a173-9adb02f69859,2025-10-17T12:01:54.967872+00:00,920fe448-95d0-4ccb-b77b-2c7cfa389054
6dc23922-daf1-4ec1-91ee-25f035f08eb5,7dd3d2a5-f651-4f11-97c0-3b496c73817a,,search,https://shop.example.com/,bcadcd90-44d4-4b8d-b2e1-073728ba9f9d,2025-10-09T05:03:59,920fe448-95d0-4ccb-b77b-2c7cfa389054
b71ad7fc-744a-40b4-a16d-6c8d9427cf57,aaf5a0c1-1909-4d69-93d3-d6ce1fb89986,,page_view,https://shop.example.com/product/PROD-0191,8504f6e0-dd27-40ca-baab-9c718cb24259,2025-09-05T07:26:32.967940+00:00,920fe448-95d0-4ccb-b77b-2c7cfa389054
42788c5d-4ba0-47ca-a6d0-de8ce7623905,32d270ac-3aa4-4e87-8537-afff1504c4d6,,page_view,https://shop.example.com/product/PROD-0268,547d4181-d939-43eb-92c4-84423b86df21,2025-09-05T23:55:45.967974+00:00,920fe448-95d0-4ccb-b77b-2c7cfa389054
cbbeaa15-dcec-42d6-96f2-e968f88c90ba,df171479-0b2d-41b7-9c44-2a3a8c0630f6,,page_view,https://shop.example.com/product/PROD-0334,35b8079e-e0db-4fc0-8215-ac644c22db1e,2025-11-16T16:22:35.968013+00:00,920fe448-95d0-4ccb-b77b-2c7cfa389054
eaea9212-afbf-4943-8ed1-ee23cd6e436f,59988613-999b-46b8-ad91-3f1e3918d57e,017a8eba-af85-415a-9741-837ce59b66c6,search,https://shop.example.com/cart,8a950b23-0a22-4be6-96f2-d10cdbadad23,2025-09-23T18:19:53.968071+00:00,920fe448-95d0-4ccb-b77b-2c7cfa389054
dcaeb456-b7d9-4971-9cea-00158fd35523,e54d3be2-f230-4b8c-85cb-e4fe8d37b0d2,,page_view,https://shop.example.com/product/PROD-0128,e529c6fd-2785-42e9-ba94-27d580a7189b,2025-09-28T02:20:28.968100+00:00,920fe448-95d0-4ccb-b77b-2c7cfa389054
10f58cb3-b9aa-44a5-901b-09932af142f5,95b23b9d-14b9-499b-a65b-ee9b5dec252a,f3be15c4-fa4e-417d-ba0b-184ff8cc9b2f,page_view,https://shop.example.com/product/PROD-0134,fdbdc8057b564808b5a0f72b6f8dde16,2025-10-09T19:33:26.968123+00:00,920fe448-95d0-4ccb-b77b-2c7cfa389054
5bec1e4b-e29d-496f-a2cf-4af741bea090,5853c3a6-799f-45f5-9431-1b4c9f2cc712,3121e2d4-78a1-4db3-91a5-372eaf271313,page_view,https://shop.example.com/product/PROD-0216,b852710f-1d5c-49a6-8f46-4428ce2d6afb,2025-10-28T20:41:04.968147+00:00,920fe448-95d0-4ccb-b77b-2c7cfa389054
7e33cb4d-371f-4b4b-a7cc-d08cb8142730,a2e0c9e1-bb14-4137-a852-ca81394d59d7,,search,https://shop.example.com/category/electronics,35f1a6c9-4c46-4f8a-8400-1a1daa2a80c8,2025-10-16T03:56:45.968168+00:00,920fe448-95d0-4ccb-b77b-2c7cfa389054
21be45a9-4a5f-4bff-804b-4a73041123ca,fde7103f-533b-4609-ab6d-3a0b8594fa24,c0701679-fc81-4b5f-b262-109fba8d3c5b,page_view,https://shop.example.com/product/PROD-0446,50b35247-79ae-4440-b2d7-6f2abecdfde3,2025-09-04T13:00:34.968199+00:00,920fe448-95d0-4ccb-b77b-2c7cfa389054
c8c8e946-d62b-4aa8-969d-5f9aeda6643c,4e8286ea-1ccb-4a29-99a6-2e5c68ccb48f,0e599510-cd82-4c8c-b4ee-aed6951258d6,page_view,https://shop.example.com/product/PROD-0135,522b6305-a358-4d1d-af98-1044fa8dd1a3,2025-11-24 16:02:37.968230+00:00,920fe448-95d0-4ccb-b77b-2c7cfa389054
1af7335c-bd11-44c4-ab80-60412902b266,21facaaa-0456-4782-ad6a-a596b53ce98d,,page_view,https://shop.example.com/product/PROD-0379,475fcd01-97b2-4e93-bc93-e92e4cccd2fe,2026-03-17T16:04:29.968291+00:00,920fe448-95d0-4ccb-b77b-2c7cfa389054
9f46eb07-0a07-4371-8ca9-7368ec657f73,f7415266-5afc-4c07-8cca-291eb53564ae,,page_view,https://shop.example.com/product/PROD-0334,418fc099-8eb9-49fb-9923-306d33b8a202,2025-11-08T13:01:57.968326+00:00,920fe448-95d0-4ccb-b77b-2c7cfa389054
15e8f884-1cd9-490a-a1ef-c0f1eae32e54,5f22158b-8082-4aee-a8ab-cbb063db869a,cb544719-a2f1-4e4a-b3ad-ccfa685b69f4,login,https://shop.example.com/category/electronics,6f9d2a82-32b4-4677-a140-7c68e96c61da,2025-10-11T17:56:01.968348+00:00,920fe448-95d0-4ccb-b77b-2c7cfa389054
d2c73ecb-1704-47dc-9908-bfa2b1b1c18d,68323414-3651-4c96-9fd1-88b3bcf32931,f2d0dd28-eb9b-4099-aa74-7ca5dad2acdb,page_view,https://shop.example.com/product/PROD-0149,e83ae43b-1392-4a55-ad3e-b4e122f38bbc,2027-06-19T16:04:29.968376+00:00,920fe448-95d0-4ccb-b77b-2c7cfa389054
ada6b004-79ea-485c-afa7-86eca1299b02,91900ddb-2ff9-40ba-8e56-3629c964f469,4c97219f-2474-4910-8cf8-0848da10e0ad,page_view,https://shop.example.com/product/PROD-0350,6128c640-d88a-44e3-8fc1-4cc99bd743f0,2026-10-18T16:04:29.968405+00:00,920fe448-95d0-4ccb-b77b-2c7cfa389054
08440756-af38-4e7e-a50e-5ab6cf05b17a,0aa269d5-94e3-4e13-ba30-41f09c53e901,b7593f0d-96dc-41a2-a6dd-4533c8a3c876,page_view,https://shop.example.com/product/PROD-0378,74ef420a-baf8-4c1c-b6e6-4a50dbe29ef5,2025-09-14T12:02:21.968435+00:00,920fe448-95d0-4ccb-b77b-2c7cfa389054
651b48f5-36fb-4520-980b-ce3da6976f5d,eca8be78-bc0a-48f2-ab9e-cb7ef3103987,42f5540b-9775-4953-a3f5-004ce38021fb,page_view,https://shop.example.com/product/PROD-0216,393580b7-e75e-4e25-b939-0685d5ffe76a,2025-11-13T22:45:55.968458+00:00,920fe448-95d0-4ccb-b77b-2c7cfa389054
e7bac081-b7e5-4951-8c78-06e69ba92656,6359ece4-7fa3-4fc3-af95-c50b6f5c9969,274b3a4d-c121-43b4-aec5-6321f462ebf0,page_view,https://shop.example.com/product/PROD-0427,7f628c49-279a-497d-9cb7-ca1c330d7818,2025-09-12T10:30:26.968481+00:00,920fe448-95d0-4ccb-b77b-2c7cfa389054
f0aef1dc-9001-41f6-96e5-5aeb5f654488,be9adf11-da83-439d-8500-b3ca86e12bc3,5dd3c5f5-d8dd-40dc-9674-8f50b5764ebf,add_to_cart,https://shop.example.com/product/PROD-0462,1b2fa14f-09e5-4896-84b7-906156e7acfe,2025-11-14T10:05:32.968502+00:00,920fe448-95d0-4ccb-b77b-2c7cfa389054
559075b1-617a-4a36-aefc-c3731bda898a,19f6106a-693f-4f1f-bdce-00547dfc9fc0,a331f914-4e86-4811-9548-8e0fe1d07e33,page_view,https://shop.example.com/product/PROD-0389,baa7f617-ba45-4d8a-a1eb-2b206204d1ab,2025-09-13T17:20:37.968524+00:00,920fe448-95d0-4ccb-b77b-2c7cfa389054
0f224b93-e37d-4062-938d-79fb2b4a065b,c10f250e-7907-49bb-837c-014d8a68ffdd,,page_view,https://shop.example.com/product/PROD-0199,589acbc9-1c8f-4e1d-965e-dab65f9e7741,2024/31/01 25:61:00,920fe448-95d0-4ccb-b77b-2c7cfa389054
70043d7a-cfc2-49a6-ba41-612d7b71bc03,99171217-bb1d-4726-8aa8-5ef669ff8413,,login,shop.example.com/search?q=shoes,e5970093-6134-4263-a06d-ac12af4f6424,2025-09-18T16:19:43.968574+00:00,920fe448-95d0-4ccb-b77b-2c7cfa389054
344777cd-7bed-45b4-a005-65ffb3d8cbe6,594df228-f6c1-487a-aa09-68cb61e0c5de,a5e83ff0-8c30-4a58-a4ef-3e76c3a387cb,search,https://shop.example.com/cart,1d859565-34c4-4e19-b682-f7746e5a909f,2025-10-07T04:21:57.968602+00:00,920fe448-95d0-4ccb-b77b-2c7cfa389054
35256bd0-02d8-4ebd-b644-9c6fb09230c4,82eba4e7-85b7-4418-a871-883ea90fe523,eae78492-3d59-455d-b0b9-743c656c73ad,page_view,https://shop.example.com/product/PROD-0183,32aab639-4355-47d3-abe0-1cc227c38863,2025-10-06T18:50:19.968650+00:00,920fe448-95d0-4ccb-b77b-2c7cfa389054
dbb43ac3-e3c4-45a3-9c9f-a41bca152d4a,0bd2f1c3-3300-47e1-8bc3-95b80ea0e861,,login,https://shop.example.com/search?q=shoes,add022c6-ea54-489d-856d-e5787997cca4,2025-09-14T05:03:42.968673+00:00,920fe448-95d0-4ccb-b77b-2c7cfa389054
7270a5b0-d8ea-4689-9110-fc0e99df9e83,8e664840-388f-4311-b151-656c4994e55c,e210cd7d-d2dc-4409-a3de-0ea34416d702,page_view,HTTPS://SHOP.EXAMPLE.COM/PRODUCT/PROD-0064,4c272aa9-cec8-4caa-8b66-adfd445a32fc,2025-09-19T21:48:21.968695+00:00,920fe448-95d0-4ccb-b77b-2c7cfa389054
4e5b5e03-6379-4f16-b54b-9082be54507e,e6770285-d1df-4fd5-8ab5-6b2f87a866b4,01260364-92d6-4c1e-a4b9-1af55af6fcdf,page_view,https://shop.example.com/product/PROD-0251,dd3a776c-ad5b-4577-b804-57a7875e01f4,2025-11-22T17:51:49.968720+00:00,920fe448-95d0-4ccb-b77b-2c7cfa389054
5c33182c-8e1e-4738-bd46-6e3a6d2103f2,e173a326-9374-4acd-8c13-9970b72329cf,467041ed-0b3b-46f2-8d83-ab75a3e11579,add_to_cart,https://shop.example.com/product/PROD-0375,b1cf3a89-8837-452b-b507-7d0c86037d6c,2025-10-29T20:14:24.968752+00:00,920fe448-95d0-4ccb-b77b-2c7cfa389054
46965847-144f-4caf-89d2-d5dcd6d7c2dc,a9e8ee41-bae9-4bc2-b329-bca894dabde7,b04e727e-eacc-4612-87f6-92222e7fee36,page_view,https://shop.example.com/product/PROD-0182,4925fd55-9f9b-4733-bfd6-ac2bbb9da02c,2025-11-08T17:40:36.968775+00:00,920fe448-95d0-4ccb-b77b-2c7cfa389054
ae4f59e8-7699-4407-8f49-327dd4a7711b,9d7f94ad-273e-4fdb-86fb-f6687f7edd1d,4004eda5-9995-4ee7-8b41-e86ae3d71015,login,https://shop.example.com/cart,17fce52a-bf3c-4c0b-aef5-b453eda25c26,2025-11-20T20:40:42.968802+00:00,920fe448-95d0-4ccb-b77b-2c7cfa389054
41f6b387-e000-42be-888b-d9bbfe683bc6,61274676-cf41-4295-8522-e4483d3285fa,b99eabb9-3786-467b-bd1a-3aef3182b3b6,search,https://shop.example.com/category/electronics,a1cf6222-21a1-4632-aa5a-dc50cac9b331,2025-10-29T22:20:42.968822+00:00,920fe448-95d0-4ccb-b77b-2c7cfa389054
8d08665f-11db-493e-87c4-59a85084804f,39a5c8b0-8d8d-4857-a15f-2eadb426720f,ab9a942f-0d65-4b27-83a6-baf16f4fadd4,page_view,https://shop.example.com/product/PROD-0051,89866840-3897-47b0-8a41-5a08048a1f28 ,2025-11-21 20:25:32.968845+00:00,920fe448-95d0-4ccb-b77b-2c7cfa389054
4ba45616-ce4b-490d-b921-025a7ffe341d,22a302b2-403c-4e77-bbf8-e2f59073b9f6,bddd2749-81cd-49a9-b39a-f9d49f810d44,login,https://shop.example.com/category/electronics///,1eeb9f8e-5fb5-491c-9a97-64478b8a2545,2025-10-28T12:15:09,920fe448-95d0-4ccb-b77b-2c7cfa389054
b6ee1448-2457-4cec-ab48-8402c8b1a000,6a1833d6-a1ac-4f96-8ad8-e6e0cd18e73e,d417e167-6f78-465c-8395-ea1e51788feb,page_view,https://shop.example.com/product/PROD-0254,9235b67c-9a46-4373-94dc-3c21644d2c4d,2025-11-14T13:05:20.968944+00:00,920fe448-95d0-4ccb-b77b-2c7cfa389054
ff4f7a9c-73ca-4d91-8f71-e88a0ebe80e6,5746a509-9c65-4483-92ec-8724fd7a6994,74e6dc79-617c-45dd-b7ea-d0e0deb87e82,page_view,https://shop.example.com/product/PROD-0458,6c8fe39a-576e-4937-9a35-7593d5bb6fb2,2025-10-07T11:34:11.968981+00:00,920fe448-95d0-4ccb-b77b-2c7cfa389054
a599299c-e4bf-4b97-916e-8ecc2a3455fb,4cb4a64b-4be4-4248-aa8a-8166fe28fd9a,0a0bfd19-896c-4325-976f-57aa60f65c2f,add_to_cart,https://shop.example.com/product/PROD-0246,31db42cc-a23c-49e2-a69f-ee7a1e22322e,2025-10-14T08:29:09.969026+00:00,920fe448-95d0-4ccb-b77b-2c7cfa389054
b8421640-d9f6-4089-86b5-02b19d865513,b3f49908-d2cb-402c-ae86-838aa884b8fd,,search,https://shop.example.com/search?q=shoes,aa08bc4e-9cea-4bbc-be64-1d2301fe7a3a,2025-09-15T23:30:07.969050+00:00,920fe448-95d0-4ccb-b77b-2c7cfa389054
bbf56cca-fefc-4108-842e-fd48805c55fa,074f5b38-c4e6-425e-8e6b-2935c6a3cd03,7dcdd5d8-5ea6-4c99-8cff-a039650d4f33,page_view,https://shop.example.com/product/PROD-0130,38fd3f78-8498-48fd-b02c-783d9a52c23e,2025-11-13T16:14:13.969080+00:00,920fe448-95d0-4ccb-b77b-2c7cfa389054
6d421a27-07dc-46d8-9aa2-d6b5f868a5cf,0a88576d-fcc7-486d-8830-9efffe3bbd00,,add_to_cart,https://shop.example.com/product/PROD-0313,dd68266b-1a7d-4e1c-a1e8-89eee2ef63c9,2025-09-11T15:39:23.969128+00:00,920fe448-95d0-4ccb-b77b-2c7cfa389054
188197e3-6629-4dc3-b6e6-8f47da5a9f0f,e12bdec5-c5d2-474e-b559-40cbc74eb775,097e6235-ce30-4604-837a-0a26ce0bbdf9,add_to_cart,https://shop.example.com/product/PROD-0215,ecdf5ed3-ec7a-447a-bf2b-3f9b07a9d755,2024/31/01 25:61:00,920fe448-95d0-4ccb-b77b-2c7cfa389054
89d16c4e-0a64-4dc0-9d81-7e9aa6ea65a5,abeaba89-221f-435a-9e89-dc195c4fbacc,624e7a7f-b0d8-43e7-ade2-c4da89f382d8,page_view,https://shop.example.com/product/PROD-0139,6fea1a19-e792-4876-b6b5-acb943ed211a,2025-11-16T10:16:48.969188+00:00,920fe448-95d0-4ccb-b77b-2c7cfa389054
d9b7608e-82f7-4e5c-b2c0-1705d3bc1b72,78b74c8e-ab42-428b-9348-46e131d93250,,add_to_cart,https://shop.example.com/product/PROD-0426,ffefc71c-a260-468c-8b48-80e254abf85c,2025-10-26 15:30:38.969209+00:00,920fe448-95d0-4ccb-b77b-2c7cfa389054
f6f1339d-18f6-4c99-a7a4-eb314e270276,e765a136-1bc6-4b41-9f72-ea213102c9be,adaeb380-a9d5-46a1-bbb3-649acd9c4147,page_view,https://shop.example.com/product/PROD-0244,56e31f2b-bc52-4f15-8528-87f0d6e6e9cb,2025-10-09T21:39:58.969238+00:00,920fe448-95d0-4ccb-b77b-2c7cfa389054
710eecc9-84f1-4edf-89f5-2888e15ae760,c0772f28-0167-498b-b4bf-e26660c86372,91f4fd80-1b95-4047-8955-414f5d4b7744,page_view,https://shop.example.com/product/PROD-0123,f7abdc9d-9f58-43b7-85ac-1d38e8cc6734,2025-09-09T16:48:15.969259+00:00,920fe448-95d0-4ccb-b77b-2c7cfa389054
b7d2feff-1a6f-42b2-bd0c-d2d59179d91a,e12bdec5-c5d2-474e-b559-40cbc74eb775,,login,http://///shop.example.com/cart,1d3986e7-1fa9-473c-b002-3df5807a5320,2025-11-19T07:12:59.969279+00:00,920fe448-95d0-4ccb-b77b-2c7cfa389054
ec600c1d-8548-4775-9936-ed8ff24fda5c,ae9868a3-5d40-4a66-99e0-75c87143b806,,login,https://shop.example.com/search?q=shoes,140b66a8-2a42-4cea-8eca-1120e49824ec,2025-09-13T01:19:19.969310+00:00,920fe448-95d0-4ccb-b77b-2c7cfa389054
38b7b582-b957-4be1-a50f-9225525760c7,77a151b7-f211-4407-98e5-1a2d0c2c0088,383f0cc0-4d62-4871-a717-0b320f8b7eef,page_view,https://shop.example.com/product/PROD-0210,b998dd48-0284-4aca-ac39-2af2ba9a1b37,2025-09-06T02:20:56.969339+00:00,920fe448-95d0-4ccb-b77b-2c7cfa389054
e7c64c9e-51ce-4100-8422-b15037f0e396,450b7ffe-b2f9-449d-9635-33c1ec11e8e5,e85e2c50-eca2-4749-af47-062aa61d95d6,page_view,https://shop.example.com/product/PROD-0098,8a041e35-ef77-45da-af1d-c030d594146a,2025-10-21T05:54:36.969389+00:00,920fe448-95d0-4ccb-b77b-2c7cfa389054
dc0186b7-27f2-40e7-8c81-231beb8a91c2,93b59334-4291-48f4-a1dd-bb7999b8eac7,a96a6768-63a4-46b0-a8bd-0acf34cd65f9,login,https://shop.example.com/search?q=shoes,45a12dfd-f217-4d8e-9865-bec5635e7216,2025-10-23T16:06:42.969413+00:00,920fe448-95d0-4ccb-b77b-2c7cfa389054
f6abcdec-a163-4e62-a10d-481b4f2f0a47,089f0c98-980f-4313-85ab-a1320a89ef65,facd7262-0155-4f24-94b7-09e8d8169af3,page_view,https://shop.example.com/product/PROD-0101,e971d522-64a5-48f9-9f07-30170fcdc156,2025-09-14T05:01:48.969441+00:00,920fe448-95d0-4ccb-b77b-2c7cfa389054
c11c1da3-21f6-4cb2-add7-e9c2dcab56d4,6009b5ce-9d95-45e4-a90d-5d69ba8caea6,,add_to_cart,https://shop.example.com/product/PROD-0203,32cadc1f-e95c-416c-a8dd-8ad32bb7a465,2025-11-11T03:38:26.969471+00:00,920fe448-95d0-4ccb-b77b-2c7cfa389054
fc980453-5413-4a43-a823-b57373871e82,921eef97-331f-45fa-ae7e-2e9524734189,b7927298-f9eb-440b-9f75-6f605707fc23,page_view,https://shop.example.com/product/PROD-0389,fb908ecb-316a-4563-8ff0-dfcbf05a40d1,2025-09-28T19:53:18.969541+00:00,920fe448-95d0-4ccb-b77b-2c7cfa389054
f90d1791-8b90-49ba-9441-72c2851966ad,cda088d8-b992-4f9d-be9a-848128c0ebcc,e26c3f3d-6465-4791-89d9-ea702843f56b,page_view,https://shop.example.com/product/PROD-0477,882be70e-742f-4962-93df-0986219ec4e2,2025-11-05T00:18:45.969602+00:00,920fe448-95d0-4ccb-b77b-2c7cfa389054
613b7142-fcee-45aa-864e-ff57d2500248,7c6473be-63ee-4af4-8c74-36964b22c2bd,,page_view,https://shop.example.com/product/PROD-0452,afc405a4-3470-457d-807d-0c160eb24218,2025-11-23T20:05:06.969644+00:00,920fe448-95d0-4ccb-b77b-2c7cfa389054
60c33aed-c59a-4ef3-b5ba-ea1861c3fe20,f812c7d6-0831-4c4d-a586-3872fd724cee,2326dc74-d9af-4a09-b275-0947252e6a43,login,https://shop.example.com/category/electronics,c0390de4-bc1b-4934-be5a-42ec8cd73184,2025-10-13T20:31:13.969668+00:00,920fe448-95d0-4ccb-b77b-2c7cfa389054
79ed2372-f8b0-43bd-acf2-1468545d4c55,8a3d7e84-fa2c-4384-a0c8-39024201b85f,,add_to_cart,https://shop.example.com/product/PROD-0137,7c887bb9-2e3c-4b96-8382-d9068ac95dde,2025-09-09T17:47:47,920fe448-95d0-4ccb-b77b-2c7cfa389054
a8e30a89-2cf7-467b-bd3c-3eabd64767ce,ccd32913-4def-4530-8292-ddbec3d77a18,,add_to_cart,https://shop.example.com/product/PROD-0290,47c81341-0086-4bd4-9911-6a460ffbca76,2027-07-22T16:04:29.969749+00:00,920fe448-95d0-4ccb-b77b-2c7cfa389054
c15e319c-c093-491b-a3e2-23c78f810da1,c13e2421-0e23-4553-aa37-af68e6a9a4c7,2620dbe2-2201-4211-8754-2daf48d725b2,page_view,https://shop.example.com/product/PROD-0228,6102f9dd-9a27-4dce-b0d3-eb563f12bfcc,2025-09-11T07:38:34.969778+00:00,920fe448-95d0-4ccb-b77b-2c7cfa389054
61737a6b-a1e9-4409-b0da-102f85e4ae85,aac279ac-8106-49f5-8e90-a19349392220,490c4586-08bb-40de-9af1-4a24f5e78c84,page_view,https://shop.example.com/product/PROD-0101,06b35e98-6ca4-4f4a-aa34-629105e0d674,2025-10-06T14:21:51.969803+00:00,920fe448-95d0-4ccb-b77b-2c7cfa389054
68b6ac6b-22d1-4584-a541-eefef74b705e,82d74176-7984-4150-8334-ca9bde90f559,d14db451-78a9-4a02-8d6d-197ef716569e,search,https://shop.example.com/,e17e15f9-ef29-4317-a972-ee1e2d84f46c,2025-09-13T13:43:37.969832+00:00,920fe448-95d0-4ccb-b77b-2c7cfa389054
18233af8-30ed-4add-90d0-fa6ee3e56d27,43ea6de3-e0d2-42a8-a358-bdef83e838f7,66df7814-5595-4ea6-a38b-9614bf7dbec7,login,https://shop.example.com/category/electronics,5f71de73-4149-494a-8a7c-961304813846,2025-10-25T00:33:03.969856+00:00,920fe448-95d0-4ccb-b77b-2c7cfa389054
15a5b8ef-72e3-485f-97cb-6db678676754,4216d06b-77cf-4276-aaee-23a0aab29a0f,,add_to_cart,https://shop.example.com/product/PROD-0247,d4065c36-6ef6-4e88-aa4b-1855a56c622d,2025-09-27 15:34:20.969882+00:00,920fe448-95d0-4ccb-b77b-2c7cfa389054
b5e0719a-5f72-4f05-935d-c3fd040b1b58,c41831d5-653a-4912-8af5-a19553bd2ada,deb70599-76a3-43fc-abc0-0530e67e899b,page_view,https://shop.example.com/product/PROD-0119,41344211-b22b-4405-92ca-b7d97cf98c8e,2025-09-17T21:47:13.969925+00:00,920fe448-95d0-4ccb-b77b-2c7cfa389054
c92e1509-cfa7-4d3b-832f-2dc43d73f968,cda61ae4-c8d4-490a-813e-3a99565d8c01,c66897fb-516b-45a0-be8e-40beec2304d2,page_view,https://shop.example.com/product/PROD-0103,acd73b3f-208a-469e-8889-3ba629c9191d,2025-11-21T08:10:10.969960+00:00,920fe448-95d0-4ccb-b77b-2c7cfa389054
286f215c-320a-4458-b402-ba1a7208ebfa,c42d7a33-3f42-4874-b1fa-28aefc6d0e44,18013951-8497-4906-98e3-9502b7c91b5f,page_view,https://shop.example.com/product/PROD-0279,e9d661ed-8f4b-4afe-aa8a-024a98cbf091,2025-09-05T09:20:55.969991+00:00,920fe448-95d0-4ccb-b77b-2c7cfa389054
a9d64a66-dca6-4fdb-b88d-c55c4e419862,56cd3129-d3ea-45c0-af5c-4026b3a5d047,9c84253f-ef35-45de-af09-3d047e055726,page_view,https://shop.example.com/product/PROD-0243,8d90a849-2c8a-40ad-830a-e3a23b865b07,2025-09-12T18:44:04.970013+00:00,920fe448-95d0-4ccb-b77b-2c7cfa389054
e1e24833-886c-47bd-8b5f-a685942a7cf4,e5ef9ecd-08bf-4c4a-8507-2d8f6e17c7eb,0312c01d-02d2-4b6b-8885-2e4e1c5c745a,page_view,https://shop.example.com/product/PROD-0246,a17375ef-f0b5-4f9b-ad47-e865172f5922,2025-09-15T03:00:49.970034+00:00,920fe448-95d0-4ccb-b77b-2c7cfa389054
256cb71c-87ac-4a57-bc1f-14d9b502ae41,520f2c25-59de-44b4-9da4-b65c945a9e20,1dbb6891-3af4-48a6-ba97-5688c14eaccf,page_view,https://shop.example.com/product/PROD-0056,71381a5f-5c37-42a1-a2b5-915c4e9589cc,2025-10-31T17:07:52.970057+00:00,920fe448-95d0-4ccb-b77b-2c7cfa389054
239723b6-b738-40d6-b57c-a49291cd4b32,73c35939-1edd-444e-b3a7-983f6d4c3419,e823594e-0098-46d3-9fc9-1bfc4a9e416c,search,https://shop.example.com/cart,7c8fbd84-c41d-4c33-8b65-06a50a4f6302,2025-09-14T09:30:22.970081+00:00,920fe448-95d0-4ccb-b77b-2c7cfa389054
3f6c1a97-517d-425b-8541-803abdfc928e,bc4be3d9-a933-4c97-9dd2-8dd37fb8dfca,e14c67b3-7f83-4e77-8113-1382a06c7e3a,page_view,https://shop.example.com/product/PROD-0271,f2908844-ce73-4ec1-b4c5-7e7d16042ed0,2025-09-04T21:26:12.970104+00:00,920fe448-95d0-4ccb-b77b-2c7cfa389054
b47990d3-57a8-433e-98fc-3e2b5e344334,50c44048-3c3e-4d4e-8e45-ef76949e762d,ac941b2b-fb85-48c1-9343-b9b0de6a01bf,page_view,https://shop.example.com/product/PROD-0453,669df779-8055-43ad-825b-59fa4ff3cb78,2025-10-25T04:08:39.970127+00:00,920fe448-95d0-4ccb-b77b-2c7cfa389054
50a1cee8-7d8c-467a-b203-2204a2ec4a5a,424f1c84-797c-463d-8203-8fdb55c5d58e,,page_view,https://shop.example.com/product/PROD-0308,5e251c7f-81d0-4c62-9fbe-c44cf264b379,2025-09-21T21:40:32,920fe448-95d0-4ccb-b77b-2c7cfa389054
346a8b16-3e39-4d78-9aec-1845ec0f3e64,9e59e9b5-9d2d-4fec-8fb5-e7d96895a1b7,5d403625-09e4-42b4-bc86-9cc1083bba14,page_view,https://shop.example.com/product/PROD-0252,000a6e45-dea4-44af-a008-dc5050daac17,2025-11-02T04:49:26.970227+00:00,920fe448-95d0-4ccb-b77b-2c7cfa389054
848c5261-305c-43e9-9bb7-f4884b064f09,5005c445-ad9e-4a17-855d-cc5c6dd96572,,add_to_cart,https://shop.example.com/product/PROD-0024///,10bb02f7-560e-480e-ad2a-d61bc297167e,2025-09-27T17:38:23.970265+00:00,920fe448-95d0-4ccb-b77b-2c7cfa389054
c2187fd9-a5f1-4e5d-8333-92f9081a1eca,e4b3ec14-d37d-41ee-b86d-bbcd6cb57c5a,89b5f8a5-db57-4d69-b351-4f1a3b28c0e6,add_to_cart,https://shop.example.com/product/PROD-0184,6c872d9e-0267-42b6-8e9c-e61a94d07647,2025-10-14T09:59:30.970290+00:00,920fe448-95d0-4ccb-b77b-2c7cfa389054
af3b5906-87d7-42b5-a07d-843a6d84ecee,e26c812c-fb02-4abc-93f6-609cdc47a141,8942757a-bf82-49e1-86e4-88d7698ee07e,page_view,https://shop.example.com/product/PROD-0198,ab8c8a5e-764d-4a67-96da-385ef244f443,2025-09-17T01:42:30,920fe448-95d0-4ccb-b77b-2c7cfa389054
b757f3dc-dae3-4065-aa9a-3ed95667b8c8,68c062f4-81ea-4623-8745-c4e49a26ef45,bd198261-5756-43f7-8fa5-fc5c3e2852d3,add_to_cart,https://shop.example.com/product/PROD-0236,dbeb078a-76c1-4b63-86eb-9ed8cb13739b,2025-09-24T19:47:17.970363+00:00,920fe448-95d0-4ccb-b77b-2c7cfa389054
d3f9c846-5e9c-4261-8a50-7f8fd256482e,2d5a239c-ad37-438a-a569-9a00bcdbf55b,,page_view,https://shop.example.com/product/PROD-0342,9fcbf0d1-f60b-4ca0-90a0-915d9ac3a433,2025-11-11T07:57:28.970395+00:00,920fe448-95d0-4ccb-b77b-2c7cfa389054
20ae48dd-e5e8-4c99-b910-87b752cb6a40,275249d8-d35f-4bfe-a73a-2da85122c142,535cb282-15ab-413f-8aab-1fb00d8a7386,page_view,https://shop.example.com/product/PROD-0359,9c534790-38f2-4807-a5a3-a15c0f2b4f0b,2025-09-03T00:46:19.970424+00:00,920fe448-95d0-4ccb-b77b-2c7cfa389054
450a1d48-1a00-46ec-a8ce-b637cf1a3653,fdbef742-d1ce-42e7-b328-3c7d985cefe8,b48eda7b-1c45-4e19-a7dd-fb32efb419da,login,https://shop.example.com/cart,1428c099-d41d-42c2-b0b3-940118bbc102,2025-11-08T19:12:53.970584+00:00,920fe448-95d0-4ccb-b77b-2c7cfa389054
3270cfc8-48a0-43a3-847f-1df0c3517811,85fd64a3-4b83-4977-9e89-761769a48ee9,be1fc8a3-7c67-4970-a6d7-11937f5f9d03,page_view,https://shop.example.com/product/PROD-0196,e13b1efd-0cd6-47eb-834f-42170b5778a7,2025-11-25T20:24:08.970634+00:00,920fe448-95d0-4ccb-b77b-2c7cfa389054
77ef05a7-8ce3-45cf-bd7e-5756b1f01c08,a9744a27-b83f-40f1-801a-ff5060f0fb74,4d468351-3807-4fb9-97c3-14baaea98312,search,https://shop.example.com/cart,53d95c84-6518-4087-8646-5d780bd57445,2025-09-20T09:35:53.970657+00:00,920fe448-95d0-4ccb-b77b-2c7cfa389054
bfa6850c-6cb4-48d0-ab2e-6eb9c19c5a28,39a5c8b0-8d8d-4857-a15f-2eadb426720f,0b965258-4ddb-4472-9080-49b85f0e236b,page_view,https://shop.example.com/product/PROD-0471,bdc4970e-608e-4917-947b-1026b2a5bb25,2025-10-14T19:31:40.970679+00:00,920fe448-95d0-4ccb-b77b-2c7cfa389054
b411857b-4a2b-4e79-8d7f-06d67ba5f085,f31294c0-1b0d-4618-a25b-7854c0bf1d35,ce5f9511-4e50-45d3-a942-e15ea1116d51,page_view,https://shop.example.com/product/PROD-0161,28e1d3d2-bb5d-47b0-85ea-1dc94ea4a11b,2025-09-07T16:10:54.970702+00:00,920fe448-95d0-4ccb-b77b-2c7cfa389054
c18fffc8-b76e-47e9-b80e-67d8475e3586,55f2b172-f0a9-4420-b308-8749432b23e8,,page_view,https://shop.example.com/product/PROD-0288,f44806fb-a5b1-444b-84b4-9e3baa5f0ccc,2025-10-10T17:43:29,920fe448-95d0-4ccb-b77b-2c7cfa389054
80b8d4ac-141e-4883-9ae0-da3be96bd52c,356349ae-f0fb-4db6-b941-a64548a0c168,e0ccacad-a09a-4dd7-a172-31bb72bd2a76,add_to_cart,HTTPS://SHOP.EXAMPLE.COM/PRODUCT/PROD-0337,6a178475-a779-4cf0-9119-8c15da737a16,2025-09-23T13:14:45.970796+00:00,920fe448-95d0-4ccb-b77b-2c7cfa389054
46da8ed6-dcbc-4f53-aead-8c0726198b75,b214605e-127c-42a1-bf3a-293488f640c2,,page_view,https://shop.example.com/product/PROD-0437,4d3e7c22-4ce8-4a7d-8112-ea9d64b0e2c0,2025-09-14T14:51:28.970822+00:00,920fe448-95d0-4ccb-b77b-2c7cfa389054
c97cca13-cb47-4ee2-8067-cc930f2cb040,597532c6-0eac-4121-ac3e-80bb3e26c30f,,page_view,https://shop.example.com/product/PROD-0448,6f500fd7-1c2b-4de2-a49f-7f4db2443463,2025-10-08T14:39:17.970844+00:00,920fe448-95d0-4ccb-b77b-2c7cfa389054
46cdd634-bfc2-48d0-bfe7-9a0d7f6b8f77,815a776f-15fa-41a0-8de0-6d4fdccbac67,4fff9415-a719-4367-ba21-f292e109076b,page_view,https://shop.example.com/product/PROD-0004,4c914812-7683-4cb0-a675-7ed14e3b3fae,2025-09-07T06:48:34.970868+00:00,920fe448-95d0-4ccb-b77b-2c7cfa389054
fedd916f-99e4-49d7-820e-446873f24b9b,eb363499-ad32-41a7-b573-e6c186698c87,174f9045-1d1b-434d-9dfa-9f0b0064622f,page_view,https://shop.example.com/product/PROD-0206,b455c38c-7ac4-430d-8f2f-26b92cf8a182,2025-11-12T11:55:15.970890+00:00,920fe448-95d0-4ccb-b77b-2c7cfa389054
c8e76044-1f09-472d-bbb3-188255784681,83692392-607b-4422-b554-760c0a4d3c28,84198b9e-b556-48f8-b576-2f1df28c33ab,page_view,https://shop.example.com/product/PROD-0159,d8a07a8c-ccb7-4578-b625-8bfd27cb5866,,920fe448-95d0-4ccb-b77b-2c7cfa389054
b7c1ba20-4cd0-4f25-9906-5505cc07dd15,daf4c690-23f8-48af-b9f8-39b43e5603da,,page_view,shop.example.com/product/PROD-0162,338fb456-44e2-4988-a720-24d518926190,2025-09-28T05:34:38.970943+00:00,920fe448-95d0-4ccb-b77b-2c7cfa389054
e40459bb-2252-421c-bafa-8bbdc962aabb,98399e26-15c8-49f1-ad9a-e73013e90df9,6feb017e-47fc-4e71-90d0-a80fcecbe1ad,page_view,https://shop.example.com/product/PROD-0004,d4232073-ba72-48a7-a53e-98e7932790b8,2026-03-26T16:04:29.970997+00:00,920fe448-95d0-4ccb-b77b-2c7cfa389054
d50591d2-9650-413a-9972-bd2cd128e5a3,82b0b62d-37a5-4ca5-8da4-a02bdb1a6da3,5dbd2c55-3e4f-4b9d-baa8-89eba0ebdfe2,add_to_cart,https://shop.example.com/product/PROD-0407,14280abd-465e-4e7e-8061-0e9594a344ee,,920fe448-95d0-4ccb-b77b-2c7cfa389054
204e774a-8996-41fb-af24-000ac78f688c,8d04c4a2-3155-4950-9953-b5d3aceb7d53,ee28d2dd-086c-4189-9d4b-c18162423031,page_view,https://shop.example.com/product/PROD-0299,80fbd5b6-2fcc-436d-ae2e-17bb948755ea,2025-11-12T11:44:09.971083+00:00,920fe448-95d0-4ccb-b77b-2c7cfa389054
96615fcc-fd49-4c3c-ba1c-80534833c1d9,b07550ab-845f-4729-ac1b-05bd9e6ea73f,a2ff4c2a-6181-4ace-8d05-8e5e1aad067d,add_to_cart,https://shop.example.com/product/PROD-0362,ec50f82f-a29a-42ea-b4ca-75280a6d8352,2025-10-05T23:28:51.971105+00:00,920fe448-95d0-4ccb-b77b-2c7cfa389054
f865cfb8-acc4-48a6-bed3-7c4a98e634f3,12e7c82a-a7e4-411a-9202-393886463098,,page_view,https://shop.example.com/product/PROD-0192,4fe946ca-c06e-4b82-add9-0eb911e36e55,2025-10-28T05:40:24.971129+00:00,920fe448-95d0-4ccb-b77b-2c7cfa389054
1ef9ff94-d4b0-46fe-b8e9-8e7f6283ba3a,7a650099-87f3-4f66-9e45-8f495e702a95,,page_view,https://shop.example.com/product/PROD-0051,15a6d4a0-ec13-45ac-acd7-9e3012f70117,2025-10-11T04:03:58.971151+00:00,920fe448-95d0-4ccb-b77b-2c7cfa389054
0a93e6e3-125c-4077-a58c-0e7ce6dfb433,bf853480-27fb-4a30-83bc-57f415eee9ee,,page_view,https://shop.example.com/product/PROD-0131,f18904cf-759e-40ff-b9f9-0829a24ba585,2025-11-16T01:22:16.971172+00:00,920fe448-95d0-4ccb-b77b-2c7cfa389054
5880e376-9c34-4d3a-ad8a-5557a03e4e16,7de284af-5be6-4dbc-bca8-7453fbede86b,9a90fdd7-f622-41e8-a480-4ecffda11eda,page_view,https://shop.example.com/product/PROD-0335,d15676ba-d1f7-496b-b0c0-2e026bba1f0e,2025-11-13T06:35:02.971194+00:00,920fe448-95d0-4ccb-b77b-2c7cfa389054
16e13f77-6099-4a23-89cc-10db6851ac75,13bd4e9d-11a6-4300-a14e-35ea6d0f5752,ab5cef84-dd32-45dd-aaef-2704785f3ff8,page_view,https://shop.example.com/product/PROD-0138,7a2f66f7-1887-4e34-81c2-42f174baf7b9,2025-11-28T21:40:48.971223+00:00,920fe448-95d0-4ccb-b77b-2c7cfa389054
31b1e6f8-4adf-40e6-941b-0f5cbf995114,8e679857-c41c-46a2-a586-21a4e87c477f,,page_view,https://shop.example.com/product/PROD-0452,cfe85ff8-45c1-401b-bdbe-39f62342d674,2025-09-29T19:48:35.971254+00:00,920fe448-95d0-4ccb-b77b-2c7cfa389054
219863c5-da52-42f2-9861-f6c50d3403ac,e4f7df43-3e2d-4974-a7f2-0a8732d90b2f,f83003ab-d344-464e-b980-bd0707ae8090,page_view,https://shop.example.com/product/PROD-0329,bb07e359-90d7-455b-a7c9-9909d4a23873,2025-11-06T17:35:07,920fe448-95d0-4ccb-b77b-2c7cfa389054
63c32801-177d-4715-ad6b-8ab56e079ac5,e06fc581-f02c-46dc-acb8-f4540c88e8fd,,page_view,https://shop.example.com/product/PROD-0494,2bc8f446-bcec-4b4e-b1db-54f9d19ada5c,2025-11-09T23:01:07.971323+00:00,920fe448-95d0-4ccb-b77b-2c7cfa389054
0f8dee09-c21a-47e8-9f46-7860bb53924c,4c38ffe3-b6ca-48f9-b2aa-9f5813c616a4,,page_view,https://shop.example.com/product/PROD-0433,8b6f757a-2915-44d8-a0e3-35740660e650,2025-10-30T19:12:04.971346+00:00,920fe448-95d0-4ccb-b77b-2c7cfa389054
a35d2879-3cb1-4b6b-b435-1e494deb1dd1,50127e7f-e432-4f25-b827-9b8466f2b509,,page_view,https://shop.example.com/product/PROD-0174,bf90b839-09a2-4e0b-adfb-13b054613816,2025-09-11T17:28:18,920fe448-95d0-4ccb-b77b-2c7cfa389054
c03af03d-050a-45fe-90b4-aeae791fed9f,059869d4-577d-43b3-8cf5-f04a8fb1b3c0,,search,https://shop.example.com/cart,25c2ff7d-63d5-4a6c-8428-cee32a32232e,2025-11-10T10:46:41.971415+00:00,920fe448-95d0-4ccb-b77b-2c7cfa389054
041f5abb-f59b-4d3c-8f6f-eede992e1de8,6befe056-fbbd-46ee-a51b-f7a9d8c22ab0,472b42e7-7f1a-4e77-808b-e7529d661afd,add_to_cart,http://///shop.example.com/product/PROD-0102,a23e96b9-7437-46bf-aa58-7d704b4681eb,2025-11-04T18:42:19.971439+00:00,920fe448-95d0-4ccb-b77b-2c7cfa389054
d6952dfd-aa37-48aa-a326-ab336163af70,65c38c78-6981-4514-ad15-a77f91590f8d,c4978397-7934-4a96-9d2b-2500f4bfaaa1,add_to_cart,https://shop.example.com/product/PROD-0045,36d2a65f-0c69-4209-8446-21e2af9d1ed3,2024/31/01 25:61:00,920fe448-95d0-4ccb-b77b-2c7cfa389054
24775a3b-e09d-4f0a-9725-9bdeb8e04ecb,06de4fca-83dd-4039-b9b7-d2dbabab0c6c,2d45b597-b897-46cc-af37-b48b10529c49,page_view,https://shop.example.com/product/PROD-0087,1d136858-34c5-4856-8e4d-28e0b2469109,2025-09-22T14:57:10.971558+00:00,920fe448-95d0-4ccb-b77b-2c7cfa389054
6e447dcb-7091-4c4d-bcc8-07aa1fb09522,a43bff36-b141-4a73-a12a-bacfb5d961df,5edffe1e-a6ba-4223-b383-c82c1ef21f40,page_view,https://shop.example.com/product/PROD-0078,e3f69705-d0bd-43e6-91c8-fdf94a5bef1e,2025-10-27T23:51:08.971584+00:00,920fe448-95d0-4ccb-b77b-2c7cfa389054
ea61febd-e4a2-416a-9bc5-df3db5eede7e,774b6d51-8769-45e1-a7a6-84f1a359b504,773ad3fc-d29b-47e3-9744-58982903addf,page_view,https://shop.example.com/product/PROD-0148,79b7348f-64fc-4fbd-a168-0da03529dad5,2025-11-06T15:52:53.971607+00:00,920fe448-95d0-4ccb-b77b-2c7cfa389054
5f9b770f-102e-466f-87bc-611b76c6d939,8f9554ab-6d78-46a7-92d7-987415801a92,4b6ac1e3-4995-4e27-8128-c1d3ef00a36b,add_to_cart,https://shop.example.com/product/PROD-0046,invalid-device-5937,2025-10-15 15:41:10.971631+00:00,920fe448-95d0-4ccb-b77b-2c7cfa389054
6070a3b5-8ed8-4382-bb0a-e5b39a65bb17,c624edee-c46f-423a-9cef-b4507306d446,5abb2acf-b5b6-41b6-9518-5693fb9c35ba,page_view,https://shop.example.com/product/PROD-0392, 51f6440a-d9c3-4c21-8121-8c5e648a4546,2025-09-24T19:21:06.971682+00:00,920fe448-95d0-4ccb-b77b-2c7cfa389054
32e48368-b20f-48e3-91c4-e2cccc444867,7fb763c9-cad1-485c-803d-e26a849d7421,,search,https://shop.example.com/category/electronics,1597f411-9e11-4e05-906d-ad9d0c7c31a6,2025-09-09T11:12:36.971728+00:00,920fe448-95d0-4ccb-b77b-2c7cfa389054
be0827ef-9fa9-46f5-9d13-ceec6dea971e,d5378eca-0ecf-48ae-822f-660ca195b047,f5472402-e100-4794-ae68-548f9b21b934,login,https://shop.example.com/search?q=shoes,6546dd1e-15ad-4828-a244-f7d7155f4cbb,,920fe448-95d0-4ccb-b77b-2c7cfa389054
fd85ca22-02bc-40e2-b641-e31e347292a7,692a7fe0-b595-4175-ad27-5c207598ac83,af1c9202-6b5d-44c9-b6b8-f582af8d69b3,search,https://shop.example.com/category/electronics,51d17b6a-7456-4d05-9533-aea84eb69a99,2025-10-14T05:43:34.971787+00:00,920fe448-95d0-4ccb-b77b-2c7cfa389054
4d625739-8e3e-4809-a975-8f3695b1b4ed,48bf70c1-1066-4ce9-8089-79a102e0fd86,,page_view,https://shop.example.com/product/PROD-0264,d0b0ff0c-9abd-4434-a050-bf592132d7bb,2025-09-10T00:36:50.971811+00:00,920fe448-95d0-4ccb-b77b-2c7cfa389054
a73f43ac-a6c8-43e5-832a-bf478c452e21,a38c252e-dc22-463a-940e-698f6730264f,768bd64c-040e-4f73-9331-64183b17c600,page_view,https://shop.example.com/product/PROD-0443,be6501d5-4bbb-4431-ad4a-9b0cedfd6053 ,2025-09-06T04:41:11.971845+00:00,920fe448-95d0-4ccb-b77b-2c7cfa389054
3472c2f7-aa56-4415-888f-222ff695a32f,fe3a701d-0b8a-4840-8b0c-e57818cecc64,365f1e86-87b8-406b-a94b-ab6b6db006ec,add_to_cart,https://shop.example.com/product/PROD-0328,03f49675-9d22-470d-b44d-1f8c81b91487,2024/31/01 25:61:00,920fe448-95d0-4ccb-b77b-2c7cfa389054
c4f0b509-c49f-48a7-8783-6356394b3e8a,47d5969b-74df-4417-8042-1025a301c267,06bad691-df33-4763-9f37-e833e514f69b,page_view,https://shop.example.com/product/PROD-0303,3638e3d64cac4fc08481c1ddc1b8e598,2025-11-28 00:48:40.971907+00:00,920fe448-95d0-4ccb-b77b-2c7cfa389054
743e7a67-47ca-42e0-9340-385734e5cdf0,3cf82710-a94c-4878-b665-2adfedeb11a2,,page_view,https://shop.example.com/product/PROD-0472,ddc4a687-d59a-42f1-898d-17653e2fa531,2025-11-21T08:23:17.971965+00:00,920fe448-95d0-4ccb-b77b-2c7cfa389054
e943633d-896d-4074-8eea-7f0c878529ad,2a52efc6-5f88-4df9-aaed-228f48e1a502,,page_view,https://shop.example.com/product/PROD-0396,47abffdd-1a81-4c8a-a6a8-740a5e710d22,2025-11-16T10:36:24.971988+00:00,920fe448-95d0-4ccb-b77b-2c7cfa389054
6a3324ba-4bf0-4356-856f-5fa49839a311,15642d3f-9d95-417c-a7a2-2e9ada7f9ee2,,login,https://shop.example.com/category/electronics,9f1bde8e-4578-4017-b137-7c432793f61a,2025-10-27T18:26:52.972020+00:00,920fe448-95d0-4ccb-b77b-2c7cfa389054
003c356b-0314-46c9-823c-88bc283f1507,7046ea58-0ee5-4ac8-a46b-249fb333ec65,,page_view,https://shop.example.com/product/PROD-0285,7ec95196-de33-4f59-93e7-f4c3ae4d1382,2024/31/01 25:61:00,920fe448-95d0-4ccb-b77b-2c7cfa389054
7d62cfa2-c386-433c-ab48-0aee0076a3d2,d2183afc-8a6e-4eff-b745-78cbe74f270e,,page_view,https://shop.example.com/product/PROD-0254,invalid-device-318,2025-10-01T20:19:41.972074+00:00,920fe448-95d0-4ccb-b77b-2c7cfa389054
21ab5754-e4e2-408b-bc51-1ca2426d83e3,9c22032b-563d-43a4-8d44-4c5ecd90b985,,page_view,https://shop.example.com/product/PROD-0334,b302331d-e2dc-40ec-a517-1f01c5605823,2025-11-22T18:28:41.972098+00:00,920fe448-95d0-4ccb-b77b-2c7cfa389054
479d24f6-4cee-40c5-9f57-95f4b74a5074,b590b89f-a2a1-4529-a35a-39bc99c7e7d8,e060d78a-3a9b-4df0-b1e9-a13691504c17,page_view,https://shop.example.com/product/PROD-0470,838ebde8-5a05-41da-a577-12c1f05d9f9d,2025-10-25T13:39:30.972122+00:00,920fe448-95d0-4ccb-b77b-2c7cfa389054
b6d89aac-68e4-4534-ade6-fc3224e6f14b,28ee89c6-c9c6-490c-9ec8-78dcce9efb17,38b5153d-588e-4d78-8021-3141b5f4c718,page_view,https://shop.example.com/product/PROD-0363,8197ecff-f4f6-4d53-a71a-e61757ce48b1,2025-11-17T19:17:58.972147+00:00,920fe448-95d0-4ccb-b77b-2c7cfa389054
741cde94-c32a-4c85-a2b2-c8963b44f2e7,7f74b51f-f3b8-4a67-b339-4535255eb24a,7e4ac9ba-e14c-4a41-8498-7352a671667d,page_view,https://shop.example.com/product/PROD-0113,e7a3ad40-4c93-4fac-9552-137103923d02,2025-10-19T12:12:18.972168+00:00,920fe448-95d0-4ccb-b77b-2c7cfa389054
f7afa97c-39ae-4157-b984-c3ee9a6f25be,00fbcac1-12f8-4ada-8061-55adccad35fe,e11ddca5-90da-4e79-bb77-83affde11bc3,search,https://shop.example.com/cart,423b38bb-5757-4cc6-b7c0-e3528d659a10,2025-10-30T14:01:00.972190+00:00,920fe448-95d0-4ccb-b77b-2c7cfa389054
98bd785a-abbe-4d5b-9696-afc6f98296dc,0d9d3199-da6e-4df3-a9fd-28b9c4bbcc21,0138cc7d-069c-4aca-9098-a2e9f3b2bf0c,search,https://shop.example.com/category/electronics,dbe5a216-0b36-4f33-8758-9990df9b6ef4 ,2025-10-17T05:59:30.972214+00:00,920fe448-95d0-4ccb-b77b-2c7cfa389054
3ecdb329-c24d-4986-9a42-1be730b8f0c8,c259fd16-73d1-4dd4-8d81-d04625f2c7fc,2208e0f8-a0cf-4dc6-917b-a154a7d2fc0e,page_view,https://shop.example.com/product/PROD-0251,cb1ce581-e829-428d-9854-e12bfc6bf1b7,2025-10-14T10:22:36.972239+00:00,920fe448-95d0-4ccb-b77b-2c7cfa389054
699ca1cb-f743-4ed2-99a4-6a143212275f,95f847a3-d676-46d1-af29-736aa7381b9b,75791d57-3ac9-4b9d-8e1b-6248eea484ac,search,https://shop.example.com/search?q=shoes,b2194093-8b34-4a5e-8aab-569c53d7ecb3,2025-11-22T00:29:30.972260+00:00,920fe448-95d0-4ccb-b77b-2c7cfa389054
db8e07ce-c7ae-4124-878d-1d437bc37181,b6af7a43-599a-4de7-ba24-59c54a2fe388,f26df3b6-494e-4a5b-8331-e393740bff25,page_view,https://shop.example.com/product/PROD-0220,86476e40-1c74-4fbb-a110-0e72ac424589,2027-11-25T16:04:29.972288+00:00,920fe448-95d0-4ccb-b77b-2c7cfa389054
3059872a-eb5b-4ce3-9316-b4004942a8d0,377821a0-40a3-4e2b-bdd8-9c5772ce04f4,a914b313-fa76-42e3-91da-2a711a65e5c0,login,https://shop.example.com/,fb0d1dcb-c124-45ef-96a9-3a002c1a1e3c,2025-11-03T23:28:27.972319+00:00,920fe448-95d0-4ccb-b77b-2c7cfa389054
2816c8b7-f321-45f2-a10e-908451685d26,45459630-51c7-4d76-9d0a-1774b160558e,3baee195-237d-4c4e-be30-73a64cb23314,add_to_cart,https://shop.example.com/product/PROD-0353,d8c52521-900e-430e-89cd-565b38904827,2025-09-25T02:51:22.972369+00:00,920fe448-95d0-4ccb-b77b-2c7cfa389054
eca1c86a-494c-46d1-89c0-da8c6297ee0d,2aa17383-c4a1-4a67-a26b-fed547e34d86,443e7820-a8d1-4d23-a7cc-8825afcc8038,page_view,https://shop.example.com/product/PROD-0367,797d8b70-6ab4-4f7c-a893-c494b0e77b95,2025-11-14T18:11:21.972393+00:00,920fe448-95d0-4ccb-b77b-2c7cfa389054
dbb23808-a7fe-429e-9343-f640a13b0c3b,104b0b11-2a4a-4cfe-9168-ee7dee266b7c,,page_view,https://shop.example.com/product/PROD-0050,15219120-f782-4100-8250-c3555bc7710c,2025-10-18T20:00:14.972415+00:00,920fe448-95d0-4ccb-b77b-2c7cfa389054
ef801d61-a0f2-4a8e-a91f-337c5ce33556,72634bea-6b6e-472b-b3c9-8e661d8a8654,f13e286b-d2f4-4c20-bda5-1475eee15f98,page_view,https://shop.example.com/product/PROD-0286,fd6f4080-2b29-4710-8aa2-0997fbd4c122,2025-09-18T16:56:47.972436+00:00,920fe448-95d0-4ccb-b77b-2c7cfa389054
1917fa10-a27b-4a17-a5f5-fe524159f309,f33576c1-6a7e-47db-86cd-8b637550cfdb,15450154-ae74-4ffe-95a2-cdcda2331b37,login,https://shop.example.com/cart,196988e0-be5e-4d32-9355-22809e7274f8,2025-09-20T09:11:53.972457+00:00,920fe448-95d0-4ccb-b77b-2c7cfa389054
0ee0fff8-ed56-464e-8435-0ed2f37aab7a,10c35665-17a2-4b9f-9997-869799f7f647,,login,https://shop.example.com/,82c9189b-40bd-4971-96e3-ccaffe263fdf,2025-10-15T06:27:13.972528+00:00,920fe448-95d0-4ccb-b77b-2c7cfa389054
1f133cf6-5dcc-4832-832a-479116a8edea,a309e18e-000a-42c7-bcbe-1a5f3dbbff2b,e99d340b-554e-4106-a2ea-72a50a09d0f4,page_view,https://shop.example.com/product/PROD-0010,55b91730-9031-4fa3-b9fd-b477bc3f7d3a,2025-09-02T19:20:19.972566+00:00,920fe448-95d0-4ccb-b77b-2c7cfa389054
45e7339f-d8c8-45d3-9302-f8668ff49815,d3198612-1883-4c0a-a353-407094603d95,,search,https://shop.example.com/category/electronics,4ca13932-a8a0-41e2-93d7-a3e78eba5878,2025-11-15T20:03:10.972588+00:00,920fe448-95d0-4ccb-b77b-2c7cfa389054
ab747232-f368-47b0-84ae-66c64a064aef,3ff1b610-7526-4ad1-aac3-4d80ef5164cb,,page_view,https://shop.example.com/product/PROD-0025,df2be9e1-52bf-4005-9422-94ef2868f5e6,2025-10-22T06:45:49.972608+00:00,920fe448-95d0-4ccb-b77b-2c7cfa389054
217f9b48-18ff-408f-a1fc-e703c5a8b9bf,8bcd4230-f597-4330-85e0-5c39b76c8489,,search,https://shop.example.com/category/electronics,911582af-8c19-4f70-aea3-42925483fd40,2025-11-05T00:00:01.972629+00:00,920fe448-95d0-4ccb-b77b-2c7cfa389054
493eff36-a5f7-4d95-bcec-d2d4fec09528,8bcd4230-f597-4330-85e0-5c39b76c8489,,page_view,https://shop.example.com/product/PROD-0483,a55dc517-61ad-4dc4-bbc3-d33671a5c10b,2025-10-29T10:19:01.972654+00:00,920fe448-95d0-4ccb-b77b-2c7cfa389054
e019ed69-80ba-484a-954f-f88867c38e10,4ad610a8-05bf-4892-b0e3-3fb935914557,3669ecd7-ac24-4fc7-986a-a40716aaaf23,page_view,https://shop.example.com/product/PROD-0499,29276c81-5957-498c-b1b2-f2f6162d234e,2025-10-23T17:51:48.972700+00:00,920fe448-95d0-4ccb-b77b-2c7cfa389054
d576c73d-2edf-4088-9d23-61b90cf811d1,4a897fe7-f5df-4562-b721-30434f514ee2,e2c96f83-438b-4f9f-919c-952902000a15,add_to_cart,https://shop.example.com/product/PROD-0156,6922b5d3-f80d-4ec5-9e4a-155ccd58310a,2025-10-26T10:59:57.972725+00:00,920fe448-95d0-4ccb-b77b-2c7cfa389054
335d059a-c8fa-45f6-b056-b276b6a6e90f,9bceb4ad-4185-426b-b18d-10e0c6538f64,71c205a5-c3e6-41b5-ba4b-8b9db2000f5f,page_view,https://shop.example.com/product/PROD-0374,de4f4092-8335-4417-9255-98f35f79d33d,2025-09-06T01:55:50.972747+00:00,920fe448-95d0-4ccb-b77b-2c7cfa389054
7e0e2470-b7f2-47e4-a7ec-f09b453d30b2,dd963aa9-4d60-40df-96f1-49b3d4df0f99,a9f1e429-3178-4e89-852f-55eeffc06d6b,page_view,https://shop.example.com/product/PROD-0288,6f9d88f2-b41f-47b1-be28-b40894934db0,2025-09-22T03:49:08.972769+00:00,920fe448-95d0-4ccb-b77b-2c7cfa389054
9edd00ee-9c95-4337-abed-6ee65474cf09,04c0a350-5487-4d83-a98b-cd8f87db40af,,page_view,https://shop.example.com/product/PROD-0253,74752894-3b97-4054-9a7e-5b8b93dad8ec,2025-10-21T23:13:50.972790+00:00,920fe448-95d0-4ccb-b77b-2c7cfa389054
c0abc897-3d44-4d55-8bdb-d98ee26cb2b8,eb3a379f-df7e-44e0-aff3-0670ea24a965,7c1abd07-65e1-4449-a0b6-2ddd5f83fc81,add_to_cart,https://shop.example.com/product/PROD-0034,268bfa47-2500-4cf3-9297-3c0c7d1380f6,2026-01-04T16:04:29.972817+00:00,920fe448-95d0-4ccb-b77b-2c7cfa389054
e0bdfd97-816d-4f27-ac9b-44d0552133f6,0ae852d5-9d12-4588-94ac-a903eb0ad02e,e990e2b7-263b-4c13-bba1-1fbbc66e1ac1,page_view,https://shop.example.com/product/PROD-0060,ad7013e8-b93f-4685-9604-dad592086ee8,2027-07-27T16:04:29.972849+00:00,920fe448-95d0-4ccb-b77b-2c7cfa389054
b96045f5-f5c5-481f-b1e1-7623daa31c8e,3d169378-fad3-4380-8005-ddd38292abfc,b34472b4-d386-4811-9b14-9a5fd33660f9,page_view,https://shop.example.com/product/PROD-0087,1a2a2aa6-2f4f-4b85-a85e-6f00f1a071e7,2025-09-26 00:49:51.972871+00:00,920fe448-95d0-4ccb-b77b-2c7cfa389054
6a18a55d-1cff-4823-bfd1-3e458d8e8f8d,ea0fcbd1-e01a-4665-a1a9-484a1878531b,ef6a14e1-9423-4c3d-b809-275d4ae0f119,page_view,https://shop.example.com/product/PROD-0231///,611f667a-7c2f-40ca-bcd2-b448dcde6103,2025-10-11T22:49:53.972898+00:00,920fe448-95d0-4ccb-b77b-2c7cfa389054
11c57f51-87b1-4efd-b2ba-4a7dbc5b4713,2a289119-451e-43b2-9319-56ed3217d004,8f851027-70c2-44ea-8906-7b18fc7c89d7,page_view,HTTPS://SHOP.EXAMPLE.COM/PRODUCT/PROD-0499,c5257674-61b9-4f18-878c-94f260bca50e,2025-09-09T18:28:53.972923+00:00,920fe448-95d0-4ccb-b77b-2c7cfa389054
8183773c-50fe-4695-9cde-565feedb62ad,dd628d18-994c-4a44-b812-aadcea5f10b7,e065d473-0706-4d41-96f3-928de11dc7aa,page_view,https://shop.example.com/product/PROD-0197,d3a94b6b-a125-40a9-b8de-fe396dec07c5,2025-09-02T19:00:29.972960+00:00,920fe448-95d0-4ccb-b77b-2c7cfa389054
d12632e9-ea66-4452-a87b-d9e947d163fe,f4157d80-c40c-4649-9b15-f038c0615b8a,f1843ec7-a5af-41ad-8042-850ddc18262f,page_view,https://shop.example.com/product/PROD-0370,2a761f83-2b91-4d97-bd6f-4294008c7489,2025-09-12 11:39:25.972983+00:00,920fe448-95d0-4ccb-b77b-2c7cfa389054
39634b05-53d5-40b9-9536-c507a4b85349,d52e6b41-4185-4c1e-bba7-121846c8e119,d41ce219-1ac0-4004-8e53-b01fe1b36f92,page_view,https://shop.example.com/product/PROD-0099,c1526c69-8dd1-40db-b68e-93daf97fb2e3,,920fe448-95d0-4ccb-b77b-2c7cfa389054
d1d6c650-bbf1-4a1b-9222-6d561da164eb,2ab30be3-6a9f-4676-be67-9f60adb14111,67889bf5-ff89-483b-bae9-0499bc53275a,search,https://shop.example.com/category/electronics,151ed3ee-1c61-41b3-812e-89e9bb89443d,2025-10-19T14:35:40.973042+00:00,920fe448-95d0-4ccb-b77b-2c7cfa389054
799ec671-06e5-4d8e-a1dc-5532ff1995c6,179564fa-5df9-43d3-8fff-6a0684741f4d,,page_view,https://shop.example.com/product/PROD-0318,499d6ddb-5966-4bab-8e4f-d5ab453e6296,2025-10-05T02:36:12.973064+00:00,920fe448-95d0-4ccb-b77b-2c7cfa389054
1eff06d4-65fc-4524-8a0f-fa13a1dddad2,dff3c48d-bcf0-4dfc-a596-54f12f6c1ccf,a6d10001-0dcc-4f48-8c62-934946d8c654,add_to_cart,https://shop.example.com/product/PROD-0136,3bf2cb4d5ed44078b5042481142616a8,2025-10-08T11:07:20.973086+00:00,920fe448-95d0-4ccb-b77b-2c7cfa389054
0557756f-b436-478a-8338-361c5337283a,c20ad750-a7f6-4d12-90a9-a0e1d128287c,,search,https://shop.example.com/,bae22800-123c-4c30-a2ee-98373685ccef,2025-11-09 23:03:10.973109+00:00,920fe448-95d0-4ccb-b77b-2c7cfa389054
4eb90347-6b32-4067-be8d-e8a7591d2835,2770d128-aaf4-4c50-bdb6-5808e6ec1091,13a8719f-bcd4-483f-8349-aad1ae305050,search,https://shop.example.com/cart,01e3be0d-40d9-47eb-b808-144cd4327d1d,2025-10-13 07:19:54.973143+00:00,920fe448-95d0-4ccb-b77b-2c7cfa389054
41c8b559-eb76-4634-923c-94a73ed1ca97,a35892f0-42df-4f16-9469-ec40f584579d,,page_view,https://shop.example.com/product/PROD-0472,1b8cc51d-0652-485e-86b2-142d4d9986c9,2025-09-05T17:23:19.973206+00:00,920fe448-95d0-4ccb-b77b-2c7cfa389054
7271a447-aefa-43af-b1f7-76c57a4b16bd,aead18e4-ac0e-4bc3-95de-71771e212f54,,login,https://shop.example.com/search?q=shoes,invalid-device-4899,2025-10-24T01:43:04.973230+00:00,920fe448-95d0-4ccb-b77b-2c7cfa389054
f658f416-a770-4524-afda-7ab0c772c7a4,a1393e92-af8f-4224-be82-cf76501eacf9,68bee27c-bc31-4177-84b2-a08d528bbabf,page_view,https://shop.example.com/product/PROD-0361,0b1e420e-b1e7-4bda-874f-d3d4c7a5e0ae,2025-10-09T12:40:21.973258+00:00,920fe448-95d0-4ccb-b77b-2c7cfa389054
658706f3-213f-4e90-8719-bf4292c20b91,d1c64e3e-28c6-482c-9500-e0d52666f203,,page_view,https://shop.example.com/product/PROD-0101,7ff6d008-413b-4278-9f5c-737f04a83e0f,2025-11-05T00:59:26.973304+00:00,920fe448-95d0-4ccb-b77b-2c7cfa389054
676374da-af0b-4142-af9a-cbc9d6f652aa,b10d58eb-ba3f-40a3-b403-3cffe01ababa,dede15fd-72ce-41f9-9d07-a33946d59f27,login,https://shop.example.com/cart,374b48d3-e41a-44f5-901d-47c262283931,2025-10-29T14:21:22.973329+00:00,920fe448-95d0-4ccb-b77b-2c7cfa389054
b80a94ed-083b-4255-8cbf-547288a7a1f1,edd8ede6-3da1-4efa-bc70-a65227608994,8c2d7c7f-2fb1-4773-a8c8-07299dd8326e,page_view,https://shop.example.com/product/PROD-0042,74ebc6cb-df7f-4899-8c3c-aaf0e318f1b4,2025-11-24T12:24:40.973353+00:00,920fe448-95d0-4ccb-b77b-2c7cfa389054
5f53e865-d158-414b-9156-4f6bff80e236,ebd63880-ea06-443f-86ec-da93193d8af7,5f9b6f0b-04ab-4f75-aad8-29ac7c586feb,page_view,https://shop.example.com/product/PROD-0345,cedcb61d-7aab-4c9e-8079-6c5f82555e82,2025-10-05T01:44:00.973377+00:00,920fe448-95d0-4ccb-b77b-2c7cfa389054
5331271c-2193-48f0-8917-7b3bbac1446c,9491d686-1f08-4c1d-9dac-8b2203533054,a499ae6d-7a26-4ee1-b279-fe057acbe186,page_view,https://shop.example.com/product/PROD-0299,28644c04-be96-4e4a-91ea-8a6d2111e82a,2025-10-31T06:48:08,920fe448-95d0-4ccb-b77b-2c7cfa389054
aba9ed95-2550-46c0-8506-cbddc2086374,32085a3a-737f-4fdc-8003-5952f893a735,cec2b74a-174b-4900-9f94-99dc25f487fd,search,https://shop.example.com/cart,d7b89646-9735-4495-8852-31298b4e52e3,2024/31/01 25:61:00,920fe448-95d0-4ccb-b77b-2c7cfa389054
5bb39daa-b96d-4445-a83e-69c361f5e326,93a2033c-63ef-466d-9649-1e89bcf6911a,,search,https://shop.example.com/,79f6dc09-2e76-4266-8826-28ce725bc29f,2025-11-18T23:00:13.973479+00:00,920fe448-95d0-4ccb-b77b-2c7cfa389054
0b3cc120-82cb-4829-bbda-d64159a1a383,3fb706cc-b990-4182-8bf1-ed18508d7f7d,,search,https://shop.example.com/,95502866-7d01-430d-9cdb-e50f86364d74,2025-09-09T05:36:23.973502+00:00,920fe448-95d0-4ccb-b77b-2c7cfa389054
2fec7da9-2125-4489-829a-a25e9f003b11,e737c7ea-380c-4fbc-9e19-700257b89b88,ec397d1e-7ab6-41fd-830a-ee560856c2a9,page_view,http://///shop.example.com/product/PROD-0418,f96ac12c-a5f3-4f0b-a551-65dddf56e047,,920fe448-95d0-4ccb-b77b-2c7cfa389054
a10ba16c-c8c1-439e-9e69-d1532f5b9c4a,81a4407f-6198-4236-a771-85529bac7ac5,363010bc-01ad-4fd0-9574-a2c86ec34a62,page_view,https://shop.example.com/product/PROD-0118,4d2e8487-4af8-4447-b577-1fb210e5c8d1 ,2025-10-31T18:38:51.973583+00:00,920fe448-95d0-4ccb-b77b-2c7cfa389054
f052c1e5-cf81-4d95-beb3-2b7bb667fdc2,87b99c49-c0f4-4e04-9805-33a27b86b85c,72247a9a-a08f-43e0-b93d-6e71e55e36c0,page_view,https://shop.example.com/product/PROD-0249,8ae8636f-40f8-45d8-ac2f-0afba315a741,2025-09-11T11:24:46.973618+00:00,920fe448-95d0-4ccb-b77b-2c7cfa389054
6fee3a88-c361-4224-9d6e-ab2796102340,70ec33c5-6462-40b8-9edc-e9fc6781bacd,356d9eca-21e1-4be8-afd6-f868c3b2ecbe,page_view,https://shop.example.com/product/PROD-0093,6b061fe8-b1d1-48bd-b90d-365a61323072 ,2025-11-13T06:14:27,920fe448-95d0-4ccb-b77b-2c7cfa389054
46adfdbc-37b3-49c8-a6e1-d5d1338d90a4,072e0982-3974-47d3-bbfc-bf9b1a21304b,c88d8b72-0ae5-4a0f-be49-52df8b283949,search,https://shop.example.com/cart,ba7d3316-97db-4c1c-81eb-4ca4954eb22b,2025-10-10T02:13:09.973708+00:00,920fe448-95d0-4ccb-b77b-2c7cfa389054
e1346ab7-0b8d-40a5-9b3c-eadeec9462d4,197b6458-881f-40c9-b722-bb42bbe344f0,1f5c1438-cf96-4578-b8b1-bcd7e135d097,page_view,https://shop.example.com/product/PROD-0027,25a65d47-69cf-403f-a383-4793d09d42c0,2025-09-04T12:10:54.973730+00:00,920fe448-95d0-4ccb-b77b-2c7cfa389054
92354820-bbe9-4c08-aca4-46437b56ed77,5efd953f-2683-407d-931b-e8c3cba4bea9,,page_view,https://shop.example.com/product/PROD-0486,5fe34e9c-0461-41ff-8580-250c124f5323,2025-09-15T15:57:57.973752+00:00,920fe448-95d0-4ccb-b77b-2c7cfa389054
a0a2dc0a-9f10-4125-9ad6-6efab9dd470e,953646c2-6849-4ebd-8010-0abbd9c2ea50,26243ecc-c2a1-4c49-ba65-7ef499d229db,page_view,https://shop.example.com/product/PROD-0207,d7e13d0b-06b1-44bc-a5fa-0f6050b4d969,2025-11-16T20:46:30.973774+00:00,920fe448-95d0-4ccb-b77b-2c7cfa389054
f2750a0a-5513-433b-ae9c-8408d1d7cc56,18c6146b-cceb-47e8-b76b-2cea72cc33be,,login,https://shop.example.com/category/electronics,3c14ccfa-e5be-44ec-8d82-b7b5ad0e7816,2025-09-19T17:29:38.973797+00:00,920fe448-95d0-4ccb-b77b-2c7cfa389054
bc9bdc48-dced-49f4-ba77-ce6568774575,2b14fa67-a2cd-48fa-9a38-0211dfba2f20,c56515d1-4358-40b6-9cea-ba0232a49507,search,https://shop.example.com/cart,443bd862-2a5f-48f2-9050-37a9f9600a97,2025-11-19T11:04:04.973821+00:00,920fe448-95d0-4ccb-b77b-2c7cfa389054
91fef070-515b-49f2-9291-266609692513,748ee909-132b-4ba3-9d70-82af11d20f7c,027b367a-dd72-43f3-a9ad-045de7c0c102,add_to_cart,https://shop.example.com/product/PROD-0401,8079f749-dc57-4ea7-9738-65950e3f2ef8,2024/31/01 25:61:00,920fe448-95d0-4ccb-b77b-2c7cfa389054
8336f141-1c24-404e-8d49-1db22a71b276,93e544f6-ea93-426b-9b5d-725ee4b79609,fd7576b0-99e6-47a3-93c1-4d0dec984cf4,page_view,https://shop.example.com/product/PROD-0299,2149fcba-506e-4413-8369-c498f93106dc,2024/31/01 25:61:00,920fe448-95d0-4ccb-b77b-2c7cfa389054
0924740c-ee0e-4a86-bdd0-6585395bd7df,63f41618-7144-4cd1-a176-31dab7f8b971,,page_view,https://shop.example.com/product/PROD-0428,441db1d1-02be-40fb-aa36-8c40d3be9c83,,920fe448-95d0-4ccb-b77b-2c7cfa389054
88b71efd-4e63-4487-8490-20e25a17b9e6,7c671079-9b8e-44f9-8cea-b2fb9f29e7e3,,login,https://shop.example.com/search?q=shoes,f5313d37-1ca7-489f-b15b-7cb06ef9859e,2025-09-17T13:57:37.973931+00:00,920fe448-95d0-4ccb-b77b-2c7cfa389054
11ced67e-56e2-4953-b1e7-9d12d4ede113,e72fd592-6b87-4404-87b7-04b5e30423ca,8e956601-13fa-49d9-b561-7e2e33e875b8,add_to_cart,https://shop.example.com/product/PROD-0310,c4bf56f6-aaa4-4119-ac6f-92e35ce9182e,2025-09-12T15:12:36.973959+00:00,920fe448-95d0-4ccb-b77b-2c7cfa389054
56be0c9e-a154-4865-b6df-8deeac2b460c,a6b10b4d-e2b3-40c4-b1a2-90907191f3a6,,page_view,shop.example.com/product/PROD-0388,84bada1e-b6ac-47fc-bc32-f05789af37ac,2025-12-02T09:04:17.973980+00:00,920fe448-95d0-4ccb-b77b-2c7cfa389054
558c0b9a-55fa-4ed2-b50e-5affcccd4886,f49ff3da-d0e8-4346-9cec-69e0649acedc,a319068d-dab9-4e8c-9db0-641a148b5d68,page_view,https://shop.example.com/product/PROD-0097,7cca0d82-21b7-4b09-be04-5233de3a65f9,2025-10-29T08:05:33.974004+00:00,920fe448-95d0-4ccb-b77b-2c7cfa389054
af41802f-2092-41f4-960e-88eab35b05d8,82d74176-7984-4150-8334-ca9bde90f559,,login,HTTPS://SHOP.EXAMPLE.COM/CATEGORY/ELECTRONICS,4EEA9112-E70B-4EF5-B9BD-C1EA11DB2082,2025-11-11T17:16:09.974025+00:00,920fe448-95d0-4ccb-b77b-2c7cfa389054
55cae29f-6b3a-45fe-8a2a-36bdb4150f6f,f066a8d1-82a7-43a4-b4b3-6580bde60a5a,,page_view,https://shop.example.com/product/PROD-0067,fba2544d-68ff-44f3-af4b-723171f39de5,2025-10-13T20:52:03.974052+00:00,920fe448-95d0-4ccb-b77b-2c7cfa389054
f63c3f18-2c4d-491c-bf29-c44d141a93bf,a7c61cb2-0bb4-4e1e-8bc8-d4ecf48cdf64,2cf900df-8c2f-4bba-b04e-9cbca317805e,search,https://shop.example.com/cart,23d97522-cd9b-4feb-a7ce-63a8fbdce29d,2025-10-20T21:41:37.974074+00:00,920fe448-95d0-4ccb-b77b-2c7cfa389054
92187ed7-0ec9-4c7b-aac0-693ecdddbc91,b3711b79-77e5-44f7-8925-ef56ca4b1ab1,d13b681d-8cf5-4572-b417-c2c1ac4c908f,page_view,https://shop.example.com/product/PROD-0439,505ed8f7-de7e-409f-8291-eb9417f26064,2025-11-09T18:02:12.974096+00:00,920fe448-95d0-4ccb-b77b-2c7cfa389054
8a010776-ab8a-4dbe-9f78-339fc7f32150,c0fc3adb-ddc8-4a37-811d-f0f276a629d2,bcb9e481-f15f-41ef-9b82-1b0c01bf273f,page_view,https://shop.example.com/product/PROD-0145,592b5fa2-1493-4fa3-a5b2-e40649441ebc,2025-09-25T07:33:32.974118+00:00,920fe448-95d0-4ccb-b77b-2c7cfa389054
ae34e510-9ae2-46c8-b8f5-c1bc68e5d297,921eef97-331f-45fa-ae7e-2e9524734189,c42ef31e-6181-474c-98f6-9adbb27c5cee,page_view,https://shop.example.com/product/PROD-0226,be7303a3-1b0c-4e4f-9649-8fc9dda5d677,2025-09-12T15:32:25.974141+00:00,920fe448-95d0-4ccb-b77b-2c7cfa389054
86f52be6-45d4-49fa-afc2-7e793253aabc,f2871d8c-dc4c-474f-8532-7c30c1a6ad02,,page_view,https://shop.example.com/product/PROD-0099,7b1525a7-1b61-4053-9cb3-751703020f6f,2025-11-06T19:07:15,920fe448-95d0-4ccb-b77b-2c7cfa389054
00e02156-3b4a-4325-a742-fb1e0d183ac0,2c89f1fc-9843-45a9-a4e2-a7d7cf6a2dec,,page_view,HTTPS://SHOP.EXAMPLE.COM/PRODUCT/PROD-0257,7bfdd2ea-ece2-4704-84c1-10fa91f4a1ad,2025-09-19T08:32:16.974207+00:00,920fe448-95d0-4ccb-b77b-2c7cfa389054
3a29db9a-a4e6-4c7f-8948-69906fe92b2b,3e026df3-c008-41ce-8a5f-276b1846ec5c,f03a2726-d4be-4c1f-8b2b-f5346ae64490,page_view,https://shop.example.com/product/PROD-0409,09e05193-af4b-4167-8802-335af11609db,2025-09-14T02:38:32,920fe448-95d0-4ccb-b77b-2c7cfa389054
ddf7bc5a-c6cc-48ee-ba5c-70c9a46d1d4c,cad79ff4-dbfe-4a2b-a380-58b6582e14f9,,search,https://shop.example.com/,c642ba47-caf1-4f66-88d2-bd50edd5dc73,2025-11-01T19:48:09.974260+00:00,920fe448-95d0-4ccb-b77b-2c7cfa389054
760a4b38-e6e9-4b9b-9ea9-ee1156551f87,d1cbb3ac-dfbd-4156-843c-3ea302a6e719,375fb2e5-dd63-4f9c-ae00-96d09e6581c2,search,https://shop.example.com/cart,3dc012ce-f071-4e1e-a58d-353c2fa489b6,,920fe448-95d0-4ccb-b77b-2c7cfa389054
191fccb6-5066-4666-bb2d-39ec4696be2a,2c557b0d-a39d-4751-b106-1f3d8a7fab4f,ab5b3c3f-c157-484c-a1cd-ba3d5bb03a43,login,https://shop.example.com/cart,1968838d-8571-4c11-9a91-6a27353bec97,2025-11-29T02:48:27.974310+00:00,920fe448-95d0-4ccb-b77b-2c7cfa389054
b049309c-dafe-470e-b6f3-0195f55f3736,15e3daa5-50bc-4238-98f3-b3f8e685826a,5e313215-bc85-49a5-bab9-c65f98b49719,login,https://shop.example.com/search?q=shoes,6606510e-c901-42f8-b290-0c1d6e2ff5a6,2025-10-23T23:40:50.974331+00:00,920fe448-95d0-4ccb-b77b-2c7cfa389054
c901126b-0557-4472-9c22-66c9fc87af5b,b65bf28c-94e8-4566-a889-26314f67ff17,ee090cb0-b161-4ccd-a2b5-698fff754c6c,page_view,https://shop.example.com/product/PROD-0046,faed6e46-1e10-4d3e-8df5-6a1c0f37cb1d,2025-10-01T01:57:06.974354+00:00,920fe448-95d0-4ccb-b77b-2c7cfa389054
90ff8fe4-50e7-4648-99f3-060f14b06d4c,b0d9b041-c5ff-476e-844b-68d28685f3e5,,add_to_cart,https://shop.example.com/product/PROD-0392,5f6f9b21-a3dc-41cc-bb37-fc6ac40b68eb,2025-10-01T10:00:58.974376+00:00,920fe448-95d0-4ccb-b77b-2c7cfa389054
ea35eee9-b1a7-4cc6-a28c-5910e17b26fe,dcc9103e-b17e-4999-9035-c25a3f74065d,,page_view,https://shop.example.com/product/PROD-0069,98db655c-1594-46cd-a066-129493f18ea8,2025-11-15 17:31:27.974398+00:00,920fe448-95d0-4ccb-b77b-2c7cfa389054
653f5bf6-dfe6-482e-95a9-0ae3f75fcafb,e536cc36-e9f3-400f-9154-5f71ebe81764,d51eb3e4-7e11-4afe-ae0e-61e601d16365,login,https://shop.example.com/search?q=shoes,5f9f8e34-4a0f-4129-8b8a-653e45b70279,2025-11-01T03:19:26.974427+00:00,920fe448-95d0-4ccb-b77b-2c7cfa389054
c30d549f-f546-49d5-8ff7-a2a886c54a9e,12e1f2b6-230f-467a-86c0-f49e940d6de7,,search,http://///shop.example.com/category/electronics,9007c9cc-92d5-40e7-a4c7-8eee81b438c8,2025-10-15T08:26:21.974557+00:00,920fe448-95d0-4ccb-b77b-2c7cfa389054
1e77a7db-dce6-4920-9c30-1f1b666a021a,c2881ba1-b2e9-4b7d-9eff-3e9039a435ed,,page_view,https://shop.example.com/product/PROD-0052,29f00df0-e934-46c7-a0d4-f4714a18d6c4,2025-09-28T11:09:00.974617+00:00,920fe448-95d0-4ccb-b77b-2c7cfa389054
5bcc043f-d7ba-4702-bf75-9c32ec89d244,d70d1504-e1fb-4d17-b990-91bdaf9cf519,a434c26e-fb53-4439-8397-99d9ceb05032,page_view,https://shop.example.com/product/PROD-0326,ebe4308e-6554-46b8-a1a6-e11a34f31681,2025-10-16T11:13:25.974668+00:00,920fe448-95d0-4ccb-b77b-2c7cfa389054
abb569a4-d3d6-41f5-95ef-743e5dac3eea,6108d329-bb9d-49a1-94c1-78ef0a5b7e61,fce54d52-1893-4def-8d3a-d4a2a51aff14,page_view,https://shop.example.com/product/PROD-0051,5a1ef313-0e4a-4f18-96eb-c691a257124a,2025-09-05T07:39:19.974710+00:00,920fe448-95d0-4ccb-b77b-2c7cfa389054
bcba20a2-b2e5-4168-a6cb-b804a61f3bd4,8b2b3b5c-bb1d-4557-a6d1-a92d04bb257d,5156fddb-9ee7-45cc-9611-7e10d2c38909,page_view,,9801aeba-667c-4081-ad6b-afe01e96cd66,2025-10-28T15:26:30.974732+00:00,920fe448-95d0-4ccb-b77b-2c7cfa389054
fc46ea05-1aac-4701-bfcd-9c3fbbb3bbaf,d8fee531-410e-4cce-b9e2-9cb8b93ffecc,9cf54938-94c5-48ff-87bc-0c07c442bf27,login,https://shop.example.com/category/electronics,513c0878-9c3b-462c-8ec7-e8a05abc15a7,2025-09-07T12:06:59.974756+00:00,920fe448-95d0-4ccb-b77b-2c7cfa389054
c01c8bdd-615d-443b-a635-8e1de480389a,44d8b99d-ab40-4867-aa58-f69e85a0f4f5,,page_view,https://shop.example.com/product/PROD-0477,a9b27f88-1041-49b0-8c27-e86302926650,2025-10-02T23:21:28.974778+00:00,920fe448-95d0-4ccb-b77b-2c7cfa389054
52818dc6-cda1-4cab-addc-5ecea357c5a5,d09af231-0f88-432e-9dfe-db037c12cdce,,page_view,https://shop.example.com/product/PROD-0383,d6b5efa7-a61b-4d8d-8455-59dbc3f35021,2025-09-21T14:40:48.974800+00:00,920fe448-95d0-4ccb-b77b-2c7cfa389054
318b9a40-946e-43ee-8e07-347c8115c7d6,a1ba1b53-b8bd-4b84-ba6c-260c00267e27,0fe0e348-9bbe-4cfb-94bf-f7d04ca7e217,page_view,https://shop.example.com/product/PROD-0465,eac5c46c-d3bd-4489-8b60-4d8a42a8bbb5,2025-10-19T18:49:28.974822+00:00,920fe448-95d0-4ccb-b77b-2c7cfa389054
b2c33352-7da4-4974-9e0b-c5866573ebb4,d9d9e4c8-b828-4e2d-80a1-1e38575d5484,a742f597-b8ca-4bb4-a065-a316c4cd2957,add_to_cart,https://shop.example.com/product/PROD-0052,6d51c750-f058-48f4-ab40-d45dfbe9d64c,2025-11-14T11:09:36.974844+00:00,920fe448-95d0-4ccb-b77b-2c7cfa389054
a5a5a57b-b3b7-4ca2-b7fe-14f8a8264fd2,01a51936-abf0-4e24-ba89-c544145efbda,0d011194-714f-49df-8bbc-30f1f9a06822,page_view,https://shop.example.com/product/PROD-0397,6fee5acb-a465-44ac-a6db-1d1bfb532284,2025-11-12T00:33:58.974867+00:00,920fe448-95d0-4ccb-b77b-2c7cfa389054
a5d55c22-f726-43e7-bcb6-1dd62628e9af,5258f548-eede-4dd4-aa32-fcee2e7dc57b,28ae922f-883f-4636-93a9-26377f8ccfd4,login,shop.example.com/search?q=shoes,0ccc1f12-83dc-496d-9bbe-b408d00ac385,2025-10-13T03:44:36.974890+00:00,920fe448-95d0-4ccb-b77b-2c7cfa389054
26ea425a-3806-466d-b856-858724e9b22a,3838d56b-504b-412b-bce8-8ecb0e8e04bf,922e1a10-53f1-4d50-98d0-796f92e80ac0,page_view,https://shop.example.com/product/PROD-0039,187ac756-2657-4385-8f7b-5b1f133c03eb,2027-05-12T16:04:29.974920+00:00,920fe448-95d0-4ccb-b77b-2c7cfa389054
9aa3053e-bc60-4cca-9b15-3bd42f87573d,6e89b951-b533-4c5d-bb36-78cbd42830a9,e2c50b08-e5a6-4059-88e1-b3a1df93d39a,page_view,https://shop.example.com/product/PROD-0247,8863723c-6aa6-4257-af8a-ee11921b71fd,2025-10-10T01:33:15.974944+00:00,920fe448-95d0-4ccb-b77b-2c7cfa389054
3e13e30c-f56a-4644-8498-1b6afe2a620e,1dbb9366-0425-4082-a909-296046e46ef5,9856c45b-b5fd-43b6-a685-f7928d5889ea,page_view,https://shop.example.com/product/PROD-0012,c52cd0ce-1069-4af6-9f47-a7445e182729,2025-10-12T05:09:37.974967+00:00,920fe448-95d0-4ccb-b77b-2c7cfa389054
24558336-7e7f-40c4-8e4e-ed582fc96f5b,43dfd9a8-13f2-4520-84e0-bc0b40871860,,page_view,https://shop.example.com/product/PROD-0328,fb14a3fc-91cc-4473-9687-387c026c7f9b,2025-10-03T11:58:10.974988+00:00,920fe448-95d0-4ccb-b77b-2c7cfa389054
bf558f5c-196d-4236-a9a7-c52ab2ff5ba1,b5a4d69f-c410-4f1f-bee8-9b299d0952da,ea395339-8c2b-46a8-b4e1-0958534a4203,page_view,https://shop.example.com/product/PROD-0326,92903b9b-b7cc-42a5-9b67-3d9416755b08,2025-10-27T09:41:27,920fe448-95d0-4ccb-b77b-2c7cfa389054
bc324dbd-0666-4aec-956f-4c3929d376f8,6d3bcf34-88f6-4a7a-a554-1da8f8ddd86f,,page_view,https://shop.example.com/product/PROD-0442,556225a2-3fd2-4fbf-9df4-5ae0bea84a58,2025-12-01T16:33:38.975036+00:00,920fe448-95d0-4ccb-b77b-2c7cfa389054
e24fd2b1-e4f8-45f6-a269-60d23a9cb7dd,b3635e88-43f1-4a70-95f0-3c55ce8fde9a,9366e47f-b958-463d-be9c-79a33541a961,page_view,https://shop.example.com/product/PROD-0117,c0489510-a786-4f82-9153-2b6a476f72a7 ,2025-11-16 12:58:46.975059+00:00,920fe448-95d0-4ccb-b77b-2c7cfa389054
fe327e4c-9416-4048-b059-e46b2833686b,10c35665-17a2-4b9f-9997-869799f7f647,99747751-0df1-4f95-876d-0a00ed3afec0,add_to_cart,https://shop.example.com/product/PROD-0220,7738da57-bca2-4ece-9f98-9b91721fc8e8,2025-11-12T17:00:43.975099+00:00,920fe448-95d0-4ccb-b77b-2c7cfa389054
49526886-3f1b-4d00-a4ba-d97b3b8d501e,69f8279c-fd6d-4f3f-9380-53f13a01c983,afb40d03-561d-4785-8849-4ec4c7de6970,page_view,https://shop.example.com/product/PROD-0495,047748b9-79fa-4552-bb1d-aa45bb097187,2025-09-15T09:33:33.975121+00:00,920fe448-95d0-4ccb-b77b-2c7cfa389054
93f4dec3-68bb-4778-a924-7efcd3ff0aab,53356908-0618-4c92-8a34-bb299d0f41fc,66e7bba0-bb30-49f3-9966-d9bb75a71390,page_view,https://shop.example.com/product/PROD-0010,c452af37-ac5a-4bdf-9b2d-f3d6d02778ae,2025-09-06T10:50:46.975144+00:00,920fe448-95d0-4ccb-b77b-2c7cfa389054
bd4c0bf2-2366-4474-8303-3c7c3bd96993,8ba8cdc5-0dd8-4bed-95ed-1b690612c37b,,page_view,https://shop.example.com/product/PROD-0095,04bf89d3-28db-425d-8c76-0d6bbe51de77,2025-11-06T12:43:36.975165+00:00,920fe448-95d0-4ccb-b77b-2c7cfa389054
f44e01e7-897c-4e1a-a02f-562f97466d8a,334412ff-f916-4180-872d-f54ecfe5a96e,9904fff8-a2e6-4fa4-91bd-b2d0431e32c0,add_to_cart,https://shop.example.com/product/PROD-0081,02c3a8e5-eccc-4060-be56-52a56f2a1a1e,,920fe448-95d0-4ccb-b77b-2c7cfa389054
e45875f0-021c-4dce-b226-22d56c8d57f9,874c25cf-5039-4ba4-836a-9dbda88a9705,81cf38da-7367-4f43-b5e1-98da892685f5,search,https://shop.example.com/search?q=shoes,249969a5-c204-4c95-afab-e62541f3e615,2025-11-08T23:23:38.975217+00:00,920fe448-95d0-4ccb-b77b-2c7cfa389054
d7dd0a06-45a9-4aa4-8c24-3d46372a5ee6,e9169872-6edd-4e37-9a76-977c227b1019,970373ff-5571-4345-b6ce-84c1e84c2f19,page_view,https://shop.example.com/product/PROD-0285,ae8de0cc-be53-4a3a-9fd6-2b00dad6b9ce,2025-09-03T04:36:38.975239+00:00,920fe448-95d0-4ccb-b77b-2c7cfa389054
16462c5d-21de-4170-8044-ea52dde59373,f6b980c4-4058-41fb-9a69-42b1757855c5,785fd2a3-83c9-43a4-9cdc-af2c832b6d3e,page_view,https://shop.example.com/product/PROD-0265,f04b0606-9819-482d-9829-62e3c9b70850,2025-09-24T10:57:18.975260+00:00,920fe448-95d0-4ccb-b77b-2c7cfa389054
c8357ae5-cad3-4f0c-ad41-9f29ab94122f,5278f336-b808-40f0-8b68-3adccc5177f3,96f108cc-e2d6-4ad4-b75f-91ff624caefb,add_to_cart,https://shop.example.com/product/PROD-0093,51e69597-28ef-49fe-957a-4e8596570490,2025-11-04T21:11:03.975282+00:00,920fe448-95d0-4ccb-b77b-2c7cfa389054
3e2da03d-e3bd-4b31-9f45-63bbf01bae38,c36a6bc4-3f02-4c9d-bb15-110a6f1e2107,d327f20c-996d-40d8-a8d3-4fee5f8f7f03,page_view,https://shop.example.com/product/PROD-0108,46a43473-3805-48f0-ba26-67f48ee400fd,2025-11-10T22:27:32.975305+00:00,920fe448-95d0-4ccb-b77b-2c7cfa389054
02c25da7-2f77-4815-9b83-2fed832d0219,f69d214f-cff0-4c06-907a-30f0f151a1f9,528ac916-a4fc-46ab-94a2-3ece49bc69e8,add_to_cart,https://shop.example.com/product/PROD-0211,2e623a07-868b-4cdb-aa6c-4c43abb444ab,2025-09-03T00:33:50,920fe448-95d0-4ccb-b77b-2c7cfa389054
a582f867-3986-4e3a-a16d-0291c70fea54,bddc9ed1-5f93-4019-a7af-9920019914f4,606c28f6-a539-4112-9a2c-5a06b7281874,add_to_cart,https://shop.example.com/product/PROD-0496,fac1da866a774c4c9be08ff6aa69a5a5,2025-09-06T08:47:19.975389+00:00,920fe448-95d0-4ccb-b77b-2c7cfa389054
b089e603-ac09-47c3-a889-81ba57310aca,e79cdea0-4b95-4565-afcc-316fafa3b644,199ed3bb-e404-4e86-b844-3eb467450bec,add_to_cart,https://shop.example.com/product/PROD-0095,8f3c4867-54d3-484a-99a3-68c67cae85a7,2025-11-03T12:33:01,920fe448-95d0-4ccb-b77b-2c7cfa389054
709db477-c123-423b-b81f-08a7ea768172,0a12e7fd-b077-4252-a4fe-97e862bd35c5,1089ad3f-e5f1-4610-957d-5e8a42278621,add_to_cart,https://shop.example.com/product/PROD-0151,c0461873-3e22-47f3-8d3c-51e0484baf86,2025-09-14T02:05:37.975443+00:00,920fe448-95d0-4ccb-b77b-2c7cfa389054
b34d3c2a-1469-4eb2-9ae4-6605af6cc415,10e3a906-30d2-4878-a808-5c3ce923b133,,page_view,https://shop.example.com/product/PROD-0305,eec8d1c7-7b09-4717-adc4-a18cd3662ff1,2025-10-29T05:00:49.975466+00:00,920fe448-95d0-4ccb-b77b-2c7cfa389054
f7b59a24-d74c-42f8-982c-d26a1af2145a,480812c9-5a80-44a7-9b88-fb246981ded0,b0251fa7-80f8-4198-b3da-70aa30e24558,login,https://shop.example.com/search?q=shoes,3eb456bc-eafb-4873-a002-2c8b04b5f8c5,2025-11-10T03:53:04.975489+00:00,920fe448-95d0-4ccb-b77b-2c7cfa389054
19615628-fb86-429c-a497-92047beb5f2e,247d509c-769f-4ec3-afdf-8b2c46cbe107,62437a44-d2dc-4887-8e22-0da6776d2cf6,login,https://shop.example.com/category/electronics,62ba6c8e-fe94-4c97-bbf6-42024954dda2,2025-09-30T15:42:43.975511+00:00,920fe448-95d0-4ccb-b77b-2c7cfa389054
5a987ec5-5910-474e-8b67-4ff9323d387e,d450281d-5d80-44d3-9385-707bd2e8bebc,,page_view,https://shop.example.com/product/PROD-0049,a1f6c4e0-d7ca-487c-ae24-a64a08c6fa6c,2025-10-06T13:33:23.975533+00:00,920fe448-95d0-4ccb-b77b-2c7cfa389054
38e22c67-8ee8-43f1-8b4e-5f7f6646c238,48f92fbf-b9d3-43b1-9fa2-cf17e01a8d99,,page_view,https://shop.example.com/product/PROD-0433,a62e245b-5dc7-4196-b312-b6deddeeefc3,2025-09-22T14:06:44.975555+00:00,920fe448-95d0-4ccb-b77b-2c7cfa389054
2a934c4f-e859-4c4b-afa2-622a29b3399e,6bf3c4ba-0626-4284-9b1e-da28789b2d84,31b5e93c-e7bb-4c0a-b8a7-5aa4c3789ee2,page_view,HTTPS://SHOP.EXAMPLE.COM/PRODUCT/PROD-0377,01a6470c-3ce3-4ca0-9bcc-8260f7e33d13,2025-11-24T12:41:38.975577+00:00,920fe448-95d0-4ccb-b77b-2c7cfa389054
9b3f0964-a3e1-49fa-8747-111f70df5162,22c27a05-76e9-4ac2-aeb2-4ccc81e70338,e55a5bd7-d0eb-4fd9-9ddf-b7d7644f6ee0,page_view,https://shop.example.com/product/PROD-0243,426312cf-8e5a-4dde-9ecd-9992ae55d73d,2025-11-29T04:48:46.975602+00:00,920fe448-95d0-4ccb-b77b-2c7cfa389054
27acc037-f791-414e-8ef7-f0b48a9bae52,32935513-85c8-4913-b84b-0517aaa7f991,,search,https://shop.example.com/search?q=shoes,d33b4c69-2bcd-41de-b885-afb1fee54994,2025-10-26T06:03:59.975623+00:00,920fe448-95d0-4ccb-b77b-2c7cfa389054
0a86127d-898b-40bb-8a97-9ede0dd834d4,70f710f0-c991-4186-925b-9f8683ebd31e,372c4abd-8496-416f-b97f-67d2dc0ce48a,add_to_cart,https://shop.example.com/product/PROD-0278,c10b8fca-3aee-43d3-903b-804fc2f6bbe1,2025-11-25T07:32:42.975644+00:00,920fe448-95d0-4ccb-b77b-2c7cfa389054
c121cb2f-e67d-4732-b05c-c4359cb8e915,0c8f7eba-b5fa-4499-9a4e-4f06aa159f4d,9d7312c5-5f9a-4555-9f99-90a84bb610f4,login,https://shop.example.com/,cda58cfc-2462-40e1-8c9c-74aa0c3e4270,2025-11-10T00:34:20.975666+00:00,920fe448-95d0-4ccb-b77b-2c7cfa389054
a4c6315e-289d-44a9-8f20-d4a3e57a504b,3e9152af-012f-4aee-b898-4f93d5ff1794,c5d04388-8656-433d-8eed-56aad1a2c887,page_view,https://shop.example.com/product/PROD-0036,a737ebbe-8267-4b81-b3f2-e71885e407e9,2025-11-01T17:37:25.975690+00:00,920fe448-95d0-4ccb-b77b-2c7cfa389054
13fa8a03-081f-4908-945a-0b8d26823351,d03fe29b-4466-41d9-a5cc-29f8dc293187,,add_to_cart,https://shop.example.com/product/PROD-0244,8d48c970-7f5a-4955-9cac-1cc46b6b505c,2025-10-31T04:41:03.975724+00:00,920fe448-95d0-4ccb-b77b-2c7cfa389054
a0215c79-04c8-4c00-9d91-07fba2330437,c8d2d260-eaf0-479f-b2fb-32e51953ab29,f9e06006-5f8d-461b-884f-19c96f6095de,page_view,https://shop.example.com/product/PROD-0471,0cefaa76-7ee6-46f9-aa64-93854c647d55,2024/31/01 25:61:00,920fe448-95d0-4ccb-b77b-2c7cfa389054
b02cadfd-874a-4045-9359-1ff0574c7ac7,e4b8f05d-3b8e-432b-8470-ff0d5ac69a05,,page_view,https://shop.example.com/product/PROD-0164,716fff90-f285-45e9-b665-bd86ebb30da5,2025-12-01T23:03:44.975801+00:00,920fe448-95d0-4ccb-b77b-2c7cfa389054
33e252ee-8b1e-496d-970d-550c76703656,15f8be4c-78ff-43ac-a750-39b7503ea1bf,295d8d5a-6e05-4746-ae07-86f9205c2e54,page_view,https://shop.example.com/product/PROD-0023,74ec4bde-4faf-4314-97f1-d95853f586eb,2025-09-24T23:43:12.975829+00:00,920fe448-95d0-4ccb-b77b-2c7cfa389054
7e7c2071-8606-479a-9d0d-55fcd80fba8b,53887448-06bf-49c9-bc43-767cf2618915,,page_view,https://shop.example.com/prod////PROD-0496,0a9629d7-d617-449f-ae4f-5ec1504ddc8d,2025-10-02T18:15:56.975851+00:00,920fe448-95d0-4ccb-b77b-2c7cfa389054
01c65fbe-d230-4338-b6a7-6f5eadda98ea,802ebdd8-2b99-4029-a707-4dc01c4c4436,,page_view,,0034ceea-2b98-42dc-8769-2e85b434f422,2025-11-22T03:15:26.975877+00:00,920fe448-95d0-4ccb-b77b-2c7cfa389054
2dea3b2c-bf52-4cb2-9d91-7b260278de8f,c90c669b-db28-46b0-a2f8-fcf1512ee851,,page_view,https://shop.example.com/product/PROD-0032,f6ef9467-510e-4d14-bab6-bced184cc4ba,2025-11-16T07:24:20.975902+00:00,920fe448-95d0-4ccb-b77b-2c7cfa389054
ae49c229-c839-41c7-a6f7-607a5548887c,3659e998-55b0-442a-88c1-98ab7119e625,55a70382-12dd-4b9b-b64d-50b50050ea30,page_view,https://shop.example.com/product/PROD-0316///,0f870214-5377-4b1a-932f-78da14d717b8,2025-10-08T06:29:42.975924+00:00,920fe448-95d0-4ccb-b77b-2c7cfa389054
20dbc149-c698-4bae-9485-3029e3ada2fd,dcbef3b7-cc7c-406a-9af2-2b71c6726af7,ed38e71c-c230-4abd-b43a-4eeb1e69eb6a,page_view,https://shop.example.com/prod////PROD-0392,94f846af-d325-4a7d-b01d-87c4a108883d,2025-11-02T05:15:48.975950+00:00,920fe448-95d0-4ccb-b77b-2c7cfa389054
bd4076a0-91eb-48e9-92e1-11dfb2ffed1e,df8dcd21-616c-44a8-bf2b-b36da4084460,,page_view,https://shop.example.com/product/PROD-0413,d7e0c0ef-c7aa-47ed-9ae1-9edf54ebc5dd,2025-11-17T13:04:52.975974+00:00,920fe448-95d0-4ccb-b77b-2c7cfa389054
ab6af40c-8c71-4295-aefa-530d1ab19b98,c7106020-c03e-40c9-aea4-a578ddbecde3,,page_view,https://shop.example.com/product/PROD-0375,d4567920-948e-44f0-937b-a475ba00f73c,2025-10-26T01:12:30.975996+00:00,920fe448-95d0-4ccb-b77b-2c7cfa389054
5c5151b7-2873-43c0-bd7d-cc2e189740e2,bc4be3d9-a933-4c97-9dd2-8dd37fb8dfca,7b362864-59e5-4f8f-b19a-d27bc73d4c97,add_to_cart,https://shop.example.com/product/PROD-0342,987aab0c-83b2-4d33-a0fc-5991f560a904,2025-11-01T12:23:57.976023+00:00,920fe448-95d0-4ccb-b77b-2c7cfa389054
5ae44652-df5d-4cf3-b6db-51030b570a3e,7ac44801-8d51-418b-a604-fabec8c9d80b,,login,https://shop.example.com/cart,fdf319af-0821-42d5-9284-86f32b2361e5,2025-09-30T19:55:59.976044+00:00,920fe448-95d0-4ccb-b77b-2c7cfa389054
987dcc28-384a-4490-918a-e1bb6a86b766,21dbccf2-659f-4110-bdfe-c5769eb153a5,3d676fe4-ca2a-4474-af27-344b97422adf,search,https://shop.example.com/category/electronics,89cc8835-1713-47cc-8e55-203e935344be,2025-11-11T17:30:34.976067+00:00,920fe448-95d0-4ccb-b77b-2c7cfa389054
74d119ae-c1ea-4158-bb24-5aa65b616141,8cb2c3f9-3d94-4f9a-a19a-fcefa751138b,e4304955-7809-4eb0-85be-6bb3f9906dee,search,https://shop.example.com/category/electronics,75b18785-1719-4918-81c9-98b6ba41fcf0,2025-09-19T13:18:52.976088+00:00,920fe448-95d0-4ccb-b77b-2c7cfa389054
b38ed941-bc8d-424f-89d8-598eaf57e306,73c80137-8ace-4c65-af28-aceb708fc5d4,,add_to_cart,https://shop.example.com/product/PROD-0338,a0e7ec4e-6223-46f0-bcb9-64cf95534558,2025-09-10T18:54:44.976110+00:00,920fe448-95d0-4ccb-b77b-2c7cfa389054
f7058550-e7f0-4378-ac9f-22939966ead7,0ddb64a3-2f80-46b4-ad83-1c535cfdf316,0f55d0ec-7ec6-4b86-ad39-62101f07dbb7,page_view,https://shop.example.com/product/PROD-0064,40abeab5-670b-41cd-945a-224dbf869730,2025-09-30T11:39:27.976134+00:00,920fe448-95d0-4ccb-b77b-2c7cfa389054
5924beec-6b14-4eed-a3fc-d16cf56db78c,c663f2c4-8f87-4c71-bf9c-32dd482eaddd,80d26867-42b5-4104-87f8-34367750e95e,page_view,https://shop.example.com/product/PROD-0001,7eec73c0-5327-41ef-a0ab-132d4020510b,2025-09-29T02:41:52.976154+00:00,920fe448-95d0-4ccb-b77b-2c7cfa389054
f842136e-3cc5-4fab-8e93-e0abbae34d7d,692a89f4-760e-4a50-b7b3-865148fcd7d2,8b535055-bae3-4ddd-ab1b-c7382e566f0f,search,https://shop.example.com/category/electronics,d2b3d4f2-00f3-4acd-8295-88d5546ab2ad,2025-11-03T10:36:49.976176+00:00,920fe448-95d0-4ccb-b77b-2c7cfa389054
a76189b2-cd2a-4612-a0ed-2a7972bc48c4,11b0a0b9-19d4-41df-a15a-f27f51b69b01,,search,https://shop.example.com/search?q=shoes,a5694403-519b-4f9a-b002-37dbdc265172,2025-09-06T21:20:53.976198+00:00,920fe448-95d0-4ccb-b77b-2c7cfa389054
b87dec62-ee23-4d43-8e23-c2c39d2fc89c,dcb29747-16c9-40f9-99b4-2373420fce49,4363b942-ed52-442b-86af-a65a3e8a86dd,page_view,https://shop.example.com/product/PROD-0157,3cc903ad-e887-4def-a52a-df84b823c99d,2025-09-14T14:17:20.976221+00:00,920fe448-95d0-4ccb-b77b-2c7cfa389054
ce2559cf-0504-4b5f-9c41-41e4ed396b2a,5ad9fefd-55ce-4c6b-a1e4-ed006270cd03,37259886-3d78-4fbb-935c-9cf9b006e725,page_view,https://shop.example.com/product/PROD-0270,6a08b230-d644-4bc0-9bb0-09b7d437727a,2025-10-29T05:01:40.976247+00:00,920fe448-95d0-4ccb-b77b-2c7cfa389054
96fefaa8-f775-4b9c-b615-e2e854d89671,884323b4-be05-4abe-977c-1572ea2c27b9,82a477a7-100c-4dda-a67d-57718b69c489,login,https://shop.example.com/category/electronics,bee41919-7c67-4672-a7b1-2d3c3a932eae,2025-11-01T01:16:04.976270+00:00,920fe448-95d0-4ccb-b77b-2c7cfa389054
5956efa4-1dbc-41f9-b133-517762016a49,d0730530-3445-48f4-ace7-407b03875fdb,,search,https://shop.example.com/category/electronics,14e23ada-60c8-4452-a817-8fab93ec6b39,,920fe448-95d0-4ccb-b77b-2c7cfa389054
029a450d-bc06-40a8-8fab-7e27cf6d3df4,0e6de327-8821-4163-aeef-7b21a0fc8722,,page_view,https://shop.example.com/product/PROD-0492///,e7345375-81fa-41d7-8dc5-6a15c726ac72,2025-10-28T05:00:59,920fe448-95d0-4ccb-b77b-2c7cfa389054
27f2f113-aed1-45df-be74-597670c64150,373c6d2a-192e-4e2e-93a7-94165ef10758,,page_view,https://shop.example.com/product/PROD-0063,e9ab0eba-2015-4e32-85ba-e863ae1937d4,2025-09-24T22:12:07.976364+00:00,920fe448-95d0-4ccb-b77b-2c7cfa389054
e28d0a92-6ebf-46cd-ad88-1f823e0b1faf,0a8fbf52-f4bc-48be-99f2-cad31929653a,,page_view,https://shop.example.com/product/PROD-0170,1cee811a-efab-4b8f-8421-e860d18403ef,2025-10-31T06:13:58.976386+00:00,920fe448-95d0-4ccb-b77b-2c7cfa389054
eb636563-4857-4945-9254-f8d4cc9514ce,490fe61f-2fad-4880-b34a-971db97cc764,d2d862d6-7bf1-409a-90f6-da877a77a973,page_view,https://shop.example.com/product/PROD-0107,2299cb2a-4f9c-4e57-9388-8bcb6689e703,2025-10-29 00:44:46.976416+00:00,920fe448-95d0-4ccb-b77b-2c7cfa389054
fdabc923-d310-418e-9bfc-a2c770d58214,6d0e1f2b-17f1-40fe-ab03-de1f89af6f28,780fd923-72a6-47a6-b282-2dde4f75753f,page_view,https://shop.example.com/product/PROD-0479,80d02cec-1a41-4fad-9277-8f6f416759fd,,920fe448-95d0-4ccb-b77b-2c7cfa389054
86041305-f5fc-4eee-afcc-19cfcf8559ab,5663f656-7557-4da8-95c1-5f582c7347c0,2ed0fc97-4cad-4999-aeec-25daa621b1db,page_view,https://shop.example.com/product/PROD-0356,9c80e24b-6dd7-4500-b106-825b20e59896,2025-10-27T12:08:36.976541+00:00,920fe448-95d0-4ccb-b77b-2c7cfa389054
d2a32386-eb0a-438d-a975-e05b3bbf74ef,69fabf53-0a9a-416e-8eff-02ddc58877e7,65283ec9-2523-4b76-bbc8-e3e9b7f5c164,page_view,https://shop.example.com/product/PROD-0424,6958f188-7551-4c47-b9e0-baa9d81373bc,2025-11-07T04:14:22.976564+00:00,920fe448-95d0-4ccb-b77b-2c7cfa389054
579a7d2f-dc1e-4942-87d2-3036df29ef08,c627f7c4-e216-4c12-a818-500210e8a95e,ae33d44c-ef8b-4e2c-91b0-699006f2611e,page_view,https://shop.example.com/product/PROD-0066,cabde24f-851d-478f-8ccd-4318bc7d6dc9,2025-11-22T09:41:51.976585+00:00,920fe448-95d0-4ccb-b77b-2c7cfa389054
7e59cbea-2cb4-4ca2-bb74-99ab2b9920ae,9fd0d24f-738a-479f-b79e-1572b3a76078,c430ca46-6dda-4dbf-bb2b-411a86dcbb73,page_view,https://shop.example.com/product/PROD-0350,382897a3-1e7e-4b47-8ca3-3a172724e903,2025-09-17T04:16:53.976606+00:00,920fe448-95d0-4ccb-b77b-2c7cfa389054
895b6494-4672-4aef-8524-f870896e227f,a06197f5-86bc-4581-8bba-a0c75a2b05b1,09e971f5-c30f-4a01-a24a-8ba9e2fa98a7,page_view,https://shop.example.com/product/PROD-0124,83385615-c84f-4482-b33c-fd5828f34968,2025-10-19T08:43:04.976627+00:00,920fe448-95d0-4ccb-b77b-2c7cfa389054
192fff3f-b261-4d24-a043-892f47899ee6,8b0c2402-03fe-4e4b-bb5a-e83c84903464,,page_view,https://shop.example.com/product/PROD-0290,7331ce1d-e87d-4913-848d-357e8af1e2dd,2025-10-20T12:20:48.976649+00:00,920fe448-95d0-4ccb-b77b-2c7cfa389054
97f87a0e-035b-469a-8ad5-e21a1f8a7b7e,c47fa578-ed61-4e64-b079-c5be39fd3d49,d8bac124-6782-41bc-abb7-14ea0a13d238,search,https://shop.example.com/cart,452ce26e-a948-42b8-92d0-5705482b16f3,2025-09-26T01:03:52,920fe448-95d0-4ccb-b77b-2c7cfa389054
a258a743-fb00-4f45-aeec-99bafd80387a,61806ca0-0113-49e4-9c5a-24a34ded2d38,97abca84-dd39-4041-9d53-0cbd50c844e7,search,,4cab22f5-26a9-463d-9021-8e8b5befe4b3,2025-09-28T07:36:01.976707+00:00,920fe448-95d0-4ccb-b77b-2c7cfa389054
65edb1e1-2104-4466-80c3-8c26e03ce8b9,757a84c6-4425-489f-a4dd-98f4bdb20d5f,526bdf75-4c56-49e7-a46a-609f470b1bcf,login,https://shop.example.com/,7b5faa04-ffa7-4ac8-8564-2688dcb1b7d3,2025-09-28T06:01:27.976732+00:00,920fe448-95d0-4ccb-b77b-2c7cfa389054
1c0489f0-c6b4-4add-94fe-d0445d4a466f,7fddab86-eefe-4870-869e-068430b4c266,5c5bc5b3-7d08-471b-838e-7c8bd28fb302,page_view,https://shop.example.com/product/PROD-0423, 44dd95e3-0f05-42e9-b268-318c8745b2a5,2025-09-16T23:33:50.976755+00:00,920fe448-95d0-4ccb-b77b-2c7cfa389054
6ae15f1d-a402-406a-aa83-d6b03d76a435,6bc9bc4e-5af4-4ae9-808d-69e3d2cac2de,51d3e0e4-f7fd-4b1c-9b0b-ca59fb3f2ef8,search,HTTPS://SHOP.EXAMPLE.COM/,b9360119-08a0-4aad-9285-97b3e129c427,2025-11-20T07:18:15.976788+00:00,920fe448-95d0-4ccb-b77b-2c7cfa389054
776d5a04-61b4-422c-b14b-0abfef831e3c,b434bade-00ce-48ab-b4b6-89f23bbacab8,95387bdb-abb1-496d-90ae-136d883945af,page_view,https://shop.example.com/product/PROD-0190,ccbf113e-5d3e-4586-8fa9-cd6cf7446d1e,2025-09-29T09:04:29.976841+00:00,920fe448-95d0-4ccb-b77b-2c7cfa389054
9645bc9e-0b93-48c6-9f48-88f37a3a5a3d,b80025a0-3240-4490-b998-987d9c37df68,,page_view,shop.example.com/product/PROD-0353,488bd6b0-6a97-488d-b211-657e0b59ba8a,2025-09-16T00:31:37.976873+00:00,920fe448-95d0-4ccb-b77b-2c7cfa389054
7422eb06-7959-48dd-8dfa-3a12373c6299,44b9943b-ebe9-4572-aabf-816df7b8da52,0dd7d17f-f369-4b9c-86f8-ed2fe5dfd05e,page_view,https://shop.example.com/product/PROD-0191,696d351a-11a1-4e68-8339-cce0cd8bc289,2025-11-14T10:53:32.976896+00:00,920fe448-95d0-4ccb-b77b-2c7cfa389054
bccbab4a-6521-42f0-9ac0-bc184b1b7b1a,ade45018-8839-4c0e-86bf-e79be517885e,3705fbe7-3035-4c8a-aa68-c6aa57f1d369,page_view,https://shop.example.com/product/PROD-0133,e6d1a0ed-df58-44fc-a718-55b9ed444429,2025-10-12T02:03:51.976921+00:00,920fe448-95d0-4ccb-b77b-2c7cfa389054
31da097d-bf78-4f86-b72b-bb0f35fc247a,a5aed93a-063f-4089-bc1f-858acdea4885,89b774d2-54e7-4274-973e-153dae5bc393,page_view,https://shop.example.com/product/PROD-0126,14b1e6b5-6cc7-4f28-8873-6461c57b57e9,2025-09-08T20:10:01.976944+00:00,920fe448-95d0-4ccb-b77b-2c7cfa389054
eff412e5-be4f-4482-b4c5-d67f3c72df61,a049acd0-0b57-43b1-a34b-5042c561f8b5,bc5fc58d-1b80-4b6d-81ad-42e38e480eda,page_view,https://shop.example.com/product/PROD-0057,b3174228-d7b0-41a0-a724-5ae3dddcf0ab,2025-09-23T07:43:57.976966+00:00,920fe448-95d0-4ccb-b77b-2c7cfa389054
7e35dda2-3596-4fb9-82bc-115f02fab7c4,6a5970b6-486e-4184-aa6d-81661f037732,377f13b5-65f9-4534-bad2-0a6265932bdd,page_view,https://shop.example.com/product/PROD-0421,66b0dfdd-9064-4fcb-8306-2050609c0ccc,2024/31/01 25:61:00,920fe448-95d0-4ccb-b77b-2c7cfa389054
3af1a2e1-54d5-4461-87b1-f8c3bfbddc0b,a5bd0e4d-3e5e-4d8f-bffb-c014b754759f,942e7dea-26d9-4904-808f-d0d1a3de609c,page_view,https://shop.example.com/product/PROD-0363,acb57dd5-7867-44fc-b1f2-dad813a0dea9,2025-10-05 11:24:01.977016+00:00,920fe448-95d0-4ccb-b77b-2c7cfa389054
742d31a8-bf71-4e76-b053-7815152cb1f2,fd877dec-1692-4641-bdc2-01c24989c4f8,893aa4dd-9bfc-42a4-9621-a6fca1c06070,search,https://shop.example.com/,9DB1047F-8236-4AEF-9169-B94D99A26055,2025-10-31T10:48:33.977047+00:00,920fe448-95d0-4ccb-b77b-2c7cfa389054
528e1dd5-2400-4d5b-8a04-f93409916c87,12d7eef4-2ace-4033-87d8-867741820d67,,search,https://shop.example.com/search?q=shoes,ec6cd5b3-cd21-4d6c-9c03-9f27072f85f9,2025-11-12T12:07:10.977071+00:00,920fe448-95d0-4ccb-b77b-2c7cfa389054
a5e3f3f2-5ddc-4fef-8c0a-f660f8333a0e,cc8485d4-7b3f-4bfc-b97f-5bf5be59cb52,9b152931-ca3a-4ddf-a233-9bbf9f5df40e,search,https://shop.example.com/search?q=shoes,5b718995-1a17-4ad1-bd91-049bb880a247,2025-11-09 05:24:43.977095+00:00,920fe448-95d0-4ccb-b77b-2c7cfa389054
13300895-646d-472a-8a56-a2659bc5fb70,7b07d06f-75bb-4afc-b80f-43219aea9550,,page_view,https://shop.example.com/product/PROD-0299,1d34f396-8b13-47a5-8cfd-89abfaf6734a,2025-09-05T18:31:27.977124+00:00,920fe448-95d0-4ccb-b77b-2c7cfa389054
efafc490-b6fb-488b-abf2-395c2e6989bd,edd8ede6-3da1-4efa-bc70-a65227608994,,login,https://shop.example.com/,31e48525-0d8a-4958-bfcf-02606fff5fc1,2025-11-26T21:03:27.977147+00:00,920fe448-95d0-4ccb-b77b-2c7cfa389054
587f27c1-394d-449f-8d97-303de17ecdc6,81a4407f-6198-4236-a771-85529bac7ac5,,page_view,https://shop.example.com/product/PROD-0488,invalid-device-6509,2025-10-03T16:15:22.977168+00:00,920fe448-95d0-4ccb-b77b-2c7cfa389054
3effbd92-b9c1-4729-a911-041fc0b75696,0db198e9-b566-47fd-adcd-11853ef1d6a8,ceaa3cb3-9966-44d8-b5f1-0b1baf9e8b89,page_view,shop.example.com/product/PROD-0005,7fd99296785a43d7b4c9ca0e7f8a2bb6,2025-09-13T07:20:37.977193+00:00,920fe448-95d0-4ccb-b77b-2c7cfa389054
85380a4a-d28f-489e-8229-733cdf68208e,9b9c50f3-0737-4cd3-83f6-cc4a150fa855,03784dc4-3990-4888-9140-dd753ae3d189,page_view,https://shop.example.com/product/PROD-0493,19a50578-4998-4538-b33c-3b4b067a4aa4,2025-11-12T11:33:59.977218+00:00,920fe448-95d0-4ccb-b77b-2c7cfa389054
fe8e920c-c592-4cc1-8a23-48fdd50cebc0,f912056f-1d94-4308-849c-9b8902caea60,0b064183-fb09-4249-96da-b2706097005c,add_to_cart,https://shop.example.com/product/PROD-0008,8f87405f-a67e-4ef2-b81b-c3aec8a361d4,2025-10-08T19:47:40.977240+00:00,920fe448-95d0-4ccb-b77b-2c7cfa389054
c027436b-d321-4ff4-bd1c-bfef1271e6c2,0c83115e-1aa7-406d-85ac-2781ec4c68ed,cd3da3af-0dd4-4837-b08d-89ce1119ebe1,page_view,https://shop.example.com/product/PROD-0067,21ea0031-e828-4bd4-abc2-b8a077238c54,2025-09-17T11:22:35.977262+00:00,920fe448-95d0-4ccb-b77b-2c7cfa389054
bf1cb3a6-11f7-499e-8e63-604d83e2e8e7,d70fc317-9c07-4245-96a2-1d6415a0c797,18df3643-b711-42ed-8ac5-62605aff1ad6,page_view,,75678f75-7255-4391-93f4-5d2ebacfaf11,2025-11-28T07:58:30.977285+00:00,920fe448-95d0-4ccb-b77b-2c7cfa389054
0a66ef2f-4d95-4a1d-842f-fd25247083e8,10e39001-0e5b-4d53-943c-bda4bb28ff29,a1f523a2-9f19-426b-8984-e44307528d6f,page_view,https://shop.example.com/product/PROD-0462,848f965c-a7ca-44df-9392-850a1b00e025,2025-09-06T23:17:50,920fe448-95d0-4ccb-b77b-2c7cfa389054
e3f0f9ea-7f52-4319-be01-eb5abce9d71c,679449f2-30b8-41c8-acc0-3f8de08df5e7,c3eca4f5-88b4-4069-b111-d60fba409a37,page_view,https://shop.example.com/product/PROD-0329,deae3a6f-f4ca-4fad-8d60-e38a4b71b2ed,2025-11-29T03:33:24.977368+00:00,920fe448-95d0-4ccb-b77b-2c7cfa389054
15059518-92d3-4d9e-a98a-1a662f7ac84e,abbca604-3570-43fd-bccc-4e60694cecbe,,page_view,https://shop.example.com/product/PROD-0010,c815562e-0e4d-49ad-9c2a-30bf0a461022,2025-10-10T04:08:35.977390+00:00,920fe448-95d0-4ccb-b77b-2c7cfa389054
7adaf992-5621-4615-8ad6-dab480550330,0bb2f270-10cf-41d4-b7a0-0b3af3095e47,,page_view,https://shop.example.com/product/PROD-0047,d2b184f7-b61d-4afb-94d1-fdf7a2e04be9,2025-11-12T20:07:04.977411+00:00,920fe448-95d0-4ccb-b77b-2c7cfa389054
6f7841d3-516d-4818-b39c-74102586206b,ddb73a72-499a-4cd5-a7c8-1b0a03e16c8e,3db5fc0f-7833-4458-80a1-3c8a8306a627,page_view,https://shop.example.com/product/PROD-0493,ce674d27-7db8-4178-b85b-78fb59494e01,2025-09-21T20:51:05.977432+00:00,920fe448-95d0-4ccb-b77b-2c7cfa389054
46a92cc0-e49e-439d-91eb-9622507b9559,35fcaea6-37d1-4805-94b3-e680328d40cb,303d24be-2f58-4cc1-b3e7-ac7bd2ab4299,page_view,https://shop.example.com/product/PROD-0083,2f0cfbcd-61e9-4899-8b18-029a1fd3843a,2025-09-10T07:03:23.977458+00:00,920fe448-95d0-4ccb-b77b-2c7cfa389054
eb0780cc-cb37-4f56-99e1-cffeae2d5c8e,81161c10-26a5-4d1e-84b6-535f4bdfeb2f,62628467-3a38-4925-8302-129852e09d42,search,https://shop.example.com/category/electronics,c8b678a5-8a98-4134-9b1e-433b68b14f2d,2025-10-21T11:52:47,920fe448-95d0-4ccb-b77b-2c7cfa389054
01318995-0131-41aa-b212-829c680cc713,80c45ade-3118-40df-b1f5-610179fa33c4,176c5d21-ce35-4e24-8efe-f2ef92b7cea1,search,https://shop.example.com/category/electronics,92b2ec97-4518-4856-af2b-b7df9269ec40,2025-10-10T22:33:37.977506+00:00,920fe448-95d0-4ccb-b77b-2c7cfa389054
c14ff9e2-2430-4cd4-aaac-57b6713956f1,52ff1a60-9820-45bc-a6bb-d4b7a3814a3f,d7e91329-392d-47f5-8a0e-b968cb394d95,login,https://shop.example.com/cart,1a3e5580-d0f6-4e84-9c95-cfb66e49c5a6,2025-10-31T20:54:59.977526+00:00,920fe448-95d0-4ccb-b77b-2c7cfa389054
b601bdb7-7c94-4b37-9e63-333fa682c976,da1ad4f6-f778-4c0f-bc7b-7419acd56fcf,,login,https://shop.example.com/search?q=shoes,03836c4e-8e60-4886-a62b-388a32b83c81,2025-11-05T11:52:52.977557+00:00,920fe448-95d0-4ccb-b77b-2c7cfa389054
d08c9c1c-1e56-4726-b653-bec1a0e0a2e7,d66cc38a-1f21-47cf-bf90-d5ed2c89d9f5,011b8c54-d5ab-445a-91b5-82c3cefda01d,login,https://shop.example.com/,46cf02f6-6234-40b1-bee6-98a7f5b00a47,2025-10-10T23:18:26.977599+00:00,920fe448-95d0-4ccb-b77b-2c7cfa389054
699af406-3fad-4be6-bfc4-a72db6b67839,a7e41849-62e4-452b-8a3b-0eb2a28c600b,,page_view,https://shop.example.com/product/PROD-0304,d57e647b-0db1-4ede-be12-fc31df30645c ,2025-09-10T03:55:11.977630+00:00,920fe448-95d0-4ccb-b77b-2c7cfa389054
f0e1e4fd-2547-4d27-815d-b76567c56f31,5bfccb3c-4da1-4331-9b0d-9dfc34339cbf,9da09fc9-b39e-434d-83ff-68cc27c28dc4,page_view,HTTPS://SHOP.EXAMPLE.COM/PRODUCT/PROD-0303,e2ce1195-9836-4b96-99b1-cdd34d87283b,2025-09-28T20:25:42.977829+00:00,920fe448-95d0-4ccb-b77b-2c7cfa389054
5feea6ae-be97-414f-aea2-2614655fc5e5,1b7677a5-f0cb-4a14-82dd-a1965b39188d,,search,,a0eb5a2f-6466-4226-b6ca-3bdb5cfbb295,2025-10-20T07:22:36.977891+00:00,920fe448-95d0-4ccb-b77b-2c7cfa389054
83abd028-eac0-42c0-a33a-e96c6704846a,2e0f326f-cfb6-4c22-b9bb-6f99ab97bf7e,5e57e5fc-4eed-4db9-92a1-3fa41703a968,add_to_cart,https://shop.example.com/product/PROD-0378,58d104a4-302b-4db7-a99c-4b6045a87e7c,,920fe448-95d0-4ccb-b77b-2c7cfa389054
ee02bea0-05aa-48fa-a48b-f4d735eff702,f40c3bda-ce1e-47ae-bb0c-cc747e97a4e8,0e600ee9-4fc9-4fa8-8cc8-a1d52fc63442,page_view,https://shop.example.com/product/PROD-0281,dd6c01eb-9242-4ac8-9925-8736ea48c062,2025-10-21T03:14:08.977970+00:00,920fe448-95d0-4ccb-b77b-2c7cfa389054
479f060e-9d87-4144-ba34-2a53ccc16b7d,b5207c03-8a84-4b23-a09a-cba0889521fb,77737fa1-4c5a-492c-be0f-ce9d28798340,add_to_cart,http://///shop.example.com/product/PROD-0434,29a3dcd5-3066-4f9f-8e16-7461fcf0fbcd,2025-11-20T03:35:41.978001+00:00,920fe448-95d0-4ccb-b77b-2c7cfa389054
5103ec4d-b96c-424d-b98c-f09f665bb2ec,d70d1504-e1fb-4d17-b990-91bdaf9cf519,,page_view,https://shop.example.com/product/PROD-0407,40a80e54-4518-4cb3-a3c0-b5785d472397,2025-10-01T23:06:42.978029+00:00,920fe448-95d0-4ccb-b77b-2c7cfa389054
d637d4db-55d2-4e4c-ab17-bec2eb91463b,fee2a6fc-8fc1-495a-ba34-62914dbbae3d,594594e0-df49-4a86-871c-7e3151e832ad,search,https://shop.example.com/category/electronics,ab4435de-2a76-41b0-b82c-cf85f71b9881,2025-11-22T14:51:05.978050+00:00,920fe448-95d0-4ccb-b77b-2c7cfa389054
814e3840-6264-402f-8bd3-18aeecea7d65,c17b3723-9859-40f6-8537-6891fa6b4ad4,9fa09df5-60d6-40f6-b9d9-0945edbbdc15,page_view,https://shop.example.com/product/PROD-0357,5b698dfe-96b1-4fdb-94c2-8f98f7385208,2026-08-30T16:04:29.978080+00:00,920fe448-95d0-4ccb-b77b-2c7cfa389054
3a1f4f57-df94-444f-a83f-7064faed7f4f,835595bd-e783-4de0-9457-0cf1cfe041ca,92b1e48f-1dde-4135-82f3-1bcf59a7c8f2,page_view,https://shop.example.com/product/PROD-0429,c1e226b4-7f54-4d7e-ac3e-49769241540a,,920fe448-95d0-4ccb-b77b-2c7cfa389054
54b673af-9d7e-4926-8b94-7c2663da5041,522ba95b-4e85-4534-82de-12b8fabbb7e6,343ff722-f962-414d-834f-4e6508c75e25,search,https://shop.example.com/cart,43086d91-c96c-4d43-bc0d-6a71d131608a,2025-11-23T15:22:11.978137+00:00,920fe448-95d0-4ccb-b77b-2c7cfa389054
166bc36e-d02e-4d26-98fb-366207fa54bf,026de254-87d4-4f70-a4db-e84b4fd302dd,b7f7ade2-3d02-4f51-bd27-001cc4b2f11d,page_view,https://shop.example.com/product/PROD-0064,8977585e-f4ee-4fc0-ae0f-3acb42768f70,2025-09-03T02:34:05,920fe448-95d0-4ccb-b77b-2c7cfa389054
073b7112-bb30-498c-ad36-d567b4aa8e87,a3663a29-ae56-4593-88d9-cb22ae4ba241,6d215252-1549-4948-8be9-5ec42b072cec,page_view,https://shop.example.com/product/PROD-0092,9a8dcb67-3af4-4819-8d49-290138919f64,2025-11-18T07:28:08.978189+00:00,920fe448-95d0-4ccb-b77b-2c7cfa389054
b265cb96-27db-4b00-8237-a8b1b577ac9a,ff7d52e8-43f1-43d4-b1b8-4c255a736099,7552debf-cfcf-4709-bad1-7efb978ca898,page_view,https://shop.example.com/product/PROD-0412,c2502e80-763f-4cd6-8605-1a5ffde5aeaa,2026-09-03T16:04:29.978217+00:00,920fe448-95d0-4ccb-b77b-2c7cfa389054
b6533c9c-d1c8-431e-97f1-15829a9f281c,44c8ce0c-cf8f-4aea-8b76-9a25f693b809,,search,https://shop.example.com/,6bc59915-ea45-4356-87c2-3933a620b741,2025-11-12T04:24:02.978240+00:00,920fe448-95d0-4ccb-b77b-2c7cfa389054
76520744-0a8a-4945-9d14-658da90b93e9,72ec49a4-738f-40e4-8c74-0845ff7bcc94,329baded-fe0c-4bb0-905d-3ee7ee3b581c,login,https://shop.example.com/cart,e15487c4-55e7-49f0-92a3-f65c6d6fb361,2025-11-28T21:13:39.978262+00:00,920fe448-95d0-4ccb-b77b-2c7cfa389054
0a43ec5c-11a4-4fcf-b6f8-09a22d65c749,08ce9ce8-34e2-4e6f-9bed-a6a1aeadbe2d,269695e9-d297-42b5-a267-34cf12020d4c,page_view,,6d88f709-5557-4f35-a526-39456c083e6e ,2025-12-01T19:01:59,920fe448-95d0-4ccb-b77b-2c7cfa389054
cc3cf22c-d7d1-4e00-8448-d395fa22c32a,00fa914c-892e-4594-b23f-bd1774830a3b,5eb2053a-bf6b-44ca-9290-55e225f7cb82,page_view,https://shop.example.com/product/PROD-0327,e9eea25b-41ab-4663-9f75-63d0ab3f736d,2025-11-22T04:31:40.978333+00:00,920fe448-95d0-4ccb-b77b-2c7cfa389054
852bee91-e328-4c3f-95eb-94d42195e20b,25fdcbbb-8fef-4984-864a-bfb23a5a7689,,search,https://shop.example.com/,643fb6cf-842e-4ec8-8953-d7dfabfc1236,,920fe448-95d0-4ccb-b77b-2c7cfa389054
d9cc887f-08db-42ae-bb10-634c9472cd8b,b5a4d69f-c410-4f1f-bee8-9b299d0952da,9469e175-850a-4139-ac24-f67cbec159fd,search,HTTPS://SHOP.EXAMPLE.COM/SEARCH?Q=SHOES,3737a5fc-49e2-491f-84ef-694b3d592ee9,2025-11-20 13:58:10.978382+00:00,920fe448-95d0-4ccb-b77b-2c7cfa389054
72cc829e-aa1d-4eba-b8a1-1a24e497119b,ac37336b-9717-47a0-bc42-3d3173bb8a13,f5edb35d-bb34-4bb9-a09a-33d457d3b731,login,https://shop.example.com/cart,109544bd-d463-4fd5-9449-1a8852828eb3,2025-11-18T19:21:35.978419+00:00,920fe448-95d0-4ccb-b77b-2c7cfa389054
beb77d7e-cbe6-4cba-a4b3-046dfd34de12,f491ed1e-6f03-453a-ace3-494f31c0df6b,c9ea0e96-2e5f-42fb-a1ed-57f0d0fa724a,page_view,https://shop.example.com/product/PROD-0040,423ba169-adba-4d65-93a4-be51772eec8f,2025-09-06T05:43:55.978572+00:00,920fe448-95d0-4ccb-b77b-2c7cfa389054
68a89939-f71f-4d61-bc3f-b1984d78b7fe,cb7d7da3-8c7b-4761-b974-f5ad60440060,d8e1f817-cb40-49a0-beaf-b3c0c8a80834,login,https://shop.example.com/,9ec3af7d-c702-4d5d-86ba-b71c43008b7b,2025-11-16T13:12:50,920fe448-95d0-4ccb-b77b-2c7cfa389054
9fc18c1b-3e7c-42d8-936d-723d9bb6a6ca,780697bc-12d1-4206-b605-64792059e0b5,c555b5b2-d4e6-4434-9551-56c8c00ca480,add_to_cart,https://shop.example.com/product/PROD-0156,4f606470-b680-4f08-a5c9-4674365741e8,,920fe448-95d0-4ccb-b77b-2c7cfa389054
b20d9e4d-5c1b-4d90-be8f-596cae174d5f,4f7d4882-f0d7-4770-9d9a-66f8b4bde11a,960f6e56-2624-467e-98a4-ccd2473882dc,page_view,https://shop.example.com/product/PROD-0279///,invalid-device-7856,2025-09-06T01:10:18.978864+00:00,920fe448-95d0-4ccb-b77b-2c7cfa389054
063dff42-fcec-46b1-bb4b-eca70a0699a8,fea562a4-24cd-47e6-8085-1ee8ceecdd81,6366ec8f-a2df-4b6f-a555-9f60fb62e120,page_view,https://shop.example.com/product/PROD-0037,64a7abce-a6cd-4d5f-a1bd-dff00f6c03d4,2025-11-24T10:00:30.978944+00:00,920fe448-95d0-4ccb-b77b-2c7cfa389054
30177157-1e7e-4335-9a15-ef0a91021cd5,b0738253-63d3-4c98-8306-e61d04180263,,search,https://shop.example.com/,945f90a0-da1a-4fc6-ad7f-b90f8b946efa,2025-09-10T13:51:30.979027+00:00,920fe448-95d0-4ccb-b77b-2c7cfa389054
88d3506f-4ffb-4903-9a3a-ff008374898c,39430253-972b-4ee0-87a7-2867f54ff089,,page_view,https://shop.example.com/product/PROD-0232,c4cfffc0-3b08-4308-b1f4-19f9d624dde6,2025-11-05T00:04:33,920fe448-95d0-4ccb-b77b-2c7cfa389054
b3321017-4d30-4bf7-8e9c-4b5e703df0f9,96968054-5302-436a-9084-497d7eabc6f3,9dfe9a60-fd5a-464c-8f2e-8f2b752b0196,page_view,https://shop.example.com/product/PROD-0169,9d9a547e-cec1-4f93-a278-9e318c3ba51e,2025-10-14T23:09:30,920fe448-95d0-4ccb-b77b-2c7cfa389054
e6725caa-50f6-4650-b3d5-0e95a0865d42,dd4d358f-9846-478e-9004-42e47defdb11,5292ba16-6aaf-4920-a584-2f7bda4e84b4,page_view,https://shop.example.com/product/PROD-0053,40f12509-6e9d-46a0-8055-5a9e27fcdb23,2025-09-04T02:31:24.979227+00:00,920fe448-95d0-4ccb-b77b-2c7cfa389054
aba2955e-c82f-4349-b9e9-2d8f450926ff,31befbff-333d-4a92-8acc-1d6e24873f55,fd831051-de2c-42cc-9964-2da803ee3150,page_view,https://shop.example.com/product/PROD-0212,95887fd0-10fe-41a3-9230-1ee3ca9db309,2025-11-29T22:56:41,920fe448-95d0-4ccb-b77b-2c7cfa389054
8b83ec6f-52a4-4876-aa46-ec2c0b5a9cd8,9cc1874b-368e-4a46-b43d-b0d2bcbef3c0,,search,https://shop.example.com/category/electronics,3147a189-ca7f-4567-acd6-fbf1a232fed1,2025-10-22T19:00:32.979354+00:00,920fe448-95d0-4ccb-b77b-2c7cfa389054
5bb96da5-d35c-45b3-ae9f-6174ff6020bf,93f3c6c4-529b-4e27-a2cd-8b70e0ac430f,e11ddca5-90da-4e79-bb77-83affde11bc3,search,shop.example.com/category/electronics,64e2c207-cb48-4a36-9daa-ac3a0dde9adf,2025-10-08T17:55:01.979405+00:00,920fe448-95d0-4ccb-b77b-2c7cfa389054
e80098c0-d9ad-4c29-9be8-30b04677ea3b,800dc94d-16b4-48e6-aa60-65fc2b14b2e7,3fa24c34-2d84-4525-901d-a6f9f1b56652,login,https://shop.example.com/,9e9f18e6-89d4-4bb1-96d4-0bde027eafe1,2025-09-07T12:42:21.979461+00:00,920fe448-95d0-4ccb-b77b-2c7cfa389054
86d1944a-22d3-4368-ba6f-b7b647500d89,b431db02-5823-49c9-8496-10e35249ca4b,4de4ac20-0fae-4b76-8cef-e8112c8c1662,page_view,https://shop.example.com/product/PROD-0230,9b181e68-253f-44bd-8a5c-7a574fb1640f,2025-11-26T00:54:17.979545+00:00,920fe448-95d0-4ccb-b77b-2c7cfa389054
160c29eb-6151-4d98-b95b-e8570dea1861,3203d129-c9a9-4085-88ef-4bdc55865fff,5b71432a-09a4-4cbc-b4f1-d8d6a91c0fe7,page_view,https://shop.example.com/product/PROD-0370,9e7434ea-1fff-4395-a43c-32081ca74ea7,2025-11-11T01:55:00.979591+00:00,920fe448-95d0-4ccb-b77b-2c7cfa389054
fd5edd26-9040-4c45-810e-bd8dfb28b604,29a2861a-5107-4223-bea1-ed3726372522,1a082570-8a32-4b8d-97fc-36acfad5e3bc,add_to_cart,https://shop.example.com/product/PROD-0260,46d9298f-225a-48ba-81a2-09527028c319,2025-10-06T04:16:23.979646+00:00,920fe448-95d0-4ccb-b77b-2c7cfa389054
633241ac-9f36-46d5-ad35-a897ef206445,5eb1e677-9588-40aa-a3fc-cfeaa18ff59e,f4bac3e8-b5e3-4c9a-8a14-8c50f826a38b,add_to_cart,https://shop.example.com/product/PROD-0194,bac5d096-8f20-4678-83f7-dd3736f5ebe7,2025-11-19T16:12:52.979698+00:00,920fe448-95d0-4ccb-b77b-2c7cfa389054
bf11c517-5fff-438f-ac7f-d08b79307ffd,ad01c315-3d31-4854-abed-7a275f4dbf87,ed607b9d-9a91-46bb-bf44-512ec8f6fe0b,search,HTTPS://SHOP.EXAMPLE.COM/,c2bef503-5e54-4b85-81b6-c00e31324269,2025-12-01T21:09:37.979742+00:00,920fe448-95d0-4ccb-b77b-2c7cfa389054
208c2ae9-518b-4dcd-b27f-3a6b27ac8bc0,bb7026e0-8415-402b-a9fd-7ae1337cbda2,35c7b979-2267-4f5b-9bbd-b459f301f7c4,page_view,https://shop.example.com/product/PROD-0297,9a21e940-43eb-4fc1-937a-3dcfa66db32c,2025-09-03T02:39:34,920fe448-95d0-4ccb-b77b-2c7cfa389054
c0f5aa29-afec-432e-a8c8-2683348d1c0e,da8364b1-8d78-4c62-a1e3-20d728c01f4f,10f9b06a-cc47-4a55-8535-125d21c75c79,page_view,https://shop.example.com/product/PROD-0103,667604e7-0dd1-48b0-800f-4bdbb0c21b61,2025-09-16T16:27:29.979881+00:00,920fe448-95d0-4ccb-b77b-2c7cfa389054
77d766d2-6304-4217-88aa-2efa9b5d104a,fb81f0d0-9683-4835-a344-d13e7e11ebe8,6f9fdc62-669d-476f-8d99-74b6b6b6e848,page_view,https://shop.example.com/product/PROD-0319,21469b1f-59ec-4d09-80ca-37bab3da1ecb,2025-11-23T17:06:40.979947+00:00,920fe448-95d0-4ccb-b77b-2c7cfa389054
1afcb5f8-e6a9-44f2-aeee-6ccf43d9cd4c,23a35d70-20d2-408a-a986-da0d950ac630,a011322f-12e8-4c66-a055-b9552afe2ea9,login,https://shop.example.com/cart,90e30b94-5e57-43e8-853f-d2f2a0e1f340,2025-11-07T16:19:01.980000+00:00,920fe448-95d0-4ccb-b77b-2c7cfa389054
bfdead4d-53e8-4796-8b7b-d69078567585,70480a76-8986-4a5f-87ca-5ae79042a919,87acf21e-74f7-4b36-b69b-5967b111dcb4,add_to_cart,https://shop.example.com/product/PROD-0085,10d6f2d1-7c8c-414e-a4a3-bb48dbb377ca,2025-10-26T02:08:36.980074+00:00,920fe448-95d0-4ccb-b77b-2c7cfa389054
3dc4dd8f-3b4b-451a-bdd1-325d89b3004b,4e88b3d9-00cf-4841-8153-3bf01e87a41b,,search,https://shop.example.com/category/electronics,c2316169-61b9-4540-a27f-46dd83007423,2025-09-07 06:15:59.980117+00:00,920fe448-95d0-4ccb-b77b-2c7cfa389054
5d10eede-2ea2-408f-9735-a225061920c2,11c1a97d-4748-4397-b314-acebb9d56c60,,page_view,https://shop.example.com/product/PROD-0266,e85bc45d-68f3-4e51-a0f8-1a7fcd8b3bb3,,920fe448-95d0-4ccb-b77b-2c7cfa389054
c4c89ae5-6554-4669-b6d7-0aaa18a03f9a,c0f1a028-f5c3-4fcd-bfe3-bed4ef31d9f8,,page_view,https://shop.example.com/product/PROD-0372,b455ee9d-ca80-4345-8752-9a5871724a1d,2025-10-11T22:01:11.980220+00:00,920fe448-95d0-4ccb-b77b-2c7cfa389054
f4eded65-9eb3-4a86-ac9d-e45c0a9d7ad6,74f9d08f-705e-41d7-828e-5d9352aa89a4,4a0b2e56-6dc2-42c1-b944-206453bfa3c8,page_view,https://shop.example.com/product/PROD-0364,c40a4da2-50fa-4033-b6c1-d0b1541ca0f8,2025-09-09T15:56:02.980244+00:00,920fe448-95d0-4ccb-b77b-2c7cfa389054
f4cb4e86-2861-4ed2-8703-1c25520020a1,44cecb35-3f16-4c93-b529-70023cb0f593,6279329a-8545-41cf-9536-ff8fe5735c1e,page_view,https://shop.example.com/product/PROD-0167,2e078ac8-b469-46d3-9ca8-9e2eb614ce8d,2025-09-05T00:11:06.980266+00:00,920fe448-95d0-4ccb-b77b-2c7cfa389054
d1160742-d4d3-480b-be8f-da96028cff1d,09462c94-1354-40df-8e3c-5a9c87eaefbf,9f288a1c-45f4-4573-a47a-fbdcc10e39e8,page_view,https://shop.example.com/product/PROD-0421,48dc030c-c6d5-4505-b48d-1f929bc37f61,2025-11-17T01:14:49.980289+00:00,920fe448-95d0-4ccb-b77b-2c7cfa389054
cfb0ed69-1d6a-40f8-8d47-31b21a758f34,df5b7e39-e66d-4b8f-a494-daf47ddb6a26,,page_view,https://shop.example.com/product/PROD-0301,68d937a7-31d7-4a51-b52a-21969751f4c4,2025-09-28T13:54:54.980310+00:00,920fe448-95d0-4ccb-b77b-2c7cfa389054
8e20aeed-59c9-46c0-b658-e2e9a9e7ba73,cb059145-8265-4902-83b8-ebb2aa1d181a,930e96fd-dfff-44aa-88ea-ee7db29c8386,search,https://shop.example.com/category/electronics,2cacde52-261a-4e47-8f06-12f883e03460,2025-09-18T21:25:11.980333+00:00,920fe448-95d0-4ccb-b77b-2c7cfa389054
4576f345-f1ea-4f3f-86ab-2498eed64337,c0cca8e5-a40f-4a0d-9cbd-31b93ce97b09,61d09b50-dde4-4d29-b5a6-dbcabbb6f8eb,page_view,https://shop.example.com/product/PROD-0028,f484b563-a154-4e58-b992-651acc7329e4,2025-10-14T20:17:34.980356+00:00,920fe448-95d0-4ccb-b77b-2c7cfa389054
71131b73-4ec5-470d-9b9b-1686e66e9599,22d0acc4-c038-40b4-b7af-4591d3c0e40e,c8e6cf85-9538-458c-81d7-997e578a833d,login,https://shop.example.com/search?q=shoes,0943d3d0-3061-4f38-b852-ee5556f4cf19,2025-10-10T07:43:20,920fe448-95d0-4ccb-b77b-2c7cfa389054
8bc657cb-b350-4cf2-8ca5-c74303d01267,9766a370-b0e7-4723-b436-063995b0a86c,ec33a145-5861-40b2-9803-d17220a15454,page_view,https://shop.example.com/product/PROD-0217,672db1d3-c0bd-465d-a9de-ee48439666ba,2027-04-29T16:04:29.980425+00:00,920fe448-95d0-4ccb-b77b-2c7cfa389054
88c0f85f-d1bf-4330-8987-a56f0a57c634,7ea26be1-d633-496f-8fe8-f3b362366408,32f1e689-a744-42fd-bf1b-8ecca126a5fb,page_view,https://shop.example.com/product/PROD-0185,3f1d889a-c417-48d2-8b42-ad6eb29b4bb6,2027-09-08T16:04:29.980454+00:00,920fe448-95d0-4ccb-b77b-2c7cfa389054
b6f0e4c5-ca91-4286-b54d-05458594480f,4ab05520-66ba-4276-b583-29c1607fe9ad,3ac88805-82a8-49ab-bd61-c068e76f1b42,page_view,https://shop.example.com/product/PROD-0024,8a4f589e-38a8-400c-ba79-3ee6eccfab8a,2025-11-18T03:19:09.980486+00:00,920fe448-95d0-4ccb-b77b-2c7cfa389054
9e1b1597-b75b-4831-b58c-c0c756d794a1,2edc0dbd-c83b-4796-8ea3-819d2798385f,5db6ca6e-d3eb-43d8-94a0-2f53e75d3201,page_view,https://shop.example.com/product/PROD-0304,49788262-f24b-4340-98ac-cb6e4690e1ea,2025-10-17T18:34:32.980509+00:00,920fe448-95d0-4ccb-b77b-2c7cfa389054
02a0dfc2-828f-4eb5-a333-745bb99038fc,4327c984-9e7b-4967-9475-cba9761b0fc8,1ce3969d-a0cb-4ed8-bc7a-1fa60c0fc29f,page_view,https://shop.example.com/product/PROD-0405,cd9c6e06-e315-4b4f-943e-88661a7fda48,2025-10-12T13:40:19.980532+00:00,920fe448-95d0-4ccb-b77b-2c7cfa389054
f32cc218-2f9d-414d-9244-69380cd0fb3d,6123b6a4-e06b-444e-b4d7-adba5fdb05c3,,page_view,https://shop.example.com/product/PROD-0402,b64ebd9a-8010-4037-9e53-27b33affab31,2025-10-01T07:41:46.980552+00:00,920fe448-95d0-4ccb-b77b-2c7cfa389054
0ceaccec-95f9-40eb-8986-61f9fa313793,2d1baf62-82d4-4288-b36e-81aa44fe2fe5,,add_to_cart,https://shop.example.com/product/PROD-0450,738c05c5-077f-4492-a4c3-5b44277874f7,2026-03-29T16:04:29.980579+00:00,920fe448-95d0-4ccb-b77b-2c7cfa389054
b21d37dd-af25-4d25-b552-15542afc769e,297ac0dd-8346-4816-8742-be1ed1272401,3e44e4f3-5ace-4da8-934e-97d820b96ec6,page_view,https://shop.example.com/product/PROD-0438,c11411c7-666b-4115-863f-8ebb2f676a92,2025-10-09 10:01:47.980601+00:00,920fe448-95d0-4ccb-b77b-2c7cfa389054
63383848-fbdb-453c-bf2b-c185d34125ff,cadface1-77ad-4483-96a1-7305f4bbac4b,,page_view,https://shop.example.com/product/PROD-0105,5b2bce94-cf69-46bb-9ac5-fecb7f0c224a,2025-10-24T08:14:14.980630+00:00,920fe448-95d0-4ccb-b77b-2c7cfa389054
58d87274-52e1-4108-b888-c665bf1532ce,504a32a5-ad7c-48f2-b78c-63c5ddc20c79,,search,https://shop.example.com/search?q=shoes,ce9366cd-b9cd-4366-a7e5-36d83ee4fb80,2025-09-10T03:23:43.980652+00:00,920fe448-95d0-4ccb-b77b-2c7cfa389054
bafd82e9-65a6-4581-aea3-835247750144,be6f3d02-7a20-405b-82d0-1a669346d028,bee9e921-fdd7-4f31-8e94-ddbcaa978615,add_to_cart,https://shop.example.com/product/PROD-0168,faa9731b-e9ba-4253-860c-6622a306fd03,2025-11-18T18:48:23.980677+00:00,920fe448-95d0-4ccb-b77b-2c7cfa389054
61f51eb4-0292-4c8f-9034-edcf55e1913b,c7641f9b-1248-4a39-ab0b-e0654dd48c69,39eeafe0-aa12-47f4-b2f3-ddb0936443ff,search,https://shop.example.com/category/electronics,a4b43bd6-ef0a-439a-a789-d1f72febf1a7,2025-11-11T09:37:23.980699+00:00,920fe448-95d0-4ccb-b77b-2c7cfa389054
8c89d9b9-e47a-4ad4-a0ef-b12e816fd2c8,e5988456-b0c1-4f50-9a8a-569a9f1a1368,,page_view,https://shop.example.com/prod////PROD-0252,a62f58ee-8b37-4ad9-8a86-603d6d57b917,2025-10-22T19:13:38.980721+00:00,920fe448-95d0-4ccb-b77b-2c7cfa389054
a64922f7-4cfb-4de0-a3f8-44b4bb4c88db,3cc1bfdc-6dc7-4237-91fb-76b1d39048b2,73ebc4f2-9bee-4df4-aa53-62d0bd4ac0ee,page_view,https://shop.example.com/product/PROD-0244,9f85ab0f-4153-4864-8205-0149b4cfcc0b,2025-09-05T01:29:28.980745+00:00,920fe448-95d0-4ccb-b77b-2c7cfa389054
4e6c36cb-1a03-4319-bb83-4240fe1ad886,686ac05b-2f17-4391-83b7-b0fcb125a8c8,ee28d2dd-086c-4189-9d4b-c18162423031,add_to_cart,https://shop.example.com/product/PROD-0412,954832ba-177a-42a6-bbe9-bc7cc10a315d,,920fe448-95d0-4ccb-b77b-2c7cfa389054
14e6b456-dbe8-49fa-a7a9-a5b512badddf,96caf284-f9c7-4087-be8e-60b31862bc8d,c331e3bf-bc1c-4a17-a73a-96ab55efb01c,add_to_cart,https://shop.example.com/product/PROD-0274,9e198cf6-6e5c-496c-8663-8e434b5799a6,2025-11-06T00:41:54.980799+00:00,920fe448-95d0-4ccb-b77b-2c7cfa389054
ea3a182f-2b07-4c75-b05f-b57ea64c5c8d,38615039-6b4d-4135-b86b-35870b14a918,5948ac0c-0766-4500-b514-6d1f74041be0,page_view,shop.example.com/product/PROD-0400,5ebed95c-af22-4348-b2f5-f61b98507409,2027-06-05T16:04:29.980830+00:00,920fe448-95d0-4ccb-b77b-2c7cfa389054
b41da8df-9a4d-4ac8-bad4-d45c0f4e6686,afae2e9e-3694-44a1-9b3f-8517e55b9311,a99c5486-236f-407d-a027-4a4deec0deba,page_view,https://shop.example.com/product/PROD-0428, 553817af-c0e9-4086-aa6e-635908719375,2025-09-07T07:06:44.980858+00:00,920fe448-95d0-4ccb-b77b-2c7cfa389054
8868403d-9d72-4aad-aed3-0a4a284dde78,eb363499-ad32-41a7-b573-e6c186698c87,e8fccae1-0361-47f3-b68a-db549e4f02b2,page_view,https://shop.example.com/product/PROD-0005,47b598ff-14cb-4eff-aa67-edfcc1abc2a0,2024/31/01 25:61:00,920fe448-95d0-4ccb-b77b-2c7cfa389054
0d74eafa-f6d3-4d38-81a3-4a72c9b68815,b7457ec0-3ee5-4e24-a92a-eab566497ad1,a2af15c1-f460-4d7a-99d7-8d2a346568b2,search,https://shop.example.com/,19df6be5-3ff2-4edd-b15e-d0b4f32f45c0,,920fe448-95d0-4ccb-b77b-2c7cfa389054
971f972e-3222-4f70-900d-8af151e1ba6c,c4aaf176-58dc-4acf-9e08-59282cb2f7bc,7b0aabaa-295c-4e64-a93c-122fa7fcd001,search,https://shop.example.com/category/electronics,4534fa5e-fd92-4fdb-81ce-13b7eab04720,2025-11-03T08:21:23.980945+00:00,920fe448-95d0-4ccb-b77b-2c7cfa389054
d1505ddf-bc1f-4f8a-a0e6-2b9dcae141b3,6915ad70-6bbe-4ec8-9def-8c8bfc795fee,,page_view,https://shop.example.com/product/PROD-0019,cb6d6cfb-20df-438a-bebc-f4e8e2670748,2025-09-23 17:12:57.980967+00:00,920fe448-95d0-4ccb-b77b-2c7cfa389054
21e1ef4a-8a79-482d-8c69-fc45850f9bdf,39ed59a9-4fdd-4362-8332-ca8bcd280468,,add_to_cart,,a6e657e9-3b7c-490e-b750-c61969e599bb,2025-11-09 05:40:31.980994+00:00,920fe448-95d0-4ccb-b77b-2c7cfa389054
e6109159-5bd1-4b54-b22c-7cdd98d6e73f,44a11b0b-5e9c-4bd8-90a4-1a5f7d26d60c,d88f39e9-fbac-4047-b996-c2c3d8a62221,page_view,https://shop.example.com/product/PROD-0033,8770f4d9-8048-4ca4-b47c-791b089af507,2025-10-20T03:51:52.981051+00:00,920fe448-95d0-4ccb-b77b-2c7cfa389054
71d33a07-71f1-4a1d-97d3-94d77a62ce01,62ebe5de-7c5b-47ec-ba3d-522f85db93a2,3d76f608-6871-4121-9e2a-ebba6f946af4,page_view,https://shop.example.com/product/PROD-0121,2ec99550-6c3b-415f-a5e4-c4e105853f14,2025-09-27T17:27:58.981085+00:00,920fe448-95d0-4ccb-b77b-2c7cfa389054
bfa3f111-8e98-41bf-8d2a-a71f23696c49,8857486f-f3c8-455e-babf-1cbbf4c2a1d4,6397b642-d509-49ee-88f5-2bbd572abf30,page_view,https://shop.example.com/product/PROD-0495,0f844607-99ec-4c3b-8f1e-02e1ee349c71,2025-11-08T10:20:44.981135+00:00,920fe448-95d0-4ccb-b77b-2c7cfa389054
aa9d129f-23e9-497a-b8bc-769596738e0b,d8dc67a8-3dee-499a-bb4e-1eff3b45fdb4,76808e27-cf1c-4044-bf28-4b8472eab28c,add_to_cart,https://shop.example.com/product/PROD-0377,73efdb24-b26e-4d24-876c-2c230b91d42c,2025-10-02T15:06:13.981159+00:00,920fe448-95d0-4ccb-b77b-2c7cfa389054
2939359e-3d1c-451c-9cef-ac3cd320a265,e38d4e01-bdc3-467e-b984-3b13610f93bf,43aa6669-7b7a-47ee-9ef6-6e1b8a6cdbb4,page_view,https://shop.example.com/product/PROD-0302,c33f25c6-6d17-46eb-88bb-e7d3a73710ba,2025-10-24T12:14:05.981188+00:00,920fe448-95d0-4ccb-b77b-2c7cfa389054
3fd7612c-b8f8-4d47-8259-a40c562762bd,528ba0a2-1c3c-4c89-8a42-bc3d125c28ab,,page_view,https://shop.example.com/product/PROD-0197,8606514d-d765-4873-acf1-9cb52ae0dc51,2025-09-25T06:06:36.981228+00:00,920fe448-95d0-4ccb-b77b-2c7cfa389054
69a10cc6-9735-41bd-b610-e2591bf126c1,9a6e6774-621f-43e6-92f5-85fa6f788506,a96b95a6-71c9-44ec-81c3-07df1bb85d64,page_view,https://shop.example.com/product/PROD-0109,da146864-6375-4656-ae6d-520fe9ef7e00,2025-09-12T23:41:17.981280+00:00,920fe448-95d0-4ccb-b77b-2c7cfa389054
ff97244d-94d1-4a9e-a80e-bd12d9dadb43,b4688ba0-776c-40e3-97d2-50baa80cb481,2cae6467-ca80-46ac-8d6d-4df6e0e579ca,add_to_cart,https://shop.example.com/product/PROD-0160,6f242c1c-0ddf-4f55-8356-60244ca5c702,2025-10-14T14:05:55.981326+00:00,920fe448-95d0-4ccb-b77b-2c7cfa389054
364df7e4-5944-43e0-8bc4-851f1ac59c14,a428d1cd-5590-4d06-89c2-e96096b40497,,add_to_cart,https://shop.example.com/product/PROD-0147,bae44060-d08c-4304-8dd3-38f9b7b8c999,2025-09-28T11:04:32.981370+00:00,920fe448-95d0-4ccb-b77b-2c7cfa389054
47cf9720-3f25-4de5-bc07-8b4fe176e402,dcb29747-16c9-40f9-99b4-2373420fce49,17f7c5a6-4b2c-44c8-afbc-43776db6a9a2,page_view,https://shop.example.com/product/PROD-0230///,87cf9d03-9ea9-4ffc-baaa-28ba97c57c4f,2025-12-01T15:32:19.981441+00:00,920fe448-95d0-4ccb-b77b-2c7cfa389054
7804befe-17ce-4143-87c5-9cc44799e073,0323d70f-e60e-4644-a2a2-372a8ce77988,64106324-0326-45bd-b62e-11b7f6118dc9,page_view,https://shop.example.com/product/PROD-0044,a90f69d3-f149-499b-a353-81b9366c42b2,2025-09-17T12:40:06.981511+00:00,920fe448-95d0-4ccb-b77b-2c7cfa389054
ba21647a-4251-4555-963c-51dfffc86732,24625ba2-4e46-4eb8-abfa-32f7a2c8c2af,60c6a374-0c14-4bf0-8eea-cebd5f0d7075,page_view,https://shop.example.com/product/PROD-0052,46a3c0b6-5758-4eb3-8b80-60a5c6c2e030,2025-10-06T12:31:11.981573+00:00,920fe448-95d0-4ccb-b77b-2c7cfa389054
8a0047e0-dc44-49ca-ab51-e689131ae93a,613729a8-b74f-41d2-819a-3e64f2b800df,,page_view,https://shop.example.com/product/PROD-0274,1d7cc8a0-4f5c-4bee-a4ff-5c2653f3431e,2025-11-23T08:45:55.981635+00:00,920fe448-95d0-4ccb-b77b-2c7cfa389054
e71b962a-41d2-4e7f-912e-165820eee495,42f8612c-c3dd-445c-b41f-59e83342d844,b9da5a0a-f98d-45f7-8890-db93d873da9f,page_view,https://shop.example.com/product/PROD-0473,fcc74bdf-7ab1-4f8b-8257-c1a1aebe73c4,2025-09-16T23:15:04.981697+00:00,920fe448-95d0-4ccb-b77b-2c7cfa389054
d3192710-8685-4ff5-bca4-5016c8013383,4e8e6ea0-29ac-40ba-9593-56717e07e641,8c604c31-69d9-49f4-8936-2570fa3b126a,login,https://shop.example.com/category/electronics,e53cd27f-001c-4f89-b1c7-2a2a204b3741,2025-09-19T15:03:05.981747+00:00,920fe448-95d0-4ccb-b77b-2c7cfa389054
8faa3d8a-ec55-48e6-a9a5-63ea5c7c6a20,5e9036b5-4799-4412-9c11-2924febe680c,,page_view,https://shop.example.com/product/PROD-0048,f14ba284-27ca-498e-be4a-b08fe57db98d,2025-09-21T01:19:16.981792+00:00,920fe448-95d0-4ccb-b77b-2c7cfa389054
66dcdb9b-329e-4dac-aeb2-4507a8b05eeb,450b7ffe-b2f9-449d-9635-33c1ec11e8e5,c1f95021-d93f-4bb4-a89f-84fd81df50b7,login,https://shop.example.com/search?q=shoes,f29ec58d-53fe-459e-a99f-b0e87af8dbb8,2025-10-22T03:37:14.981848+00:00,920fe448-95d0-4ccb-b77b-2c7cfa389054
0c2a788e-f2bf-4639-a0f9-86bba0e7e7dd,d32087ab-7073-4180-b5b1-3bfd5086fb2a,,page_view,https://shop.example.com/product/PROD-0016,74fd4a51-2189-427a-b33c-992c6fa3ee86,2025-11-16T21:24:12.981893+00:00,920fe448-95d0-4ccb-b77b-2c7cfa389054
377f739e-389b-45a2-8554-9c6040bc9722,a30266c6-bcf7-42d7-85c4-41112a8025b8,dbb55e38-49b8-43c6-a5a2-5505ba5d0280,page_view,https://shop.example.com/product/PROD-0217,327a601b-5df1-41f5-80ab-02975f6c699a,2025-10-12T11:54:12.981939+00:00,920fe448-95d0-4ccb-b77b-2c7cfa389054
a08b46ff-0856-4dd7-a6a5-8673d506ef2a,ea970478-e798-48d6-9838-c3c4a137ef50,,add_to_cart,https://shop.example.com/product/PROD-0141,E4D96C99-A60D-414B-92C5-D9BDB73582B4,2025-11-13T05:14:56.981993+00:00,920fe448-95d0-4ccb-b77b-2c7cfa389054
dc354033-aef9-4d9f-8d2c-001316d44ad4,09651acc-e245-4f0c-9e0f-401d95c2b0b7,,search,https://shop.example.com/,2fcdbe34-bdd5-435d-8c96-e6c09ffbf7c6,2025-10-16T11:23:56.982047+00:00,920fe448-95d0-4ccb-b77b-2c7cfa389054
3014e109-94f7-44d5-9286-deac8d0b361e,e3f69a96-d3d5-4433-bfcf-9473512c6f95,6c7c8c98-4e33-447e-8553-042e677a99a4,page_view,https://shop.example.com/product/PROD-0186,bb33b043-9b75-4527-986c-97e46d00a75a,2025-09-11T15:26:55.982093+00:00,920fe448-95d0-4ccb-b77b-2c7cfa389054
64a60c81-98c9-4590-8bf1-02caa71abac9,2adc0681-a966-4274-aed5-52b7be1e5f16,0820e8db-76e8-4386-8532-ddcd0f67277c,page_view,https://shop.example.com/product/PROD-0203,ce44cfcc-f5d3-4b9d-af45-8312dd307bfa,2025-09-28T09:29:17.982139+00:00,920fe448-95d0-4ccb-b77b-2c7cfa389054
e3356834-30bf-4121-9c21-119093482720,d4868035-4945-4fc7-baec-ffc65ca09ca4,,page_view,https://shop.example.com/product/PROD-0268,de6c82d4-140f-4757-9736-20934ad00ebc,2025-11-08T05:35:16.982183+00:00,920fe448-95d0-4ccb-b77b-2c7cfa389054
bd2a3a19-e65b-4df7-9cd3-2039a3ad8d11,44ea105c-3dac-4d02-9619-ca9d995b64fc,,add_to_cart,https://shop.example.com/product/PROD-0318,9965203a-371d-47c3-a233-4dc60abc60b0,2025-10-12T01:51:53.982226+00:00,920fe448-95d0-4ccb-b77b-2c7cfa389054
dccd6e88-9164-4bfd-b07a-1b4b75152944,8bbdb1d1-31a4-4d2f-880d-989e029550b7,98990e2c-e6fe-4cc6-88c5-7caa11b49de3,page_view,https://shop.example.com/product/PROD-0147,f53945c6-8034-4ef1-b38f-475565e2de08,2025-10-18 12:29:24.982276+00:00,920fe448-95d0-4ccb-b77b-2c7cfa389054
9334470c-a9c7-40ed-b27f-e25cf0ef6a71,bda0e057-3e13-4055-b775-cf16f9dc484b,,page_view,https://shop.example.com/product/PROD-0474,c2bea514-9323-433b-b80c-4489a6cd9d23,2025-09-29T05:48:42,920fe448-95d0-4ccb-b77b-2c7cfa389054
8d5fea5d-2f5c-40e3-b7eb-b85995e393b1,9bb5d085-8d40-468e-85c7-d42146cb144b,,add_to_cart,https://shop.example.com/product/PROD-0451,50e35754-97d8-4bdc-9b3f-5ddce5c8719a,2025-10-20T17:16:35.982386+00:00,920fe448-95d0-4ccb-b77b-2c7cfa389054
3e3889f0-9d46-40d8-909b-3870a75c0887,0e44dc76-3541-4116-a1ba-d02d327a827e,,search,https://shop.example.com/cart///,3b186f41-21d4-4699-b7be-b5498464b01f,2025-09-15T14:58:25.982413+00:00,920fe448-95d0-4ccb-b77b-2c7cfa389054
cf4f59a1-cf79-4969-a21d-221cee7788a9,d4857a98-aee7-4fa2-af6e-b217fa94d831,dfcf0e58-9d1a-4f17-813a-dc1d683b7aca,page_view,https://shop.example.com/product/PROD-0275,7f8ee012-4d4c-4955-a5d7-0f3582dde558,2025-11-02T17:59:31,920fe448-95d0-4ccb-b77b-2c7cfa389054
a0114f0a-8d3e-45f7-b527-95ec8f1f4aa2,042fa772-b832-4cd6-a89e-92f16a7332a2,,page_view,https://shop.example.com/product/PROD-0303,73c83b21-c034-4968-a4f6-c8c9c2425eea,2025-09-30T03:51:11.982593+00:00,920fe448-95d0-4ccb-b77b-2c7cfa389054
1f53d142-cb7c-424f-b7af-eb1ad24f4b7a,8b8924df-5907-45cc-94c4-683772ba2b91,75f0833f-abc9-477e-9eef-c6573a23b7e2,search,https://shop.example.com/search?q=shoes,e1e57c16-1f5d-4602-bbc6-5663dae07b7c,2025-10-03T10:31:47.982616+00:00,920fe448-95d0-4ccb-b77b-2c7cfa389054
f772f18c-d35b-4071-9621-f18b14ee9441,6bc9bc4e-5af4-4ae9-808d-69e3d2cac2de,cfe87cea-e340-464d-a599-75de41d01810,page_view,https://shop.example.com/product/PROD-0368,f0334b40-c8b5-4cec-b47f-59ab08866a1e,2025-10-25T03:07:07.982639+00:00,920fe448-95d0-4ccb-b77b-2c7cfa389054
f0a3640b-a524-44bd-a23c-f1e28509b2ee,fbfab7ef-da20-42a8-a2ed-7fd040769e76,8d44dd91-328b-4aeb-810c-12678a967d02,search,https://shop.example.com/cart,d39b455c-2847-45f9-90d4-edf45e1def66,2025-09-26T13:34:04.982662+00:00,920fe448-95d0-4ccb-b77b-2c7cfa389054
4d2e6981-9d6f-4d84-a197-cd6d1fd0211c,3c6c3f7d-95d8-4e71-b716-ece4b99077c8,cdcbc96b-21ba-4410-9255-8b6f56f10cf1,search,https://shop.example.com/cart,63cfc161-62af-4110-a3e1-c4863434d461,2025-10-04T21:58:40.982686+00:00,920fe448-95d0-4ccb-b77b-2c7cfa389054
0fd61c5d-6dbd-4f10-a67d-5a25a627624a,24625ba2-4e46-4eb8-abfa-32f7a2c8c2af,d0d7691d-f46b-46a6-b005-61e18715cb0c,page_view,https://shop.example.com/product/PROD-0137,c74798e5-b20f-4695-a2e5-54fe20a57c7c,,920fe448-95d0-4ccb-b77b-2c7cfa389054
2718e684-9fa1-4588-a74e-661470d49d4d,2515742f-d7b3-4f28-9689-1f756e101e90,4a851a6e-42e1-430d-80dc-70a917464a8c,page_view,https://shop.example.com/product/PROD-0490,83e32ea8-545a-4734-ae34-191793236d48,2025-10-29T12:50:59.982757+00:00,920fe448-95d0-4ccb-b77b-2c7cfa389054
db2fad24-623a-4c8d-aef9-52f25e0fee40,66139917-7a89-4268-93d5-619647eb9e76,0eee9f7e-078f-4458-a02a-7dde3cb9c239,add_to_cart,http://///shop.example.com/product/PROD-0023,7671e159-3944-44ea-a0e5-9dc846fe221d,2025-10-01T14:35:58.982785+00:00,920fe448-95d0-4ccb-b77b-2c7cfa389054
578d38ad-a19a-42b7-903e-7e686feff10c,78eed00f-f447-4f88-86e0-c40f20f3720b,92c7a23d-5304-4e42-addf-7e4de80b5796,page_view,https://shop.example.com/product/PROD-0061,34827efd-0c9d-4063-9e7b-9b955dfdc4c7,2025-09-28 10:44:07.982811+00:00,920fe448-95d0-4ccb-b77b-2c7cfa389054
ef95ac1e-99d0-420f-b47c-c543c6e9275f,f392f5a0-9cd2-48a8-91da-56a71b904b24,,search,HTTPS://SHOP.EXAMPLE.COM/,fbaa6c04-406c-4b11-b577-6cbad5208385,2025-11-03 04:45:45.982845+00:00,920fe448-95d0-4ccb-b77b-2c7cfa389054
03b4dd7b-cdbd-4370-a5dc-bc4eed999ef0,f4003a7c-56ef-40a8-805d-cd77e280d18d,049a0a12-91fa-4a3c-aa21-ae62a91c16e7,add_to_cart,https://shop.example.com/product/PROD-0196, 0704e6a2-3af9-48ab-b0dd-c3f7b61b37ed,2025-10-22T04:08:42.982903+00:00,920fe448-95d0-4ccb-b77b-2c7cfa389054
c366794f-1723-4dcc-902c-e6542d22a598,9be83faf-ec15-4e13-80ca-1f7c488d67fb,,page_view,https://shop.example.com/product/PROD-0274,44b7066d-8754-4521-b1a9-3d08cb6001da,2025-10-02T11:52:16.982928+00:00,920fe448-95d0-4ccb-b77b-2c7cfa389054
956d16ff-9bfd-4883-b1c4-9737a6385bd1,73c7ef51-d1c6-447b-82a1-746870ef2ccc,cd8401ca-5800-4f05-a845-d2bfc2f2e5e6,add_to_cart,https://shop.example.com/product/PROD-0374///,0665de4c-b475-4677-8a2e-22d9aa59feb5,2024/31/01 25:61:00,920fe448-95d0-4ccb-b77b-2c7cfa389054
3e59528a-a864-4a15-a0ed-40d09de2500e,db1ac8ff-fd27-4fb8-a7a5-110ae46273d2,,search,https://shop.example.com/category/electronics,79eca9f0-d49b-4cf1-9fa7-c6941d68b067,2024/31/01 25:61:00,920fe448-95d0-4ccb-b77b-2c7cfa389054
c616aa51-a79b-4349-b2cd-93a53cbe83c5,289861d4-b5a3-43ab-b667-8a8359c90e48,,page_view,https://shop.example.com/product/PROD-0240,92d3e942-1abd-4a4f-9c2b-d27913c162e8,2025-11-27T09:25:56.983023+00:00,920fe448-95d0-4ccb-b77b-2c7cfa389054
df749358-f15f-466e-913e-942738ea3c69,20808f9d-d83b-4e4d-89fa-80e79a3944fe,,page_view,https://shop.example.com/product/PROD-0328,e128f5af-955d-4615-b190-8421b751ffc1,2025-09-14T05:25:51.983045+00:00,920fe448-95d0-4ccb-b77b-2c7cfa389054
0cf6f17b-1cdf-4624-ad17-d9064d98369a,ea343f79-b8c5-420b-bb28-278547456c0e,f8e58307-5cef-4cf2-8688-d0fb9d0be272,search,https://shop.example.com/category/electronics,bf6ff151-e5f1-4bc5-93e2-5b9ef2fa3215,2025-11-08T05:23:50.983066+00:00,920fe448-95d0-4ccb-b77b-2c7cfa389054
e963dddc-37dd-464b-a477-71f92f7c5a05,d13f9114-7e98-486a-b3e9-3115dbd4362a,,page_view,HTTPS://SHOP.EXAMPLE.COM/PRODUCT/PROD-0296,b7f5b297-a90e-47db-a6e1-27ce42e0e753,2025-11-02T23:34:17.983088+00:00,920fe448-95d0-4ccb-b77b-2c7cfa389054
02c29ee9-32ad-4870-9937-68345808d2ee,67a19ee2-6c9b-439b-9f5e-acbc81e56bc1,9c37dee9-fe2b-436f-b5f5-ae5b13634e3f,add_to_cart,https://shop.example.com/product/PROD-0325,75ea0778-1208-4d87-909c-818bb1be377c,2025-10-09T10:27:51.983111+00:00,920fe448-95d0-4ccb-b77b-2c7cfa389054
caab7b8e-9811-4631-84f0-7f4796c07186,f70d3b5f-6654-40b2-857d-272e8c7aefd8,,search,https://shop.example.com/search?q=shoes,5770f8b6-97e2-437b-897d-2c13d72df757,2025-10-19T16:19:34.983132+00:00,920fe448-95d0-4ccb-b77b-2c7cfa389054
b17039ee-f5d2-4025-8c28-1d5dc8dbf6db,69d8fe47-4b44-4ce3-a126-e0ee5faa9dcb,a96ca79b-63f3-4ba6-8693-2b8d2d56a973,page_view,https://shop.example.com/product/PROD-0127,dc44616c-ad29-46c7-896a-fc8611f9d04a,2025-11-29T07:03:48.983154+00:00,920fe448-95d0-4ccb-b77b-2c7cfa389054
70e79fcb-4f88-4c01-a081-d3b173528cf1,e0b531b5-c8d9-47d6-8a81-700ced1d8f5f,a3a6751d-3a80-4b37-b5d5-18ac75d06042,add_to_cart,https://shop.example.com/product/PROD-0357,f3550057-1af4-4cf9-a6ad-1946fb733bc4,2025-11-15T01:35:38.983177+00:00,920fe448-95d0-4ccb-b77b-2c7cfa389054
ecd9b81f-7722-4ecf-8613-2e59f064c8e1,f50d4dc5-68c4-4890-95a6-282c03bbfd91,05550f84-799e-4006-ba38-704d9bb47592,page_view,https://shop.example.com/product/PROD-0461,e7478a9d-6b45-4025-87bd-d20bc3133467,2025-10-14T04:56:58.983199+00:00,920fe448-95d0-4ccb-b77b-2c7cfa389054
c69638ff-fce3-4be2-a262-39ffff957275,f587ee44-7b94-403a-a029-2d09f9b34dcf,800ed8fb-d673-4757-9fdb-ea0da6255793,login,https://shop.example.com/search?q=shoes,6c88c8bf-fde3-4aba-b6fc-2fa286bef0e3,2025-09-03T14:09:53.983221+00:00,920fe448-95d0-4ccb-b77b-2c7cfa389054
d4a3c01b-5575-4e4e-aa3e-7a4a361b6698,43c2b201-8c9f-469f-a41f-f0617742d32f,6bfd51c1-c6f9-4ab2-a5e0-feba3bc749f3,page_view,https://shop.example.com/product/PROD-0306,4d5eaa89-b3ab-439b-be18-53c1228a48c6,2025-09-03T01:28:22.983242+00:00,920fe448-95d0-4ccb-b77b-2c7cfa389054
8408d4b8-1dba-4ea7-9847-9b280adf6a02,5653d518-ba72-4ba3-a39e-edc5d31ee466,16e7706e-eff5-4aaf-8720-bf69871c04a0,login,https://shop.example.com/search?q=shoes,50276917-494c-4706-988b-af57c50092b8,2024/31/01 25:61:00,920fe448-95d0-4ccb-b77b-2c7cfa389054
a77908f8-2144-4314-b657-5fa8d6796b93,8ebb6b53-760f-4378-8ecc-483928fa1aa3,b530c094-5b2f-4884-a875-ed6effabedfe,page_view,https://shop.example.com/product/PROD-0367,3b070d43-29db-48fd-9eea-29fbbd12d18a,2025-09-26T14:09:41.983309+00:00,920fe448-95d0-4ccb-b77b-2c7cfa389054
1b679dd0-5b7f-4399-9906-9fcc2126431a,6aa3a510-4618-45a1-894b-aac5badadf04,382c87fe-09d6-455f-a5b0-d292796c3a0d,page_view,https://shop.example.com/product/PROD-0051,67b8cba5-51ca-4897-b8c6-c43fd583cc62,2025-10-30T08:20:41.983331+00:00,920fe448-95d0-4ccb-b77b-2c7cfa389054
abacf56f-773d-4bb5-8da9-bfbe709f5f4c,8340650c-84c3-48f7-8189-d2561087e0ef,3be99732-5e0e-46e4-8be8-97780cc68cee,page_view,https://shop.example.com/product/PROD-0378,32497410-3e03-4d42-a072-bf8bc7b8e921,2025-11-03T17:55:22.983355+00:00,920fe448-95d0-4ccb-b77b-2c7cfa389054
a84d46cf-8bb8-4f27-a6ca-5b7c38f8488e,420e1e8d-976b-4408-924a-8e438275120a,,search,https://shop.example.com/search?q=shoes,bcb9a291-4de9-4576-b889-8a610f7f7be2,2025-10-07T15:23:28.983377+00:00,920fe448-95d0-4ccb-b77b-2c7cfa389054
676a61c9-8bed-48a4-9ee0-c8ad0a1c99ee,cc73f50f-a441-4564-a877-09f8e7a8ade1,a0365c51-a147-4942-b56c-63ac2807c65c,login,https://shop.example.com/,a9f5fdc8-b0bf-4b3a-845d-fb81b5f060ab,2025-10-28T22:10:55.983410+00:00,920fe448-95d0-4ccb-b77b-2c7cfa389054
2bdb4329-013d-4973-95e7-8706badcbf72,88be70a8-52df-4d27-9d67-eca6fc0923cc,d04aaeb4-fbeb-4913-907a-6b3d2022ad1b,search,https://shop.example.com/category/electronics,879f4583-adfe-4b07-acb9-f50ffc47fc82,2025-09-14 18:22:05.983451+00:00,920fe448-95d0-4ccb-b77b-2c7cfa389054
e681fcb9-ad47-4be7-b416-e52eeffe827b,2f962d08-95f0-4559-a1f8-96e5968a0a5e,57bced16-4a9b-4cc1-b02c-d73a16525eaa,add_to_cart,https://shop.example.com/product/PROD-0098,43b06c5c-dda8-472e-b081-af7808973a30,2025-11-17T15:21:37,920fe448-95d0-4ccb-b77b-2c7cfa389054
78c24cab-52aa-4cec-bfd1-e96f89dda80f,aa496af4-0921-4e85-8c6e-7f95078daf78,e3579921-2e47-4a5b-9a40-58c9c612e1c9,page_view,https://shop.example.com/product/PROD-0047,67bdedb4-f68a-4854-8f49-1f785ad7b504,2025-12-01T20:33:05.983604+00:00,920fe448-95d0-4ccb-b77b-2c7cfa389054
0d6fb75b-2324-4b1b-b941-d27f5894666e,a3809fab-4f0a-46be-9874-bdc1cf8eac96,,search,https://shop.example.com/cart,abb98b57-1338-4402-b4c1-4501e2dde051,2025-10-24T07:00:35.983654+00:00,920fe448-95d0-4ccb-b77b-2c7cfa389054
eb25859d-6848-47a9-b200-cd02c52bfbc8,f0a7c587-bf4c-41c2-9d6e-ab762f3fee85,17a8986d-97ba-4f7b-b318-a527e150e914,page_view,https://shop.example.com/product/PROD-0198,7f13d46a-01d0-47a4-a73d-e6038500827d,2025-10-08 21:41:59.983708+00:00,920fe448-95d0-4ccb-b77b-2c7cfa389054
7c0de2c7-1135-421c-b127-f5a7b235d47c,3838d56b-504b-412b-bce8-8ecb0e8e04bf,90515fd9-81df-4a9a-bda4-a6d7d15eee91,login,https://shop.example.com/search?q=shoes,242370f3-2560-48c4-a3ed-96c251390f5b,2026-09-12T16:04:29.983785+00:00,920fe448-95d0-4ccb-b77b-2c7cfa389054
a6c16d03-95a9-4b4e-8872-54891a1720c6,820d8bac-07f9-4b14-8240-55fbf18fc239,,login,https://shop.example.com/,9ebe3651-8c12-44e1-a0d0-464fbf8fe634,2025-11-26T16:33:44.983830+00:00,920fe448-95d0-4ccb-b77b-2c7cfa389054
4f347c80-caa3-4b24-9ab3-09dd24c9e29a,ae2c1aa1-6a22-4dba-bd02-4a8534fcc3d6,a693ad5b-bff2-4724-ad82-a0532c99ef9b,add_to_cart,https://shop.example.com/product/PROD-0149,33aff79a-34f8-493a-a0cc-72ce1d8ccce0,2025-11-26T12:37:13.983888+00:00,920fe448-95d0-4ccb-b77b-2c7cfa389054
c4a0a137-7de3-4ecf-9307-97697411650a,604ca95c-be76-4440-b832-1e3a49a12890,3e4b0a6f-8870-4219-ba64-fae73a35ee01,add_to_cart,https://shop.example.com/product/PROD-0290,83efcba7-6f59-4bb7-9838-7dac7e6d3189,2025-09-05T19:41:41.983949+00:00,920fe448-95d0-4ccb-b77b-2c7cfa389054
2788bf09-1613-425e-b22e-fb6093b40515,9da1c5ca-be8a-4821-ae99-c1586fd097bb,,page_view,https://shop.example.com/product/PROD-0241,3cc4dda4-2507-4623-b64c-749c59caae41,2025-11-07T06:38:38.983998+00:00,920fe448-95d0-4ccb-b77b-2c7cfa389054
89fd5b54-291f-4b1e-a747-096037d2b3ae,de7e2d42-f206-4d8e-984b-b51c0d5e33fa,5d90d4e2-8970-4d87-8ee0-3e387e98a273,add_to_cart,https://shop.example.com/product/PROD-0424,cff3f088-fda0-4dcf-99ae-b2f3ecad91e0,2025-10-19T09:02:12.984045+00:00,920fe448-95d0-4ccb-b77b-2c7cfa389054
59bea1e2-9275-41a8-bbae-9221a16e521e,86a5d2d7-3ced-4c04-a958-41fee97491cc,fa446758-a221-406f-91a6-27933116f41e,add_to_cart,https://shop.example.com/product/PROD-0499,0ba62d2b-0609-4871-a8ae-d66ffcbe3a3f,2025-10-03T10:08:27.984103+00:00,920fe448-95d0-4ccb-b77b-2c7cfa389054
75e63dce-6bcd-4fbe-8030-a050c279fe4d,c7871bd8-6462-4b4b-8388-a83ca83dcb2d,,page_view,https://shop.example.com/product/PROD-0389,171a12c2-b794-46a1-8010-d9f2e6fa9ece,2025-10-14T12:04:20.984180+00:00,920fe448-95d0-4ccb-b77b-2c7cfa389054
91b34293-25b0-4776-9a78-85933e93185b,995572b2-c891-4080-af7f-eca28565b25e,fc1ee5cd-de72-4f8a-9ca4-bb13d31f7f44,page_view,https://shop.example.com/product/PROD-0239,92cab1ec-d4af-40f8-b074-adb41a241817,2025-10-14T23:26:02.984238+00:00,920fe448-95d0-4ccb-b77b-2c7cfa389054
01d95bb3-6696-49db-836d-042aa0df52e2,8079042c-c527-4fb2-b77c-cee36c9c5d54,,add_to_cart,https://shop.example.com/product/PROD-0128,96cee460-6f66-4cea-88a0-e0af2b9eba91,2025-11-04T08:24:08.984278+00:00,920fe448-95d0-4ccb-b77b-2c7cfa389054
83d618a6-5eb1-4671-b6cb-d51829418695,eca8be78-bc0a-48f2-ab9e-cb7ef3103987,bcc58662-53b9-40ed-b248-7531a9b128c9,page_view,http://///shop.example.com/product/PROD-0234,654F6297-BBC6-4EF0-BC85-8463846AC6AF,2025-11-04T02:56:21.984320+00:00,920fe448-95d0-4ccb-b77b-2c7cfa389054
3a5341c8-e9db-491f-818e-0843a2e5bcd3,62314efd-918d-4f5e-a4f9-a711ac1b845c,,page_view,https://shop.example.com/product/PROD-0500,6d077259-d54f-40bd-a181-1adb836f72cd,2025-09-02T21:02:15.984362+00:00,920fe448-95d0-4ccb-b77b-2c7cfa389054
9dd9f5e2-4f81-4b10-8c0b-ad050621f80e,86bb8f93-f6fb-4ca2-a3c5-a7c96a8bbb23,5b411840-436a-497a-ad30-44e7e5328e0a,login,HTTPS://SHOP.EXAMPLE.COM/CART,ffe4d3a9-98ce-4105-8811-9c636d9d0694,2025-11-29T06:18:48.984386+00:00,920fe448-95d0-4ccb-b77b-2c7cfa389054
df7aa1fd-16b1-49ab-ab6c-63f0abb22fc5,7a866c04-87ce-4cdc-868a-94e26fd7a930,13acb4d2-d672-42d7-9900-f615e6c20954,page_view,https://shop.example.com/product/PROD-0103, 48b5b69f-705b-417a-bdd8-2b73cd7d7637,2025-09-30T08:56:14,920fe448-95d0-4ccb-b77b-2c7cfa389054
ea98bbbc-0ea4-4323-9c8f-41014bedd3f1,3869e897-eee9-428f-8179-53350c478465,,login,https://shop.example.com/search?q=shoes,ad7d4049-0e33-4359-9b14-f1d8326461c0,2025-10-22T09:39:53.984477+00:00,920fe448-95d0-4ccb-b77b-2c7cfa389054
24f1c48b-a471-43f8-a443-20d0208b4bcf,6bda591c-51de-4da8-94ec-31582e4bdef3,,page_view,https://shop.example.com/product/PROD-0451,9d560b3b-1b9d-4881-9b02-cdb7cfec0a3c,2025-11-24T07:59:39.984500+00:00,920fe448-95d0-4ccb-b77b-2c7cfa389054
619423e8-eaa1-46d4-bed5-91695c631388,37907b8d-e117-4f8c-ac8d-18844c935a47,85757346-010c-4ddf-beaa-7971ceb383ff,page_view,https://shop.example.com/product/PROD-0256,c3887ed1-41aa-4e3b-bad1-b0113118a83e,2025-11-04T08:36:52.984546+00:00,920fe448-95d0-4ccb-b77b-2c7cfa389054
69978427-a441-423c-b9da-544d67b30c80,b214605e-127c-42a1-bf3a-293488f640c2,c3cb57c9-dd64-4900-a793-453ffd13eb81,add_to_cart,https://shop.example.com/product/PROD-0124,565cb746-fe8d-4383-a12b-9c39f4e89a22,2025-09-29T22:10:01.984578+00:00,920fe448-95d0-4ccb-b77b-2c7cfa389054
02776110-e350-4a64-82fc-1f3c31f8fab4,f4cc6f12-9531-439a-b753-175b0b5a4b85,29e735bf-345c-4191-b796-fe4fd52b5d97,page_view,https://shop.example.com/product/PROD-0336,7bca124f-2cea-4bc9-8b1e-df730d4c9ffe,2025-09-11T03:13:01.984601+00:00,920fe448-95d0-4ccb-b77b-2c7cfa389054
30c8725f-cb3d-4c4a-9afa-b949c908d3d8,93b83a61-3464-4a68-b294-00572b147a7e,088b79d2-6ee4-449e-a6cb-88d0a4671abe,search,https://shop.example.com/search?q=shoes///,7f982ce0-12b3-49f4-8d43-67d6f6f3b3f3,2025-11-06T16:23:43.984622+00:00,920fe448-95d0-4ccb-b77b-2c7cfa389054
be35f233-2334-43e0-9341-c9ec2c846e3f,71701ee3-9fd3-4391-a4b7-d0bffe5e5079,c1916507-3905-493d-9467-06016673d2ec,add_to_cart,https://shop.example.com/product/PROD-0438,eb4af47a-5127-49a4-9e3a-7814dd7e8b84,2025-11-07 23:21:35.984662+00:00,920fe448-95d0-4ccb-b77b-2c7cfa389054
e075481e-a2ce-438a-8bc8-e960700e300b,a6831dbc-481a-43ba-afd7-c296758c4429,a76d672a-9a75-46df-8cd2-34659c5c9296,page_view,https://shop.example.com/product/PROD-0238,3f8c6f3d-8eaa-48f6-8f05-10a2c7af6e1d,2025-10-02T17:57:07.984734+00:00,920fe448-95d0-4ccb-b77b-2c7cfa389054
4c9cf0b8-e46f-4358-bfb1-f9c52fade77c,131400aa-53b4-4937-b347-da64722b378e,4382493c-e3ee-4531-971d-04ad5ccfa421,page_view,https://shop.example.com/product/PROD-0262,e6b8a079-6b83-4b93-89b9-03f1e80037dd,2024/31/01 25:61:00,920fe448-95d0-4ccb-b77b-2c7cfa389054
d5ebcc93-4475-41e8-bee9-681ac8782dc6,f7f65bee-694b-4b65-9a09-f9fec8707754,137a4be3-6760-425b-a48d-2f807c883e90,add_to_cart,https://shop.example.com/product/PROD-0383,311370ce-ce13-4ec0-b4ac-f58a4f06dcb2,2025-10-17T19:47:49,920fe448-95d0-4ccb-b77b-2c7cfa389054
f0feeebd-fb0b-40cc-ae7e-caa9b099d9cc,32e31582-2a56-4e77-95a7-70813d433df9,,page_view,https://shop.example.com/product/PROD-0096,42e51c89-c245-45b4-9799-f1f9c56ad555,2025-09-13T12:11:31.984927+00:00,920fe448-95d0-4ccb-b77b-2c7cfa389054
a61caa36-cd77-4e22-9911-01f45eed46be,847fde73-ff8b-482a-9081-b9c28843369f,c6b4046e-9768-45d1-bd10-e75f47611328,page_view,https://shop.example.com/product/PROD-0028,f5069303-8cf2-4cf4-8430-d1459bc84114,2025-10-19T10:08:50.984985+00:00,920fe448-95d0-4ccb-b77b-2c7cfa389054
cce16e9d-5bfc-4c36-97e4-af3286b2efe4,58b6bb63-dd99-4691-930c-b344535c07cc,8207fd82-f39a-4d20-8aaf-bfcaab19bac1,search,https://shop.example.com/cart,96a17708-d5d8-4632-92e8-635352e5a7c4,2025-09-25T12:38:16.985030+00:00,920fe448-95d0-4ccb-b77b-2c7cfa389054
0676e2f4-1528-47d0-94eb-1d07b0d37a2e,5722d16e-592e-4e2b-a44d-584376879a8f,7ac2bfd6-dcc1-4316-bd4b-62cdd070defe,add_to_cart,https://shop.example.com/product/PROD-0226,38ab72e5-93e5-4266-8326-07147a43383b,2025-09-25T20:42:36.985080+00:00,920fe448-95d0-4ccb-b77b-2c7cfa389054
91e43750-fd53-49f1-8560-d296199048ed,472eaa57-65ef-41cf-91d0-3a0b6647b6f1,,page_view,https://shop.example.com/product/PROD-0012,87614ddf-7b6e-4fef-ad5b-3fc869488d42,2025-10-26T07:32:58.985123+00:00,920fe448-95d0-4ccb-b77b-2c7cfa389054
cc27bc9e-0e76-44b8-b63a-7047e8ac836e,a75f0165-4691-4b8e-9799-832ad172bef5,c806bb0a-7f37-4b46-a35b-c364cb4adc53,login,https://shop.example.com/cart,d24d92b0-4fe7-4c90-9cf6-fa67a3cb4d2e,2025-11-07T06:04:26.985169+00:00,920fe448-95d0-4ccb-b77b-2c7cfa389054
82ea9913-ae4d-43e4-9117-2dcad3aefaa4,ca0005ba-bb1d-4356-b427-1c8816367917,,search,https://shop.example.com/category/electronics,d1c1489d-ee34-4b40-a2d3-28f35a502dca,2025-10-12T10:23:28.985212+00:00,920fe448-95d0-4ccb-b77b-2c7cfa389054
fe625495-5d92-4e15-a3ab-5f26b25f4bce,f9fe0255-5f4b-4e63-8b5a-9090ba7bc75e,,add_to_cart,https://shop.example.com/product/PROD-0441,dbe72d22-8c00-4d26-bcf2-f04de0c57e82,2025-11-10T14:50:02.985255+00:00,920fe448-95d0-4ccb-b77b-2c7cfa389054
f1076a49-817e-4500-968a-09ac3192d038,e03a064a-d144-406a-bcce-d28da2c58f5f,,add_to_cart,https://shop.example.com/product/PROD-0370,818afbf1-f3d4-428d-a456-d5c77f500ba5,2025-10-17T19:56:51.985301+00:00,920fe448-95d0-4ccb-b77b-2c7cfa389054
1e016978-a0df-4972-aa6e-2e0f9477ab3e,ea53e464-2957-4a8c-a2e9-b1e69f5e4c84,664999e8-87a1-4488-a1af-8e2ac1fb134c,page_view,https://shop.example.com/product/PROD-0180,103ee707-fd43-4e9a-802e-9d76e80cead3,2025-09-16T23:09:58.985346+00:00,920fe448-95d0-4ccb-b77b-2c7cfa389054
effdd8f8-e4f7-4e7b-a5b3-96d67ed51f5d,74ec107b-7a86-4858-a503-e9078ffdd43d,f3abb737-a245-4afe-b64f-6f13cef41bc1,add_to_cart,https://shop.example.com/product/PROD-0262,d7912ed4-4de4-4a87-8c56-7ad7924d037c,2025-09-10T17:38:14.985391+00:00,920fe448-95d0-4ccb-b77b-2c7cfa389054
7dce0181-cee0-42c0-a449-b0d6a66da071,139868df-be00-414e-9804-a5d658b88353,,page_view,https://shop.example.com/product/PROD-0144,72d01fb3-ec42-445b-b512-9d6ef3e0ca09,2025-09-15T16:05:12.985434+00:00,920fe448-95d0-4ccb-b77b-2c7cfa389054
12b8003b-4d99-47b9-80fb-314181db5b01,9e8e2c78-f741-4110-9bce-112fed3175ed,77cb9626-731f-4f83-8378-077574ae226a,page_view,https://shop.example.com/product/PROD-0381,b4c1480e-c5f6-4d77-a4ce-5ff34fb63b47,2024/31/01 25:61:00,920fe448-95d0-4ccb-b77b-2c7cfa389054
150718f7-38b2-4482-8981-f81eb6f094bc,82acd43f-34bc-4643-a6b9-ae3c4f077e39,016287f7-2a5a-4cc5-bf85-68aa2dd7e558,search,https://shop.example.com/search?q=shoes,6b48384d-497b-47d5-8cea-d84187d01b47,2024/31/01 25:61:00,920fe448-95d0-4ccb-b77b-2c7cfa389054
c0f5dd54-9efa-43fe-b531-bda080ec1575,a3e60fdb-75d0-4708-a6a8-802052c64816,d63c16a5-0290-42b8-9e19-78d4b1331429,add_to_cart,https://shop.example.com/product/PROD-0447,d881931a-703f-4c74-8b6b-9f34e1195073,2025-09-11T15:09:43.985601+00:00,920fe448-95d0-4ccb-b77b-2c7cfa389054
83b40e30-d3d3-41e8-a16f-24cce361de61,ebede0c3-af0f-4e24-bfda-35c8ca2913e5,8e59be53-1892-4827-b6fa-23c09204962e,page_view,https://shop.example.com/product/PROD-0365,03bb92cb-65d1-4afe-9ebd-68393ace4058,2025-09-28T17:30:01.985655+00:00,920fe448-95d0-4ccb-b77b-2c7cfa389054
d76fb2d2-07ab-4c02-ad65-62a6cee8ec02,cf084c7c-6d98-4b0c-9c1c-4534eebce0d7,,page_view,https://shop.example.com/product/PROD-0414,65e5d69b-21d9-4caf-9049-f867ee65a700,2025-09-22T06:52:00.985696+00:00,920fe448-95d0-4ccb-b77b-2c7cfa389054
48e4b8be-498c-4c3c-8105-f00c9635f7b1,fcd32c41-2742-45d8-8e09-0845f0fc1be8,f8623ce7-80b5-414d-94fe-47bf5aed4756,page_view,https://shop.example.com/product/PROD-0135,4d339404-7e2e-497e-bc3f-217b08c1072e,2025-11-17T18:19:11.985720+00:00,920fe448-95d0-4ccb-b77b-2c7cfa389054
acbd1a16-2595-43b1-a3e0-23dcf0337e66,f4cc6f12-9531-439a-b753-175b0b5a4b85,409e9ee2-d722-4139-bcc6-308afd904820,page_view,https://shop.example.com/product/PROD-0315,9d1aaa2c-f219-457a-934e-405cc1961d46,2025-10-10T16:54:30.985741+00:00,920fe448-95d0-4ccb-b77b-2c7cfa389054
25dd3b71-8dae-48e1-b8de-9d179a05f6ba,bc1dd913-26de-477c-b85c-affbc206a3dc,7bc09da4-5347-4934-bcae-0d2e23cbebeb,page_view,https://shop.example.com/prod////PROD-0053,4effcfb7-db10-4236-b883-159fb2684c03,2025-11-20T21:43:47.985764+00:00,920fe448-95d0-4ccb-b77b-2c7cfa389054
93ffb455-71ad-4114-a80e-924360be90cc,e548b354-380b-460d-b36d-7d7649d641ef,5c5fa858-b14b-40bc-b805-9aee534bf376,page_view,https://shop.example.com/product/PROD-0433,445ba012-069c-4025-9968-56844e0260f7,2025-09-16T18:06:04.985788+00:00,920fe448-95d0-4ccb-b77b-2c7cfa389054
11c52b5e-4d67-4a2b-8ef2-a855ae9c41d0,eff24236-69e8-49db-bfb4-72fa6e3fe488,4b4cad8a-1be7-40ff-b6b9-1dbfb102d4d1,page_view,https://shop.example.com/product/PROD-0165,e31e3192-b86a-48bd-ada8-f0a54161c427,2025-11-05T03:31:39.985812+00:00,920fe448-95d0-4ccb-b77b-2c7cfa389054
3592457f-c1cb-4732-af7f-5aa675ce01ba,12366eac-2698-4671-b79b-9d2acd5d3daf,,search,https://shop.example.com/,38c82a95-37bd-4769-9e7b-b9cc2d5f6623,2025-09-17T23:13:01.985833+00:00,920fe448-95d0-4ccb-b77b-2c7cfa389054
62c45824-41c2-4692-8125-80a048f3c04e,5c2368c5-e043-4d1a-b303-b4d72ba3e19f,f9cc58c8-85b2-4d76-beb0-70740ee74232,add_to_cart,https://shop.example.com/product/PROD-0122,16dc88b1-948d-40b9-b179-b3db41ee0e25,2025-11-08T01:59:59.985854+00:00,920fe448-95d0-4ccb-b77b-2c7cfa389054
ab8a2b66-5592-485c-9fd9-5231839f6cd6,0b5a91dd-6df7-4593-bd2b-d83a2b1a727d,318686ad-a129-4a80-94f6-1c075cd43160,add_to_cart,https://shop.example.com/product/PROD-0390,e736c6b5-22bc-49da-9fd9-7e4190bf8d60,2025-11-25T19:27:31.985877+00:00,920fe448-95d0-4ccb-b77b-2c7cfa389054
9ed7e9fc-a27d-4223-a76a-807c68b70aa8,ec20bcb1-d13f-46e4-9f66-399efa44c400,50ac5032-82b9-4fb8-a3e4-85c809ffcfd6,page_view,https://shop.example.com/product/PROD-0020,bd0be60a-81fe-4a6c-915b-3b3781a447b6,2025-10-22T23:42:53.985900+00:00,920fe448-95d0-4ccb-b77b-2c7cfa389054
0588fc2a-cf04-485e-83f2-8f703d30a5ef,7a757170-562f-4c5e-9269-faf7077fc051,,page_view,https://shop.example.com/product/PROD-0202,e95f5202-892e-4280-894e-f64beeda6440,2025-10-20T14:49:03.985921+00:00,920fe448-95d0-4ccb-b77b-2c7cfa389054
e5f3d0ce-0f66-4934-946b-19446b747134,7fb1584f-944a-4729-956c-6ffa28fe9968,5e9ca355-07ae-4678-98b6-7985b11f82e5,search,https://shop.example.com/,512c9954-7af8-483b-94b5-8a1a5d2c657b,2025-09-11T17:06:44,920fe448-95d0-4ccb-b77b-2c7cfa389054
b3b76156-abd3-4725-a045-7007b725c117,e8d5753f-7c06-4242-a5b5-d636f87ed805,c07c1454-05a2-4638-863d-945630ba66fd,add_to_cart,https://shop.example.com/product/PROD-0072,fb8125f2-7409-4b01-bfc9-f2291ca12c55,2025-10-19T10:18:26.986017+00:00,920fe448-95d0-4ccb-b77b-2c7cfa389054
edacf91e-1054-4208-aeb5-bd67384a0c6a,8122b01f-d7b1-4a28-8595-d3c2467b9738,3399ac51-44fc-4822-91ae-f6ea3d4b2836,search,https://shop.example.com/search?q=shoes///,f45ae823-e988-4bf5-8b54-0484c24f60fc,2025-11-10T13:48:19.986039+00:00,920fe448-95d0-4ccb-b77b-2c7cfa389054
c8c04c11-e2a7-4d1a-ae62-350e8e504be2,9a32aff7-f93d-4073-a7ea-e9b9b0bdfe18,fd6e1d78-338d-41e4-af09-33d4fb1f5628,login,https://shop.example.com/category/electronics,b5dcf133-e6b6-4bef-ab30-e6d2bbd40185,2025-11-06T05:36:29.986063+00:00,920fe448-95d0-4ccb-b77b-2c7cfa389054
36336a15-9559-428d-8156-2975cf3fb84e,f5ed9cf8-879f-4ec6-a27c-79e89a6c3e9b,2813cd5f-adb9-491a-8668-6f2eeb5adf30,search,https://shop.example.com/cart,d80e6a2d-1285-4ecc-a091-03f49a049ebe,2025-09-24T19:37:50.986085+00:00,920fe448-95d0-4ccb-b77b-2c7cfa389054
c4c3847f-56a2-4ea3-a6c4-80c2e9a5d32a,7f4915e3-ea58-45ac-a26b-496b6b3da985,ca530bb1-5b63-469d-9993-16dc35873745,page_view,https://shop.example.com/product/PROD-0474,5f7af4ef-45bc-43fa-a2f3-5591bc74e0d6,2024/31/01 25:61:00,920fe448-95d0-4ccb-b77b-2c7cfa389054
d077f02e-10f1-4864-94a5-2cbcc383babc,24933129-783c-4721-ad48-739ed98ec0ba,18b75cf8-8ad7-4046-af1e-e75d0deb0973,search,https://shop.example.com/,deaf2216-5c31-4adb-af49-6b65f0449664,2025-10-18T20:59:13.986135+00:00,920fe448-95d0-4ccb-b77b-2c7cfa389054
138fb087-3194-4554-9c68-43413f05feaf,cb409b74-61c8-4494-9ae3-95344ebcdc11,a9b531d6-88ad-4cd3-bfa8-853648990f99,login,https://shop.example.com/category/electronics,724f16db-2364-4a61-99bd-085a5ec87aa6,2025-10-11T20:09:07.986162+00:00,920fe448-95d0-4ccb-b77b-2c7cfa389054
65e7db0a-d98b-4b50-85f4-eaf889a02ea4,70439759-f76d-4d8e-b5e7-9d05acadbb53,71d93bca-6803-46d6-8b07-405bf8c2aa2a,add_to_cart,https://shop.example.com/product/PROD-0222,1eae7abb-8468-4c9c-8240-458d5be19577,,920fe448-95d0-4ccb-b77b-2c7cfa389054
0c77d2b6-1f1d-4f4d-af34-e5ccbcb0c667,7f370ffc-6b6d-422f-a098-f13881b42739,095575e6-3a0d-4990-b5bd-fb51a1250436,page_view,https://shop.example.com/product/PROD-0457,037afe9f-5d71-40b5-bf96-7af8ad871181,2025-10-04T21:43:43.986223+00:00,920fe448-95d0-4ccb-b77b-2c7cfa389054
067a4b1b-cc80-4133-9ea7-771aae7ba220,de2cac9f-694b-44d8-adda-0adae4387d4c,70e4dde7-4705-4652-b3d1-f015cb8a6d5c,add_to_cart,https://shop.example.com/product/PROD-0275,7b265123-b17d-497e-b207-d05c9dbf6fd3,2025-11-29T11:18:57.986246+00:00,920fe448-95d0-4ccb-b77b-2c7cfa389054
c9aa751b-6a41-4dd9-97f7-2b2a9691a973,eb9008c4-8318-473d-bfda-344c64c01d6e,2b0c1f34-c2a5-4939-bb78-e044c1f98450,search,https://shop.example.com/category/electronics,14e51f85-c177-420a-8680-e96555f13771,2025-09-18T16:28:36.986266+00:00,920fe448-95d0-4ccb-b77b-2c7cfa389054
d6e949bc-7d36-4679-bbef-900611a2f25f,784a9dc3-b50f-4e75-ac10-4c5fa03555ae,1aba7d54-0f66-4947-a750-710d31793517,page_view,https://shop.example.com/product/PROD-0100,2f7e3b50-a1e8-4b45-b255-c6b99d099710,2025-09-03T14:55:54.986289+00:00,920fe448-95d0-4ccb-b77b-2c7cfa389054
5abfda30-6d84-425e-8a23-60adcb4863a9,c28e8dbd-f801-49c1-a039-973e722b24ed,803eb81b-b70e-426b-b7f4-f6150ed6bae4,search,https://shop.example.com/,f672e79a-b262-43fc-b0c6-f985900a1be5,2025-11-19T18:16:31.986309+00:00,920fe448-95d0-4ccb-b77b-2c7cfa389054
8d355a6b-a92c-426c-9967-09f42b5943b7,e14377a4-f015-45a9-a60e-af75c69a6e0d,7d2fadad-b011-48dc-a1f2-8af565820011,add_to_cart,https://shop.example.com/product/PROD-0372,7a52f138-ee2d-426c-b02b-73e6e688da20,2025-12-02T07:12:15.986331+00:00,920fe448-95d0-4ccb-b77b-2c7cfa389054
21a97e09-a7c0-4c70-8a80-375830dd2b0a,a84327ff-5518-4c08-a145-5f16de5f6594,d7aaaf94-3e93-4e6b-9bae-c2705b7b0c99,page_view,https://shop.example.com/product/PROD-0405,ff61ee38-0e38-4686-9987-6309de8436b7,2025-09-05T14:07:21.986352+00:00,920fe448-95d0-4ccb-b77b-2c7cfa389054
b6742a89-7448-4bba-bc07-0d7e0edaad38,fdf769f7-a572-41f4-abb6-cd5ab76cd0bc,,page_view,https://shop.example.com/product/PROD-0334,d80a0d6b-a4fd-4184-9184-23767b971e73,2025-10-16T17:50:56.986373+00:00,920fe448-95d0-4ccb-b77b-2c7cfa389054
26a63496-b3b6-41cc-b2be-c644155833c6,2c683228-72d1-406b-b8e1-c0082eb86d3e,70b8bb3a-105f-4c29-927a-f25485fe1980,add_to_cart,https://shop.example.com/product/PROD-0369,189f4b73-efaa-46ea-8515-d8df206b4ab1,2024/31/01 25:61:00,920fe448-95d0-4ccb-b77b-2c7cfa389054
937a2a06-1cd2-4ee3-9e4f-9bfe93176ae5,848d1f30-5b08-4657-ad35-9a5aee1c00cd,,page_view,https://shop.example.com/product/PROD-0102,5ecb28b0-1fd0-4404-9c44-8a7565ae693a,2025-11-03T18:09:59.986425+00:00,920fe448-95d0-4ccb-b77b-2c7cfa389054
1471f223-24c4-4654-881d-2cefcef051ce,5c5825d0-941d-4454-bcef-a157c1eb1924,4759811c-8ec2-4ea1-897c-7c5ac75eaba1,add_to_cart,https://shop.example.com/product/PROD-0004,0a26ab61-6efd-4278-afed-bb7bd359c200,2025-10-11T07:29:43.986583+00:00,920fe448-95d0-4ccb-b77b-2c7cfa389054
b4343b00-98b6-492a-86c0-adf4f150c76b,db200596-4d1a-44a4-9826-7cdd2cdae8ec,1f348429-9b8a-43db-a3b6-199a6621e39c,login,https://shop.example.com/,a8c14a6f-ee73-40ed-8a89-49844e8f1173,2025-11-02T22:46:55.986672+00:00,920fe448-95d0-4ccb-b77b-2c7cfa389054
5a5a1378-d7f5-495c-b777-81659ac4406b,38a8565d-99dc-4741-9232-0fca322c2f03,9674c4fe-587c-428a-b399-2002f5859fb3,add_to_cart,https://shop.example.com/product/PROD-0082,942fe9b0-7760-4e79-a81e-83a5d35709d4,,920fe448-95d0-4ccb-b77b-2c7cfa389054
c266a25d-1258-47d0-86a7-d0b9949175de,d6209425-e401-4c50-97f6-7678b5eb379b,,page_view,https://shop.example.com/product/PROD-0192,0491a1f2-c9b3-4175-b2f8-3f6a5daf45c9,2025-09-23T02:49:38.986733+00:00,920fe448-95d0-4ccb-b77b-2c7cfa389054
8bf9b8a8-a5ce-42c2-bbaf-de6c8b2b046f,058c87e1-230e-4f03-8889-bbd568904e1a,e6f8afdc-08b6-4484-83a6-e0c6702f6812,page_view,https://shop.example.com/product/PROD-0225,23046ea6-2fb9-439d-869c-fe36a5af1298,2025-09-06T12:44:49.986757+00:00,920fe448-95d0-4ccb-b77b-2c7cfa389054
8a266f44-ae5e-4af2-b629-abb29d47ba5a,c6825b0f-5fbe-42d7-9295-e0fb66c682d4,a232b125-b136-4546-8e19-f0920fa4e80d,page_view,https://shop.example.com/product/PROD-0202,88e63102-2a22-4f7a-82ed-2e0d263573cd,2025-11-04T01:09:40.986780+00:00,920fe448-95d0-4ccb-b77b-2c7cfa389054
efd6482f-2a17-4f6e-aaa4-ebe680ffbb5a,2770d128-aaf4-4c50-bdb6-5808e6ec1091,b8b31d74-cf29-4412-a518-f8c149a1e67e,page_view,https://shop.example.com/product/PROD-0147,fd729d92-67a7-4f38-bab7-d31111232dfd,2025-10-13T19:30:16.986801+00:00,920fe448-95d0-4ccb-b77b-2c7cfa389054
9e90a630-8e1e-460b-bfcd-1146adfd0535,e338ccc8-b9ff-49c8-a4ab-24d4481ee936,,page_view,https://shop.example.com/product/PROD-0391,7c3b479d-5ca0-4081-a828-611c08f7aee8,2025-10-15T02:02:10.986822+00:00,920fe448-95d0-4ccb-b77b-2c7cfa389054
60f9bc32-ce37-468c-a39a-9c18733b207a,08ce44fd-26f6-48b0-aa09-181380773625,,search,https://shop.example.com/category/electronics,703f861b-29e9-42c5-bac8-c1b0917ebeba,2024/31/01 25:61:00,920fe448-95d0-4ccb-b77b-2c7cfa389054
3b3c6347-2472-4dc3-b684-9abd102d78c3,eebad859-415c-4cac-91ef-6590ffc0a32f,,page_view,https://shop.example.com/product/PROD-0057,da6fc0aa-2a55-4684-9112-6941d8338a13,2025-09-04T11:15:00.986904+00:00,920fe448-95d0-4ccb-b77b-2c7cfa389054
550580b4-36c4-4e90-96fe-1530c9bbf57f,22381b23-3142-4f53-a2cf-8a9ca32be862,d1260940-db54-4570-8858-66b542dfe1ff,add_to_cart,https://shop.example.com/product/PROD-0226,caeb0a43-2cf4-4290-abe1-477c6d7529e7,2025-11-08T22:37:48.986926+00:00,920fe448-95d0-4ccb-b77b-2c7cfa389054
9433833a-0645-4185-8ebb-054d1e0cd8c0,c4c04867-53ca-4b10-b102-92eba8620536,8b8ac456-6b06-4a5c-9dde-32532fd89bab,add_to_cart,https://shop.example.com/product/PROD-0362,6420c3b8-dc48-40a6-b8ae-845052643179,2025-10-18T07:24:36.986953+00:00,920fe448-95d0-4ccb-b77b-2c7cfa389054
00f1191b-70cf-486c-ab41-7a6a50586c8a,eea73eea-bcf3-4d07-9281-ac90de74fded,26a9e6f1-532b-4945-8cd8-365cc262f126,page_view,https://shop.example.com/product/PROD-0380,b6c087e0-360f-4d16-bc68-e1e7beec16b2,2026-10-07T16:04:29.986993+00:00,920fe448-95d0-4ccb-b77b-2c7cfa389054
ec06199b-12c1-4a1c-abeb-f0bbba66a42a,13f7ca02-7185-471d-af4d-4983dedee9e5,8d75a6c8-0a2b-4ddf-959a-acefe820543f,page_view,https://shop.example.com/product/PROD-0395,28b0f11f-a9b2-410d-8938-84ca85b335b3,2025-10-23T03:43:27.987034+00:00,920fe448-95d0-4ccb-b77b-2c7cfa389054
9c979ec7-3558-41ff-a9cb-d89b2fc814c7,55c32371-24ac-4c35-a6e4-eb69fb68adef,560e3ac1-0fbf-461a-a550-230eaabf12ad,page_view,https://shop.example.com/product/PROD-0187,786eab7e-9073-4f9f-96f7-85901b28ee0a,2025-10-30T23:26:56.987057+00:00,920fe448-95d0-4ccb-b77b-2c7cfa389054
c29887f0-5a37-46c1-b049-7d96247c4f06,6278ca93-333f-4ec1-ac30-2a3447854004,f1844d42-7345-475d-a791-b962cd07920c,page_view,https://shop.example.com/product/PROD-0223,1c0c56a5-f5cc-4e64-993e-9be64952c226,2025-11-09T21:56:29.987079+00:00,920fe448-95d0-4ccb-b77b-2c7cfa389054
e0316123-3e24-471a-90cb-1492efe11238,03b48373-f60c-466d-8dfa-bc175cf3080c,6a442148-cd10-430c-b770-a7eca6c29c24,page_view,https://shop.example.com/product/PROD-0386,0eb56555-05ce-4b9b-80c7-1a7ea9815c63,2025-11-08T05:49:42.987101+00:00,920fe448-95d0-4ccb-b77b-2c7cfa389054
f7071f1c-f027-4cea-b9c3-d7f14729d4df,e0c739f7-ec97-4022-9273-0f272ccd489e,,page_view,https://shop.example.com/product/PROD-0321,d48a52ee-a2ff-4e73-aba4-633da16e2851,2025-09-26T13:02:56.987121+00:00,920fe448-95d0-4ccb-b77b-2c7cfa389054
4b726a5a-6156-42fb-b374-7a90cf796849,af1f8dd4-4d01-44bf-a0a4-846c7230f629,6c2658b5-3a6b-49d5-a329-95fd8619db37,page_view,https://shop.example.com/product/PROD-0382,99112482-7d42-48de-86f8-d0bb77eebef7,2025-11-20T00:03:34.987154+00:00,920fe448-95d0-4ccb-b77b-2c7cfa389054
cbf817aa-9901-4861-941b-512622547c73,5d9a0984-3933-4e7f-9f1a-db4c82aa29d1,,page_view,https://shop.example.com/product/PROD-0145,19718a41-9402-434d-9cb1-6f1ec9607cfa,2025-10-28T12:42:45.987177+00:00,920fe448-95d0-4ccb-b77b-2c7cfa389054
1bd79b11-d896-4d53-8770-f34f4190ba7f,a8c26cfa-4bcc-46be-bdb2-9e6aff7655f6,,login,https://shop.example.com/category/electronics,6d13d490-02cd-4a2d-a3fd-d89ff30e2d12,2025-11-04T20:29:07.987237+00:00,920fe448-95d0-4ccb-b77b-2c7cfa389054
3ce159b1-ebdc-4050-aa18-7fdffdd739cc,593b7595-0499-497a-82ac-fed293e602a0,af20cc72-9f35-440f-95d0-d0b13bdb346f,page_view,https://shop.example.com/product/PROD-0419,be2a414f-7c49-4dc1-b959-1717db91431b,2025-09-05T03:03:09.987285+00:00,920fe448-95d0-4ccb-b77b-2c7cfa389054
440ec9af-3a84-4b3c-8a81-48555c2698c1,98fb1035-36e5-48df-b88f-6f82e694e165,34783079-f0ce-4888-bddb-5d7cf915a3ac,page_view,https://shop.example.com/product/PROD-0009,9f801033-94e9-4ba0-8327-15f18a53550d,2025-09-23T12:37:20.987308+00:00,920fe448-95d0-4ccb-b77b-2c7cfa389054
85089c71-016a-421a-9a42-f0f73eaf7684,6c32c7fe-826c-4c99-932a-a45b5ffcb2ec,28b64385-a300-475b-bfd6-035310626d55,page_view,https://shop.example.com/product/PROD-0249,23f927fd-bc27-420d-a179-c2386a6a9a0a,2025-11-02T10:59:31.987331+00:00,920fe448-95d0-4ccb-b77b-2c7cfa389054
5df7fe0f-eda3-459d-b288-5e298ef7f0eb,fdbc42d2-d460-40f3-b5ee-cc3343c577ad,41f4ba1e-a6c2-43f2-8f9f-d352f62fd95c,page_view,https://shop.example.com/product/PROD-0246,20d7b61f-224b-4ada-ac37-f08260089606,2026-03-18T16:04:29.987380+00:00,920fe448-95d0-4ccb-b77b-2c7cfa389054
b17a3edd-77d0-4c06-a806-e551fcf0d825,7163a27e-4404-45a2-ad57-799bee773d0e,,add_to_cart,https://shop.example.com/product/PROD-0305,e2d6eed3-6498-4187-b7cd-47aecb953208,2025-10-27T01:39:10.987407+00:00,920fe448-95d0-4ccb-b77b-2c7cfa389054
5757f8b1-2d80-4cdc-b4f6-c9c3b479ba49,7961b1be-f7ad-4947-8c77-50bb1d80fe11,773ece54-21f5-41a0-924f-03841c63c1f5,add_to_cart,,cdc5fdd2-f711-499f-9791-4de4cfa8f0e4,2025-09-30T12:15:46.987433+00:00,920fe448-95d0-4ccb-b77b-2c7cfa389054
3e23835a-1d65-439b-b9cf-51c8c9f78e5b,5171e792-10ea-473e-a500-b650e3cfe545,,add_to_cart,https://shop.example.com/product/PROD-0398,82fd49a4-5196-4f20-a0ac-36238bde855c,2025-10-14T15:59:32.987460+00:00,920fe448-95d0-4ccb-b77b-2c7cfa389054
c566e0e2-3ce3-4894-ba31-97bc0dca04ec,14f5dbe7-3a95-4e1e-91ce-1abbe75646a4,743a9d25-98fd-4053-a44e-3218a58845b8,page_view,https://shop.example.com/product/PROD-0215,f1fee3f6-e01c-4cef-8196-384e250e4919,2025-10-07T13:43:11.987486+00:00,920fe448-95d0-4ccb-b77b-2c7cfa389054
b6f0a594-d475-4c66-a1a0-033f3933a796,dcd5f407-66a5-4670-bad9-d5cd113737ab,5dd6d41f-be20-4d99-ad58-50bcd123dd92,page_view,https://shop.example.com/product/PROD-0122,c43f5940-60c0-469f-a79e-8566c589ce74,2024/31/01 25:61:00,920fe448-95d0-4ccb-b77b-2c7cfa389054
661e3440-d369-493a-bc61-d7da61ebd132,8d56e8c5-e4b1-4e6e-9d17-4404f1a022f8,,page_view,https://shop.example.com/product/PROD-0354,0375a6eb-bc48-47ce-a000-2d55960fafec,2025-09-20T05:03:28.987572+00:00,920fe448-95d0-4ccb-b77b-2c7cfa389054
50bc86e3-fde8-4374-ad25-9ace087da3fe,1b6b82f6-b404-4d7c-b956-4d77ced388e8,,page_view,https://shop.example.com/product/PROD-0294,9b5376be-16fb-4aa5-808a-c86424f1bb76,2025-11-27T10:05:58.987625+00:00,920fe448-95d0-4ccb-b77b-2c7cfa389054
96a323a7-63b8-4dd3-86b4-e879192bcbd7,58ad18ff-1c6f-474f-815d-126c1948a767,,page_view,https://shop.example.com/product/PROD-0452,8be7342c-75f6-482c-9938-715e8144d5ab,2025-10-15T04:15:03.987647+00:00,920fe448-95d0-4ccb-b77b-2c7cfa389054
3388ab6c-11ba-4091-a81b-8d1ae9c7f764,dec453fb-8c9e-4f28-97a6-54e8ed713ecb,,page_view,https://shop.example.com/product/PROD-0181,70938ec0-f60f-41e4-9064-286a28a39831,2025-09-13T03:14:17.987668+00:00,920fe448-95d0-4ccb-b77b-2c7cfa389054
d48d871d-a828-484c-a557-e082e88918c7,6cca5728-f8b8-4296-806a-94bc268c84fa,016abd82-4d74-4c8a-a08f-08af76b935eb,page_view,https://shop.example.com/product/PROD-0026,3ae98852-1809-4754-9d9a-4559831f892a,2025-09-08T04:40:03.987689+00:00,920fe448-95d0-4ccb-b77b-2c7cfa389054
fdc9649b-67fa-4d62-87c3-9165c0885c69,7384a9f6-43d0-4eea-94b9-3e1387e0f216,,page_view,http://///shop.example.com/product/PROD-0039,056e0312-1842-4a03-bb23-9c932212fd2e,2025-11-15T16:59:00.987710+00:00,920fe448-95d0-4ccb-b77b-2c7cfa389054
2bf2ca4d-08df-41b4-8d53-6907b1ce03cd,2eb9a185-e462-4274-b141-59a4024c7b4a,42292aed-2683-4624-8ff5-9acafa59df9a,search,https://shop.example.com/category/electronics,e3210634-d1cf-48cc-8263-7e147d7cf934,2025-09-20T16:17:49.987738+00:00,920fe448-95d0-4ccb-b77b-2c7cfa389054
99667c2b-0086-4e32-b195-57441aca8911,85c9e1e4-4c23-465c-b07d-5f6e880245f8,cc491a44-82f2-451c-9fe5-814dd93ce37e,page_view,https://shop.example.com/product/PROD-0243,12d77df9-03f4-4d1a-969c-b0cffd88e32e,2025-09-15T09:26:12.987762+00:00,920fe448-95d0-4ccb-b77b-2c7cfa389054
a815fe0a-97ff-43e9-9c94-4bfc4695a12d,8d46be72-e208-44de-b270-3495ebaf9c46,d23c0b3a-ee0f-4128-86e4-609de48b4b23,page_view,https://shop.example.com/product/PROD-0065,0f1f0212-9db7-4584-bb06-18d164014995,2025-12-01T01:37:29.987785+00:00,920fe448-95d0-4ccb-b77b-2c7cfa389054
056bf3ec-1c9b-4de2-9662-ca5a77c8ca7e,ccda4c5e-f854-4e14-b52d-b43cafdd4fa5,,page_view,https://shop.example.com/product/PROD-0318,f0163399-da3e-48fc-b111-47ab75c84109,2025-10-19T06:54:31.987807+00:00,920fe448-95d0-4ccb-b77b-2c7cfa389054
e0e82821-75c5-4ad6-865e-9ca946a62ce3,5d114451-c19c-4b6c-b5e4-c7892f5e8313,2b20fd43-9781-46d2-9aeb-4a71f80103d0,add_to_cart,https://shop.example.com/product/PROD-0202,08d1ae5b-1de9-4146-bd7b-fb0addbea658,2025-11-29T08:41:47.987838+00:00,920fe448-95d0-4ccb-b77b-2c7cfa389054
0f0e6a21-2ac4-43c2-a165-37070bde2f9c,4e92fbac-66c2-4777-bb81-9274cf2cf99f,8baef0bd-33a8-4129-aa55-eabbbc890bd0,page_view,https://shop.example.com/product/PROD-0368,4f77657c-120b-4cc9-93b3-7cae0b6f9cf1,2025-11-24T11:30:04.987862+00:00,920fe448-95d0-4ccb-b77b-2c7cfa389054
c706a7c2-3d01-49b2-b456-a04b3761fa29,0a29b2d5-079b-440c-b1d8-560c9dce2aa8,0e2a1aa4-39b3-4281-a38e-8f830d84b718,page_view,https://shop.example.com/product/PROD-0343,24a0dc5f-dde3-47f4-8e70-439109658429,2025-09-28T14:33:05.987887+00:00,920fe448-95d0-4ccb-b77b-2c7cfa389054
c9abbe82-158c-46f6-9d50-ef45fa5d0063,87b4c0f7-b571-40b8-8bff-723ed6c26cab,0999efd6-87a9-4621-b103-0b63ac12c05d,add_to_cart,https://shop.example.com/product/PROD-0464,79134fff-2cef-4f19-bdf6-235cb809a1be,2025-09-28T05:58:56.987912+00:00,920fe448-95d0-4ccb-b77b-2c7cfa389054
14d69950-b25a-4317-a0cc-82625f651114,e098568d-a23c-4e7a-afa1-374444b9bf83,f09d0410-f2af-40d8-a2c4-98c6457af43d,page_view,https://shop.example.com/product/PROD-0360,9323ab4c-d9a1-432e-be37-a23314bc53f8,2025-10-01T03:27:18.987934+00:00,920fe448-95d0-4ccb-b77b-2c7cfa389054
fe69f545-ccc7-448b-bd99-113bd2b5ef8b,36a39079-7589-4334-9075-ed288dace73a,,add_to_cart,https://shop.example.com/product/PROD-0198,8abdd935-62fc-4e62-a2c3-b1640ae5bdc3,2025-10-17T21:31:49.987971+00:00,920fe448-95d0-4ccb-b77b-2c7cfa389054
a2671ac6-e79e-4e78-931c-a8bf6836704e,c3678688-cec6-4637-a9eb-8ac94ef7b699,97da0194-4ed7-4fc1-8a2b-c34f7ecb8616,page_view,https://shop.example.com/product/PROD-0144,6e9130ed-93bf-479f-be1b-f27ef6681367,2025-09-18T07:56:19.988014+00:00,920fe448-95d0-4ccb-b77b-2c7cfa389054
d807b0b2-7e11-48aa-b81c-eac7fbb69003,88396f50-4930-4c1a-9e04-7170cd9041e4,a07ec02d-d722-4d70-9793-0475d4e463fa,page_view,https://shop.example.com/product/PROD-0196,b0bfcb3d-e04b-498f-806f-7fcc80b2004e,2025-09-10T23:10:44.988053+00:00,920fe448-95d0-4ccb-b77b-2c7cfa389054
7e506685-2180-45e5-8fa3-55e8317af0c3,7e7475a6-5a00-4331-b928-641b357b25ee,,search,https://shop.example.com/category/electronics,27d92ff9-d5ef-43a7-bcab-d72f176922fc,2025-10-11T16:40:07.988076+00:00,920fe448-95d0-4ccb-b77b-2c7cfa389054
399a7aa2-05f9-4eea-9269-4366ece1030a,2a1717d7-4104-475f-94c9-213e19926512,,login,https://shop.example.com/cart,f52e481d-3286-46eb-abbe-dd934441cf79,2025-11-22T07:57:53.988100+00:00,920fe448-95d0-4ccb-b77b-2c7cfa389054
a6713e39-2fd9-4f61-948f-af00f6de956d,06170dd0-c0f2-4bbe-95c4-89a41975e42c,c8383b20-6c75-4d5b-bf71-58613760f8ad,search,https://shop.example.com/cart,7bd85d1c-45c7-4c9e-91b8-eb030b3044d4,2025-11-17T23:18:52.988122+00:00,920fe448-95d0-4ccb-b77b-2c7cfa389054
43acbc42-d42b-4754-b4be-46790e5dc64f,1cfe8a9b-dd3d-428f-99d0-e3126787a302,91181905-8ca7-4aa5-b599-5dcbfe0b9886,page_view,https://shop.example.com/product/PROD-0018,e3e164c3-2d66-4686-9bd5-86bccb76d2a1,2026-10-26T16:04:29.988151+00:00,920fe448-95d0-4ccb-b77b-2c7cfa389054
968fa098-9936-4f10-afdc-1b52a21e0ea0,5d50bd68-0cba-41d4-8114-6464ffdf2a59,87852f0e-b0ba-43fc-98e0-dada93c04558,search,HTTPS://SHOP.EXAMPLE.COM/CATEGORY/ELECTRONICS,41dbd3dd-4505-4a6e-9ea7-700c2516e594,,920fe448-95d0-4ccb-b77b-2c7cfa389054
f194be7a-f9ed-4b15-b62b-80bfadf2eede,fe765be4-76ee-4352-8ff3-5a620f275712,2f9a17b9-024e-4a3d-9a78-a52f12a3b9f2,login,https://shop.example.com/cart,4377327b-253d-4875-a975-1e47c2d22f61,2025-09-02T20:33:13.988236+00:00,920fe448-95d0-4ccb-b77b-2c7cfa389054
3e5d745b-61e6-4c9f-9b1a-b5601b0c37a2,5ce3676e-923a-4876-a769-d4162941a1fd,9c18848f-f8ac-46b8-8a5a-96f335c057e6,add_to_cart,https://shop.example.com/product/PROD-0142,d8d31557-0330-4e9c-a1f3-76c5fa8395d4,2025-11-17T01:04:37,920fe448-95d0-4ccb-b77b-2c7cfa389054
5eeff021-92f1-423f-8f49-38e1c3b6c8cd,672ee22d-818a-4f42-8ff3-600d01b4ce50,838bd685-1953-4725-8e41-5661aaabc0e8,search,https://shop.example.com/,23b58df3-7398-41ff-9eb4-94b920a8054e,2025-10-23T12:27:31.988479+00:00,920fe448-95d0-4ccb-b77b-2c7cfa389054
58dc0dfd-d95d-49b1-bbd7-963f4bda051d,abcffd4a-a6f1-496d-8ace-577402f7587b,ee5be5e6-40e1-4703-b820-f20548ff425c,add_to_cart,https://shop.example.com/product/PROD-0456,3b1ae5b7-f64a-4ed9-8bb2-55b537400923,2025-11-30T22:07:20.988506+00:00,920fe448-95d0-4ccb-b77b-2c7cfa389054
dde29263-a7f5-47a9-9fc0-ee66d2352243,b5a98f20-ddd7-4a47-a9ae-030125a93240,,page_view,https://shop.example.com/product/PROD-0408,7d7bc5b2-f464-4153-8461-0eceef379ce5,2025-10-31T08:11:48.988531+00:00,920fe448-95d0-4ccb-b77b-2c7cfa389054
14c24564-ae08-4629-98a9-dc4df7b438e5,8ec08bc1-96c2-4282-b965-86003f40747e,fab0d5d4-bca0-4af8-adee-1328b1a25a0e,search,https://shop.example.com/search?q=shoes,0439f829-1c37-4984-af09-d639c9984ef2,2025-10-31T18:46:01.988566+00:00,920fe448-95d0-4ccb-b77b-2c7cfa389054
98e4c9c9-d335-4b41-a754-ea0874549055,2e574d65-38a6-4513-b774-424f64940c9f,37498005-02ee-47cf-9013-66fc023a59bd,add_to_cart,,25627f48-9ec6-4e9f-ae85-8608bb591e1e,2025-09-07T05:42:36.988626+00:00,920fe448-95d0-4ccb-b77b-2c7cfa389054
9b0d3ec4-61d3-48cf-a292-66356a4cb547,1728356c-feb0-4500-bae6-4d8bf845976a,ee773470-f897-4d62-a14b-5024c5709a00,page_view,https://shop.example.com/product/PROD-0326,ebb2df31-d663-4fba-9e94-decfacc97891,2025-09-22T15:55:46.988672+00:00,920fe448-95d0-4ccb-b77b-2c7cfa389054
78067dd1-8d1f-4530-b0d9-c106161f84dc,41d9c31f-a51a-4029-96c2-fc89ece28cd3,ab0bf49c-01d5-4cff-93d4-bf0aa9904811,search,https://shop.example.com/,fd72947c-a8f9-4519-9da8-0c10571547d8,2025-09-15T21:36:15.988694+00:00,920fe448-95d0-4ccb-b77b-2c7cfa389054
cc53d977-e13b-4173-8af2-33e08ced395d,f99c99ee-7827-4a71-bef9-14adf476e536,9fb82a8a-2768-48ed-84dd-f8b92d9658da,add_to_cart,https://shop.example.com/product/PROD-0015,8651c06b-ee65-4754-a74a-2d996edae387,2025-09-10T19:04:24.988729+00:00,920fe448-95d0-4ccb-b77b-2c7cfa389054
a63f1e2c-7865-45f2-ae8a-3a204a8731e6,8f48e359-7fb9-4b24-b2ca-a9c531cfb7c6,,page_view,https://shop.example.com/product/PROD-0073,32747992-e4b4-4428-8f74-fa364d653f1a,2025-11-29T08:05:00.988770+00:00,920fe448-95d0-4ccb-b77b-2c7cfa389054
69107ecd-7872-4f8e-87fa-4805d842ecc0,17db72e8-040f-46a1-ba73-023fed22b87c,ba408d44-07f4-4933-a4a1-ab0bc27d148a,page_view,https://shop.example.com/product/PROD-0299,8f251fbb-eb38-4bd5-845a-623404783d4a,2027-09-06T16:04:29.988813+00:00,920fe448-95d0-4ccb-b77b-2c7cfa389054
b6cf89c2-5e84-4919-a18e-1314e5552589,80c74620-c625-4136-9f2e-e00ae132e8b1,b2569df0-32db-4149-b905-16c142fa49a4,page_view,https://shop.example.com/product/PROD-0192,e90b0689-9e59-4709-a89e-f60286e7dc02,2025-10-16T13:24:44.988871+00:00,920fe448-95d0-4ccb-b77b-2c7cfa389054
898d1308-60f0-443b-b172-fc090a615fc4,f8a15cd1-2262-4c63-b130-14f2af6ebb87,1d194484-ef0c-4ccf-880f-06b96b26e551,page_view,https://shop.example.com/product/PROD-0329,28798acc-c517-4df6-8812-50ba7e33b29c,2025-10-28T18:17:29.988918+00:00,920fe448-95d0-4ccb-b77b-2c7cfa389054
fce694ed-187c-45d0-bff9-42fbc4e8f4bb,7cd5861d-6931-453f-96c0-c07c84a2bd02,7cb5f2fe-4477-4888-9472-c267eb08089a,add_to_cart,https://shop.example.com/product/PROD-0385,7300566f-24d6-43b6-8777-481263e3b445,2027-09-12T16:04:29.988955+00:00,920fe448-95d0-4ccb-b77b-2c7cfa389054
8c6f8893-0abf-4a64-868b-25f7dc6247fd,a186bf22-6260-4196-bff7-9f84e0add709,f5942f8b-f287-487c-864d-b5bfb8f2ce09,page_view,https://shop.example.com/product/PROD-0303,2b78735d-c9d4-49d7-85fd-97eb15a819e6,2025-11-27T11:55:19.989002+00:00,920fe448-95d0-4ccb-b77b-2c7cfa389054
ebd00249-e4d8-4165-8ec4-afe5e318e37c,cdd79851-9853-49d9-aa72-7f2130c8ee39,,page_view,https://shop.example.com/product/PROD-0426,194192dd-d8d1-49bb-be4a-83cc3ce8db34,2025-11-24T20:42:50,920fe448-95d0-4ccb-b77b-2c7cfa389054
a18f1093-7bc6-45b0-b010-41f2b2769d99,4a0ee3a2-5367-4a14-b94c-7b2a6475ed49,,page_view,https://shop.example.com/product/PROD-0186,9d50b989-377f-43d3-b2d8-9cb43abbd02f,2025-11-07T08:46:03.989099+00:00,920fe448-95d0-4ccb-b77b-2c7cfa389054
caf52074-b424-48f6-817a-23bda70da9be,408c9467-2f77-4bfa-a3ec-413290b40308,d91efa36-d5a0-44f5-aefc-43e0beb3aaa0,page_view,https://shop.example.com/product/PROD-0203,39e4810c-21fe-4857-9215-45d3fc0c4559,2025-11-29T19:59:47.989123+00:00,920fe448-95d0-4ccb-b77b-2c7cfa389054
b72b64b4-1080-452b-9239-464381772d2c,0fc94adb-da78-4262-afb8-02c999ce7b1e,,page_view,https://shop.example.com/product/PROD-0381,8534e433-4e3b-4972-a09b-03447c2ecadb,2025-09-12T06:56:33.989145+00:00,920fe448-95d0-4ccb-b77b-2c7cfa389054
ab042649-2dc3-4c65-a5bb-35db4d4c6c8b,42ac2290-fb05-48e0-b086-9dd0917d5cb0,5fe99f5e-3d6e-4957-a704-ce5836d2fa7f,page_view,https://shop.example.com/product/PROD-0445,a7d0b5c4-3e16-4d3a-b2d6-14788f965c37,2025-10-20T12:48:35.989166+00:00,920fe448-95d0-4ccb-b77b-2c7cfa389054
257de6b1-8b8a-4a6a-81fb-49132c2c5b0a,b2fe602c-26c5-4c6b-a990-d6899550bc4a,dae5c3ae-937a-4c83-ad95-949480d77b8c,page_view,https://shop.example.com/product/PROD-0480,be951fa3-90e5-4cfa-8548-ddb5761a44d1,2025-11-19T06:03:58.989188+00:00,920fe448-95d0-4ccb-b77b-2c7cfa389054
d9a27570-c127-4964-a69b-826ce7835b47,2ff13283-c9f7-4c60-96b9-c1e904e8689c,8f2a9951-ab51-4198-a2a0-5284468a67cf,add_to_cart,https://shop.example.com/product/PROD-0489,8cbb252b-e92b-438d-a054-a6da3755dd95,2024/31/01 25:61:00,920fe448-95d0-4ccb-b77b-2c7cfa389054
24a6f8ae-78a3-4d0a-a2c8-54f2635ca01d,418ecd2b-9138-48d4-a35f-95248282bab2,,page_view,,e08f00cf-eba4-4f26-a915-6bdd3e17e715,2025-10-22T11:59:40.989300+00:00,920fe448-95d0-4ccb-b77b-2c7cfa389054
71c75c35-1986-4e29-a019-050725a7e774,8cffb25b-2c7e-4996-bd0e-8a682d92904c,,page_view,https://shop.example.com/product/PROD-0216,73ced226-e917-49a7-9b99-9e9af23e9b88,2025-10-24T00:00:24.989340+00:00,920fe448-95d0-4ccb-b77b-2c7cfa389054
75aa535b-9752-4eb4-8d44-024fb5472349,1780f4dd-ddc8-46db-b8d6-fab21d489416,5f121b04-c66a-41f4-8c44-7d82c2dcfd81,page_view,https://shop.example.com/product/PROD-0217///,a035fbbb-41a1-46f3-9943-7a469560cd22,2025-09-09T20:04:33.989378+00:00,920fe448-95d0-4ccb-b77b-2c7cfa389054
e3910f03-9e72-4e34-bd1c-19a2633f6464,45c929e5-d95c-431f-a8a7-068aec59f1ea,,add_to_cart,https://shop.example.com/product/PROD-0437,f1b6cb2e-8734-4393-b609-07c98b2e5c79,2025-10-19T08:38:51.989438+00:00,920fe448-95d0-4ccb-b77b-2c7cfa389054
c23a1f41-28f3-4bc1-a82c-2e8d07674000,5b2284a1-ae6b-46c5-b401-20da3f4c9799,3a089822-193d-4e23-b5e8-64fe5a4fddb4,page_view,https://shop.example.com/product/PROD-0176,ba3d85de-971d-4c34-9837-e3fe3a330150,2025-09-08T03:26:04.989508+00:00,920fe448-95d0-4ccb-b77b-2c7cfa389054
3514f6b2-d6ae-489d-863e-8e26fe282acd,d0f284a2-483b-4439-bf94-67c242c279ed,9c31efaf-7368-4aca-b995-625da8c32903,page_view,https://shop.example.com/product/PROD-0117,033f540a-ad8c-4171-be50-fe65b448a480,2024/31/01 25:61:00,920fe448-95d0-4ccb-b77b-2c7cfa389054
9fef6f6f-4fdc-4715-be67-56e8a02395cd,0299fcbd-1f17-4ccd-be2a-c9d85b4501bf,2a6ef81b-2ed4-4887-950c-c25bdf4e0b31,login,https://shop.example.com/category/electronics,481fe770-6c1e-4a24-a419-0bae0f56e4ff,2025-11-20T02:49:09.989575+00:00,920fe448-95d0-4ccb-b77b-2c7cfa389054
844c3554-a242-49de-98d7-80b58530d6fd,3f9e8b37-1c4d-45ad-a625-4f264b8cb8c9,717a815f-8d39-4a77-a291-7408e2c77d05,login,https://shop.example.com/category/electronics,invalid-device-630,2025-09-27T19:08:06.989598+00:00,920fe448-95d0-4ccb-b77b-2c7cfa389054
31a3a36e-b59c-4c1b-9cdb-b4b199b2adcb,510f3094-6fba-48f3-8f4d-6c90b5a05f3a,,login,https://shop.example.com/cart,f00f4d4d-4ee6-4b07-b35a-ffda3bec11e7,2025-09-28T20:30:46.989629+00:00,920fe448-95d0-4ccb-b77b-2c7cfa389054
a6c1b1eb-407f-4829-9c0a-6d1019362d6c,3b4d64c4-7c16-497d-a132-cf65c1b3ba7f,,page_view,https://shop.example.com/product/PROD-0078,c6304755-6e1d-4de1-b4ad-0261a70a5939,2025-10-22T01:54:46.989679+00:00,920fe448-95d0-4ccb-b77b-2c7cfa389054
09d4be1f-f78a-4d8c-afb3-2b7d68ad1536,111ab5ad-edf4-40ee-87c8-f8db14f518c9,392533ab-e3ca-4d70-b0ae-8fb6d0226b89,page_view,https://shop.example.com/product/PROD-0169,6345c380-da8b-4146-bd5b-b9952f11492a,2025-09-19T04:30:01.989717+00:00,920fe448-95d0-4ccb-b77b-2c7cfa389054
e0821351-ec84-4779-b59e-2e377805b1eb,e32e2709-c4e2-4738-90ae-eef9c8a8c626,,login,https://shop.example.com/cart,48eb3380-fa71-402c-98c7-0f13a1aacb0b,2025-11-20T10:01:30.989740+00:00,920fe448-95d0-4ccb-b77b-2c7cfa389054
2abaadd8-6f01-4b6f-9f21-bb56a9d5033c,158c3555-0f3f-4e3d-9317-19d5fbd1b8ba,aad4f92d-5fdb-448f-9dab-0c526e7ea897,page_view,https://shop.example.com/product/PROD-0082,303601a8-a397-4700-acc0-4292426afa94,,920fe448-95d0-4ccb-b77b-2c7cfa389054
a33d703a-f666-4e9b-8155-cf35497b183d,7f8832ae-0505-47a5-be8a-510520da5594,e14eb90d-17ec-4f83-9781-23ed72646ba5,page_view,https://shop.example.com/product/PROD-0487,f12c2aba-7f40-490c-8075-416033db7a6f,2025-09-23T21:43:45.989996+00:00,920fe448-95d0-4ccb-b77b-2c7cfa389054
fa3b4d99-b403-4fca-bcef-93423f81d308,9f1284bd-01eb-405a-9e27-7318eedc369c,698d82ee-9a78-41d7-a940-5e98d77405a6,search,https://shop.example.com/,6dfd0f2c-3497-4218-8ebc-7cbf0a6e5dd1,2025-09-04T01:56:57.990083+00:00,920fe448-95d0-4ccb-b77b-2c7cfa389054
83eece94-4d40-485a-baf1-20daa5ff53f1,6d0a5ee4-8273-46f8-8eb8-8b211c1d02cd,1bef76b0-d6b0-409a-a246-10617607d711,page_view,https://shop.example.com/product/PROD-0169,ec4b57a7-b58f-4fe6-a71c-2a657c3531c9,2025-10-19T18:14:58.990124+00:00,920fe448-95d0-4ccb-b77b-2c7cfa389054
2547307d-6eae-406b-9b2f-8715ed94faa2,a7bc9dfe-e501-4572-a354-f655e8fa6afc,dfa46fea-38c3-40df-a2dd-e2566052bcc5,page_view,https://shop.example.com/product/PROD-0384,f2406fdb-a6e3-4a46-84ec-83783fa3c432,2025-10-13T20:55:34.990172+00:00,920fe448-95d0-4ccb-b77b-2c7cfa389054
1a4ffd75-6276-4152-a937-c64197dd2b38,70071c07-3474-48b4-bc1d-53b9b22496a0,cee2ec9f-6a6e-4374-b52d-f860edf95e34,page_view,https://shop.example.com/product/PROD-0183,03e9d4af-1314-47f1-9103-fe0f1bc732ae,2025-10-14T13:33:07.990198+00:00,920fe448-95d0-4ccb-b77b-2c7cfa389054
710f911b-d43b-4fad-9db4-9d5a571d0494,43ed3c0a-807b-456b-bb35-1982f5e08c69,eccc4f12-5018-4c5b-92c3-7877d9b49913,page_view,https://shop.example.com/product/PROD-0321,03427ce1-e868-4c33-b346-bc6efef9e23d,2025-09-24T23:12:01.990222+00:00,920fe448-95d0-4ccb-b77b-2c7cfa389054
c2964371-cc18-4d41-9db1-dce600083c40,4b050973-974a-4ab1-8ab1-9970735ce3ec,b2a6c160-3106-481b-9399-442145ebb8ab,page_view,https://shop.example.com/product/PROD-0114,25501d4311564e069064d65845faf45b,2025-10-03T12:25:39.990244+00:00,920fe448-95d0-4ccb-b77b-2c7cfa389054
01673ff7-1b69-4a41-9d84-b2ece298ff2e,16ec8242-5e0c-4032-ac5b-08e680ff7ae8,,add_to_cart,https://shop.example.com/product/PROD-0364,2e79b9d9-03b2-4b47-868a-cab0ef1709be,2025-11-17 22:31:51.990273+00:00,920fe448-95d0-4ccb-b77b-2c7cfa389054
12688358-d2fa-4c8e-8129-b708677d6fdf,ad0299cf-dd2e-4965-ab48-873b91e75ec0,9ad3f6da-e349-4d3f-aa16-2aea89202593,page_view,https://shop.example.com/product/PROD-0427,0bd91307-4727-4ed1-9ee5-8fe4e7bff4d2,2025-09-13T10:58:06.990327+00:00,920fe448-95d0-4ccb-b77b-2c7cfa389054
0bafbf80-a1c6-48b9-a22f-8c149ff25f65,ddc1f585-849e-4aad-89a7-4b8072a9f54b,ac8e5fbe-e68d-4618-a2a5-464bbd9dca39,page_view,https://shop.example.com/product/PROD-0040,b81f4308-ace9-4fcb-818c-50386f23afd2,2025-11-09T17:33:52.990354+00:00,920fe448-95d0-4ccb-b77b-2c7cfa389054
08ebebbe-de7d-4232-87c1-b25a1e2f6e0a,cc9178c5-8d62-4a26-91b3-db422ab431e2,,add_to_cart,https://shop.example.com/product/PROD-0476,38973a4e-139d-4d3c-930b-d6bc1d461036,2025-10-01T11:25:57.990403+00:00,920fe448-95d0-4ccb-b77b-2c7cfa389054
5038628f-d53b-4ad0-a576-a84ba162d16d,b3d76c5d-4e41-4b13-964b-3c6a987a1e9b,,page_view,https://shop.example.com/product/PROD-0374,58c384b6-cc7e-4fc7-ac06-c505fd4582a3,2025-09-19T01:16:58.990427+00:00,920fe448-95d0-4ccb-b77b-2c7cfa389054
55f5d61a-8549-4633-9496-35fd078ce9a1,dbb98d12-57f2-45dc-ae8e-d0beeb87fb68,5fe6249b-0cef-412d-adca-69b700d45260,search,https://shop.example.com/search?q=shoes,33722f92-5cb6-4811-9df7-b153ef160347,,920fe448-95d0-4ccb-b77b-2c7cfa389054
ee8c6ad5-c58e-41eb-a3fb-1fd56f2146fa,35fae0a2-b669-4853-97a3-5e6dffedf420,a9da2d73-7e5e-4e1d-9ae4-7819a2fa8adb,add_to_cart,https://shop.example.com/product/PROD-0231,45b9c60a-6eba-42f3-8e57-0da736ac1000,2027-03-30T16:04:29.990650+00:00,920fe448-95d0-4ccb-b77b-2c7cfa389054
ca87a1e5-cd12-461b-9bfb-8e358ca60cb0,30fc209f-cf8b-4efe-982b-f67d7948651d,,page_view,https://shop.example.com/product/PROD-0313,b35baa27-5206-4ca1-9583-77c4f13cbc88,2025-09-16T15:57:27.990698+00:00,920fe448-95d0-4ccb-b77b-2c7cfa389054
a1b7c5ee-132b-4357-8c13-d93355a79eda,f2aba855-37ac-45aa-97e1-3699397ea127,324e0bbf-54fe-47db-9d30-9f4e03f90187,page_view,https://shop.example.com/product/PROD-0199,879d3ae3-34e7-462f-ac90-44529a782d3c,2025-09-27T20:10:17.990721+00:00,920fe448-95d0-4ccb-b77b-2c7cfa389054
c7b7254e-807b-46a3-a585-4def29bac65c,9a0522b6-a851-45ba-a7f4-3d5a01e597ff,,page_view,https://shop.example.com/product/PROD-0080,f9fa2f30-b667-495e-aff7-7d73656506e9,2025-09-29T06:36:48.990742+00:00,920fe448-95d0-4ccb-b77b-2c7cfa389054
3611b560-d5fd-4e88-be59-397f675ba92b,ab00c8db-5011-40b9-a1af-269be47b4258,,search,https://shop.example.com/category/electronics,d1b85a58-970c-4da3-bede-a118e2069cc1,2025-09-28T01:59:27.990763+00:00,920fe448-95d0-4ccb-b77b-2c7cfa389054
b01ef8a5-d124-4912-83a1-c98b4bd322dc,e91bc8b4-d0f9-4bb0-b383-0292826fe767,620de1c0-1ad3-42c3-bf9e-a006c5def4d3,page_view,https://shop.example.com/product/PROD-0372,cde881da-6046-4c07-a86b-dea55d2294be,2025-10-26T05:59:31.990791+00:00,920fe448-95d0-4ccb-b77b-2c7cfa389054
14caf2cc-c670-41e5-93f8-ab9e8079a45c,384689dd-0d5c-4778-980b-100272c3aee0,e99d340b-554e-4106-a2ea-72a50a09d0f4,page_view,http://///shop.example.com/product/PROD-0296,73530d75-1401-4484-b4fa-7e9ac8307391,2025-10-23T09:47:41.990827+00:00,920fe448-95d0-4ccb-b77b-2c7cfa389054
fa7b7fca-b1be-49d0-be99-7f81e73e5510,39128701-60f3-4406-be4a-df56b63ab9b7,0ce25df3-384f-42d9-9523-604a64065b9f,search,https://shop.example.com/category/electronics,d16d7e33-9905-46d5-af42-82e54e5a3978,2025-10-30T22:57:40,920fe448-95d0-4ccb-b77b-2c7cfa389054
47d9ad06-d899-4088-99af-d489926d765a,a434d3ea-a129-493f-ba73-3951943eebab,37e86c67-5e16-416b-b413-9bc3acf2d49f,search,https://shop.example.com/cart,ddff7ba8-40b1-47d9-b45d-79b3fe62300d,2025-10-25T14:22:48.990902+00:00,920fe448-95d0-4ccb-b77b-2c7cfa389054
75389aca-f252-4d71-a190-c4b5f69374de,10e0c189-a27e-4f14-becd-a83444f30203,,page_view,https://shop.example.com/product/PROD-0212,2ecd8768-d864-429a-b135-6bce57f3db38,2025-11-25T02:35:32.990933+00:00,920fe448-95d0-4ccb-b77b-2c7cfa389054
a9e107c6-aedc-459f-8881-47af2df433a4,5f34d477-4480-47f5-91ca-f73266109b31,,page_view,https://shop.example.com/product/PROD-0199,f78886bb-14b9-401a-a89d-51adc91f903c,2025-10-07T00:37:15.990989+00:00,920fe448-95d0-4ccb-b77b-2c7cfa389054
b4ba1226-737a-48e7-a54d-748dc8fcdf3f,7947d734-f5ba-43c7-9ace-ae528e31af2d,,add_to_cart,https://shop.example.com/product/PROD-0417,56bfc018-fc0d-4ef3-a24a-6ef42700cbb8,2025-10-03T10:42:46.991025+00:00,920fe448-95d0-4ccb-b77b-2c7cfa389054
8631984b-7bcc-40b8-9157-e3fd3501b1cb,7278bd09-c6c7-4e72-bf21-da77b06b038d,886a509b-b3c9-480a-8194-18bfece13fbf,page_view,https://shop.example.com/product/PROD-0240,e1c31266-bcb1-4b17-b6e8-776c50909052,2025-12-01T04:40:34.991048+00:00,920fe448-95d0-4ccb-b77b-2c7cfa389054
fc1d9b72-4c56-47ba-aeb8-e528b7d68fe2,a1be2e33-7916-48a3-801b-a36cc3a7214f,581b3633-3480-44fb-a3f1-e3bd7136247a,login,https://shop.example.com/cart,f928a333-61b2-4f0c-8b95-6cd45d4b631f,2025-09-21T22:58:57.991069+00:00,920fe448-95d0-4ccb-b77b-2c7cfa389054
1b00d035-edbf-48b5-b15d-abe7edf55a41,8e4cced8-216a-4f6f-adbd-eb41ba7619a4,f81b0fb4-38b8-4a0e-9213-978156ad010d,page_view,https://shop.example.com/product/PROD-0040,5aaea74d-fd27-4d2f-abd7-c9386da65c45,2025-11-10T20:29:29.991100+00:00,920fe448-95d0-4ccb-b77b-2c7cfa389054
09c38a40-14f1-4f5c-9ee8-d723558122c3,067d052e-eb9a-4f8d-ab05-ceacc4beac03,50b77ace-57a1-48be-820e-d1a19011b16a,add_to_cart,https://shop.example.com/product/PROD-0152,520288a6-d7d0-4723-a1a5-66b0facb3fa6,2025-09-17T07:13:53.991124+00:00,920fe448-95d0-4ccb-b77b-2c7cfa389054
f698621c-d572-437f-8795-b742781e1eb1,c28f024d-a1fb-49b6-9a5c-eae5e97efbe0,f61f98cb-4a3c-4661-9c3c-2215c5d99963,login,https://shop.example.com/search?q=shoes,a93652b4-f946-4916-9f76-b4e45f2fb955,2025-11-06T10:13:08.991152+00:00,920fe448-95d0-4ccb-b77b-2c7cfa389054
044d5bd1-a0b3-433b-b77e-32a171cf575a,62952adf-fc9a-4f4a-a0e3-d9c9c38b61dd,782b0c98-cbd2-463b-b718-ade46281dd5f,page_view,https://shop.example.com/product/PROD-0215,e3411269-bb83-456a-859c-f3e10543ad9d,2025-10-03T03:51:09.991175+00:00,920fe448-95d0-4ccb-b77b-2c7cfa389054
df069b48-3c12-47f1-9409-ad3046714d61,c259fd16-73d1-4dd4-8d81-d04625f2c7fc,bc4115ba-e51e-4179-92e7-fcc9c3e2e9fa,page_view,https://shop.example.com/product/PROD-0490,36964e3a-2ea2-40c0-8c21-3ff451d0c0ac,2025-10-21T03:47:55.991198+00:00,920fe448-95d0-4ccb-b77b-2c7cfa389054
47a9e97c-bef9-4b05-a5fc-42d0e0294f72,07a7ca42-5283-461f-ac5d-bbabab2426f5,,page_view,http://///shop.example.com/product/PROD-0488,4dfb85df-036b-4588-b49c-4e0a21e9ce69,2025-10-10T12:18:04.991221+00:00,920fe448-95d0-4ccb-b77b-2c7cfa389054
2c74899a-a0af-435a-a429-a5b0f7ba975c,95593686-1a5d-4d2c-878a-de203ae39d01,,add_to_cart,https://shop.example.com/prod////PROD-0071,1bea5fa4-0f83-4484-8a5e-48ed1949d535,2025-10-29T06:52:23.991255+00:00,920fe448-95d0-4ccb-b77b-2c7cfa389054
1629671b-550b-47cf-9799-c813a06254d8,8117a55f-eea6-4c35-b973-a511b1780386,01511671-93f4-4681-bef1-dfcc75595103,page_view,https://shop.example.com/product/PROD-0137,c8ccf3d6-bf6d-4898-ad0e-1b11d5baf55b,2025-09-29T23:02:19.991279+00:00,920fe448-95d0-4ccb-b77b-2c7cfa389054
f33141c5-b583-41c6-82c9-0a135a241c0d,0b6f0bfa-0fe2-485d-852e-74086e209b16,3106c51f-f4b8-4b8f-9668-1fa974b9dd7a,page_view,https://shop.example.com/product/PROD-0239,8100daad-2c99-4450-b46f-1ec3fe806301,2025-09-13T17:17:44.991301+00:00,920fe448-95d0-4ccb-b77b-2c7cfa389054
fdea9158-9ef7-4850-8e60-c5b62e96ed95,799c36f6-53d2-435a-9a19-d3b6642f50d3,6a857b0e-f394-45b7-a3a3-730557c7521c,page_view,https://shop.example.com/product/PROD-0023,8ed36e4d-c329-4257-a93b-704072f64ba1,2025-09-22T05:22:05.991323+00:00,920fe448-95d0-4ccb-b77b-2c7cfa389054
bb4a93e2-cc5e-46ef-9888-cde2e85bc90a,a2670982-834f-4049-8ba9-d06fe1980b4e,c27c4d7c-08be-4397-bb41-a1abcfa014ed,add_to_cart,https://shop.example.com/product/PROD-0086,6bab2917-ce8e-4f75-819b-74ae45693d49,2025-09-29T20:27:05.991347+00:00,920fe448-95d0-4ccb-b77b-2c7cfa389054
cd4e2663-cf05-4037-83b4-bf8cff0cf254,6d0c11c1-ab73-46e7-8a9b-019cbf540fd0,c84f92a1-d3bc-468b-ab82-d1408a645339,page_view,https://shop.example.com/product/PROD-0070,76540ddf-dbed-470a-8fe9-29310816eaa2,2025-10-18T10:45:17.991377+00:00,920fe448-95d0-4ccb-b77b-2c7cfa389054
aa341bd3-9fdf-4b75-860d-673a933a95f2,3dbc2bf8-6c1b-474f-8bce-042258235b73,f103981e-7e96-4107-83cc-f25ef35a0c63,page_view,https://shop.example.com/product/PROD-0312,26b28c02-2225-4b9e-a153-83b0bc0462d7,2025-11-04T08:32:16.991399+00:00,920fe448-95d0-4ccb-b77b-2c7cfa389054
a1245730-f462-4916-a308-34318b1dff70,c79515c8-74b9-4b72-aa4a-238af84c430a,,page_view,https://shop.example.com/product/PROD-0155///,aeaf17d7-6444-4288-adb6-1dedc947a6ae,2024/31/01 25:61:00,920fe448-95d0-4ccb-b77b-2c7cfa389054
669f510b-e723-439e-b4e5-fc5c78914927,16cf0e96-c9a5-4d20-84c2-07ca1384f4d5,,search,https://shop.example.com/cart,a2d73e7f-c21a-4478-b958-0bce0c89fc76,2025-10-03 01:38:49.991502+00:00,920fe448-95d0-4ccb-b77b-2c7cfa389054
13c9cf43-5d31-44be-83fe-7beaf9ba8254,a3cca81b-9b60-46ef-b4c1-629837eae0e9,dc4c3cd1-540a-4287-971d-f1f76dda43b0,search,https://shop.example.com/cart,6008d27a-65f1-4f6f-9da5-4cf5e749e860,2025-10-19T19:43:55,920fe448-95d0-4ccb-b77b-2c7cfa389054
440db03d-6917-4c1b-a860-259a941cba75,1cbffbe0-cb56-41ce-98ba-2fca6b5abe23,663cb9e5-cf55-4afc-ac4a-d2110be44285,page_view,https://shop.example.com/product/PROD-0120,09d094ed-3aeb-4bf6-ae1e-6c61741417d0,2025-09-10T06:52:00.991572+00:00,920fe448-95d0-4ccb-b77b-2c7cfa389054
e1e1f7b2-2c52-43d1-bae0-c35e586f85e8,b8ef11b3-ba6c-4d8d-bf93-f75feb389a96,8ef0aab6-6c6a-465a-b901-ff3f4b3a5937,page_view,https://shop.example.com/product/PROD-0340,552e8c43-1984-4e53-abc4-205fe4ad3f06,2025-11-24T16:33:50.991601+00:00,920fe448-95d0-4ccb-b77b-2c7cfa389054
afa11b97-100a-4d3e-a8ed-df7dca9c3e8c,1a558c88-8dc2-49d5-99db-785b0eb78c81,0c4efa7a-24f2-4f21-ac68-8d2027fd90b1,search,https://shop.example.com/cart,490ff893-9e1b-497c-a063-500758e0cbbf,2025-11-12T06:20:24.991671+00:00,920fe448-95d0-4ccb-b77b-2c7cfa389054
ae79e128-b03a-420b-8735-aa49294d51ce,b012d46e-75a6-4c17-9802-f43d44f4830d,ebd9540f-a873-4ef7-b4fb-c072d6f4c285,add_to_cart,https://shop.example.com/product/PROD-0364,d52afe16-ea13-43fe-a808-9af35e357a53,2025-09-21T09:58:10.991696+00:00,920fe448-95d0-4ccb-b77b-2c7cfa389054
0bc46d4f-49e4-4d41-848c-1c0eb44d66f0,20d30ac8-6492-4dd0-8985-a2c277cd1422,,search,HTTPS://SHOP.EXAMPLE.COM/,2109f062-fdf1-4899-9df1-c83c1452d78a,2025-09-10T14:17:33.991720+00:00,920fe448-95d0-4ccb-b77b-2c7cfa389054
310c3929-8f70-4c3e-bfcd-b494ba0bf236,54e6f028-7ae3-45c1-8a3f-9d31423a42c0,0c9247f8-f3da-4ed1-807c-f09300f6dd08,page_view,https://shop.example.com/product/PROD-0070,3a8fa751-e579-454c-b302-214d7362e056,2025-09-22T02:40:11.991746+00:00,920fe448-95d0-4ccb-b77b-2c7cfa389054
fe9e36fc-dede-4a46-ad1f-61db213b9dea,0dd7866d-6045-40d3-9dfb-1274be2f532a,2fee962a-5f8f-4a1b-8991-a05ea9f7d4cd,page_view,HTTPS://SHOP.EXAMPLE.COM/PRODUCT/PROD-0166,4cb19c41-d595-45df-84bb-7b3e76e57b6c,2026-04-28T16:04:29.991775+00:00,920fe448-95d0-4ccb-b77b-2c7cfa389054
b14de013-6718-4ae6-bd83-583357d145af,c8fb3299-c22f-492c-8c49-3333111c45e6,,add_to_cart,https://shop.example.com/product/PROD-0464, fb5d3e57-6655-4d15-a73e-b49420e08151,2025-10-13T08:45:44.991818+00:00,920fe448-95d0-4ccb-b77b-2c7cfa389054
63e68e30-ec83-4038-a0f9-c975f8bdc537,5dbf4658-0ebf-45aa-b3f0-3c7ac8aff3cd,,add_to_cart,https://shop.example.com/product/PROD-0383,42f5029d-b70b-4bd2-9946-af6316d44f7f,2025-11-13T20:38:29.991843+00:00,920fe448-95d0-4ccb-b77b-2c7cfa389054
e19dd1e9-7d27-45c8-8c6f-a8bff7dd4796,6918022d-9105-4917-8012-054ef1af1d74,03ea1152-ecc2-42ee-8478-d5de8ba6e76c,page_view,https://shop.example.com/product/PROD-0162,d7940bb5-2af8-4889-b9c0-3d7fa0958b3b,,920fe448-95d0-4ccb-b77b-2c7cfa389054
8079772f-9f78-494b-89b9-a7f4a540438a,52ec347e-dfdb-4890-bbb1-4fbbc44109c9,,page_view,https://shop.example.com/product/PROD-0448,b4df6f54-317a-47d6-88ef-feaa3c5c3084,2025-10-12T19:46:23.991895+00:00,920fe448-95d0-4ccb-b77b-2c7cfa389054
001595fd-9fd4-49f2-9056-e0ea6466e11f,accf56a9-6a4d-40d2-9431-7fc2f6bc7c43,0bea5321-c3ec-4312-9412-499d59c27145,page_view,https://shop.example.com/product/PROD-0403,9ab5c644-8a6b-4275-bb83-5e8a3a2183a2,2025-09-29T06:20:58.991918+00:00,920fe448-95d0-4ccb-b77b-2c7cfa389054
fe774956-22c3-4132-9ffb-c9b92135ddc6,70c27807-b851-4c7e-a19e-d915f11f868e,b7037946-37c0-406f-92e9-40e76faf989a,search,https://shop.example.com/,abafabeb-08bc-4ea5-92bf-e7faf84baf4c,2025-09-04T12:02:28,920fe448-95d0-4ccb-b77b-2c7cfa389054
65cb8947-a030-418f-9715-82b38d5ec7b8,bea6e98c-0c80-4be0-bb68-0afdb1954426,aec03f3f-fed2-44a6-b735-6e3a57f55647,page_view,https://shop.example.com/product/PROD-0254,a0e6b0dd-5a40-45ea-b0a4-748818cb170b,2025-10-30T07:52:15.991971+00:00,920fe448-95d0-4ccb-b77b-2c7cfa389054
107f01b6-4ca3-4e23-9d35-c6aa31bf7271,99fda0e6-adc5-402c-a1d7-a320b4406168,d823bbd3-9744-43ff-a01f-07882d1d2de3,search,https://shop.example.com/,8600a643-f5a4-436f-a3fc-e6cd6c00ed9e,2025-10-13T23:56:30.991995+00:00,920fe448-95d0-4ccb-b77b-2c7cfa389054
ab9ce08c-75c1-4529-b252-51140fbff714,36bfd38c-b753-4170-a133-2c0af519a53f,,page_view,https://shop.example.com/product/PROD-0053,a3ac6250-9b19-4322-9632-e18c7149a7a6,,920fe448-95d0-4ccb-b77b-2c7cfa389054
fe510fcd-b31e-49c7-8c6f-75ad66ff8117,aff4d384-e557-4504-8e5f-e52ad79d0502,0d350f5d-a03e-49e3-8dc7-5068e1e71c31,page_view,https://shop.example.com/product/PROD-0108,76168f4c-3665-4b33-aa41-647afbdc7465,2025-10-20T05:28:46.992075+00:00,920fe448-95d0-4ccb-b77b-2c7cfa389054
e282480e-bd84-4446-83b8-84213771e572,8f9554ab-6d78-46a7-92d7-987415801a92,36ba7562-9768-4145-93f0-4ec41b34db64,search,https://shop.example.com/search?q=shoes,F058A513-B264-4D2E-9663-0E3BAB4964A8,2025-10-14T15:55:44.992123+00:00,920fe448-95d0-4ccb-b77b-2c7cfa389054
fbf302f8-3c3e-45ed-ba78-49de39a898a8,f486220a-e772-4661-beba-91b341d10be5,8c8c7035-b564-4ecc-be67-8494fe40278a,page_view,https://shop.example.com/product/PROD-0465,611b1897-33b9-4fa9-8ee8-e89edb7729ef,2025-12-01T10:12:55.992150+00:00,920fe448-95d0-4ccb-b77b-2c7cfa389054
ecec3240-dfc9-4f44-8abd-b9e2d1b466d3,d643373e-d850-4a9a-9b67-0ae863a63224,ef99cece-693e-4301-9d95-968843f4037c,page_view,https://shop.example.com/product/PROD-0487,749c5c25-9f88-4427-8bbe-08c5580006b5,2026-05-07T16:04:29.992179+00:00,920fe448-95d0-4ccb-b77b-2c7cfa389054
ef999a18-b283-4f8e-aef7-94aabde5bcf8,c164b37e-536b-4ee7-8104-97619faa821c,,page_view,,380a45c0-880f-4e11-98d0-8e350dfa3cd9,2025-10-03T13:26:38.992206+00:00,920fe448-95d0-4ccb-b77b-2c7cfa389054
0f33207e-0e44-4d12-875d-cc4d9e420975,5910494a-cb44-4643-880f-c44733d64f06,,login,https://shop.example.com/category/electronics,dbbdb915-e33a-43db-add8-acb7d713952f,2025-11-08T09:35:45.992234+00:00,920fe448-95d0-4ccb-b77b-2c7cfa389054
e781c565-1afe-4e7a-9adc-1d77f36d45f9,3a690972-9cff-49f5-ad6f-aa01ea1e9f57,d153e18d-97b3-40b7-97e0-f5a6a4d0ba9d,page_view,https://shop.example.com/product/PROD-0292,3e0f400b-c83e-4f3c-9b89-c5961fd303a6,2025-11-24T17:06:15.992267+00:00,920fe448-95d0-4ccb-b77b-2c7cfa389054
afd0a0c0-d385-4769-980f-f9e9c220b6e2,8e6bd640-0862-4aed-9b70-dc9d72b17ef7,,login,https://shop.example.com/category/electronics,2b87bfa6-0048-48ff-bfcd-ad65ca95881b,2024/31/01 25:61:00,920fe448-95d0-4ccb-b77b-2c7cfa389054
f1682952-09dc-48bf-ae10-3d6a2e0f5642,0a5f3889-fcb5-4b72-876d-80ab7253d918,6293bc1a-8339-41af-8c6c-b82ac7c76a49,page_view,https://shop.example.com/product/PROD-0451,411cfa01-c688-4868-b246-b810ecd403f2,,920fe448-95d0-4ccb-b77b-2c7cfa389054
32116925-862a-4b22-b5a2-e0863f71726f,3c39e5d7-6135-4927-9a07-f6e89431e0f7,429d163c-94cc-40ee-8c7e-d38d3a14a94b,page_view,https://shop.example.com/product/PROD-0345,a5c8a373-366c-4ddf-834b-010ee335fe59,2025-11-19T22:28:43.992356+00:00,920fe448-95d0-4ccb-b77b-2c7cfa389054
67b49b02-5e6c-45d9-9282-d02a20021951,e3b007c9-5f74-4603-9aed-e77024e57490,95c4e299-22b8-46bc-a536-e63a36e025fb,page_view,HTTPS://SHOP.EXAMPLE.COM/PRODUCT/PROD-0386,5baf1dc1-79c6-4f4b-850c-5ce055e0339f,2026-05-23T16:04:29.992391+00:00,920fe448-95d0-4ccb-b77b-2c7cfa389054
79369604-a067-47c4-a33e-9a7e11d07015,8965f763-d08e-4f07-9569-c40c0472b937,9165a0b5-bd32-4073-a9d2-b2117ce970d5,login,https://shop.example.com/search?q=shoes,b8513953-9d51-4994-a584-922e6297c7aa,2025-10-11T04:10:24.992425+00:00,920fe448-95d0-4ccb-b77b-2c7cfa389054
575df015-f574-4e0e-b1ab-e08b589125cc,87b99c49-c0f4-4e04-9805-33a27b86b85c,4db868c9-0548-46d4-be79-fe1ce9acf224,page_view,https://shop.example.com/product/PROD-0382,04f69ff6-34e7-4c80-a0b6-bb25dfad5ad1,2025-09-05T22:07:12.992459+00:00,920fe448-95d0-4ccb-b77b-2c7cfa389054
d73ec6a0-1cc7-4cdd-b00d-f1dc0b90b25d,fa0a46b5-5ac8-42e9-b568-3210c4aa4f59,,page_view,https://shop.example.com/product/PROD-0403,2c4261df-21e5-4c9c-b822-3d9d0ee86a9e,2025-11-30T10:25:09.992481+00:00,920fe448-95d0-4ccb-b77b-2c7cfa389054
937dbc86-891a-4048-b32d-4822cfdae3dc,4c2e93f3-388b-4dc2-ae2c-07643f2161e7,99efa1ef-a26b-4e96-809a-356313f7cd39,page_view,https://shop.example.com/product/PROD-0159,189f7f29-1958-4111-a7c8-303a413a2260,2025-11-06T10:36:32.992507+00:00,920fe448-95d0-4ccb-b77b-2c7cfa389054
1321ff73-b763-4114-a602-5c22673ddba6,0de9e976-2f5c-4bf5-a504-a1d17d5f22e9,d14cfd1f-93b8-4dc2-b115-991960816d9a,add_to_cart,https://shop.example.com/product/PROD-0283,32a47696-7f2a-4263-8604-f8cbed611f91,2025-10-06T22:38:25.992559+00:00,920fe448-95d0-4ccb-b77b-2c7cfa389054
f94ddcef-81ca-4904-b601-295cabf786c7,4327c984-9e7b-4967-9475-cba9761b0fc8,,add_to_cart,https://shop.example.com/product/PROD-0010,32d93ca3-6993-4e70-a768-10485ed7a727,2024/31/01 25:61:00,920fe448-95d0-4ccb-b77b-2c7cfa389054
d1f9e3e6-b768-435f-af97-a47e7c858750,d7eb8eee-08bd-493c-82d5-987981cbd91f,,page_view,https://shop.example.com/product/PROD-0218,BF7795FC-A098-4663-AB18-1EF925791367,2024/31/01 25:61:00,920fe448-95d0-4ccb-b77b-2c7cfa389054
ea1f82bc-f39e-40a8-b162-dd8bdb5b5de8,4cb0e3a4-f99d-4813-aaed-232ee5ccaaa0,179008fa-48ae-4004-a59f-1a7af9819457,page_view,https://shop.example.com/prod////PROD-0045,4c95c059-2425-47b0-aa0d-fa1716aea72e,,920fe448-95d0-4ccb-b77b-2c7cfa389054
7434379d-53fb-4538-8056-6a929fef4954,6cca5728-f8b8-4296-806a-94bc268c84fa,bfc5d7ef-23dc-4f6a-b784-52027ae50140,page_view,https://shop.example.com/product/PROD-0105///,558f9cda-03e2-49af-8f3e-d5cb9db5c187,2025-10-09T06:51:20.992756+00:00,920fe448-95d0-4ccb-b77b-2c7cfa389054
67203fda-dca0-4f09-8f06-5086ad9b3c3e,7d22ddaa-ff18-4969-b913-ea3f8ea2a260,be07f376-e5e3-42b4-ae8b-c890a9ee1f97,add_to_cart,https://shop.example.com/product/PROD-0459,9d758d92-ce2b-4455-91c2-d67ce9ba6105,2025-09-19T23:24:59.992785+00:00,920fe448-95d0-4ccb-b77b-2c7cfa389054
da3baa44-d756-4991-9791-d3b20d53e942,ebd4d1bc-a22f-4776-b47c-200dda2bc46b,5c82441d-5343-43c2-a243-b54cbb1bff93,page_view,https://shop.example.com/product/PROD-0382,485f9b6c-97e3-43ee-8190-16356fe45b0b,2025-10-11T14:17:20.992808+00:00,920fe448-95d0-4ccb-b77b-2c7cfa389054
4d90c02a-7936-4e5d-9f4e-4b236d1e219e,d8232ca8-d1d8-4a6f-b690-ae0146998f4b,d2563798-716e-4da4-a1da-9449293b620f,page_view,https://shop.example.com/product/PROD-0112,c5065ab0-37a8-4bfd-9593-0b0aedae7558,2025-10-09T00:40:04.992830+00:00,920fe448-95d0-4ccb-b77b-2c7cfa389054
28775ee7-0c44-42f9-8ade-f4cf1892740f,b7f02201-ad97-4d49-8afc-dcae5cbd43f2,,page_view,https://shop.example.com/product/PROD-0441,28ee6360-482c-4cdb-ae96-413dfce6385e,2025-11-23T01:08:12.992872+00:00,920fe448-95d0-4ccb-b77b-2c7cfa389054
49bccda9-b6b9-4898-b3a7-03e6e5d5bbca,97f8c6b9-4792-45f0-afe6-d8c6b0af5aa1,d48836f3-d0eb-436c-836e-673f4163963a,login,https://shop.example.com/cart,00c584d7-293f-4b20-9731-cb9df92fd2f2,2025-09-30T17:54:23.992907+00:00,920fe448-95d0-4ccb-b77b-2c7cfa389054
3fccc7e5-e49b-40c7-a68d-8c1afff5d685,ac514bab-5843-4c68-a097-53c59870ab7b,f745b371-b84b-46e1-b440-296c18980187,page_view,https://shop.example.com/product/PROD-0089,044d8e92-00f6-41a7-905f-05926d0e846e,2026-01-18T16:04:29.992936+00:00,920fe448-95d0-4ccb-b77b-2c7cfa389054
1d2099a0-2ea0-4980-9d67-11901968e674,797083f1-09b0-4eb6-b88f-06697494def1,ebcb832f-4511-4ea4-a6c1-06343f0ce5e5,search,https://shop.example.com/,9cfe3045-2b65-468a-acc0-5dd48a7e904e,2025-10-13T20:28:29.992987+00:00,920fe448-95d0-4ccb-b77b-2c7cfa389054
c1ce664e-bdba-4fdc-a3d3-fd709ed501f2,9405b7f1-1822-41cd-b683-fedfb036c322,581e7143-77f2-459a-806b-d7e043989d9e,add_to_cart,https://shop.example.com/product/PROD-0489,a097a805-63fd-467c-8263-56fa4c7ebad9,2025-09-28T15:36:38.993173+00:00,920fe448-95d0-4ccb-b77b-2c7cfa389054
1e296c10-78cb-48a7-b640-b593462bdcd3,abe3cdfd-33ba-490f-a206-6559b4ace501,087b9971-865e-4389-b98f-60d97034d05c,search,https://shop.example.com/,69ac72eb-370e-479a-aaad-81d637d5eafa,2025-10-31T09:11:37.993237+00:00,920fe448-95d0-4ccb-b77b-2c7cfa389054
79b6ea15-1a79-41a1-a18a-cff083e74f96,bb0d614c-830c-429d-a44f-dd0973ef7005,,page_view,HTTPS://SHOP.EXAMPLE.COM/PRODUCT/PROD-0033,e8e1f524-47bf-4fa7-822a-97e197ab9046,2025-11-27T02:04:04.993282+00:00,920fe448-95d0-4ccb-b77b-2c7cfa389054
c3151d87-7f12-44ae-9f8a-2c54e71bfbb3,3470c204-f8f7-4b02-899a-69637c38fe90,db24e8f6-3a65-4396-9243-309d2f939507,page_view,https://shop.example.com/product/PROD-0205,830cf8f4-945e-4cf5-8ed6-53f85be753d7,2025-11-06 04:35:52.993325+00:00,920fe448-95d0-4ccb-b77b-2c7cfa389054
d76af2af-c497-4689-86f2-caff5de01f9d,2acfc0e6-2067-4d2b-ad86-a8ff58cc8f8e,2f13a631-f4ac-4595-90c5-666a75a126ca,search,https://shop.example.com/cart,141267b8-f627-4e1d-9e40-3fb774dd2fda,2025-11-17T20:22:13.993385+00:00,920fe448-95d0-4ccb-b77b-2c7cfa389054
23b3ee96-d5f7-4c38-b4f3-aee24d21b2fd,18d959fb-09d0-445f-802e-d1c98b2e6eed,e87a275d-2941-4bbf-878e-a7a660aa7cdc,page_view,https://shop.example.com/product/PROD-0182,c22f9da3-3262-40ae-bdbf-40a520905ed2,2025-09-18T23:46:32.993432+00:00,920fe448-95d0-4ccb-b77b-2c7cfa389054
0f92a534-656e-4ae6-98e0-2ac4a1f3b7c2,dac8b0bc-9988-4d22-a671-5f508b7f2a3e,9d19b560-b5c2-41dd-a38b-e9f4bca84831,search,https://shop.example.com/search?q=shoes///,205f8f80-2420-40e3-9449-b8664367e5ed,2025-11-21T05:55:42.993455+00:00,920fe448-95d0-4ccb-b77b-2c7cfa389054
aaf4847e-6a57-4199-bb4c-6ef4769ee917,0c6a52ed-79ab-4a65-9247-f6c9cb6bd9c7,fcd3f41d-6d61-49b6-a405-bb3a938f3eb9,page_view,https://shop.example.com/product/PROD-0134,c5c93e67-2fe7-4284-9709-68f0ebc2d078,2025-10-10T09:18:55.993507+00:00,920fe448-95d0-4ccb-b77b-2c7cfa389054
00fb1db5-7558-4802-ae63-8fd1167b8911,6e7b3031-91c1-4be9-8363-299e06704bdb,f4a406d1-1438-48f1-a5dc-94ae93a88757,add_to_cart,https://shop.example.com/product/PROD-0174,e4eb7a52-dba0-4064-9b11-7af955c76fa5,2025-10-19T06:48:50.993542+00:00,920fe448-95d0-4ccb-b77b-2c7cfa389054
fcc5e0f7-f664-446f-8a78-d44007b33592,c50dd639-5204-4305-b121-ec335f6b1f36,84a80e8b-4155-40f4-8a30-b1f3b802645e,login,https://shop.example.com/search?q=shoes,cdb58a87-e58b-43c6-83d9-6a1849ef7b5b,2025-10-08T07:01:12.993568+00:00,920fe448-95d0-4ccb-b77b-2c7cfa389054
2e87e3b8-ff8d-4ceb-8101-b51024aecbac,55e25a6a-93c0-457f-8823-273980112974,1620898f-4d75-4f08-9abe-cc5588e0beee,page_view,https://shop.example.com/product/PROD-0182,a5689618-451f-444d-828f-2b8561307c56,2025-11-05T13:48:40.993590+00:00,920fe448-95d0-4ccb-b77b-2c7cfa389054
3c33373d-b53f-44d5-a9af-ebf43c60425e,ae677f11-ad77-4f80-a586-d2dacad54983,2a4cd403-f961-4f0a-85a4-4896053f46db,page_view,https://shop.example.com/product/PROD-0041,dd3dab05-39fc-4d7a-b923-29314c0ef8ba,2025-10-26T13:48:31.993655+00:00,920fe448-95d0-4ccb-b77b-2c7cfa389054
2b23cf40-4210-4256-acfe-5c707395eeae,928d051e-8adc-43f1-8cdb-caf9a3dce3a2,,page_view,https://shop.example.com/product/PROD-0223///,eb156c26-ffa4-441d-baac-9cd3d1a47097,2025-10-30T08:04:08.993701+00:00,920fe448-95d0-4ccb-b77b-2c7cfa389054
75706be4-4585-4d19-983f-4ae2d21c3c96,d7ba5a84-03c5-4d14-b9fa-e8092f684b10,,search,https://shop.example.com/cart,ca8d6e8e-4b65-4363-9330-03028ea65f28,2025-11-28T08:10:22.993725+00:00,920fe448-95d0-4ccb-b77b-2c7cfa389054
630ff37c-e5c2-4080-b637-a4d941102054,5962c5f4-492d-4221-80db-1fdb15d84d92,,page_view,https://shop.example.com/product/PROD-0139,325353ba-2ab3-449d-bc90-d6d9e4262473,2025-10-25T08:54:31.993748+00:00,920fe448-95d0-4ccb-b77b-2c7cfa389054
59f488a6-32b7-4830-b229-6a477130d632,01487c38-70c0-4112-8efc-a118136307f9,3b278fe9-3dc6-4966-ad94-0755f23a7c5c,page_view,https://shop.example.com/product/PROD-0220, f086ca55-56ee-4c66-85ad-758c9c468d1b,2025-11-15T03:27:13.993772+00:00,920fe448-95d0-4ccb-b77b-2c7cfa389054
cacae495-736c-42fa-919b-225b68484bc8,bb96ac3d-c2db-4de6-8f3d-8ac25914a5d6,53eaac2a-a137-429a-bb6a-d2226aa9d0ef,page_view,https://shop.example.com/product/PROD-0318,7d3ff611-d4be-4fe6-b597-edff2abee445,2025-09-30T08:58:55.993821+00:00,920fe448-95d0-4ccb-b77b-2c7cfa389054
badfb2b9-1e90-49c0-90dc-46931e3a37e7,775f06a4-208e-45f7-abe8-9f3c20cc44ad,1212628e-219b-45e9-9d2a-4a363e6610d8,search,https://shop.example.com/,62a1fca4-2d0d-4a9b-99c0-09abd3999dd1,2025-09-08T22:49:47.993858+00:00,920fe448-95d0-4ccb-b77b-2c7cfa389054
3fc3648e-a0e9-47ef-b19d-8c83634685bc,36478602-d441-4889-a8c0-9a1a150add52,,add_to_cart,https://shop.example.com/product/PROD-0108,32c8aed3-42a5-4279-898a-fed9280ee30f,2025-10-06T21:15:56,920fe448-95d0-4ccb-b77b-2c7cfa389054
8412840e-dcd9-4693-b1e4-179333cf88d2,3b731fdb-ee9b-40b3-a6d2-298cb11b642b,6c459030-5182-4901-9861-edd304896834,page_view,https://shop.example.com/product/PROD-0429,a559aba1-9ad4-44be-88d3-e5097c5a3b1b,2025-11-18T00:59:44.993924+00:00,920fe448-95d0-4ccb-b77b-2c7cfa389054
18972c35-f799-4eed-a6fb-e02eef812b4a,78822b6d-a07b-49a7-9337-a15462449cd7,6c867204-5a56-4f30-a831-9fe38b39947d,page_view,https://shop.example.com/product/PROD-0001,2077f0ac-c1f2-446f-96ec-45677dd4584f,2025-10-11T08:35:44.993959+00:00,920fe448-95d0-4ccb-b77b-2c7cfa389054
6358b420-0e15-4301-b3f2-2d2f0a12c019,5eb93806-4cc3-4ff9-9cde-89ee4bda187d,65e4be69-18e5-40f3-b12a-3aafdd9439e5,page_view,https://shop.example.com/product/PROD-0044,c0a39796-4358-4954-99d8-ca9e7fd40f38,2025-11-16T11:25:26.993982+00:00,920fe448-95d0-4ccb-b77b-2c7cfa389054
bcd59fd5-78a1-4164-bc17-20aa8138c697,2fbfa0c4-89dd-401f-b0da-58ace9638f65,6a765774-8567-43ea-9eca-63bf65e26ebd,page_view,https://shop.example.com/product/PROD-0117,1ef16a79-bccc-4722-88dc-ae24c4526f87,2025-11-07T02:46:05.994048+00:00,920fe448-95d0-4ccb-b77b-2c7cfa389054
0f599df0-449b-4117-ad0a-989c6aa3a8f5,0b8a86be-80b4-439d-a701-e76ec5667143,e7773b15-f69b-4bf3-959e-86e83b82380c,search,https://shop.example.com/category/electronics,0d06ecf7-a896-4354-99a9-ded20216f7c9,2024/31/01 25:61:00,920fe448-95d0-4ccb-b77b-2c7cfa389054
7349e573-fb92-4f42-b97b-460122688ac3,e0f71421-d010-4bd4-8442-407bbcc25e90,53d7fa83-6e5e-4983-8408-af24c3416c90,page_view,https://shop.example.com/product/PROD-0464,7f5727be-5243-4cdb-92c2-2daa667f383a,2025-11-02T14:46:27.994135+00:00,920fe448-95d0-4ccb-b77b-2c7cfa389054
116059c5-e101-4f75-90d2-b52c22abea95,ccc2b205-417d-4e48-be99-f2c133c8d0e1,dcfc796d-1169-46f9-bd73-d3f4344f874f,page_view,https://shop.example.com/product/PROD-0262,04fe7479-2138-447c-8c69-a062aba1724c,2025-11-27T04:34:10.994165+00:00,920fe448-95d0-4ccb-b77b-2c7cfa389054
a3fde569-c78a-4c68-9468-d333b85ff6f6,27aa75f5-ee09-4ad0-ab39-77f8c22e9d52,6eaf47d4-46a4-4c83-8ae5-9984e8975894,page_view,https://shop.example.com/product/PROD-0019,52177cda-a3dc-40a2-aeb0-9886379b63a0,2025-10-12T19:28:07.994215+00:00,920fe448-95d0-4ccb-b77b-2c7cfa389054
cc77cde3-3b9f-4629-912b-374312e49f14,80cac213-6edf-467f-aca4-e26ee11767e7,,page_view,https://shop.example.com/product/PROD-0442,197007c3-bff9-422e-a014-6bc18e5a6ec4,2025-11-30T23:42:18.994239+00:00,920fe448-95d0-4ccb-b77b-2c7cfa389054
0694f0dd-2718-4c89-99ab-aedd45a0af70,ea126a41-de29-4a61-8a21-0904fbe707b6,519dfce6-3880-46e7-a826-f667a40f5171,add_to_cart,https://shop.example.com/prod////PROD-0495,748eb6b8-0e06-464c-b894-d6c21d5d92e9,2025-10-14T21:38:15,920fe448-95d0-4ccb-b77b-2c7cfa389054
61729243-5d40-43c1-8118-f1bbc3728d7a,d08626eb-c7b2-4b21-a623-b0fccbe89580,b91c7e1b-7c6d-42b7-95d7-ed9370f7b4c6,search,https://shop.example.com/cart,6cf30a2a-7867-448a-b1f6-e6cc6581b560,2025-10-06T11:25:49.994309+00:00,920fe448-95d0-4ccb-b77b-2c7cfa389054
827fa16f-0751-40a8-91c0-0b201eb84175,a749adca-125c-40bf-bc39-dc473a768170,40e647f4-78dd-4d24-90c1-dcc270967288,add_to_cart,https://shop.example.com/product/PROD-0232,15ceee67-d5b1-40b5-9a7a-1d16cbbf8998,2025-09-24T05:41:10.994332+00:00,920fe448-95d0-4ccb-b77b-2c7cfa389054
fbe92f82-214c-467d-9030-98c7adf2917a,7a65f87f-cb3e-4745-990d-017693a9cd8d,,page_view,https://shop.example.com/product/PROD-0313,62ed4e3d-b87a-4cde-a9fb-cb39100bd622,2025-11-18T13:07:39.994353+00:00,920fe448-95d0-4ccb-b77b-2c7cfa389054
94a513d3-4bd4-4ba3-8e04-c147fd00f848,dde19726-91ed-4187-b182-81fbe3b1d807,9bfe4bf6-1b73-4bfe-b546-c468c925d9c9,search,https://shop.example.com/,55d2f2ef-f8dc-4b04-a16b-d99b77182c77,2025-11-10T18:44:40.994381+00:00,920fe448-95d0-4ccb-b77b-2c7cfa389054
180bff50-e1d6-432b-9f5c-ba1df4a74c0a,6d0e1f2b-17f1-40fe-ab03-de1f89af6f28,,page_view,https://shop.example.com/product/PROD-0057,93dc5d60-0e63-497a-8c0e-2d93aaaf2500,2025-10-01T22:52:07,920fe448-95d0-4ccb-b77b-2c7cfa389054
0d109cd9-5cd4-4279-8c66-7d4c629f8397,35d48b14-4847-47a7-9c13-343bf70ef7e5,,login,https://shop.example.com/,17606298-3400-4f36-9c37-12f7fe0135d2,2025-11-09T04:08:15.994614+00:00,920fe448-95d0-4ccb-b77b-2c7cfa389054
abecf61c-8ad8-4c88-be05-4b83b7a69f16,e7564bb4-74ec-4035-9930-002c3961481f,ca53513c-645e-4f5a-aed4-81340392b392,add_to_cart,https://shop.example.com/product/PROD-0006,941c9c54-2a8c-4883-ad20-eda09bdfde77,2025-09-06T23:11:02.994718+00:00,920fe448-95d0-4ccb-b77b-2c7cfa389054
f30f365b-3e6e-40e9-b22e-530736523285,33b3161a-cc97-4bc3-a1ec-b9abab680b92,1068430b-b9de-43ed-8b00-629066a667ff,search,https://shop.example.com/category/electronics,39e01e2b-b585-42d9-860b-51f276a55bbd,2025-11-05T07:08:12.994773+00:00,920fe448-95d0-4ccb-b77b-2c7cfa389054
f3bb30d1-0add-42aa-9bdb-0d8af7cb0294,33531fb9-5e0c-4f94-9bef-ed1f1bad4e92,cb15ea65-5b46-4f7f-aa73-25d8d187979a,page_view,https://shop.example.com/product/PROD-0416,3b58c3ed-01d5-4ea0-a2e8-bad601f52f94,2025-09-20T20:44:29.994800+00:00,920fe448-95d0-4ccb-b77b-2c7cfa389054
378dfa54-6db2-45c5-b3c7-f454c45e487a,ab0ba21d-55c3-49d6-a30f-d3cab22410fd,cd146b61-6294-482d-81a0-91bd5603ba5e,page_view,https://shop.example.com/product/PROD-0002,16aee43a-7511-4a63-bb30-5dab054bece2,2025-11-13T17:25:14.994823+00:00,920fe448-95d0-4ccb-b77b-2c7cfa389054
fac10445-04bf-4c28-a564-9087e057672d,73c35939-1edd-444e-b3a7-983f6d4c3419,a02adf08-5e67-43c5-8b0d-314bfef8a418,page_view,https://shop.example.com/product/PROD-0458,f2ae6997-198c-4309-9e2f-3a4edc14cdb6,2025-11-05T21:10:41.994851+00:00,920fe448-95d0-4ccb-b77b-2c7cfa389054
2ca9e495-ff79-456c-8e90-60a04879565a,9f5e6217-79c3-4c51-92f0-72a07ddba7c1,852468d3-3921-477d-96ce-80395bfff129,page_view,https://shop.example.com/product/PROD-0173,005fd0c2-fc03-4246-af86-a2d854d6dbe1,2025-09-13T20:28:48.994891+00:00,920fe448-95d0-4ccb-b77b-2c7cfa389054
92c0e485-0228-45fa-a395-9ad45e9ccd40,f2d10e20-086a-4fa0-83f8-87ef78fb0414,,add_to_cart,HTTPS://SHOP.EXAMPLE.COM/PRODUCT/PROD-0105,dc9a6248-5b3c-4a07-a0a9-bf444b7d897a,2025-11-28T00:07:42.994938+00:00,920fe448-95d0-4ccb-b77b-2c7cfa389054
3e691edc-7b37-4655-b430-8389ffa25b4f,ea882b00-1383-4258-b602-fed1c02832bd,a205dbd3-d7fa-4eeb-a25b-a0c37f9925f6,page_view,https://shop.example.com/product/PROD-0323,317444bc-95a6-4d93-b56a-e731c74f7ac5,2025-10-20T10:52:10.994968+00:00,920fe448-95d0-4ccb-b77b-2c7cfa389054
bf933eea-61d4-476f-9fae-cddad1ac1961,3683858e-48f5-4436-a879-f179aa2bec4b,e70264fa-782b-4296-8408-79ef0c5efb93,page_view,https://shop.example.com/product/PROD-0241,31bab8cf-3cbb-46a0-aeb0-ee5e3b28b8d7,,920fe448-95d0-4ccb-b77b-2c7cfa389054
53bc8a32-4719-4aa2-98bc-b2b3d56552f9,0d43a99a-9c3d-469c-8cbb-809b7d5476fb,af45d923-36e3-4b06-a66e-104ea4e17f3c,page_view,,ac4b946e-b540-4d89-8b3c-77274420efda,2025-09-05T01:31:04.995051+00:00,920fe448-95d0-4ccb-b77b-2c7cfa389054
fb581b8b-fde1-4eff-87cf-fe0af03f3066,6ec5a3ab-cd73-49e9-9fcc-0ab569d838a4,3c73c2f9-81cc-4847-afd3-0edab194c440,add_to_cart,https://shop.example.com/product/PROD-0264,b3cf4866-ef70-4857-85d8-286ca05faa33,2025-10-14T19:19:05.995077+00:00,920fe448-95d0-4ccb-b77b-2c7cfa389054
dc7c9daf-d418-472a-9433-8adf14d76521,489bcde0-1a6f-4fad-9176-3b302b6cbca8,,page_view,https://shop.example.com/prod////PROD-0053,2f65b8e5-1ecc-46f0-9268-912a32df9e65,2025-11-02 06:30:29.995100+00:00,920fe448-95d0-4ccb-b77b-2c7cfa389054
9e595679-82b8-4275-94e9-16be88e00c67,8bdfd186-0292-40ae-8339-e86405f46829,d279fa08-89af-4b4c-8d47-4542bbba9387,search,https://shop.example.com/search?q=shoes,b28583cb-266f-4453-bb8f-f5aac74b7f64,2025-09-20T12:30:21.995168+00:00,920fe448-95d0-4ccb-b77b-2c7cfa389054
8b8409ca-74f9-4509-b0b9-3c239e06245a,22c29d2c-d884-447c-839c-64fa909501db,bceb4f92-77a1-4fe1-b17e-8ad6507f2c97,page_view,https://shop.example.com/product/PROD-0380,4c4a776d-72b9-4aaf-8f20-dd891a09a3e6,2025-11-30T14:43:27.995194+00:00,920fe448-95d0-4ccb-b77b-2c7cfa389054
0e3184d1-e547-47ce-87b9-53cc2a0ef40a,18bf96bd-2b13-425a-8700-8c854860ff42,,add_to_cart,https://shop.example.com/product/PROD-0469,7f60ab42-6b3f-4ab8-90d1-3d207985883f,2024/31/01 25:61:00,920fe448-95d0-4ccb-b77b-2c7cfa389054
642f448d-ad94-4414-b3bd-2493a27b67d4,18dcf74b-a96b-4fd8-8529-b62f48d74002,cd88224f-4f08-42fc-87b8-68880b13a2e8,page_view,https://shop.example.com/product/PROD-0106,496724e2-a231-4cd6-8eca-9b82af217df6,2025-10-29T02:03:02.995294+00:00,920fe448-95d0-4ccb-b77b-2c7cfa389054
15a2e537-3d98-422c-b4b3-59bcaee65d2b,44d75236-d28f-45b7-95d0-463b18f05b3c,4fd2a534-d197-4c45-8e23-363ec0c706b0,search,https://shop.example.com/cart,6d50ad51-9678-460b-b497-87c350e86af1,2025-10-03T12:45:37.995320+00:00,920fe448-95d0-4ccb-b77b-2c7cfa389054
4f2719b2-4b8c-4a20-bfca-735169c7f92e,c168627b-092a-4f5f-9da7-4ce6e6321507,030d2c82-1d72-478e-a792-e0a400d0259a,page_view,shop.example.com/product/PROD-0312,0af36d70-590a-46e5-b70d-aca03c7db9c9,2025-09-16T13:46:01.995344+00:00,920fe448-95d0-4ccb-b77b-2c7cfa389054
21d443f2-604f-4495-82a8-ee106e807b07,9d2c3c90-8453-435d-b047-dce41d4e831e,,page_view,https://shop.example.com/product/PROD-0431,60da2da7-3aeb-429a-bf06-c6a925d77fb8,2027-04-23T16:04:29.995380+00:00,920fe448-95d0-4ccb-b77b-2c7cfa389054
0c66d599-3402-4100-a90b-9cf683dadb57,3fc0e969-cb0a-494b-b3bf-ef37b45919f1,00f70b10-277d-4dca-9256-58d3beee1079,add_to_cart,https://shop.example.com/product/PROD-0398,46807955-3c6a-48f5-b168-68390b29c132,2025-10-11T08:26:45.995420+00:00,920fe448-95d0-4ccb-b77b-2c7cfa389054
ceb2d8fb-a5ab-4d82-8808-4718ba42fcc0,688f6dcf-dca1-4b31-b550-7db22941616f,2294dba7-6f68-4630-be37-f692e6253b27,search,https://shop.example.com/cart,e41962eb-a4e2-456f-ab4a-29eb7709150f,,920fe448-95d0-4ccb-b77b-2c7cfa389054
7d443621-4535-4420-b234-46057bc4e659,1daae9d0-9b85-41f6-97c5-23d2370b36c3,,page_view,https://shop.example.com/product/PROD-0228,cd07508e-5ba2-484a-8657-81111c23002a,2025-09-26T13:30:44.995496+00:00,920fe448-95d0-4ccb-b77b-2c7cfa389054
6944faf9-a942-4e61-80a0-8ceb5ee953dc,5fec00bb-44bc-46f1-89ae-56b878d0b864,,add_to_cart,https://shop.example.com/product/PROD-0442,82de5776-2bf1-4a4c-a22d-1b30b79a3a1d,2024/31/01 25:61:00,920fe448-95d0-4ccb-b77b-2c7cfa389054
7580473a-7804-469a-b707-a467877a106a,5d03d974-5814-4265-b16f-f917f1b72ba8,a0111552-7a15-4e5b-9326-7a92526e6237,search,https://shop.example.com/cart,b7ebdafc-3a88-4f8c-a0f7-e0b341e75e59,2025-11-15T09:38:33.995553+00:00,920fe448-95d0-4ccb-b77b-2c7cfa389054
cfabe54c-bf1d-4be9-a006-730a16a1b9e5,40449f29-cf33-493b-9dda-7fc3806b8462,,login,https://shop.example.com/cart,4c9b1716-0f37-4429-b20d-0c960e9da87b,2025-10-10T20:50:54.995607+00:00,920fe448-95d0-4ccb-b77b-2c7cfa389054
e8b77be4-bd06-4f99-b11a-bb61a22e149c,03aa2cbb-4bdf-45c6-986f-69bcfc69d679,,search,https://shop.example.com/,b2711fdf-1fea-4fc7-b28d-dc54a30b9b75,2025-09-11T20:49:26.995670+00:00,920fe448-95d0-4ccb-b77b-2c7cfa389054
780700ec-fee8-4411-97ad-d958c1ed21dd,f7f57c66-477d-4d00-9fa0-7ab8fe1e82ee,bbf6d0e3-561b-46a1-be1a-5cc3d2037ac1,page_view,https://shop.example.com/product/PROD-0058,7a8f5816-40b6-4e94-99ce-72bac1d96341,2025-11-21T18:33:22.995698+00:00,920fe448-95d0-4ccb-b77b-2c7cfa389054
b400ee43-1ed0-4eda-afc2-43dd9d5a7168,bfd04874-ab9d-485a-a9a5-825c4dcd9498,484ba1c6-52a3-44ab-858c-208c794ac2af,page_view,https://shop.example.com/product/PROD-0041,cd3a6a02-9a67-4d39-b056-62bbd5f3b6c6,2025-09-04T20:04:19.995721+00:00,920fe448-95d0-4ccb-b77b-2c7cfa389054
08ea288c-44dc-4f65-b545-83be16ba6a5e,ad01c315-3d31-4854-abed-7a275f4dbf87,58437fb6-b842-46dc-a98b-db147800de94,page_view,https://shop.example.com/product/PROD-0079,fdbb3c22-7990-4e47-94aa-0cb997a67685,2025-11-26T17:09:56.995752+00:00,920fe448-95d0-4ccb-b77b-2c7cfa389054
2ed95035-9353-4bb3-a182-126932ef07c3,2e1402bc-8f17-4cfb-98c4-1617e28a9d2d,1068430b-b9de-43ed-8b00-629066a667ff,page_view,https://shop.example.com/product/PROD-0403,c9f1a580-6146-4811-bfbc-961e5fa46831,2025-09-18T20:37:53.995943+00:00,920fe448-95d0-4ccb-b77b-2c7cfa389054
e53b033c-5c28-4b1d-b8a4-d61b000dc4ac,501a59e5-283c-4f11-bd4c-373802dba987,,login,https://shop.example.com/,0b98a6de-06e7-42f8-a03f-8384fb1032c2 ,2025-11-27T00:03:24.996040+00:00,920fe448-95d0-4ccb-b77b-2c7cfa389054
1cd693c8-f052-4912-9a93-2ec003f7297c,e416a96c-d4a4-4854-bc20-11ffce05acd9,e02e98a9-6b24-4054-98c0-d793f62e08b4,search,https://shop.example.com/,155ef553-ab3c-4b73-9d7f-7d08e17a23c9,2025-11-09T21:02:44.996128+00:00,920fe448-95d0-4ccb-b77b-2c7cfa389054
acade970-9e7b-4315-9c31-13993bd5cc79,50c44048-3c3e-4d4e-8e45-ef76949e762d,4203dac5-04cf-450b-a4f5-c3a5551c5336,page_view,https://shop.example.com/product/PROD-0329,23016f9c-d8e1-4a30-ab85-aa8ccf05b0de,2025-09-04T21:03:55.996203+00:00,920fe448-95d0-4ccb-b77b-2c7cfa389054
38446054-7b62-42b7-a319-bc66bf7de4e2,c72ab080-0f8f-4b57-9c3f-4e1b8481768c,f1fe8375-8df9-4661-b89f-9a8e505c7bdd,page_view,https://shop.example.com/product/PROD-0376,d8c0bd4c-6128-4fc0-b473-a8d2a194588d,2025-10-04 13:30:21.996275+00:00,920fe448-95d0-4ccb-b77b-2c7cfa389054
1cb05deb-21a3-487a-ae06-3b7d04f6cd0c,903f8f13-cde4-4788-80ca-7882078060fe,a3708ae3-03f4-4f09-8937-d85ae7b462e7,login,https://shop.example.com/cart,1cc14262-cf09-47cf-8776-2c4cc90e7a03,2025-09-18T05:02:18.996373+00:00,920fe448-95d0-4ccb-b77b-2c7cfa389054
3915ca62-ef64-43e8-a022-9a2f0e59e864,c9903774-98cb-4d4a-8363-6ea3c9b776fb,,page_view,https://shop.example.com/product/PROD-0152,b37994cf-ea32-486e-bdae-4cc17fed5196,2025-10-09T13:38:58.996434+00:00,920fe448-95d0-4ccb-b77b-2c7cfa389054
2548b4a8-a9ac-4044-be6a-a8189750b4c6,d18abe41-4bc1-4fef-b2a7-1064c545b0ae,379ebe69-e86c-459a-a1fb-e20578f415a5,page_view,HTTPS://SHOP.EXAMPLE.COM/PRODUCT/PROD-0497,efcd16a5-ff1d-497e-a0b1-5ba0e2f75830,2025-09-14T03:47:59.996500+00:00,920fe448-95d0-4ccb-b77b-2c7cfa389054
c1cb795e-fc73-4b62-a648-a5c4ccc44077,66842b59-2260-4d21-a21c-1ee237dffc8d,,page_view,https://shop.example.com/product/PROD-0422,5668d4a4-225c-4737-97cb-ad6662b6f9ce,2025-11-03T22:14:22.996608+00:00,920fe448-95d0-4ccb-b77b-2c7cfa389054
f365066f-0343-42b0-87f6-9c47afece974,921eef97-331f-45fa-ae7e-2e9524734189,b82e70e3-111f-43c4-bfd9-e9ccad2b7bfa,add_to_cart,,31cbd73f-3cb4-423a-ad40-c522c4b5fddf,2025-10-13T23:46:18.996673+00:00,920fe448-95d0-4ccb-b77b-2c7cfa389054
01de7b1a-d34b-4d1e-82d6-16755c53944d,656588a0-ce63-47b7-b2e0-a4d3e2fc3109,,add_to_cart,https://shop.example.com/product/PROD-0078,40109ada-43d5-46c4-a004-f502cee3548e ,,920fe448-95d0-4ccb-b77b-2c7cfa389054
25c61d19-1bda-4b7f-b542-6e1b9430ba43,ac9f0ecd-70b3-453f-bdff-29df2c335969,3d571277-bb88-47d6-94b5-ac00d5ef27e6,search,https://shop.example.com/search?q=shoes,dc3d15fe-602c-4961-a56d-6af940fdee60,2025-09-19T23:43:55.996806+00:00,920fe448-95d0-4ccb-b77b-2c7cfa389054
7ad44fe0-3f4c-468a-a992-a6aba20f9304,b7570271-6538-4c8b-844a-55b41ac5b921,8edc92bf-06a7-41e4-afa2-f16150a00657,add_to_cart,https://shop.example.com/product/PROD-0450,cfd6635d-3275-4754-9e2c-1def26d4ed9c,2025-11-05T00:38:29.996875+00:00,920fe448-95d0-4ccb-b77b-2c7cfa389054
ed7a579a-525c-41db-a982-e4ff4cb46517,4c54563a-0095-4084-804b-197beec558c9,,page_view,https://shop.example.com/product/PROD-0149,95535f48-93da-40b6-a77c-96720344ef46,2025-10-27T16:43:35.996923+00:00,920fe448-95d0-4ccb-b77b-2c7cfa389054
71bc02ae-7acd-4e82-a3f7-82712507877d,0db198e9-b566-47fd-adcd-11853ef1d6a8,8ff35219-aa7f-4682-a628-ade3b52cb2b8,page_view,https://shop.example.com/product/PROD-0244, 83a9defa-714c-4769-95f8-dc891f903fea,2024/31/01 25:61:00,920fe448-95d0-4ccb-b77b-2c7cfa389054
bac251c9-fa17-45dc-9b85-34dcaa28116b,958b10db-cc8c-411a-bdc3-dd5384cbb9fd,e018c364-63dd-4869-a927-c7f10f9c9f5d,add_to_cart,https://shop.example.com/product/PROD-0360,37ce4f72-59ab-4d88-a179-8f410ad7ef86,2025-10-31T00:08:28.997063+00:00,920fe448-95d0-4ccb-b77b-2c7cfa389054
0003d8e0-b5d2-42c1-8aad-e3a3aca547bd,caa27e15-98d1-459a-8afa-ba0f481da789,8f43de11-119f-41dd-8734-376b4589f666,page_view,https://shop.example.com/product/PROD-0094,e5bd8b0a-9ada-4919-bf0a-0b5b44dbcab9,2025-10-10T08:59:39.997124+00:00,920fe448-95d0-4ccb-b77b-2c7cfa389054
c5c157ae-f575-462d-b37f-f380dbf6835e,1ddbc0ad-78e4-44b7-8bc8-5cf981b0391a,1e13a323-2d78-42ac-8100-2a22bebf6d5e,page_view,https://shop.example.com/product/PROD-0341,719e1591-1ded-4e67-a07b-fec363ef61c7,,920fe448-95d0-4ccb-b77b-2c7cfa389054
16ac6504-409c-4d26-8e82-e1ba0509e5eb,418ecd2b-9138-48d4-a35f-95248282bab2,61d54b8f-fe4b-4b91-8788-dcde4a494bb9,search,https://shop.example.com/category/electronics,8735f6bb-2965-4fd7-a4f4-b51e413c96df,2025-09-27T01:03:06.997264+00:00,920fe448-95d0-4ccb-b77b-2c7cfa389054
268b3119-f016-40a8-b678-837b6edcc3fa,8b3a1e62-dfc3-41ee-b479-b9ab79e42332,,page_view,https://shop.example.com/product/PROD-0116,0cd89679-d93c-49d9-98a4-c38ab948255d,2025-10-18T14:49:55.997315+00:00,920fe448-95d0-4ccb-b77b-2c7cfa389054
365ca263-1a3c-4d68-8d09-703bb153a3e9,4022c6ec-e1b0-49e6-8acf-ca6a16119115,c385b87b-d7e7-475f-b3c5-15e65b033557,page_view,https://shop.example.com/prod////PROD-0404,2ab2c341-bf6f-476a-9185-7ca183ed575c,2025-09-12 01:19:38.997394+00:00,920fe448-95d0-4ccb-b77b-2c7cfa389054
e33965cd-fcf3-4c16-bd70-abbdaaf1b10a,d973c227-8219-4e28-b9fd-511d4f687730,f7e6db4d-f36b-498d-ae9d-8f42fea121d6,page_view,https://shop.example.com/product/PROD-0403,4b41ae60-96da-407e-b264-101c0d9f9a5a,2025-11-08T18:37:55.997482+00:00,920fe448-95d0-4ccb-b77b-2c7cfa389054
4beeb38e-7a62-4769-b1e2-bb0a62051af2,a569fe7d-e5a8-4c61-90d1-069661d120f3,,page_view,https://shop.example.com/product/PROD-0432,6a509c09-9a7a-4b0a-955d-aaf2b8b8e9d8,2025-11-13T23:32:02.997541+00:00,920fe448-95d0-4ccb-b77b-2c7cfa389054
c303c9e6-45ea-4bf5-a964-74fd7fa4ad50,b9a65219-1f83-421a-aa0c-61e4e6afdd45,e28c34e7-b854-47a0-b0bf-bfd384f57fea,page_view,https://shop.example.com/product/PROD-0259,cd7dc1b4-78de-43c6-aded-9b217499b679,2025-11-27T16:25:25.997622+00:00,920fe448-95d0-4ccb-b77b-2c7cfa389054
b10f1f3e-5f53-465e-8bf6-9873fa9935f6,8d13ae9e-7e3d-4adf-ad90-96c4d8373091,8814ccc3-f99a-45d8-8036-068ca1cb20c2,page_view,https://shop.example.com/product/PROD-0187,6ea6ed53-4546-43dc-986f-2e4d13331109,2025-10-12T10:10:19.997676+00:00,920fe448-95d0-4ccb-b77b-2c7cfa389054
59f585a3-e970-4ed4-b628-3733396cfee4,0eec629e-9f12-4893-8399-623f2df3beb8,,page_view,https://shop.example.com/prod////PROD-0425,b55fc0d0-0b3b-4e42-a81e-22251a1d9a4c,2025-11-02T21:51:56.997727+00:00,920fe448-95d0-4ccb-b77b-2c7cfa389054
2a1481e2-b06d-47bf-b94d-aa30fa17a2d1,3cde4bf8-7251-44ed-a947-4b55795513b0,072d142b-a081-416c-97e3-910a70282892,search,https://shop.example.com/,d72078be-9b85-4f7c-a4cc-2e9df470aad9,2025-10-06T22:47:24.997793+00:00,920fe448-95d0-4ccb-b77b-2c7cfa389054
98d4814c-574a-4440-ad97-5ae572809af1,382be4ed-7351-46b6-99de-28921dbf82b7,a7a09614-6684-4601-87d4-6c4e95b4717a,page_view,https://shop.example.com/product/PROD-0399,f450afcb-185b-4095-91c9-076a7c37a307,2025-10-18T03:36:59.997860+00:00,920fe448-95d0-4ccb-b77b-2c7cfa389054
08c13dcf-fb2f-409e-bc18-cea9866f5b19,e14377a4-f015-45a9-a60e-af75c69a6e0d,db584b27-f04c-471b-bddd-4afb2c9b8d14,page_view,https://shop.example.com/product/PROD-0386,dc87bdcb-2145-4c34-ba69-9d68a0fd3954,2025-11-02T01:59:09.997932+00:00,920fe448-95d0-4ccb-b77b-2c7cfa389054
531f144b-c310-4e9d-9e0f-d85974e2e236,bfcee1a9-4637-4a3b-aeae-f857be4e8b58,,login,https://shop.example.com/search?q=shoes,82d0d03c-1107-424a-8b48-6dddfac851a3,2025-11-30T07:05:26.997985+00:00,920fe448-95d0-4ccb-b77b-2c7cfa389054
fa0a29b3-c11c-4712-9e11-94bf0d449a76,f3a39331-51c5-4259-a255-f1deab26fa39,bc0382aa-fbf0-468e-9273-f282c21c8062,add_to_cart,https://shop.example.com/product/PROD-0296,33e3eb72-24be-43e4-912e-3280b5495029,2024/31/01 25:61:00,920fe448-95d0-4ccb-b77b-2c7cfa389054
22b51d58-300e-4c15-86e1-f9fe3058cdfa,10b25420-4ebe-404e-b8a2-997fd149ba56,1f469d19-b658-457c-8593-1e79e0d7fd91,page_view,https://shop.example.com/product/PROD-0341,129E9A43-142A-4A8B-8B00-B287E4D57D22,2028-01-16T16:04:29.998131+00:00,920fe448-95d0-4ccb-b77b-2c7cfa389054
34b8d76a-e2ec-407e-ac50-7ad3e5afeb8c,8c806313-a1a1-423b-9802-3794d4f96ebf,,search,https://shop.example.com/cart,12f5b341-ce5e-45df-898b-423e2fc0f341,2027-03-14T16:04:29.998201+00:00,920fe448-95d0-4ccb-b77b-2c7cfa389054
e6c0c4b0-8a6c-4673-b870-e90cfaafe680,cb493d0b-c075-4c52-9554-c7a4acc7f786,2feb8edf-25f4-421c-b2f1-d15468bc16e4,page_view,https://shop.example.com/product/PROD-0355,38204222-c57d-49e7-b6d1-240d5a09cdd0,2025-11-06T16:39:15.998266+00:00,920fe448-95d0-4ccb-b77b-2c7cfa389054
44798a7f-1dc7-40f5-acf9-f89de6307ef3,5482dfc1-8842-4bed-a421-ed846b191b89,d8287ed8-f64b-456e-bdf5-d25ce76aa7ee,page_view,https://shop.example.com/product/PROD-0230,e80f7b08-32ef-4820-b87f-c69bcc23b084,2025-11-10T08:46:55.998330+00:00,920fe448-95d0-4ccb-b77b-2c7cfa389054
00ae13c0-3f3e-49b4-968f-75162ae1bf23,274bc539-f1b0-4a97-a651-f1eaa2b7a2ee,e5b07e8d-13de-47ce-935b-ee219967b9f4,page_view,https://shop.example.com/product/PROD-0401,2647a316-b702-44ae-89b9-06bb82e3dbd4,2025-11-03T10:42:59.998396+00:00,920fe448-95d0-4ccb-b77b-2c7cfa389054
fe8ea782-2022-47ce-965f-588fe2559fd2,47b08202-0288-49ca-af9b-ab73e68fc061,b0e30a3e-bbc8-425c-870c-b39a2724e51c,add_to_cart,https://shop.example.com/product/PROD-0328,2a75176c-2a2c-4121-9e9b-d4b97fd1e1da,2025-11-25T00:26:29.998539+00:00,920fe448-95d0-4ccb-b77b-2c7cfa389054
5a0181e1-aec9-4b94-a941-15f759b3e85a,608b8638-992e-4834-956c-f46b54cbc1b3,0cb83ee0-6c48-4ccf-a54a-82973050041b,page_view,https://shop.example.com/prod////PROD-0409,688be778-43cb-41ae-b791-3ddc2a9089f3,2027-08-25T16:04:29.998623+00:00,920fe448-95d0-4ccb-b77b-2c7cfa389054
357aab33-628e-40ea-ab9b-f9ffe8a44670,eabee4cc-7dc7-4fda-9243-a5f80b56e389,895de0a7-f776-4a90-a03d-1f49caf33466,page_view,https://shop.example.com/product/PROD-0312,ef13addc-9177-4c18-9b99-d5b47c35748f,2025-11-18T16:01:14.998685+00:00,920fe448-95d0-4ccb-b77b-2c7cfa389054
67e12d9b-637b-4e54-ba23-7ad96ad61e75,5b09af98-ceae-405e-b7e5-4b7f3c2c6e79,,login,https://shop.example.com/category/electronics,e86456bb-b447-4cba-bed3-6c62750b676c,2025-10-14T08:03:58.998734+00:00,920fe448-95d0-4ccb-b77b-2c7cfa389054
baeae069-dc7e-4d84-bebb-b76713bfe78c,9405b7f1-1822-41cd-b683-fedfb036c322,904bb696-0d95-4b7f-a6ae-2f93e92bc16e,add_to_cart,https://shop.example.com/product/PROD-0063,c0fabe39-3ac3-4409-b4e1-22b8221a7904,2026-02-12T16:04:29.998816+00:00,920fe448-95d0-4ccb-b77b-2c7cfa389054
9f85c7df-f07a-443f-a2ca-381c83420523,87c8fd89-e9ce-4860-8ac8-7303e60e5582,fe0c47be-5775-4750-b0b7-7e3bc77b27b9,page_view,https://shop.example.com/product/PROD-0427,627a403a-1182-4f10-be6a-81757ced8c88,2025-11-14T18:06:37.998878+00:00,920fe448-95d0-4ccb-b77b-2c7cfa389054
fad724ea-6090-4919-a62f-4a0476aeb6cb,e4279d3c-a060-4a42-93cb-2cc4937c3391,,login,https://shop.example.com/category/electronics,9842c34e-1ebf-4766-9a65-1a7c1abbacea,2025-09-05T04:19:14.998925+00:00,920fe448-95d0-4ccb-b77b-2c7cfa389054
ede8cfba-df15-43d1-a0f3-78cf844980a7,486e56ab-99d4-43c6-b5da-86b8adb41331,2616af62-c656-4deb-9905-70294824c157,page_view,https://shop.example.com/product/PROD-0481,b743eeb9-c6c8-4e1c-a28b-b957a0d2f476,2025-10-14T18:44:07.999000+00:00,920fe448-95d0-4ccb-b77b-2c7cfa389054
43c9cb7e-0306-4370-851b-180305d0733e,cd0227a7-1d14-4fbd-a3fa-efce6f91c7b2,d5b3ed50-a0a9-4c33-9c9a-8e55eca5fda4,page_view,https://shop.example.com/product/PROD-0080,9fafcbec-030b-42ca-b904-b5f464c102ef,2025-11-24T09:33:10.999070+00:00,920fe448-95d0-4ccb-b77b-2c7cfa389054
3bc7cdad-63ac-4df4-adff-17678c8e5784,481a3032-29e5-47c8-800e-8affc0ef2280,65ba97e6-d6b3-46f7-b987-38ba76959d34,add_to_cart,https://shop.example.com/product/PROD-0144,bfe692da-d6a7-488c-8118-69a64e031f8b,2025-10-31T13:35:41.999144+00:00,920fe448-95d0-4ccb-b77b-2c7cfa389054
09fcf9d1-0223-4331-8851-84562fb8c9db,8b893861-c716-483f-95b5-8001a8494436,,page_view,https://shop.example.com/product/PROD-0253,3e3e18b9-2400-4981-9b25-b9bb30f011b5,2025-10-19T21:27:19.999206+00:00,920fe448-95d0-4ccb-b77b-2c7cfa389054
71d582bc-e14d-40c1-a76f-5e5935976f30,3c0e7e35-65f1-4da5-bfeb-a80bb058f779,,page_view,https://shop.example.com/product/PROD-0436,3f4d92f8-2c1c-425e-a361-75b1807e2d1d,2025-12-26T16:04:29.999280+00:00,920fe448-95d0-4ccb-b77b-2c7cfa389054
299bde58-3a9b-4232-a598-4880033b931a,fda1e211-61b1-4953-a85b-ed79aa6d8a48,a542cc8d-7695-4dc4-96a0-3ae3f72f7b55,page_view,https://shop.example.com/product/PROD-0382,cd2e1e2d-bbc5-4562-aaed-97596be4621e,2025-10-03T08:12:34.999345+00:00,920fe448-95d0-4ccb-b77b-2c7cfa389054
d2f1fcd9-d370-4aaf-926c-386a19d640a6,24da6c29-d138-40ed-9295-b7e7a0b2f441,bb23389c-164f-4b95-b7ed-569a45055990,login,https://shop.example.com/cart///,879e1094-f572-464a-af50-8a7a1d4d1e81,2025-10-12T18:57:41,920fe448-95d0-4ccb-b77b-2c7cfa389054
cc85c8d5-d48e-4fee-8d1b-b701e57d4e35,04235db2-70db-47a6-b92c-5a74aefee97f,,page_view,HTTPS://SHOP.EXAMPLE.COM/PRODUCT/PROD-0083,02625221-d819-45b4-9978-785b6410154f,2025-10-14T10:36:56.999471+00:00,920fe448-95d0-4ccb-b77b-2c7cfa389054
16c6249d-03bd-4898-93e4-8b9dae8d5281,869d8188-5475-47c6-b9ba-11d46f794692,935585bd-8537-4429-b9e4-c703404ac031,page_view,https://shop.example.com/product/PROD-0305,995e64ba-abbb-4abd-a743-20a2519ffd2c,2025-10-13 16:05:10.999541+00:00,920fe448-95d0-4ccb-b77b-2c7cfa389054
19f85a3e-6004-496f-ae16-c129c18ca39b,cc79790b-e3b4-488c-86ef-c843a8cc7711,24807e96-1c10-45c7-8c20-c35740f8b2bd,page_view,https://shop.example.com/product/PROD-0321,0b951fa7-88c1-4c4f-9063-ed2e4fca1e3b,2025-10-08T02:30:18.999617+00:00,920fe448-95d0-4ccb-b77b-2c7cfa389054
976fc837-277f-4035-b35c-a880ba9565ae,66eaca9e-8dde-41d7-9fa9-b9bed70f80ad,f32de223-9e2b-483e-95da-2f7187ca7e4d,page_view,https://shop.example.com/product/PROD-0122,fc0ef9a8-1a16-419b-ad11-52227e4d0ba6,2025-09-18T10:30:14.999680+00:00,920fe448-95d0-4ccb-b77b-2c7cfa389054
c380acb8-fecb-4297-8bc1-a212cec439f2,c25eb6f5-3666-44d7-b39f-08d68d469010,be6ed271-79e2-4b67-a3b1-40dc286e4ee9,page_view,https://shop.example.com/product/PROD-0172,92481fe7-5e8d-468e-ae96-2e3cfb320436,2028-01-01T16:04:29.999756+00:00,920fe448-95d0-4ccb-b77b-2c7cfa389054
e91ab3aa-f5f1-431a-b09f-93ecfd4b1c5b,63c959c3-6665-473d-a3b7-476aaa9cdb90,4ff6c750-c064-41f0-b4ee-8f2e10f95a8f,add_to_cart,https://shop.example.com/product/PROD-0435,489d10f0-0768-483a-baa4-43e09bc6a0c9,2025-09-14T23:29:09.999818+00:00,920fe448-95d0-4ccb-b77b-2c7cfa389054
ac15b7f6-2e8b-4286-9032-ae9a49553c6f,4150fbe4-2805-46ec-b095-930e2534603a,9db6e4ff-e04c-41fe-8e90-e1d08cdc2302,page_view,https://shop.example.com/product/PROD-0487,674377f2-1367-4603-902c-170e9fd0a62f,2025-09-24T04:11:58.999872+00:00,920fe448-95d0-4ccb-b77b-2c7cfa389054
298dc4e3-9093-4191-8f0c-0ff3de6aaff5,4223fa8f-ad58-4c64-a725-43bd89c7e15d,,add_to_cart,https://shop.example.com/product/PROD-0486,3e76bff3-1f72-4a06-9356-c798343e818e,2024/31/01 25:61:00,920fe448-95d0-4ccb-b77b-2c7cfa389054
743fb836-d1a7-4146-a1c3-1a827e308ef7,1615579b-7096-4955-8850-9abc39e03a26,5c6ecb64-4026-4243-9c6d-0930cf6e5a5f,page_view,https://shop.example.com/product/PROD-0071,34a6c4d7-09f6-470e-aab0-9b125ba92fac,2024/31/01 25:61:00,920fe448-95d0-4ccb-b77b-2c7cfa389054
19b68b41-0533-4899-9049-1bfe1e78dba5,69f5aa29-ec51-4c41-a34c-c75b4902bf60,,add_to_cart,HTTPS://SHOP.EXAMPLE.COM/PRODUCT/PROD-0014,2a6d9179-598b-4fde-a314-a9f0da2dfe0d,2025-10-03T23:35:07.000054+00:00,920fe448-95d0-4ccb-b77b-2c7cfa389054
11b4b2e0-23cc-483f-beb3-f49a43ef1a2c,ed24c8dd-fc6d-4af5-9a52-28a81baa65df,696e20d3-eef7-43c7-9c99-f502e35a7a34,page_view,https://shop.example.com/product/PROD-0126,904bb61d-ebf6-4c9c-9034-cbd11e3a83da,2025-09-10T02:05:11.000120+00:00,920fe448-95d0-4ccb-b77b-2c7cfa389054
1f1b9c3c-a531-48a1-8c0e-f3df237ad46b,dbb08637-cb51-4bdd-95e7-330d0fc68222,874b59b2-4106-4795-95b2-5e49f24e6525,page_view,https://shop.example.com/product/PROD-0364,65ae4d3f-bf79-4722-a612-bf07d2b81a43,2025-09-18 04:05:45.000179+00:00,920fe448-95d0-4ccb-b77b-2c7cfa389054
c99256c1-6ad2-48c7-8a27-7514d0cd2dad,ef912ff9-9e5f-4a04-9916-8231bdb240a7,,add_to_cart,https://shop.example.com/product/PROD-0013///,f1f0e7e9-bf9c-45d2-ad3c-dff6441100e6,2025-11-18T04:10:48.000241+00:00,920fe448-95d0-4ccb-b77b-2c7cfa389054
366d2851-2817-44d5-b3d7-b6d5bc819963,6f0bddd9-3404-42fb-9042-c6d838e163d9,7049590c-0414-483a-aa0a-4552d20efbe0,page_view,https://shop.example.com/product/PROD-0094,ae5d466b-5886-4768-89d5-9309ab79e351,2026-09-26T16:04:30.000321+00:00,920fe448-95d0-4ccb-b77b-2c7cfa389054
09d45e43-cd61-430b-85f0-17f6b6eed9b5,d5569a61-5eb3-4d47-989f-fb513f94806f,2bbdc37c-dc07-4085-a44e-77230d7090b9,login,https://shop.example.com/,d5c284fc265e446dadd95774bf9d080a,2025-10-31T23:03:33.000445+00:00,920fe448-95d0-4ccb-b77b-2c7cfa389054
44ec8970-344d-4623-8e0e-a30b177d5cb8,b3f49908-d2cb-402c-ae86-838aa884b8fd,,login,https://shop.example.com/category/electronics,3ba77891-3f92-4497-91e6-2a2f260bd242,2025-11-12T03:57:36.000498+00:00,920fe448-95d0-4ccb-b77b-2c7cfa389054
ddd8299c-e87a-4f43-8a1a-833e077bf296,4f9ef521-8028-48c8-9c63-a50bfd8b9788,,search,https://shop.example.com/category/electronics,16402a43-0b33-435f-9114-f9c2ab184063,2027-03-29T16:04:30.000566+00:00,920fe448-95d0-4ccb-b77b-2c7cfa389054
15774a26-f687-470c-a94a-ed8271f61746,e096c318-371f-404f-bba1-ab9e18cb626d,9dcfd55a-0ec0-4c1f-86c6-0fe61213b7ef,page_view,https://shop.example.com/product/PROD-0361,740d4fa3-a899-4761-8e0e-e2912ec4860a,2025-11-28T16:19:33.000629+00:00,920fe448-95d0-4ccb-b77b-2c7cfa389054
92bdadfa-fc80-44ca-8164-0eae4dfff762,ff4bd010-631d-4f80-b5e8-df089a3afcb2,5ed038e5-87f7-4d3b-9b61-1b8d5bf366ab,page_view,https://shop.example.com/product/PROD-0129,2ece9ccd-c94b-4c74-a7cf-3689cd2fbfc5,2025-10-05T20:04:19.000687+00:00,920fe448-95d0-4ccb-b77b-2c7cfa389054
c432a51f-2832-4113-b685-d23ee0322ed1,05907dbf-5597-41cb-99b5-a168b9596865,8c6c5a10-279a-4cee-a40f-a4689489728a,page_view,https://shop.example.com/product/PROD-0440,aa260e9d-a62e-45a4-a6de-17795fcefd37,2025-10-16T15:48:20.000748+00:00,920fe448-95d0-4ccb-b77b-2c7cfa389054
e7c71c5a-c338-454e-92cf-15a1fa4fc29e,073a020c-b997-4b76-95ed-d53bf35cf461,,add_to_cart,https://shop.example.com/product/PROD-0063,59180370-a9dd-4268-8b1d-f0bfe1649523,2025-09-16T23:41:55.000795+00:00,920fe448-95d0-4ccb-b77b-2c7cfa389054
8f5494de-a188-4ad5-8529-79b91d6f92ab,4930d303-6216-42c9-91fe-37daa1c3cd33,,page_view,https://shop.example.com/product/PROD-0076,5829f978-a354-4c30-98b6-74ee32c057b0,2025-10-30T06:17:26.000850+00:00,920fe448-95d0-4ccb-b77b-2c7cfa389054
12c35660-fc2b-4924-9cfd-767b7c4c79c7,630cfc54-e008-4ac7-a6a5-50d328940c30,f7c891c8-ad94-42c2-801c-e7d49dc62cf0,search,https://shop.example.com/cart,a51d81dd-9d3e-4cb1-9c7c-ed5cf488b06e,2025-11-07T18:14:06.000907+00:00,920fe448-95d0-4ccb-b77b-2c7cfa389054
2253b332-d3ac-4f1f-8501-fcb6731bed55,deb97289-1d63-4163-baac-da4554a8690f,5d455d86-30e7-4115-a3f9-fbc25e7db458,page_view,https://shop.example.com/product/PROD-0111,6f5fdd93-6a50-4080-8dff-0fd03ef38895,2025-10-01T16:45:52.000964+00:00,920fe448-95d0-4ccb-b77b-2c7cfa389054
bee2ded4-ef39-48d7-ae56-ce4c89f71d74,a4b981b6-06c3-4b5d-b703-7c73d3420530,1b660717-e2de-4a3b-8de4-5819e20e2900,page_view,https://shop.example.com/product/PROD-0215, cb02e61a-00d6-4113-a674-b410985fa356,2025-11-12T20:31:28.001030+00:00,920fe448-95d0-4ccb-b77b-2c7cfa389054
89f05529-e4b4-47b6-a176-efcc94892024,f075221a-4671-4e35-96a6-b372dc59e3ba,b716840b-958e-469a-8182-e0ecc7433401,page_view,https://shop.example.com/product/PROD-0095,36c752b3-0c17-4d5a-ae43-d2d71455cc7d,2025-11-08T19:25:09.001096+00:00,920fe448-95d0-4ccb-b77b-2c7cfa389054
bd3d03d8-a99f-4c91-8024-1a0b87be2ab9,94e162d6-ee8f-47ef-8ff7-f83ffcf0abc7,43e08470-1c4e-41c0-ae90-b51f883a052b,add_to_cart,https://shop.example.com/product/PROD-0140,7c428100-6163-4ecc-8b83-fad80da931a1,2025-10-29T10:36:43.001166+00:00,920fe448-95d0-4ccb-b77b-2c7cfa389054
830d21ad-b15b-44bc-8cdd-5559e6cb47d4,e9571a27-5579-4b2d-8b77-08c52005a468,,page_view,https://shop.example.com/product/PROD-0341,8ddcd222-0f64-4d61-85ea-178776fb7073,2026-10-02T16:04:30.001231+00:00,920fe448-95d0-4ccb-b77b-2c7cfa389054
ee6f3500-ea4a-47b5-b7f7-3d0272f89a94,aa65fa52-17f4-486d-ac57-f16773167945,b0174100-1606-405c-bec9-d8ba9e0654e2,login,https://shop.example.com/category/electronics,8335e580-5911-4131-b931-6cdc6ceef1be,2025-09-10T02:33:32.001301+00:00,920fe448-95d0-4ccb-b77b-2c7cfa389054
4b90dd32-c443-4e9c-acc9-924f070146b5,ef0d42cf-92e6-4a8e-ba5e-d136c4637ec9,c2a04412-b91e-4328-a904-536666ea9fdd,page_view,https://shop.example.com/product/PROD-0134,deb88a7d-2e95-41bd-a0b3-af3ba8033c9d,2025-12-02T13:34:19.001376+00:00,920fe448-95d0-4ccb-b77b-2c7cfa389054
e0650c6e-18a0-420d-bc3d-c1025b7019cd,a4e4a3e6-de46-4150-a8c1-f191e5e7c4a9,9ea92349-59e6-48a3-a0c1-f1379ac4373f,page_view,https://shop.example.com/product/PROD-0242,c247bf44-9591-4ba1-9083-c4fa931d9a0c,2025-09-23T18:28:19.001438+00:00,920fe448-95d0-4ccb-b77b-2c7cfa389054
64daad55-2321-458d-a8e4-e2ae912a5eb2,34a8d22b-c8dd-41bb-9513-f2a079758cfb,,page_view,https://shop.example.com/product/PROD-0104,532aeddd-507f-49bd-a507-2999a3420c9b,2025-11-29 02:23:39.001494+00:00,920fe448-95d0-4ccb-b77b-2c7cfa389054
d0110424-5429-41c7-b78c-0c281750475a,161901da-5508-468f-8173-e95028996f7e,8d49b05b-59ad-47ad-9549-148e2443ea2c,search,https://shop.example.com/category/electronics,de57f962-f003-491f-a50a-f527d86616ba,2025-10-31T02:01:54.001571+00:00,920fe448-95d0-4ccb-b77b-2c7cfa389054
7cb46406-085b-42e2-9dbd-841cc094e6d0,3f40a30e-4eb3-4b0d-957f-155d435d5696,,page_view,https://shop.example.com/product/PROD-0411,5891c3a1-eb9c-4b64-bb18-c9ccccc74e40,2025-09-20T12:30:37.001619+00:00,920fe448-95d0-4ccb-b77b-2c7cfa389054
6b5d0da4-c369-4550-aef8-d4a8606ea99e,528f8572-17af-42c9-9c56-08a47f38e4a1,d21d6068-c2a7-4a62-bdd2-3a9a95164275,add_to_cart,https://shop.example.com/product/PROD-0257,c3ed64ca-5acb-4692-9372-5fd38f00d77a,2025-10-05T13:01:08.001695+00:00,920fe448-95d0-4ccb-b77b-2c7cfa389054
d8802d7e-bad9-4df5-8a64-790239e29830,f48cfc21-6d63-4bbb-8286-ce65919e6409,dcb32ecf-418c-4218-b9f8-522c981eaca6,page_view,https://shop.example.com/product/PROD-0462,9b5802fd-e7f8-4a4d-bb1c-a6e17e511be9 ,2025-10-10T11:26:42.001758+00:00,920fe448-95d0-4ccb-b77b-2c7cfa389054
9d5fb9a5-aa5f-41db-a367-64000ba0a5c8,94efd80f-8337-45c4-b37b-e2f7e2568a89,abe7f0f6-fd2a-4e48-aa0e-a8300b69225d,page_view,https://shop.example.com/product/PROD-0002,d235c85b-c5d1-42a7-801d-fb6eaece6f39,2025-11-08 03:51:18.001820+00:00,920fe448-95d0-4ccb-b77b-2c7cfa389054
2ce1f379-c200-40d7-b0ef-e0ad21a66ec6,cad79ff4-dbfe-4a2b-a380-58b6582e14f9,b309b58d-4ab4-4891-9705-0279f1e7b4c9,page_view,https://shop.example.com/product/PROD-0162,0e0ce628-bd03-4616-bf82-7dfc7a289dc0,2025-11-17T03:44:46.001894+00:00,920fe448-95d0-4ccb-b77b-2c7cfa389054
3558d370-07d5-464d-9798-f5875f9d45fb,ae7f08a6-1da4-48c7-8cb4-e12d19b36bfa,ae96fae3-1199-4d67-a86b-ace7e6d8bd8c,add_to_cart,https://shop.example.com/product/PROD-0319,43a07b8f-001c-4cae-955b-e4ed81a42fe3,2025-09-15T19:55:16.001954+00:00,920fe448-95d0-4ccb-b77b-2c7cfa389054
93c4e2dd-dd47-4b3e-8175-93c835f7926b,0b86280c-4ece-4da5-90a2-c4adee699dac,,login,https://shop.example.com/,8f200e6f-c305-43b3-b8b1-9dae20ffe378,2025-09-10T02:50:39,920fe448-95d0-4ccb-b77b-2c7cfa389054
e9d37afc-48c9-4479-b16e-d078cce63e4d,04b1fc0e-0681-453b-beb9-f30a10b3e822,7786a7f0-00bf-4fb5-8d88-720abfadd8c5,login,https://shop.example.com/search?q=shoes,invalid-device-9648,2025-11-22T08:56:23,920fe448-95d0-4ccb-b77b-2c7cfa389054
e9eb1383-01a9-4e64-aa7f-2e2a5f6390df,eff74c20-2954-437b-b966-cc6b8f38aac7,3d7e1f9b-fca9-444e-a570-14e96d348f34,page_view,https://shop.example.com/product/PROD-0288,a1879244-8240-44b9-bde0-106e0f5661c4,2025-10-22T18:15:27.002163+00:00,920fe448-95d0-4ccb-b77b-2c7cfa389054
b493a1b7-ddde-496f-855e-d4a183d28120,06170dd0-c0f2-4bbe-95c4-89a41975e42c,248ca4ef-6376-4337-870b-08650ffb86ac,page_view,https://shop.example.com/product/PROD-0174,5c163571-b03a-4478-818e-e396146a27de,2025-11-27T09:51:11.002236+00:00,920fe448-95d0-4ccb-b77b-2c7cfa389054
dc8b5637-d080-452d-9fb1-8de2481341ef,f92fa9d0-55b7-49a0-9cb9-2a4e4f10e1da,e0f67ea5-1ddd-4e76-8c86-dc92b29cc039,page_view,https://shop.example.com/product/PROD-0036,5d778176-90ef-495a-8bc0-290240a98ebc,2025-10-17T16:15:49.002294+00:00,920fe448-95d0-4ccb-b77b-2c7cfa389054
0809282c-2208-46d5-8cb8-6cbb13e339f3,38ee6326-9455-499f-86a8-9f8b2badc608,f4382c22-a16b-4909-897b-43975feab516,page_view,https://shop.example.com/product/PROD-0248,c15096c0-0f80-4e21-b76c-640f426bdca5,2025-10-28T20:12:54.002553+00:00,920fe448-95d0-4ccb-b77b-2c7cfa389054
c0a98a8f-18df-43ba-984c-e26a06fbb58e,27c1455c-547a-499a-a3f9-8cf179ed4065,e965b81c-bcc5-4591-acd2-7af4ca5d3ecb,page_view,https://shop.example.com/product/PROD-0266,2ea03bda-1cda-4df9-a5a8-71b8e4994543,2025-11-23T18:43:42.002625+00:00,920fe448-95d0-4ccb-b77b-2c7cfa389054
8267d91a-5859-4cae-9520-3c4b222cb14d,793c21e8-9747-41c9-8bf1-1ccec41ad263,,add_to_cart,https://shop.example.com/product/PROD-0127,8f4c1f6d-91d2-4b68-8184-179b423e0223,2025-09-29T11:13:30.002652+00:00,920fe448-95d0-4ccb-b77b-2c7cfa389054
2c125b49-4ac2-490c-848a-c4993d1e2042,e0cfd333-7b8b-400e-ba2a-a1a172cf283b,,page_view,https://shop.example.com/product/PROD-0306,65d07ae7-715e-46d6-9366-8a66e7c6bc64,,920fe448-95d0-4ccb-b77b-2c7cfa389054
2e02357f-dac2-498a-925e-f0323dcf5ed1,5e1d11bf-fb4f-4a4f-8973-e7db360249c7,3b5bde96-952e-4939-b722-d3bcb009bb54,page_view,https://shop.example.com/product/PROD-0457,1e195667-c202-489a-b6c9-6a8bb1f66dfe,2025-11-28 07:15:54.002722+00:00,920fe448-95d0-4ccb-b77b-2c7cfa389054
c7a917e2-be15-41e1-8dbf-dddbe5fbea41,755aadb5-9444-42b4-844c-02ac4411d667,,page_view,https://shop.example.com/product/PROD-0155,af93f114-56db-469a-9fac-c9e73bc3cb84,2025-11-28T05:03:06.002792+00:00,920fe448-95d0-4ccb-b77b-2c7cfa389054
b2b56a6d-a114-47d7-8c74-872c8e0db6be,015e1dc2-7b03-40c6-a13d-bdbf15d8c7f6,43a15e3d-a445-42f7-9c80-ffe7def412b3,page_view,shop.example.com/product/PROD-0341,5f4639b0-0258-4611-957b-ebe18db585cf,2025-11-07 17:23:51.002816+00:00,920fe448-95d0-4ccb-b77b-2c7cfa389054
94373c53-5bf3-44ea-92a4-56976462ce67,e1fc3ac1-4f9a-4e71-9dc8-8f5eee06b898,cbb7e999-b18e-4f94-b95c-9e9570ead481,search,https://shop.example.com/cart,7512e79f-48c7-4343-ad18-046a12f0f589,2025-10-05T12:10:21.002884+00:00,920fe448-95d0-4ccb-b77b-2c7cfa389054
1cef5e4f-060c-4e12-a0aa-bb4a2765f122,e63a18f1-7aaf-42d3-88b0-7277e4952111,a08ea142-93de-4fab-9a99-3be6b6165641,page_view,https://shop.example.com/prod////PROD-0438,f875fe81-6a4d-41e8-9925-26c757497712,2027-12-10T16:04:30.003063+00:00,920fe448-95d0-4ccb-b77b-2c7cfa389054
443ab21d-d36e-4532-ad7c-38505e5a96d5,745d9f82-d8b3-4304-91b7-36ec105d396b,2e7dd45e-7bdb-4c96-a05e-c3fb619c0301,page_view,https://shop.example.com/product/PROD-0040,94ccf8bc-24fa-4cee-851c-d06031d7c532,2025-11-15T23:23:00.003214+00:00,920fe448-95d0-4ccb-b77b-2c7cfa389054
44dd5b9b-04c9-4611-be97-9007d95fa96a,9ad89ebb-d662-4866-ae8c-defd3aea0d7f,2b526151-b382-4083-b8a3-ad7665e52685,page_view,https://shop.example.com/product/PROD-0120,b9ed8df0-b7b7-4e2d-bec6-f0f5dec9995e,2025-11-14T13:46:18.003270+00:00,920fe448-95d0-4ccb-b77b-2c7cfa389054
75f0249f-80ec-496e-853a-3cf084fbf7db,f5fe34e5-5db6-498d-8ddb-67ab28f5c866,,page_view,https://shop.example.com/product/PROD-0342,a1b6954c-0dc8-4f45-ad9b-9ca0c3f18da3,2025-09-05T21:47:22.003321+00:00,920fe448-95d0-4ccb-b77b-2c7cfa389054
758bb0b9-aa75-454a-b372-eff8ff8dbdf5,44d1ee60-0f1c-49cc-882a-840e2ce94413,,login,https://shop.example.com/category/electronics,870fa162-7c53-42de-bac2-d5a811d61796,2025-11-27T11:26:11.003347+00:00,920fe448-95d0-4ccb-b77b-2c7cfa389054
55b1afd7-659f-438b-bed3-dd089355cfd2,24f1429b-857d-4ccc-9b61-17ade4b61cc0,,page_view,https://shop.example.com/product/PROD-0174,8a31e7fc-ecc2-4fcc-b135-000489718d7f,2025-11-27T01:19:12.003372+00:00,920fe448-95d0-4ccb-b77b-2c7cfa389054
71bd2ce9-e5ca-4dab-9f16-d7a3c8f4c1ca,4f9ef521-8028-48c8-9c63-a50bfd8b9788,,page_view,http://///shop.example.com/product/PROD-0043,fd4f6d0f-8e28-4b94-a1a8-7a543fabfd37,,920fe448-95d0-4ccb-b77b-2c7cfa389054
0bfa0de2-0417-4974-bc63-4b9c43a27647,b6761eb8-20c1-48c1-a8e5-66ba313c9d9b,9191b68a-1372-411c-875b-f44d6aa2ede7,page_view,https://shop.example.com/product/PROD-0386,4034ef1b-cb72-4571-9b55-27cbb1f0ee4f,2025-09-15T11:41:15.003450+00:00,920fe448-95d0-4ccb-b77b-2c7cfa389054
65499bac-6054-4402-9bba-a0646a02f6c6,2ff1ae2e-126b-4e7f-938f-a80a899bd1b3,f3ea3c64-5e02-4b4c-8bad-4bfb92b37927,page_view,https://shop.example.com/product/PROD-0114,e7adb73d-d705-4ca5-a0bd-dbc5a1d83f1d,2025-11-17T01:55:55.003475+00:00,920fe448-95d0-4ccb-b77b-2c7cfa389054
ef8c36ee-a204-493f-8bdd-d18a2c59f661,4cc98513-f30e-409e-a0aa-ecb52e12c5f1,e0dff66a-4587-477b-bc15-a8aa7dbe49dc,page_view,https://shop.example.com/product/PROD-0135,7addd2d8-2050-4258-b6e4-e455e832c876,2025-11-16T19:25:39.003502+00:00,920fe448-95d0-4ccb-b77b-2c7cfa389054
c48d1115-4472-4e2c-9915-036f12754a7e,77b0c166-8df5-495f-b9e0-b651b3975959,,page_view,https://shop.example.com/product/PROD-0248,79339782-0281-4e72-ba22-e7ab17be3cd5,2025-10-03T03:03:06.003528+00:00,920fe448-95d0-4ccb-b77b-2c7cfa389054
4668a549-b6b2-4111-8094-0fab5f7b11d5,be0b2886-2e83-4adc-b194-849f38124833,,page_view,https://shop.example.com/product/PROD-0214,92d250c4-b2ba-4f54-a094-6709e42f1581,2025-10-27T15:39:53.003554+00:00,920fe448-95d0-4ccb-b77b-2c7cfa389054
5b30212f-95bd-41e6-addf-b9a0a69fa479,0bd2f1c3-3300-47e1-8bc3-95b80ea0e861,d8a3294d-c283-409e-a9e1-db6d282e2bdd,add_to_cart,https://shop.example.com/product/PROD-0157,a6fce6a0-9c37-4b04-a3aa-f87ed4654300,2026-04-24T16:04:30.003606+00:00,920fe448-95d0-4ccb-b77b-2c7cfa389054
58c2c5c8-3ff1-4814-8a66-ac8134617b0c,5b7b8514-0ee9-40c5-a219-3b2639aef8d7,7522bd2f-ce3b-409c-ac25-2686bfd29295,add_to_cart,https://shop.example.com/product/PROD-0277,dbb43f4b-0b0d-42d4-9b3e-00251921c431,2025-11-04T20:46:32.003675+00:00,920fe448-95d0-4ccb-b77b-2c7cfa389054
2c1c6e93-b9c2-4a3c-bd9a-b693f9f61659,669bee11-ec11-43be-a421-d4a89f0350e1,ea7eedfb-b7d6-4385-add6-5235af4994b7,page_view,https://shop.example.com/product/PROD-0323,b661e142-ee2d-4d49-91f0-04cad7491399,2025-10-11T13:05:40.003716+00:00,920fe448-95d0-4ccb-b77b-2c7cfa389054
ee596175-8174-4486-bbf1-15fe500f7675,b7b6104e-105c-4abd-b918-d9e35176ee95,4e35e092-7c58-468f-a7e7-086d0c7aaa41,add_to_cart,https://shop.example.com/product/PROD-0100,bf1f6cbae46c49b99441884f808b6805,2025-11-18T05:45:50.003754+00:00,920fe448-95d0-4ccb-b77b-2c7cfa389054
1addc196-a7a8-47ab-a670-91a62fb7369e,843d59df-ab7b-4b50-b348-10846b67f5ae,5d570d1a-c69c-4fb5-93aa-2696eb95eaa1,page_view,https://shop.example.com/product/PROD-0019,db00f2f6-8396-4257-a0be-63788ee6931f,,920fe448-95d0-4ccb-b77b-2c7cfa389054
04d050cc-7573-4749-9f60-5742d3ced9ad,15574137-8c9d-4b93-b778-3afcd29a1ede,8d0190ef-f474-40fb-b725-c2df18033d9b,page_view,https://shop.example.com/product/PROD-0453,24b359b8-b671-4d27-a557-f7854992e0a4,2024/31/01 25:61:00,920fe448-95d0-4ccb-b77b-2c7cfa389054
4666a111-03e6-4bd7-805f-d9b6f301d046,0b9f7c61-64bf-4b39-9b1b-24a506421c6e,964f00df-22ab-4d0b-ac89-c297e789ae1c,page_view,https://shop.example.com/product/PROD-0266,3e0f0e17-63b8-4ede-a491-cadb812ac4a4,2025-09-08T01:35:45.003899+00:00,920fe448-95d0-4ccb-b77b-2c7cfa389054
88c93e2c-7982-4ac4-82d7-963c7b01ad6c,082b83f0-d6ad-4661-95fa-fa81028eb802,,add_to_cart,https://shop.example.com/product/PROD-0006,c9ad9449-7462-4efa-9347-70a68021a53d,2025-09-12T07:08:07.003939+00:00,920fe448-95d0-4ccb-b77b-2c7cfa389054
527469d0-c4d6-4885-9c07-ee1e59e9eb42,507b8f6a-447b-4b2c-b5e0-65e51d143c3a,da28147d-528e-4b70-a482-d58d554b6c8c,login,https://shop.example.com/category/electronics,8f5885ad-8795-4d38-8207-07dad8babee8,2025-10-20T21:52:56.003980+00:00,920fe448-95d0-4ccb-b77b-2c7cfa389054
578d41ec-da34-49e6-bbc1-a6442f8e3e70,5e000ab9-c2ca-482e-adbe-125bc873e6c4,,page_view,https://shop.example.com/product/PROD-0207,e92b36cb-41cf-4dbc-a49b-c8d48ede103f,2025-11-16T19:08:21.004028+00:00,920fe448-95d0-4ccb-b77b-2c7cfa389054
bf0f1d83-cdcb-4766-a6e4-90e55945cea8,6f92abb3-8e6b-4d75-a8e8-0c52ec905135,,page_view,https://shop.example.com/product/PROD-0154,87898fc6-2e72-4660-90a1-3b247e1ad589,2025-11-22T11:13:45.004070+00:00,920fe448-95d0-4ccb-b77b-2c7cfa389054
aa1eeb5b-96d3-463a-874a-1c6405eaebf5,87b4c0f7-b571-40b8-8bff-723ed6c26cab,,page_view,https://shop.example.com/product/PROD-0458,3491e8a4-1c32-4f80-bb12-199391ed1ce6,2027-10-21T16:04:30.004100+00:00,920fe448-95d0-4ccb-b77b-2c7cfa389054
6d20dbcd-59ba-407a-879e-62bcf91b9dc6,0ceae74b-c501-4b30-be1b-e761775c9db9,04ee5a98-c0be-4307-aec8-8a32dd0a7ef9,add_to_cart,https://shop.example.com/product/PROD-0324,e4d466c6-57a2-4b88-87d2-b9f2b3402c05,2025-09-14T04:33:47.004127+00:00,920fe448-95d0-4ccb-b77b-2c7cfa389054
3a2cd856-949c-405e-8dee-f038831be66e,8f914b26-544a-4107-884b-b1ffb5b8ba3f,,page_view,https://shop.example.com/product/PROD-0359,259b19bd-4569-4be1-8f1e-3da5bfdacf11,2025-09-26T11:12:26.004150+00:00,920fe448-95d0-4ccb-b77b-2c7cfa389054
1f0ab439-6e7a-4100-a280-72e54d409176,5250a99c-773c-4819-a39a-94405a24b2b1,,login,https://shop.example.com/search?q=shoes,29fca4ad-8e6e-41a2-a5a9-493034e85736,2025-10-04T12:20:22.004181+00:00,920fe448-95d0-4ccb-b77b-2c7cfa389054
218fb181-10cf-4a06-9d2d-fa0a17bdefc9,53d8a7a2-858e-4af4-9825-8a00cc26d671,6c9d55b7-c916-4206-b49b-4d2bff7f6331,page_view,https://shop.example.com/product/PROD-0022,30644790-e116-4a73-89b6-3a32a0016222,2025-10-08T18:37:12.004209+00:00,920fe448-95d0-4ccb-b77b-2c7cfa389054
30a43c4d-d727-4e40-85ce-23e03f51355f,26ad78a4-62a6-40ba-a723-719d42dd5f19,244f188b-37f9-48aa-8efd-f1a2a93d088f,page_view,https://shop.example.com/product/PROD-0477,bd08ff20-0184-4f4b-b0d6-5aadd9507c9a,2025-10-25T23:26:12.004231+00:00,920fe448-95d0-4ccb-b77b-2c7cfa389054
7afc67b2-9724-4a35-92a0-8ba35e67e455,34376290-021d-4a95-a1d8-292a42a6af9b,8d56812c-5b3c-4f1d-ab6d-1c9ae9d11547,add_to_cart,https://shop.example.com/product/PROD-0221,3078cc654e51495f933c09415271f9b9,2025-11-26T15:20:21.004261+00:00,920fe448-95d0-4ccb-b77b-2c7cfa389054
610b8004-674e-4080-ab36-4322645ab2ae,feea6528-5027-484d-9089-6a3587541503,6e2169ce-b5eb-4296-9249-06f8d3c38b6b,page_view,https://shop.example.com/product/PROD-0257,5ac41cd8-dc56-462e-8d5e-8abfc7473d84,2025-10-24T18:44:46.004286+00:00,920fe448-95d0-4ccb-b77b-2c7cfa389054
1f867b0a-65b7-4409-92ee-f5919fcd0eaf,48a5f3fd-067a-4e64-a273-db9acfdbedd6,9e1d388d-c208-4c87-bd6c-bfe96920a996,page_view,https://shop.example.com/product/PROD-0216, 84ed5d18-87ee-4e21-9baf-26180775a33b,2025-09-17T06:54:11.004316+00:00,920fe448-95d0-4ccb-b77b-2c7cfa389054
7067da47-d4fd-40b4-9b1c-03cd5de81c91,46729180-2d5c-4552-9dcb-2a0d0354d385,,add_to_cart,https://shop.example.com/product/PROD-0421,b3be6ec9-615b-4db6-abbe-947f5b8281b0,2025-11-07T06:54:41.004338+00:00,920fe448-95d0-4ccb-b77b-2c7cfa389054
a479a844-bf6b-45c7-b35f-5f764bce7c8e,ee14f91a-0392-4a48-a254-ed9f48409c33,e37dbb78-3a2d-4f5a-b6e5-86466eb6ed69,login,https://shop.example.com/category/electronics,26b0325b-89f5-4852-afa7-be4cd92b599f,2025-10-12T13:34:15.004359+00:00,920fe448-95d0-4ccb-b77b-2c7cfa389054
ae0020f7-6d12-435c-b3d2-644fd78f26ff,884323b4-be05-4abe-977c-1572ea2c27b9,,search,https://shop.example.com/cart,a5a4d414-690f-4cf0-911e-cde422fd3820,2025-10-17T19:47:34.004379+00:00,920fe448-95d0-4ccb-b77b-2c7cfa389054
91facc8d-4c14-4d57-8a8b-a3e817ce68a7,298fcc16-2ab8-499c-aec3-21c25b71faaf,,search,https://shop.example.com/category/electronics,b1a46bba-881c-4318-9820-b3862782d599,2025-09-15T22:33:59.004400+00:00,920fe448-95d0-4ccb-b77b-2c7cfa389054
e13ed8e4-96ba-4f53-9401-294cfeb23825,495de0f8-e21c-4997-8801-32441675ae00,298fc80e-dae6-4001-98df-beab61b13bfa,search,https://shop.example.com/cart,9997ab65-7ca9-406f-ae5a-af820161443a,2026-10-14T16:04:30.004428+00:00,920fe448-95d0-4ccb-b77b-2c7cfa389054
c8282d47-698d-44ac-bd17-7345f4c4e6be,38675f0b-4298-4893-a9b8-576deecf1a74,fdde98af-5f99-41a6-ac47-513a7ba59add,page_view,https://shop.example.com/product/PROD-0152,8720496e-b425-4607-80dd-164a23d67d86,2025-11-12T22:57:25.004453+00:00,920fe448-95d0-4ccb-b77b-2c7cfa389054
7cb86328-967a-4d74-9548-57c066c51de4,330e02e7-86de-4a37-b3a6-3e1d7032fb7f,,add_to_cart,https://shop.example.com/product/PROD-0280,c517e87f-b718-4b26-b962-1024370d3ed9,2025-09-07T17:50:14.004476+00:00,920fe448-95d0-4ccb-b77b-2c7cfa389054
fb909c54-f467-4ed9-976b-df365a8fee2e,e173a326-9374-4acd-8c13-9970b72329cf,,page_view,https://shop.example.com/product/PROD-0208,af998a12-f580-4a18-a2aa-7150551909c7,2025-09-27T20:04:09.004497+00:00,920fe448-95d0-4ccb-b77b-2c7cfa389054
5325fc24-4410-46b7-932b-0e7338b46aa0,1fd454d4-e13f-4dd9-92c3-545baa8945a0,,page_view,https://shop.example.com/product/PROD-0202,edf68ef2-1c14-4179-a02f-a96d85d40a60,2025-10-23T16:00:00.004518+00:00,920fe448-95d0-4ccb-b77b-2c7cfa389054
e1f0c053-3039-431d-a422-e8fb036ddaf6,838342d5-bc51-4535-b050-5bd60b548cce,97115258-5528-42d0-aae8-45b96f879f23,page_view,https://shop.example.com/product/PROD-0063,4ddf133f-2002-4e06-b142-8b126436a246,2025-11-30T12:08:49.004540+00:00,920fe448-95d0-4ccb-b77b-2c7cfa389054
c391be71-9f53-4281-8903-47e32a8104be,7ea26be1-d633-496f-8fe8-f3b362366408,e0f75ed8-5442-4a8b-b339-91df2284e27a,login,https://shop.example.com/cart,9e5282f5-6a6c-4ca6-8160-7ef7ba408195,2026-12-05T16:04:30.004571+00:00,920fe448-95d0-4ccb-b77b-2c7cfa389054
b3200fa8-8aad-4a7e-b2cf-3e7e4ead3170,8384b9e4-1d98-4322-954e-ea2f397c540f,fe6a3230-93cf-4f9b-9196-8237a4abc744,page_view,https://shop.example.com/product/PROD-0448,c5360950-17c7-4b6e-916b-3a1e0eed3460,2025-10-12T19:05:00.004593+00:00,920fe448-95d0-4ccb-b77b-2c7cfa389054
3b3af2aa-229a-49ba-9bd3-e33f820f46fa,5434f577-6ec0-46bf-9c8d-1628593d0d4c,a957854b-e294-44ee-b38e-dfb51e6e3400,page_view,https://shop.example.com/product/PROD-0010,9ee24575-72e5-4c2c-b27a-d6e909ae499b,2025-10-30T00:39:23.004614+00:00,920fe448-95d0-4ccb-b77b-2c7cfa389054
c6c66290-4a5a-4ca1-a283-704232a8c5c4,7ef7f0c8-87bc-4a6e-af5d-b970fb52b5c9,4b9b374d-79a9-4bfc-8a85-8a6f3af25e7b,add_to_cart,https://shop.example.com/product/PROD-0046,e04bb397-8a85-4a22-9a86-2b708b13ea24,2027-09-15T16:04:30.004642+00:00,920fe448-95d0-4ccb-b77b-2c7cfa389054
00258f69-c662-4c68-a1ce-3b9382259a82,4232647e-d1c4-46e4-8afc-f778f943357c,ca748e8d-bf2a-48dc-aeb6-a78367b9ad06,search,https://shop.example.com/category/electronics,d7f1667d-898c-4e0a-8607-be6e61226ec0,2026-02-23T16:04:30.004686+00:00,920fe448-95d0-4ccb-b77b-2c7cfa389054
9649f3da-330c-480d-a23e-a66adca04b25,2ba2c773-72dc-4e71-881c-019648b84b0a,38474bcb-121a-44c5-8eeb-9bf614c41c4e,page_view,https://shop.example.com/product/PROD-0398,97c69309-ec9a-4cb9-bb6b-554a57796cec,,920fe448-95d0-4ccb-b77b-2c7cfa389054
567a6cff-eca5-4651-833c-f5ca05e051a5,148d52c0-9119-422d-84d0-f0075259a154,5ac8744a-5960-4828-8edd-2450255cd2de,search,https://shop.example.com/cart,4d364f43-28fe-4253-b7bf-e6caa023efbf,2025-09-26T23:02:23.004803+00:00,920fe448-95d0-4ccb-b77b-2c7cfa389054
adeff2b0-12c3-4ae3-b5d1-2854b40b757c,14b52104-c2f1-4f98-9144-21b10a53ae18,,page_view,https://shop.example.com/product/PROD-0191,f66d7773-a878-4620-85b1-602643e45170,2024/31/01 25:61:00,920fe448-95d0-4ccb-b77b-2c7cfa389054
d64b4f63-d9f7-4087-bf3d-126c80263780,b7b2c8bc-af0c-4816-af19-345a21f382dd,1e535dd9-b840-465e-a6a1-4b5ff8853e89,page_view,https://shop.example.com/product/PROD-0287,9f3d3d52-8d44-4b5d-ba8d-72964767b659 ,2025-09-24T07:59:19.004883+00:00,920fe448-95d0-4ccb-b77b-2c7cfa389054
976cb50d-918f-41ec-8215-2512009c1de5,dcf5d69e-883f-456f-ae2a-0bd7f82cec46,,page_view,https://shop.example.com/product/PROD-0101,366f41db-5ff8-4879-b094-ab86299cab01,2025-10-28T06:07:58.004909+00:00,920fe448-95d0-4ccb-b77b-2c7cfa389054
efe372db-06e0-432d-85f8-fc003379591d,8e2a2fa1-1c88-4030-95e8-05a9fde7f92f,,page_view,https://shop.example.com/product/PROD-0201,fad44a12-9bf0-4c52-872e-605178075b3d,2025-11-21T08:09:05.004930+00:00,920fe448-95d0-4ccb-b77b-2c7cfa389054
756d067a-045e-4456-b03d-34abb080b19a,dd3100e2-19ea-4a7c-bbe3-6e64ecbbd898,1e5931b8-f81f-4674-993e-9be945c236b9,page_view,https://shop.example.com/product/PROD-0289,d352dcb5-c057-4503-93ea-d5aaa8e45223,2025-10-04T13:51:20.004957+00:00,920fe448-95d0-4ccb-b77b-2c7cfa389054
be02fdec-bd0b-431a-8d0b-b7e0e4545d6a,7ff56aea-eca4-44cc-845c-6ffb37528a49,fe4fb787-2b4a-483d-93e1-bcff04f6136c,page_view,https://shop.example.com/product/PROD-0043,573f59f3-4666-4c97-912b-310bdafeb571,2025-09-12T06:02:55.004996+00:00,920fe448-95d0-4ccb-b77b-2c7cfa389054
7dd01ff7-0b27-4d98-a129-0b7391f8e63b,3a24908f-d1e4-4bff-9133-619bc7e3a1fa,a994f10b-f7e5-47e1-8d30-b272a5fa329f,search,https://shop.example.com/cart,5007eee2-07cf-40f7-a96f-e19e1d2fb960,2025-10-27T19:21:40.005039+00:00,920fe448-95d0-4ccb-b77b-2c7cfa389054
843348c7-fcf4-48e0-be42-7bc8c31531a9,dce45ad7-db08-44a7-9141-65d7be7c901d,,page_view,https://shop.example.com/product/PROD-0048,815612d3-e119-4a16-89a6-59162f5efd57,2025-09-21T09:59:23.005062+00:00,920fe448-95d0-4ccb-b77b-2c7cfa389054
564357e0-8c45-407d-9c77-d32c0f6872f9,72edd17b-3e41-48ec-af6f-10482570916e,82a54b10-2238-4741-8ff4-6f0612c69b42,search,https://shop.example.com/,8382272a-cd61-4fc2-8161-e73986667b38,2025-10-09T04:27:59.005097+00:00,920fe448-95d0-4ccb-b77b-2c7cfa389054
26c6bf55-6e68-4397-87b4-c5de18bf72f7,3161022a-bb62-4ba8-94bd-dacfabc03f0e,0cb83ee0-6c48-4ccf-a54a-82973050041b,page_view,https://shop.example.com/product/PROD-0459///,6013a97c-6b56-4c9c-bed9-a95e42055693,2026-12-01T16:04:30.005153+00:00,920fe448-95d0-4ccb-b77b-2c7cfa389054
35c4d8bb-4e43-4db2-9d84-63c8e65aa54e,17aec806-bdfa-40f7-9cb3-4305042af894,f23653d5-32b4-4114-802c-24647da48286,page_view,https://shop.example.com/product/PROD-0367,a1e9ea81-9a43-42dc-b6cc-eded262200d9,2025-11-09T23:41:00.005189+00:00,920fe448-95d0-4ccb-b77b-2c7cfa389054
b2c86dd8-a521-4bb4-acdb-985c52df7262,059b58b8-23d2-411b-b0c4-964aa7eee46f,a0653f53-f48e-4dd7-a6a3-bdb387405616,add_to_cart,https://shop.example.com/product/PROD-0186,db06c2eb-e42e-45a9-8544-37df1919fcc1,2025-10-03T03:04:20.005212+00:00,920fe448-95d0-4ccb-b77b-2c7cfa389054
ddfee85f-bf91-4c23-b3de-a9481ca9f746,4d886eb7-1065-4f9d-8d39-bb389031bab8,,search,https://shop.example.com/category/electronics,invalid-device-3549,2025-09-05T04:24:09.005237+00:00,920fe448-95d0-4ccb-b77b-2c7cfa389054
e1cd0fae-de01-4ca6-a172-d35ba6b8df22,485425a1-6202-4c89-b0c2-5a315285a005,9dc239f3-332a-4ab7-a490-3aef45e14053,page_view,https://shop.example.com/prod////PROD-0435,c06f29e2-cd91-4496-a52f-3363117b359e,2025-11-06T22:01:11.005282+00:00,920fe448-95d0-4ccb-b77b-2c7cfa389054
635ae6fc-f4d6-40d7-9d11-8c78f1453b1b,3829f3de-8839-4f97-ab22-acc159c8f4d6,0ec131aa-374d-4cd0-8854-7da43f54a88d,add_to_cart,https://shop.example.com/product/PROD-0498,9a0f7437-3127-4885-b8ba-30696cb5a787,2025-09-30T18:20:57.005308+00:00,920fe448-95d0-4ccb-b77b-2c7cfa389054
c656be31-baff-491f-a656-b1380f03b1c2,abc96eb3-a966-4618-8857-f232081a2398,a2190a45-a93a-4211-b0ea-71be22442624,page_view,https://shop.example.com/product/PROD-0118,555d832e-4497-4d51-bf27-c0cc57e3b706,2025-10-12 19:32:52.005331+00:00,920fe448-95d0-4ccb-b77b-2c7cfa389054
7e5a0acf-a4b6-4f29-af57-dd8aa4a8b7b0,06bdfff8-24e5-45b0-87cf-e8f48b267e21,,page_view,https://shop.example.com/product/PROD-0478,134a20f7-904a-4b13-b32c-fb7711babd3b,2025-11-15T19:23:31.005358+00:00,920fe448-95d0-4ccb-b77b-2c7cfa389054
bd78cc04-2112-477f-8669-10ab62815505,2fbff4e7-d683-43b1-b0c9-b99476784803,e8b8f588-a132-4454-b371-b012cd28cef1,page_view,https://shop.example.com/product/PROD-0287,cef0dbc2-fdc2-430f-b8c4-571da8af21e3,2025-11-22T19:26:38.005380+00:00,920fe448-95d0-4ccb-b77b-2c7cfa389054
