customer_id,first_name,last_name,email,phone_number,gender,dob,signup_date,address,city,state,country,device_id(s),source
0d244537-8164-4b84-bcf2-0e43766f3221,mARIA,day,maria.day697@hotmail.com,449.977.1729x282,M,1988-04-11,2016-12-05,107 Joseph Station,Padillaborough,Oregon,Micronesia,56f3a452-b3f5-488b-b90d-8cb2b3343c70;3ab7d21b-48dd-44f8-88ae-c99a4dd51ef1;faced7cc-4d83-4505-9d86-497626fe16d0;dd49cd20-eacc-49f1-b4b5-92551e77d916,referral
66c5800b-ad5c-4fac-86df-16472d82f02d,KKeevvin, Cantu,kevin.cantu968@gmail.com,501.347.4824x64633,M,1955-09-19,2024-02-03,3577 Anita Knoll Apt. 107,Justinton,Delaware,Portugal,cd83e240-0d50-4e67-b146-23deb6c49940,referral
e7852eee-0a28-46dc-aa34-445a02530746,Ronald,Daniel,ronald.daniel138@yahoo.com,+1-268-822-6332x26814,M,1971-11-02,2016-04-12,3440 Tammy Views Suite 698,New Autumnland,Mississippi,Uganda,369b8950-dfae-44ce-bbb4-d292f118be67,web
14f0e67d-e60e-4989-88cf-5be50d515a69,Katherine,Smith,katherine.smith357@yahoo.com,864-894-1347,F,1955-03-25,2019-06-21,98888 Morales Lakes,New Jose,Minnesota,Bahrain,3e83071f-53ed-4a05-9dfd-5ff2031443b5,web
1ce2f061-345c-4121-a4ba-32963cf9a15d,Brandon,Glover,brandon.glover804@hotmail.com,489.732.5436,M,1968-06-25,2022-01-09,55037 Denise Crest Apt. 565,Port Amber,Oregon,Latvia,751d4410-3d73-4f4c-b432-10a0213b925f,referral
6ddc1772-f210-4111-87c9-c2ec73776c37,Toni,Li,toni.li092@gmail.com,(522)382-8559,F,1981-09-30,2023-11-25,1230 Padilla Parks Suite 647,North Melvintown,Kentucky,Uganda,f8013534-0730-4d00-8120-445e02ebed1f,app
9a3ae2d2-97d7-43b4-843c-ebac2fc0131c,Barbara,Luna,barbara.luna614@yahoo.com,001-063-045-0948x4636,F,1991-01-07,2025-11-01,768 Martha Plaza,Andersonberg,Maine,Guyana,f7bf7b38-f88f-4e85-b065-a163eb909a13,referral
69814e99-477d-48dc-8d7b-2d1137f1cf37,Richard,Benson,richard.benson220@yahoo.com,755.281.0372,M,2002-08-02,2016-02-27,8812 Cheryl Radial Apt. 428,Huntview,Wyoming,Greenland,ceaa4bc8-5dc0-42d8-830f-5461e6fabc1e,web
d081d287-527e-4a77-bd62-50e28a110ddb,James,Ali,james.ali627@yahoo.com,1974876994,M,1968-02-11,2018-04-08,674 Lynch Spring Apt. 341,Martinstad,New Hampshire,Netherlands,6f5f7a22-9b27-4d01-b14e-ad09156419ab,app
5a298d80-e951-4565-98cb-5cb7ef301fc2,JAY,JJoonnes,jay.jones624@yahoo.com,+1-894-933-6997,M,1963-08-22,2023-03-05,82891 Grant Park Suite 174,Brownfort,Wisconsin,Liechtenstein,2d543635-2c5d-46c6-8c8e-5177b328ac31,web
cbb77d6e-4495-4c6b-b8d9-d5c3abd9ce1d,Aaron,White,aaron.white615@yahoo.com,351.424.0980,M,1955-08-17,2023-07-12,07704 Cameron Fork,Lake Amymouth,Arizona,Bouvet Island (Bouvetoya),a0f776d6-bdad-4193-80a5-061dc067fc69,web
999fa048-4fc6-48d8-b200-31ceaccacda2,James,Mejia,james.mejia400@hotmail.com,205.022.2886x1126,M,1983-12-08,2015-05-09,82237 Gonzales Mall,Lopezchester,Maine,Cook Islands,3057a80e-baff-4e0b-8e3a-55ac79b336ab,web
87544ae1-b19c-45b6-944e-8f66395cfe85,Kyle,Romero,kyle.romero277@hotmail.com,353-092-8803,M,1982-02-13,2018-09-05,32009 Banks Plaza Apt. 822,Tammyside,Oregon,Tajikistan,25e7c155-df65-44f6-8d59-5879c4bd767f,referral
1388561a-72d1-4612-ae8b-1de74978e223,Wayne,Smith,wayne.smith368@hotmail.com,927.163.1353,M,1972-10-25,2021-12-23,27487 Gonzalez Corner Suite 590,East Christieshire,Florida,Greenland,f6e5c540-3c28-4155-bf61-b73e4bfa558f,referral
e3eca3cc-9010-498a-b9b5-f24afff9ed64,Leslie,Reynolds,leslie.reynolds736@hotmail.com,(589)341-8236x24713,M,2005-04-27,2016-06-23,54781 Robinson Stravenue Suite 990,West Shannonburgh,Minnesota,Tokelau,bab2bd94-8457-4d52-b8bb-9b9730e2ce43,referral
399487d1-f9c0-4ae2-9227-300ae3eec148,Alan,Brown,alan.brown912@yahoo.com,+1-712-046-0252x3070,F,1980-09-24,2023-10-03,26017 Duncan Village,Joshuatown,Iowa,Angola,7bb28466-408c-4461-9450-c30e3b42a818,referral
723e2735-fe7c-42d8-a527-5f525ec43834,Deborah,Wright,deborah.wright434@hotmail.com,(256)993-8096,F,1959-05-18,2017-11-29,140 Gardner Prairie Apt. 174,North Jenniferfort,Kansas,Sudan,46e6c31c-f53b-44eb-8e00-ab090a1842de,app
d02ecde6-da99-4239-b5da-bb3b1eb421a0,Michael,Ross,michael.ross476@hotmail.com,290-041-9470x081,M,1963-08-31,2016-06-29,98127 Hanna Shore Apt. 662,Larryport,Maine,Paraguay,2690ac62-a581-4aa6-8ac2-4e856be4596c,web
f986c540-f919-44f4-8d26-42397d28da3e,Nathaniel,Wagner,nathaniel.wagner272@yahoo.com,827-308-2086x206,M,2006-01-21,2024-06-07,816 Joshua Isle Apt. 449,South Johnmouth,Alaska,Palau,d8583a1f-4202-4a8d-af68-05a1133255fa,app
5004fa30-1d3c-4d5a-829d-67033e22402c,Tho8mas, Weeks,thomas.weeks103@yahoo.com,(047)133-4446,F,1959-11-21,2017-10-27,0999 Robert Prairie Suite 015,Port Jessica,Illinois,Liechtenstein,75c9e45d-15d4-4083-a230-b67650709e16,web
eba53401-a44b-4ebd-834f-d4b0a059d14c,Kendra,Burton,kendra.burton982@yahoo.com,+1-362-979-6775x98610,M,1965-04-05,2021-08-06,2205 Gloria Fords,Angelastad,Wisconsin,Cayman Islands,51121348-6d68-4b9c-b591-92a63a63785a,referral
2e3d574b-57eb-4418-a778-9e84c7654689, Caitlin, Hernandez,,+1-959-000-2424x3019,M,1993-07-21,2016-10-05,639 Jennifer Creek,Lake Barbara,New Jersey,Gabon,6833302d-edc0-4a1f-8fae-a35ee4d0bd97,web
d3c04894-f805-4baf-85d4-e80b4b5fec1b,Jose ,Kirk ,jose.kirk811@hotmail.com,+1-631-072-5576x19258,M,1987-05-22,2024-07-29,25702 Justin Oval,Davidchester,Oklahoma,Zimbabwe,29a54a9c-27b8-4d5d-8aa2-e06f36e9b0f0,referral
2439ae33-15a4-4c7c-b3bf-338e188b43d6,Juan,Morrison,juan.morrison045@hotmail.com,4027230113,M,1967-12-21,2024-06-03,435 Klein Village,New Lisaville,New Hampshire,Italy,0cc5b8ca-c421-4005-9658-1cedde553d2f,referral
05a628f8-8e6b-44c8-ad11-d19c2dd42318,Lauren,Parker,lauren.parker063@hotmail.com,133-970-4145,F,2007-07-15,2018-03-07,229 Anthony Station Apt. 067,North Dorisburgh,Iowa,Zimbabwe,e48ca212-9068-4ea9-a3de-b58f7c271687,web
3d12e6c6-cad4-4b98-b3b5-3ebf02623777,KEVIN,Ha0rt,kevin.hart924@gmail.com,+1-822-082-7385x4001,F,1960-01-24,2024-08-10,252 Castillo Mount,Shawnshire,Colorado,Saint Martin,fc2c22f5-941b-41e7-9485-2bef6ff7c31d,app
f910cfc3-7bab-4e80-8668-a4bcadc5c723,Samantha,Rivera,samantha.rivera204@gmail.com,(008)807-7361x556,F,1975-07-30,2020-02-02,10167 Wilson Villages,West Amy,Arizona,Bolivia,d2e41bf4-a3aa-4c0d-acc8-cb3e831de9a0,app
1741a0ce-c436-4986-923b-f13e6a9bee30,michael,sMITH,michael.smith683@hotmail.com,573.704.9594x1788,M,1960-11-21,2018-08-08,625 Fields Greens,East Josephville,Nebraska,Uruguay,03edf5c4-526d-4ebe-bf3c-37fa92e773d5,web
6e2c9970-1682-4ec0-9230-d9f877746be1,Jonathan,Smith,jonathan.smith033@yahoo.com,+1-713-117-6830x785,M,1958-10-22,2018-11-04,771 Lori Street,Millerton,New Mexico,Trinidad and Tobago,2783a5f7-bf03-4516-9a15-99c88c887f65,web
7ef7cdc9-fb00-41cd-8288-e43a29e0613f,Cheyenne,Wallace,cheyenne.wallace920@yahoo.com,(858)823-7521,F,1961-02-07,2019-03-22,048 Cruz Crescent,Lake Kimberlyburgh,New York,Algeria,3644a604-d6bf-4d65-b2f4-05db96e4cecd,referral
442e20e0-d712-4cff-b3bb-bc2d1e69381d,Dana ,Smith ,dana.smith630@yahoo.com,(463)448-8643x4316,F,1997-03-25,2015-07-28,9227 Lynn Key Suite 039,West Danny,Maryland,Singapore,3778d2bf-8f5a-4a0a-bdce-bf7ea2ca6b75,referral
717a815f-8d39-4a77-a291-7408e2c77d05,Andrew,Gordon,andrew.gordon168@yahoo.com,114.577.1224,M,1957-07-18,2021-06-25,368 Adams Harbors,Johnsonville,Missouri,Mayotte,c11317f9-e139-44b5-a1ab-87e4b1f26e7c,referral
a0b4f882-3ef9-48f0-90af-84e13f49cd09,travis,Thomas ,travis.thomas295@yahoo.com,(801)014-6998x3412,F,1993-02-03,2017-07-31,85752 Sherry Mall,Craigberg,Nevada,United States Minor Outlying Islands,54d4287c-5765-49cc-b45b-333ac2b1ff52,app
0f7fc00e-1c66-46a8-a4b1-78bd3eb17958,Donna,Kirby,donna.kirby822@gmail.com,760-477-3598x5166,F,1992-02-14,2016-11-07,766 Mendoza Garden Suite 319,North Jenniferhaven,Arizona,Madagascar,31f86a2c-0ab3-4813-8194-3704174d7cc5,referral
94ace4e8-5206-4b15-8acf-41a74bca0b47,CHRIS, Riley,shared1544@yahoo.com,432.270.3188x08867,M,1967-12-04,2017-02-18,615 Susan Throughway,Angelaview,Arizona,Malaysia,12422f68-bc94-42cc-b3ad-b1af25d7e434,app
e9540f7e-53c0-4e07-8732-c6ec98d05b0a,Tina,Alvarez,tina.alvarez727@hotmail.com,+1-100-400-1071x4180,F,2000-04-06,2019-08-17,55746 Gay Ways Suite 373,Adkinsborough,Delaware,Lebanon,231eb55a-ef9c-4056-ab99-86033e69d8c4,referral
f35ede95-7fe7-429c-a59f-52f841303448,JJeennnifer,Morrison ,jennifer.morrison166@yahoo.com,(625)482-6724x818,M,1975-12-19,2014-06-22,8500 Gregory Cliffs Suite 000,Westville,Texas,Belgium,f27ab3be-04be-44f5-a598-49ef3e280f94,referral
06ce850f-ff94-4722-af1c-19976ce1e682,Tara*,AVILA,tara.avila643@hotmail.com,(871)951-7223x7077,M,1969-09-06,2016-01-08,96344 Bruce Ports,New Stephen,Kansas,Ireland,424f4ee1-8333-4707-a697-f10962b5e46b,web
b158691e-1fea-4ace-890f-f0dac007f18d,Jessica,Moreno,jessica.moreno028@yahoo.com,344.140.5757,F,1971-10-25,2023-12-09,85204 Amanda Falls,North Kristinchester,Illinois,Mayotte,284baebe-59f6-4fb9-ba84-08f1376db7fa,web
ea3babf0-6ef8-4cbc-ab6c-4b8204e72cc5,Elizabeth,Jones,elizabeth.jones285@gmail.com,(102)655-7918x0572,M,1985-09-04,2021-08-07,95850 Sheryl Meadow,Kellyland,California,China,515479fe-327b-4101-84e5-6bb76c02e825,app
ae898c4b-08a6-4735-90d8-0a12a962fe28,Tim,Marshall,tim.marshall986@hotmail.com,(288)685-6959,F,2007-05-04,2016-02-18,5484 Rodriguez Track Suite 166,Mayoberg,Iowa,Myanmar,2595888c-718a-4672-9a71-1f3a5f0d9298,app
4375cc64-a523-46b9-a87b-a34e5be6c014,Jason ,Thompson*,gabriella.crosby921@hotmail.com,240-319-5667x4475,F,1965-03-05,2014-01-01,52798 CALEB MEADOW APT. 352,Comptonmouth,Alaska,Korea,c8d127a3-3d86-42db-87dc-33040ce1031a,web
23c4359f-24e5-4233-bc48-c19b724ce07f,Tina,Carter,shared1788@gmail.com,001-986-706-3302x097,O,1998-10-18,2021-08-25,86706 Turner Fort,Hernandezfurt,Vermont,Norfolk Island,f3b67d1f-8266-4bc3-b86a-fdd53c7925ee,web
9a285a3e-29d4-4048-8728-97ad95f8346a,Amy,Warren,amy.warren008@hotmail.com,(390)656-5627,F,2001-08-15,2015-07-15,186 Lane Station,North Samantha,Louisiana,Brazil,db185306-aa75-4cee-b643-e66199f13ff1,web
119db8c2-545d-4feb-b9d5-b9269358a74f,Tanya,Mckay,tanya.mckay547@yahoo.com,(063)754-7231x0004,F,1996-06-11,2019-07-06,90652 Joseph Burg Apt. 845,West Kyleshire,Louisiana,Eritrea,ec62d6eb-9bc1-453d-9a3f-2db8fdc464ec,referral
9dd97621-1fdb-4854-8a4c-ca2f4c3e7d32,Lawrence,Brown,lawrence.brown930@yahoo.com,(536)861-2563x78937,M,1999-10-17,2015-04-12,20089 Christine Inlet Suite 563,Deannahaven,Arizona,Tuvalu,8ccad4fe-173a-4770-a719-5d515c05dc73,app
0c235ee1-7e4e-412a-921c-2ebf7048954d,mELINDA, Miranda,melinda.miranda459@gmail.com,869-768-0679,M,1996-08-18,2021-11-07,4385 Sanders Ramp Suite 693,North Dillon,Idaho,Grenada,5f11aa98-d4b0-4f01-80d0-ac1eb931c6b4,web
ac66a771-49b4-4aac-837b-9e7321e90daf,Lori,King,lori.king997@gmail.com,+1-246-907-6868,F,1959-05-15,2014-10-12,666 Gray Fort Apt. 650,Rachelmouth,Rhode Island,Uganda,61b3d014-8c49-4573-935e-d46d33fc8467,referral
43e7a27e-0ad5-407f-8d0e-5df833b9a303,Diana,Watkins,diana.watkins320@gmail.com,570-173-8500x25110,F,1983-03-05,2023-02-28,322 Cook Pine Suite 407,South Margaret,Tennessee,Montenegro,7cdf3301-5b34-4e37-8761-926b64baa34c,app
4eb66031-918c-4ee2-93c1-906ff9f7aefe,Mark,Herring,mark.herring167@hotmail.com,+1-690-938-2229x0926,M,2002-01-05,2020-02-25,9530 Joel Garden,New Crystal,Georgia,Niger,75a21928-1f0b-4b4f-a159-88eabbdcf217,app
6f0733e8-ca6f-4dfa-98e1-549e3bb03b28,Megan,Chang,shared1661@yahoo.com,001-085-209-1544x10230,O,1998-09-19,2023-08-30,19508 Madison Port Suite 322,Kristinstad,Montana,Liechtenstein,a70f4b7f-32a1-493b-9d65-e270e9337820,referral
f521193d-7834-4e65-90af-eb0db63c5114,Justin,Lopez,justin.lopez927@hotmail.com,025-074-0314x6813,O,1999-02-09,2022-07-13,075 Frances Ridges,Port Courtney,Iowa,Moldova,91666114-0da0-4ea0-ad2e-23ba30eb3d11,web
efc84ed2-ebd0-4ad5-bbc4-34963cd0f2ca, Christy,Schneide9r,christy.schneider793@yahoo.com,097-164-8045,O,1968-12-16,2021-01-04,115 Guzman Knoll Apt. 002,Scottfurt,New Mexico,Palestinian Territory,20cfc208-4bba-4695-9f22-bcde8bc5265c,app
ac2f0eed-0975-4d23-9102-493d7d71fc28, Denise, Cooper,diana.smith863@yahoo.com,8814749212,F,1991-08-28,2016-07-07,1479 Rachel Drive Suite 458,North Jennifer,New Jersey,Guyana,a818e83a-1acf-457d-8fec-1ac9da14c022;81d393c3-edc7-4464-94cb-5a235725e348,referral
58793852-d603-44e2-a938-433b1b2bb578,Patrick,Nunez,patrick.nunez958@gmail.com,001-779-177-7444x66359,M,1959-10-07,2022-07-27,514 Jones Cliffs,South Colinview,North Dakota,United Kingdom,9ec9f28c-40e3-4f47-bed3-67f0b68d4670,web
b5a5a019-cd4e-45f7-95cb-7f89f35a7426,Jonathan!,Campos ,jonathan.campos772@yahoo.com,446-428-7261x1366,F,1969-11-03,2023-01-17,430 Reynolds Squares Suite 673,Roblesmouth,Georgia,Bhutan,0b08153a-77a0-457a-a63b-3c2022d81c87,app
ea2fb679-4a99-43e2-a637-2724980f1bd0,Sara*,Maxwell ,sara.maxwell529@gmail.com,+1-073-626-9897x9185,M,1978-03-19,2019-09-22,9193 Brendan Neck,North Toddview,Maryland,Guam,8e34e636-528b-4e1f-b2c8-6d7e8897a897,web
101c7709-e035-45ae-8f4c-1b7840520927,Stephanie,Caldwell,stephanie.caldwell218@hotmail.com,001-903-101-2768,F,1980-07-26,2015-02-13,13700 Hines Road,Rebeccaborough,Virginia,Tanzania,7fc2872d-e669-4848-8f8d-36d94450ca66,web
6786698f-035a-415c-9cef-aa4f9b25de59,Melody,Russell,melody.russell886@yahoo.com,+1-813-237-9098x93797,F,2007-09-30,2020-06-22,69725 Jennifer Divide,Santanaside,Washington,Monaco,79330ca4-151d-497d-bacd-6566df2dd2ef,app
b9b77c50-6a92-4a4c-a0bb-4dd450c3ce18,Philip,Obrien,philip.obrien138@hotmail.com,129-908-6602x0924,M,1978-02-16,2021-05-28,51734 Nathan Junction,Maymouth,Texas,Namibia,2d21e193-03ba-4da9-8967-9d931438e8e2,web
d760ca52-359f-4654-b7bf-aa0ad1af10bc,Robert,Moran,robert.moran727@gmail.com,861.249.3073,F,1988-08-12,2019-04-01,27961 Hoffman Route Suite 025,Samanthaland,Alabama,Western Sahara,a72e303f-fe5c-47df-94d9-6e2e72956def,web
025749bd-83db-4f96-92a2-d88a57842398,Robert,Bryan,robert.bryan627@gmail.com,001-787-063-7028x595,F,1997-07-05,2024-02-23,5576 Odom Plains,New John,Louisiana,Belarus,4236fec3-4b95-44ad-812f-30e5daedf918,referral
26bd5003-c14a-484f-9f19-51fe7aa6e468,Bruce,Cole,bruce.cole463@yahoo.com,001-379-879-2295x61521,F,1959-05-03,2025-08-03,82763 Christina Glen Suite 278,Lake Thomaschester,Illinois,Bulgaria,4810725a-44c8-4a55-9118-d0f66e67f330,referral
6d7c07c8-f624-4c47-998f-2cffa6d80c25,Christopher,Brooks,christopher.brooks178@gmail.com,972.025.4178,F,1960-02-22,2018-12-28,379 Lauren Square,Shortmouth,Hawaii,Belgium,b2dbc755-004b-419b-974c-c17baf84bd61,app
799232a9-ef75-4215-baeb-21e7a007d57c,james,Massey ,james.massey443@hotmail.com,852.630.7452,F,2007-03-17,2015-03-01,71826 Timothy Mills,Melanieshire,Montana,Brazil,cb2a8b8e-8778-452f-a321-8e943386fcb3,app
e89ef27b-7274-4cb9-bf02-7eb64f417515,Kiara,Logan,kiara.logan741@hotmail.com,588.548.0971x914,F,2002-03-28,2025-08-31,0216 Ruiz Mission,Lake Matthewport,Mississippi,Netherlands,c2a8302c-a465-4b54-a17a-e9a2aeea9b6b,web
89f56901-5b9b-4b9b-a5f0-49159b4c0586,Alicia,Williams,alicia.williams644@hotmail.com,(709)276-6842,M,1993-02-23,2017-04-13,4730 Michael Valleys,Port Charlesburgh,New Mexico,Sao Tome and Principe,0f982d0e-af97-461d-9ffa-2cee18c89087,app
d2ded448-23c5-4bc6-9a8a-1ec388ad4407,Anthony,Gutierrez,anthony.gutierrez851@yahoo.com,(372)388-7828x88236,M,1955-01-15,2017-05-02,0102 Bowers Rapid,New Jonathanberg,Michigan,British Indian Ocean Territory (Chagos Archipelago),990f3a9b-b8d9-4910-89df-ec024e894810,referral
6efd0803-c710-4b5c-8a18-0dc45e5cafa9,Jeffrey,Williams,jeffrey.williams830@yahoo.com,001-639-696-8339,M,1973-10-12,2015-01-29,845 Clayton Course Apt. 424,Ryanmouth,Utah,Ukraine,621dc1b5-1116-434d-9e6b-b6e87f830735,web
c253af3f-6865-421d-894a-218f011b8e57,Scott,Strong,scott.strong615@yahoo.com,001-363-994-9166x0715,F,1979-03-31,2018-10-08,142 Robert Inlet Suite 232,North Christine,South Carolina,Djibouti,a3c87aa8-f9ac-4c7d-b2b1-d6ef80088613,app
1d1c78c7-01b1-4638-986a-5469f704ad6a,Laura,Ramirez,laura.ramirez928@gmail.com,330.031.9415x1299,M,1994-10-05,2015-06-21,0048 Calderon Fields Apt. 599,Blairside,Mississippi,Dominica,c52ed4c7-76f2-4a02-b96c-06eb49c8b1d5,referral
3634a2f7-d78a-42ee-ac91-b24aef28e7a6,Matthew*, Collins,matthew.collins190@yahoo.com,001-442-623-7586x8990,F,1994-09-19,2022-03-17,5517 Susan Forks,Heidiview,Tennessee,Benin,af1bf6d5-3155-49bc-a492-2cd85a5923e1,app
52cae47a-9e10-4ec6-bfa5-45ab03b4914c,Mary,Wallace,mary.wallace066@hotmail.com,856.270.2488x619,M,2005-06-12,2020-12-07,9346 Henderson Mountains,Brownberg,Texas,Turks and Caicos Islands,9c77775a-e072-4e0f-a2bc-daa62aff827f,web
272a43a7-5b16-4236-a404-1fbd62f05064,Chad,Davies,chad.davies037@hotmail.com,360-319-6716x47413,F,1965-04-19,2015-08-31,5460 Hubbard Cape Apt. 062,Teresaburgh,Minnesota,Romania,f90eb177-e6ab-4bb5-b444-4c7dc617fcff,app
81d2afca-7f70-4906-acea-6a88b2609133,Robert,Hensley,robert.hensley241@hotmail.com,570.242.0982x544,F,1993-02-15,2019-05-08,6952 Carol Hills Apt. 762,Santiagomouth,Wyoming,Uruguay,54484715-7b21-4662-accd-2fc126200fcf,app
4f1465ab-68b6-4a60-8dd6-0ece90dbf299,Michael,Henry,michael.henry713@yahoo.com,294.365.5640,M,1980-12-21,2022-04-20,70985 Joseph Meadow Apt. 971,Rhodesmouth,Arkansas,United States Virgin Islands,e3a781e7-c40b-49be-92ae-4c8dcd6ab78a,web
b38b3446-551e-42fe-9555-d33c7ced5c14,Sara,Garcia,sara.garcia933@hotmail.com,796-627-0148x034,M,1979-10-30,2015-08-01,2649 Ryan Plains Suite 301,Port Codyburgh,Connecticut,Lesotho,5fdf30ce-9773-4151-b1f4-ab590d7c0720,app
2ce8ff6d-d4cb-4f33-a59b-38acf76467e3,Kellie,Ray,kellie.ray765@yahoo.com,059-442-2346x0679,M,1987-01-13,2016-11-20,313 Smith Island,Victoriaberg,Maine,Sudan,04e76523-a646-40ba-bd91-6d956b91c9b1,app
a1505921-96e8-458a-b3c3-f6bcf86e10ef,Sharon,Marsh,sharon.marsh375@hotmail.com,(706)042-6150,M,1989-05-22,2016-04-01,341 Theresa Brook,East Rhondashire,Maine,French Guiana,4da83387-1ed5-4dde-b25f-251a3c71f3ea,app
063eea9f-d6d7-441b-b50c-58c163ba0a20,Jennifer,Taylor,jennifer.taylor322@yahoo.com,001-642-684-8373x012,M,1983-09-10,2019-03-05,72239 Tony Overpass Suite 646,Port Christian,Colorado,Slovakia (Slovak Republic),bc96300f-3f34-4f82-ae70-9367c7d694a1,web
4caa66a9-5c0f-4890-8cc1-963773784375,Carl,Copeland,carl.copeland007@gmail.com,+1-776-663-7499x3190,F,1960-04-04,2017-02-13,7190 Johnson Pine Apt. 532,North Manuel,Arizona,Norfolk Island,4b2b39b1-d780-4fc6-b420-1512548cddc6,referral
59c5d94a-26e6-49c9-bf75-ad80f4fd0803,Tristan,Smith,tristan.smith021@yahoo.com,550-388-9680,F,2002-03-12,2022-04-05,35387 Mcbride Flats Suite 430,Herreraside,Louisiana,Kiribati,069d0d72-696d-4c33-8a8e-f35dc72013d6,referral
283ee077-bb5a-4356-96d6-9a5c963f4daa,Tricia,Hernandez,alexandra.miller626@yahoo.com,4381068912,M,1986-07-18,2021-04-23,1764 Sara Flats,Silvaborough,Maine,Tunisia,fdbdbe98-5f18-4680-bb45-03f21e4ccb67;f4481998-8d20-4c74-b713-27c553e9b664;72e4679d-5b24-4b0e-b64e-8839fc4c6286;e9ac74dc-ff4a-4266-84bb-0f2aa9caa0fa;72ec466e-b80e-4759-9130-da4eb23399a0,app
3b27341b-8237-4336-bea1-ed743bf86011,Michelle,Brown,michelle.brown540@yahoo.com,(287)819-8199,M,2005-12-17,2018-02-25,53204 Victoria Meadows,North Joshuamouth,Mississippi,Vanuatu,a06dccf9-36b0-4c17-9eb1-4e61d0b8eca1,web
930082cb-50b7-440c-8fb7-993592f8d899,Candace,Duncan,candace.duncan214@yahoo.com,868.941.5856,M,2000-10-22,2023-06-08,4657 Ivan Circles Suite 658,Robertsonhaven,Alaska,Sudan,413030fe-1e9b-4b64-a994-1f4dc2bec4eb,referral
889d1c0a-8e7d-42f8-8017-3ae92ac76127,Kelly,Williams,kelly.williams215@gmail.com,308.238.4042x009,F,1997-01-31,2024-06-12,6297 Gilbert Cliff,Sheaside,Kentucky,Spain,9f490257-bcad-4edd-9340-18f8ad811006,web
a592c947-8d01-409c-8741-7d74fcd60849,Misty,Holmes,misty.holmes278@yahoo.com,+1-585-984-8637x15906,F,1996-12-21,2016-10-29,1476 Samuel Estate,Knightberg,Louisiana,Macao,3d57a5ea-88fe-4ccd-ab4e-5ffcb626a488,app
3711e720-6790-4915-9cda-a8759f7bf60d,Eugene,Lopez,eugene.lopez779@gmail.com,058.484.2580x49768,F,1987-05-14,2025-01-26,923 Ryan Prairie,Toddside,Tennessee,Lesotho,c8cf3567-64b8-4d73-8695-9f1c371d247d,referral
180dc38a-109e-455d-9728-134c65596089,John,Murphy,john.murphy439@gmail.com,9333923852,F,1955-10-29,2015-05-26,3187 Nunez Underpass,West Shannonfort,Nevada,Hungary,396642a5-f487-406b-a9a1-fafdc8ac072b,app
3c970e5a-0a42-4d18-a1ed-b1ffa83f8a6c,Alex,Gonzales,alex.gonzales806@hotmail.com,324-554-4208x770,F,1964-08-27,2021-08-21,4966 Janet Tunnel,Perkinsmouth,Tennessee,Isle of Man,9356ca34-e759-48e5-852f-9f6a9d440239,referral
38936093-95d4-4317-b9ca-d12900b34c23,Kristen,Peterson,kristen.peterson931@hotmail.com,(581)623-7431x16807,M,1963-05-26,2025-04-13,794 Miller Wall,South Eugene,Washington,Bermuda,2513b5f0-c57e-454f-b373-ae3af4df0204,referral
6fa386d0-6780-44ad-8d89-50cb8ee2339f,Dav1id, Patel,david.patel266@yahoo.com,375-459-4611x970,M,1973-09-05,2021-07-30,80843 Jenkins Flat,Traceyfort,Oregon,Samoa,1728e24b-9838-4e20-9a74-0b8d8a882328,app
fa3071cb-3c05-4af8-99ab-2c7c6c40ccb9,Eric,Mcdonald,eric.mcdonald524@yahoo.com,(780)832-0487,F,1961-03-01,2019-01-26,5321 Gonzalez Ports Suite 316,Troyborough,Indiana,Kazakhstan,2727c8d8-cb51-497a-bf9d-0621495f9e9d,web
e942fd5b-d01b-426b-a441-444dee396e9d,Joseph,Jimenez,steven.chavez539@hotmail.com,188.317.0079,M,1973-10-15,2024-12-04,4910 Elizabeth Tunnel Suite 425,Phamside,Virginia,Holy See (Vatican City State),04a64644-8311-4224-b15a-6e47ff5b4dd4,referral
8758c7ce-8b34-49a0-be27-d211174b9296, Thomas,Bailey ,thomas.bailey174@gmail.com,590-446-1330x210,M,1987-03-14,2017-06-09,7170 Sharon Falls,New Maxberg,Alabama,Togo,b52ee6b1-5be1-4a99-80da-63a539c15b5b,web
dad40831-9985-4636-a070-d6bd2605b18d,DDaavvid,Murray ,david.murray515@gmail.com,3745630823,F,1957-06-02,2014-05-31,849 Bennett Ville Suite 018,Shieldston,Colorado,French Southern Territories,ab735cc5-68fb-464d-865d-44cc9257abe9,app
c921e4cc-19a7-406e-8f53-7a1583ce1f1a,Albert,Jackson,albert.jackson540@hotmail.com,(730)162-4228x35111,M,1979-11-19,2025-06-04,891 Patrick Mountains Apt. 767,Port Caitlyn,Vermont,Saint Vincent and the Grenadines,46647992-49fb-4375-9514-fda2c1fcd129,web
b510c3df-a261-402c-9aad-e062f545e226,Holly,Howard,david.stevens649@yahoo.com,001-823-643-2865,O,1990-02-09,2020-06-19,857 Patricia Hills Suite 112,New Saramouth,Mississippi,Sri Lanka,f424bff9-d670-4084-9d1e-4938229c725f;0f09c40e-de12-4c51-8259-644fd1074940;7364120e-08ca-486e-aef4-04b224d85f62;84c11c2f-586d-41d3-aa90-31707ddf82d2,app
c99addfa-d124-402b-a50a-285dfad02829,Katherine,Newton,katherine.newton929@yahoo.com,(249)153-5310x65233,F,1964-03-20,2024-03-09,0294 Cherry Walks Suite 933,Velasquezborough,Rhode Island,Pakistan,f6a5d99c-a150-44ea-b582-c8ef5ce7a509,web
a986e83f-b6bd-40f7-82e4-69302b0afa80,Heather,Peterson,heather.peterson832@yahoo.com,(151)209-4000,M,1991-01-14,2017-12-20,22580 Thomas Groves,Rayshire,Oklahoma,Albania,02ef73eb-5de4-451f-bba4-c4006dbbb026,app
3105f880-f383-4448-a817-2766c40faaba,pETER,Davis@,peter.davis612@yahoo.com,(725)046-6805,M,1966-12-29,2023-06-30,5786 Gutierrez Avenue Suite 286,Lewistown,South Carolina,Singapore,66823dfb-bfc1-403e-8914-dbc28f4de570,referral
c697128b-07f8-446d-a3d3-2499992924f8,dylan,Hughes*,dylan.hughes183@yahoo.com,(331)123-5759x07920,M,1969-04-19,2017-01-20,2858 Knight Dam Apt. 006,New Rodney,Michigan,Guinea,d1a2cfc0-bfae-4cec-84fb-04b3e8cd3e4c,referral
46b406ee-6890-43bb-b470-4c37db9ef7a0,Cindy,Adams,cindy.adams561@hotmail.com,775-640-0935x89975,F,1959-01-07,2023-10-20,999 Strickland Alley,West Heather,Massachusetts,Georgia,05d34aa6-1741-4e4b-bd0b-f9e64dc26bec,app
8d943a0a-77a1-49b2-8ecb-0f80e300acbc,Joan,White,joan.white032@gmail.com,(456)473-1793x4154,M,1966-09-30,2020-12-20,763 Rios Mountain,Fryburgh,Michigan,Cyprus,46d8f386-0226-4ea6-86e0-239194a9545e,web
7d8a3718-7556-47a2-b097-c2e4d5848ce5, Andrew,Huds0on,andrew.hudson805@hotmail.com,0400207022,F,1994-04-29,2017-03-30,999 Heather Spurs Suite 460,Campbellstad,Arkansas,Hong Kong,f3849d40-db4d-4406-86f3-940dc84e2bd5,referral
fcb31cef-a642-44a1-aba9-215e08d33ab6,Kathryn,Fry,kathryn.fry409@yahoo.com,001-054-249-2471x5854,M,1976-09-08,2025-10-02,6467 Matthews Turnpike,Angelicachester,Nevada,Gambia,f614a8e5-3b86-4292-bd27-757ae267775f,app
84a527bb-a443-47b6-89b4-78c9d8b1550f,Ricardo,Olson,,951-570-2726,F,1973-11-11,2016-06-12,975 Roberts Grove Suite 836,East Katelyn,Utah,Serbia,2b0cc6ab-714f-4a33-8841-182428cf258d,app
b05fdc22-a9d9-4b9b-8576-38d35ec91510,William,Hernandez,shared1401@hotmail.com,001-622-638-8966x612,F,1990-01-17,2024-10-05,2855 Scott Roads Suite 477,Port Charleston,Wyoming,Kyrgyz Republic,4d5f0f6f-6774-4ede-a491-ed492128ffb9,web
3c6b7a39-3edd-4862-b675-b45a68674115,Pamela,Jackson,pamela.jackson883@hotmail.com,(835)158-2463,F,1975-02-02,2016-01-25,65528 Suarez Summit,Christophermouth,North Dakota,Iran,4f0172bb-0091-4093-b19f-acca3c13a95a,referral
669f8a41-df5a-4d27-994c-790632eb81bf,Karen,Johns,karen.johns678@hotmail.com,+1-443-196-2126,F,1977-06-21,2016-04-11,791 Douglas Cliffs,Jennifertown,California,Antigua and Barbuda,92acd828-b246-4016-98fd-294d3e0b1944,referral
16e2ce75-4162-4944-bd28-9accf96ad1e5,Madison,Arroyo,madison.arroyo597@gmail.com,165-641-7769x770,M,1991-12-26,2018-07-29,4990 Caitlin Divide Apt. 706,Paulland,Idaho,Namibia,1789f8fc-b811-4501-a37f-468033c9e42c,web
c9b61520-6753-48a9-903a-d1792a212ae5,William,Wheeler,william.wheeler444@gmail.com,(754)486-4876x12700,F,1995-01-28,2024-07-28,21887 Jamie Trace Suite 505,Josephport,Minnesota,Uruguay,9e1a2d7c-2397-4c1c-97dc-2537787eed70,referral
dbc3b992-d0aa-4dd6-bbc2-d13ea9d91451,Tina,Evans,tina.evans621@yahoo.com,211-881-7171x87851,F,1981-05-07,2018-07-16,13932 Peter Road Apt. 978,New Josephchester,New Hampshire,Israel,9335410d-8c1a-4b37-941c-b6b1daafe5f7,app
c6b4046e-9768-45d1-bd10-e75f47611328,David,Gray,david.gray928@hotmail.com,862.238.1108x954,F,1997-01-26,2019-09-24,350 Norman Mews Apt. 305,Justinhaven,Pennsylvania,Tokelau,ff00b523-ae04-45ab-8aed-3fe3f79e9d49,referral
1f8e9171-2b0f-4f9e-980d-13d52cf1d713,Timothy,Crawford,,8112049455,O,1980-01-29,2023-02-10,26631 Sarah Ridge,Maryberg,California,Cook Islands,34ae8a40-5c75-4d5f-a160-6dc0b4f81da8,referral
e4ed3511-93d5-4d57-b76a-2fcb5a98ebf3,Clinton,Edwards,clinton.edwards079@hotmail.com,256.853.6561,M,1980-04-13,2023-03-07,989 Benjamin Branch,New Stephen,Ohio,Barbados,1893e140-5a9c-4e69-949f-f702f191ff1a,web
930088a1-1a28-4bc9-81dc-dc9d4083b0b2,Brittany@,Flores ,brittany.flores808@yahoo.com,(989)518-7942,M,1997-05-29,2022-12-07,76093 Robert Burgs,Andersonchester,Alaska,Colombia,9b7a5676-7531-4aff-9122-bd9165f0d1e6,web
38dae155-6112-4c19-9b7f-2d9c14e25979,Hannah,Porter,hannah.porter794@gmail.com,9400068985,F,2007-04-07,2024-07-16,9523 Donna Extension,West Brandyburgh,Oklahoma,Belize,26e3d149-3b82-42c2-a9e3-956e528220d8,referral
f1f3745d-81e0-4cad-8798-df0a4a64a2c7, Nicholas,Gay!,elizabeth.everett641@yahoo.com,7248849496,M,1958-06-07,2023-09-14,0657 Jonathan Throughway Suite 826,Ariasport,Colorado,Pitcairn Islands,469c2397-507e-4f0c-85dd-89840403b304,app
0fd46b3b-4e43-408c-87de-f33999ed9b5a,Sean,Howard,sean.howard829@gmail.com,111-760-6819,M,1982-01-30,2025-07-15,5965 Timothy Mountains,Bakerberg,Arizona,Yemen,19b8df1b-6141-42b2-b070-1fc60fd52de4,referral
f88e0b9c-3cfa-4f69-a4f3-d0ad446f5b52,Claudia,Huang,,097-634-1596x812,M,1980-08-05,2022-06-11,38345 Danielle Spur,New Molly,Kansas,Andorra,26a52e2d-1deb-421a-bb64-5c26d57d3196,app
2f4a706d-b6e5-4188-86bf-056a1368b18a,Samantha,Fuentes,samantha.fuentes371@gmail.com,626.164.7542,M,2006-08-23,2021-08-20,330 Bailey Gardens Apt. 427,Port Cindy,Mississippi,Turks and Caicos Islands,67575201-bac4-4036-8db6-4d25c890751a,app
70782489-9fdc-4677-a2fe-418e51eaa4e6,Brian,Jones,brian.jones455@hotmail.com,016-660-9571,F,1977-09-21,2016-04-06,95352 Eric Manor,Codyfurt,Rhode Island,Panama,50a42b9f-a347-4a1d-9028-0992300508f2,web
d9f437ed-e8d7-4707-93cc-c82bf1adc593,John,Moore,,+1-164-411-3387x4007,O,1979-01-30,2014-08-20,1511 Williams Ferry Suite 056,Sanchezshire,Arkansas,Tunisia,fb00f3c7-7172-42ee-85dc-fb9c8ed0f6f1,referral
dad55abe-635e-4f78-8a80-5f0e2386b4fd,Bridget,May,bridget.may387@yahoo.com,(275)267-0638x5404,F,1969-09-27,2021-10-07,2945 Lewis Walks,Kochburgh,West Virginia,Turkey,d648ab14-6e93-4ce8-9d7e-6cfa020a3623,app
a3364681-0529-43a4-9db0-96bafc80591a,Andrew,Andrews,andrew.andrews686@hotmail.com,(682)216-3096,M,1963-06-09,2024-11-30,651 Brittany Estate,Riversview,Pennsylvania,Bolivia,7f473917-dc20-409d-9e63-b98729c03108,web
66af2d0d-150d-4258-ac83-3b204fe7e0b4,Matthew,Macias,matthew.macias282@gmail.com,001-951-913-1372x41649,F,2005-08-28,2024-04-17,217 James Circle,Reneeland,Oklahoma,Latvia,045a2ea1-1f06-40bc-a0e0-def12ad1e5d5,app
37c5b09a-5d36-417a-b0c6-ada1692781be,Alicia,Bean,alicia.bean132@hotmail.com,756-652-1446x173,F,1984-11-02,2024-02-18,76451 Ernest Ports Apt. 723,West Tiffany,Tennessee,Serbia,d859dab1-68ec-4290-96e8-3e9732467433,app
e80e058e-1137-4aff-a0d8-08527189df19,Corey,Jenkins,,001-379-196-4407,M,1956-03-14,2022-04-30,549 Alice Valleys,Janeton,Tennessee,Suriname,40727f0c-af09-46aa-9645-d7b3de322248,referral
264d9d9d-f6d2-4e3f-b2f9-988fb0da9254,jASON,BBeeccker,jason.becker645@yahoo.com,463.111.6240,F,1984-10-15,2014-03-13,6790 Scott Shoals Suite 250,Michelechester,Georgia,Holy See (Vatican City State),069f3f96-48f7-4a6f-95b9-45c26364d76e,referral
b9b13df8-36e6-4e40-a129-35cacc295bf3,Ryan,Hanson,ryan.hanson899@gmail.com,626-404-2010,M,2001-03-23,2022-12-29,34931 Robert Locks Apt. 540,North Wendy,Delaware,Zimbabwe,ff6a37d5-0c22-4428-8c01-31eb5aeb8027,web
8c733516-b827-481d-84a6-c59f8e70143e,Kenneth,Brown,kenneth.brown067@gmail.com,378-704-6513,M,1959-06-18,2018-07-11,86747 Jennifer Fort,Courtneymouth,Maine,Guam,30f13ea9-1f7c-46d2-8e6b-b1964e8b7b1e,web
499e4076-8fe4-4f0a-b5e8-19df68679ecd,Samantha ,castillo,samantha.castillo492@gmail.com,8521321028,F,1961-09-29,2015-06-05,531 Anthony Divide Suite 485,New Melissabury,Oregon,Libyan Arab Jamahiriya,3e1ebffa-de90-4f59-943f-b144097bb505,web
bf2d0191-200c-47a1-b71c-e50204edc39e,Jessica,Baker,jessica.baker998@hotmail.com,(398)558-5795x53928,M,1978-05-07,2021-01-22,1277 Miranda Stream Suite 375,Leeton,Maryland,Bahamas,8a241740-f2c2-4ba5-ba9b-3b342225c8f3,web
d6ff67df-a538-413d-b93d-c81ade816847,Joseph,Miller,joseph.miller504@gmail.com,913-688-0920x8217,M,1979-07-31,2018-03-02,6157 Arnold Common Suite 324,Andrewsland,Nevada,Northern Mariana Islands,4dd29663-19d2-44bf-8474-8934a3278c8b,web
4f5d4eb8-b9af-4911-8fee-4d787bb0666c,nathan,gillespie,nathan.gillespie271@hotmail.com,714.374.8236,M,2006-07-24,2019-01-25,848 Cline Spurs,New Kristina,Arkansas,Brunei Darussalam,516bd175-aa37-4fc9-9153-2307c22fc523,app
786d5d6b-e765-4dac-9907-e6927b150ed9,Jeffrey,Lopez,jeffrey.lopez699@gmail.com,386.725.9579x0469,M,1983-08-16,2019-10-16,39688 Mosley Ports Apt. 493,South Wandahaven,Michigan,Tonga,c34b17e4-e91e-403e-9097-145a9ee58f20,referral
499d63f7-e733-44dd-a38d-59b43271a767, Roger,Tayl6or,roger.taylor294@hotmail.com,(292)856-3440,M,1999-09-26,2021-01-26,1159 Shaw Pass,South Phillip,North Carolina,Chile,216b41ce-2949-41bb-a2c7-00571838e305,referral
3a7d7058-57f5-492c-ba29-e760203e7126,Mary,Bates,mary.bates023@gmail.com,558-750-0226,M,2004-06-07,2015-10-12,0355 Stephen Trafficway,Staceychester,North Dakota,Argentina,07a79e2b-720c-4e4e-b460-0b223a3524fa,referral
1595a604-0a11-4f54-a405-1d2d14f57bc1,AUSTIN,Wilson@,austin.wilson669@hotmail.com,+1-553-048-8172x11472,F,1984-08-14,2024-02-02,422 Matthew Highway,Schmidtland,New Hampshire,Norway,b752a5ec-9f05-4217-89ce-1303e34c0374,referral
4d3f3b92-776c-4b2a-8819-4a118ec45ea5,Christopher,Dunlap,christopher.dunlap824@yahoo.com,990.170.9698x501,F,1988-02-08,2019-06-13,453 Willis Villages Apt. 217,Kathleenshire,South Dakota,United States Virgin Islands,03f7e8e9-0bb4-4529-8463-76ffe44a05aa,web
01d4f9b1-0af2-4bf6-bb51-72898ccd85b0,Luis,Perry,luis.perry843@hotmail.com,(362)706-2108x075,F,1982-10-01,2024-01-30,914 Banks Rue,Taylorborough,Washington,Sudan,f214b188-aecd-4c33-9eed-47fa94338aec,app
f6b91410-1c59-434b-92e8-6758da6701d5,christine,mORROW,christine.morrow147@hotmail.com,(255)235-6985x396,F,1990-11-24,2017-04-01,700 Rodriguez Islands,Lisabury,North Carolina,Cocos (Keeling) Islands,561b357f-7a35-4cd2-ae12-fa1c9bb46324,referral
582eeac4-79ca-4fb8-a921-e8c74e746563,Kathryn,Schmidt,dawn.patterson284@hotmail.com,+1-748-171-8927,M,1992-03-10,2018-10-14,05440 Phillips Motorway,Coxland,Maryland,Denmark,a58f6320-25dc-4260-880f-1a46c9c902ae,referral
dcf4d57f-1313-4f74-9f1e-2c538fef0471,Robert,Obrien,robert.obrien938@hotmail.com,+1-794-930-7550x25990,O,1959-03-19,2020-10-07,0848 Marisa Mountain Suite 272,West Angela,Iowa,Uruguay,d60c90b3-ecd6-4c56-9a1f-ab7c0952fe12,app
3f2f7c16-fd2e-4d0d-9e3d-6c3fb890cefe,Juan,Velasquez,juan.velasquez524@gmail.com,608-060-6780x790,M,1967-11-24,2015-07-20,26145 Arthur Stravenue Suite 703,Lake Royshire,Louisiana,Papua New Guinea,3e7d139a-abf1-464a-a744-8bb2d1941c67,referral
7a4c5813-7075-49f0-a9b6-77e0bc2bfa53,Denise!,Mullins!,denise.mullins800@yahoo.com,001-681-878-5554x385,F,1964-06-10,2024-01-28,963 Pamela Ranch,South Seanton,California,Djibouti,f7d49d7c-7838-4730-b385-28659c906120,referral
a7696c15-38ff-475d-8e3b-63c8c288f0cc,Clifford,Conner,clifford.conner020@hotmail.com,703.737.9066x47062,F,1968-06-05,2014-03-16,91423 Richard Branch Apt. 837,Devinbury,Ohio,Italy,4658985b-f0d0-42e7-a24f-29a03eea973f,web
53f9026e-b0ff-46e0-89ac-191563a64b58,Kayla,Zavala,kayla.zavala022@hotmail.com,317.293.1296x5965,F,1961-12-15,2015-07-16,981 Smith Extensions,Port Misty,Tennessee,South Africa,d0cbe615-2960-44f5-86d6-3d9e2209ac56,app
d4348d5b-b5c0-403e-a1ab-fa3c808ecb95,NNiiccholas,Smith ,nicholas.smith951@gmail.com,(150)600-1441x1366,M,2000-12-20,2019-03-15,39376 Mark Creek Suite 348,New Benjaminchester,Maine,Belgium,269eb970-abbf-4c05-aa1c-e54493b7dda0,web
00fafa09-6f60-4a3f-91a3-3025734132ce,Christine,Stephens,christine.stephens279@gmail.com,018-551-4423x42420,M,1957-10-17,2025-02-12,009 Thompson Causeway,Port Christopher,Virginia,Georgia,aeaceb2b-c801-42ec-9a52-561356c5a1c3,web
8b7083c9-da0b-41dc-86b0-7cdec63c0065,Matthew ,MARTIN,matthew.martin665@yahoo.com,351.417.5965,O,1968-06-24,2023-02-01,24253 Herring Flat,Gonzalezville,Missouri,Suriname,4bd1623a-3168-4045-afd2-fd2c7a5e0d32,referral
df2a6b56-7827-42c3-a959-d930be67eebd,Cameron,Sanchez,cameron.sanchez055@yahoo.com,001-780-530-1946,M,1965-04-21,2014-02-16,237 Zachary Groves Suite 807,Matthewfurt,New Jersey,United Kingdom,18cba32b-b7ce-49be-9fcb-9f91d9c84104,referral
c7b70149-25cd-4b51-a05c-f6749f3d5d32, Bryan,Mart7inez,bryan.martinez941@hotmail.com,566-650-8556x07764,M,1960-02-13,2023-02-11,8192 Matthew Row,North Kaylaland,Montana,Saint Barthelemy,39ca2ac2-abdb-4c4d-81aa-5f5ea318d271,app
9c5794f2-aa99-4d39-a159-3a0de593f01c,Heather,Thompson,heather.thompson206@hotmail.com,(102)542-0856,M,2006-02-07,2024-07-04,2168 Ferguson Junctions Apt. 595,Nancyton,West Virginia,Brunei Darussalam,afc07433-0011-4c71-8a7e-cd829ee3f183,app
6ef42258-7938-4211-98cc-5774bdffd75b,Jason,Huang,jason.huang933@hotmail.com,(577)979-3048x08785,M,1963-08-05,2016-09-26,8847 Love Union,New Edgar,Texas,Burundi,2f8de5ae-e5ef-4db7-ab4e-d9d1bbf74ecf,app
ed31e195-43b3-43db-bc3c-6df53c209ff7,Justin,Garcia,justin.garcia003@hotmail.com,5287275934,F,1968-12-31,2021-11-07,632 Beverly Gateway,South Thomasstad,Vermont,Kazakhstan,0fb0b081-ef29-4b6b-b268-b2ac9b7cff00,app
29440a50-97c0-41ee-91a0-1c7200a2ac94,John,Stewart,john.stewart255@gmail.com,6105771913,F,1957-03-08,2016-09-20,820 Cameron Motorway Suite 344,Yustad,Kentucky,British Indian Ocean Territory (Chagos Archipelago),df237b7f-aadc-4e28-afa4-25dcc57f0b2a,app
b06ff84e-3a74-4996-8323-e9ebc2273e48, Brian,tORRES,brian.torres503@yahoo.com,763-421-5907,F,1972-06-15,2021-06-09,9667 Butler Curve Suite 612,North Kellyshire,Idaho,Algeria,b0d6653f-6361-427d-87b3-51ac1de65396,web
977a1f54-c82b-42ad-87d3-fa383e17ce63,David,Mcmahon,david.mcmahon960@gmail.com,(416)321-3395,M,1994-11-24,2023-04-28,9531 Bryan Green,Port Alan,Georgia,Cote d'Ivoire,882aa5fe-f81a-44df-b908-ec9504a01124,web
a59c953e-11f3-444d-a991-5c8219307f14,Daniel,Bishop,daniel.bishop342@yahoo.com,(213)928-7234x3832,F,1980-12-22,2016-03-30,243 Janet Hills Apt. 905,Lake Heathershire,Ohio,Libyan Arab Jamahiriya,eee90259-6af3-43d5-b155-8346ce75eedb,app
55983996-953c-4623-8c13-accf0c4e9e3a,Paula,Smith,paula.smith217@gmail.com,(431)141-5416x9179,F,1967-12-06,2020-04-14,1032 Hull Drive Apt. 695,Andrewsshire,Connecticut,Papua New Guinea,4c8b6288-60bb-41ca-9b63-25ae53eb2011,web
ab05157f-1d62-435c-a474-c0a50798b3ef,JJeesssica,Anderson ,jessica.anderson867@hotmail.com,528-399-0389x82985,M,1974-06-21,2015-08-05,75447 Jessica Underpass Suite 673,Williamtown,New Jersey,Pitcairn Islands,402314e6-38f3-45e1-9f89-4b6100ddb108,referral
c2448716-d309-43db-aca3-b3b4db510c46,R5obert,odonnell,robert.odonnell240@hotmail.com,846-662-5306x47562,F,1980-09-06,2015-04-10,52607 Gonzalez Ville,West Hector,Texas,Seychelles,e088ec5a-6d50-4b87-82ee-443f7b301ffe,web
9e22b517-a832-4a5d-b0df-9e3abd7c93de,Jacqueline,Chandler,jacqueline.chandler045@yahoo.com,(971)553-4249x49578,M,1995-11-12,2025-06-30,125 Robinson Villages,Timothymouth,Nevada,Japan,90e7f8c1-f18c-4665-a05b-5433524cf28e,app
977fc1d2-777e-40e7-8a97-dee99d407284,Tim,Burns,tim.burns582@gmail.com,843.472.7012x755,F,2007-08-28,2024-01-28,42510 Garcia Spring,Port Sheenabury,Hawaii,Botswana,5a69ec35-565e-4248-bd45-00b54a793f9e,app
e8b89bcf-1dff-4fd0-a90e-09154aca657a,Steven,Carroll,steven.carroll324@gmail.com,(054)282-2167x800,M,1959-03-09,2016-04-08,4974 Brooks Squares Apt. 672,Chelseafort,Alaska,Saint Lucia,b529e564-b308-4fef-8278-64558a5e7543,web
ca424b85-4bb5-4f38-b1d8-724469e31725,Michael,Morris,shared1202@yahoo.com,672.737.1805x70764,M,1979-09-11,2021-08-20,96349 Andrew Avenue,West Nicholas,Nevada,Puerto Rico,b68a9fc9-2a89-461c-a809-d74517070d6e,app
8b0ac3c6-a9f4-44d1-addd-617a2bb545d7,Jodi,Davis,jodi.davis458@gmail.com,0281680894,M,1956-12-18,2024-01-02,862 Weaver Forks,South Albertfurt,Pennsylvania,Guadeloupe,39a3f6a0-7068-4737-be06-c72987b56d1d,app
d41a6262-9aff-4d4d-bb8c-820525747e8a,Walter ,LLaarra,walter.lara468@hotmail.com,882-169-6291x6117,F,1982-11-18,2015-09-18,50173 Harris Trail Suite 643,South Michaelside,Massachusetts,Lithuania,1fa9c192-b6b0-478a-a8d2-6ee8fce7e9ca,web
a2c0f32e-3d8d-4087-9c4e-a8da5b1ec991,dOUGLAS,Perry*,douglas.perry017@hotmail.com,209-657-2954,F,1972-04-07,2024-04-18,5525 Jeremy Loaf Apt. 779,New Tracy,South Carolina,Malawi,3e51299a-75e5-443e-be67-1764592ac5c3,web
fab1e44d-3f7b-45cd-b3df-f1e87199be09,KKyylle,mILES,kyle.miles153@hotmail.com,953-465-5981,M,1995-01-23,2018-10-16,12058 Brian Lock Suite 074,West Sarah,Massachusetts,Senegal,0019d376-721d-44cf-8e72-dad0879fe799,referral
1ca4f97e-eb77-443f-b06e-d4166e32db81,Edward*,DDaanniel,,286.020.2940x99450,F,1983-02-13,2014-11-04,0885 Susan Court Apt. 678,New Angela,Michigan,Mayotte,89c0daab-8b12-48ae-9cee-1332ee86df17,web
44d983f6-1227-463b-9a74-2107aced1482,tYLER,VILLANUEVA,tyler.villanueva134@hotmail.com,835.486.7529x5538,F,1968-05-14,2021-02-23,36639 Scott Mountains,South Jenniferfurt,West Virginia,Palestinian Territory,e027fcbe-c824-45d9-97fc-0c49d634e77b,referral
36b0f3ac-7d49-4ca5-83cd-7b2b3a4110c1,Jesse,Owens,jesse.owens702@gmail.com,+1-414-884-0588x06117,F,1979-11-25,2018-06-09,3332 Olson Coves Suite 854,West Donna,Alabama,Cayman Islands,68238425-8cca-4b06-92b5-5da0b428959c,app
6ebcb46e-e7f6-4d1e-98f7-e7c99b778a41,Lori,Williams,lori.williams801@yahoo.com,(554)729-5832x41112,M,1969-10-08,2019-10-20,882 Marsh Wall,Birdmouth,New Jersey,Hong Kong,dc17f62b-85e7-461b-a647-b0c99e7ba768,web
1f798985-e666-4faf-84a9-e9c513dd9bb3,Alexander,Cannon,alexander.cannon053@yahoo.com,(336)468-2835,O,1974-04-30,2024-11-21,292 Savannah Pike,Lake Michelle,South Carolina,Brunei Darussalam,a4afd3d9-6dda-4e3b-aa5a-a1b8ccf7034e,web
4b15e8a8-e84d-45da-b52c-5b80e0b3d728,Tracy,White,tracy.white608@yahoo.com,(192)645-1533x808,F,1986-09-08,2024-08-08,68399 Casey Fields,North Deanna,Alabama,France,642886ec-dd0c-44da-aca5-ac8a32f8f27c,web
aabf6601-1ddd-4ea1-bc8f-1689a2ce6759,Tracy,Alvarado,tracy.alvarado950@gmail.com,+1-431-892-4747x16989,M,1978-10-14,2021-09-22,2440 Roberts Cape Apt. 053,North Nicholas,Idaho,Senegal,613c8509-b115-4767-9732-64265fea149b,app
1f6421fe-8804-4614-a3a8-0f70dcc83f5a,Lindsey ,Philli8ps,lindsey.phillips077@gmail.com,001-269-335-1720x41805,F,1970-10-11,2023-11-19,24466 Huffman Estates Suite 875,West Kevin,Kansas,Eritrea,a14f8062-6346-43e1-ad0d-02be9739d7a8,app
ef21c862-9997-4889-b718-117527ba4c42,John,Martin,john.martin468@hotmail.com,001-982-573-8587x0008,F,1980-11-06,2014-09-23,373 Martin Throughway Suite 576,Johnberg,Vermont,Senegal,af1c56fc-ca8b-4605-bfc3-ef179cf43925,app
63da8cfa-6d52-498f-ae82-c95b5f23adb0,James,Ross,james.ross180@yahoo.com,104.706.5287,M,1983-12-13,2015-10-11,5107 James Plaza,Anthonyview,Minnesota,South Georgia and the South Sandwich Islands,858e00a7-4c37-4d59-9895-90e9e76142a5,app
2a8d7310-7709-4b8e-b6cd-4e2b53abc295,Adrienne,Watson,adrienne.watson044@yahoo.com,896.284.1312,M,2003-08-31,2017-06-12,7448 Allison Key Apt. 783,Rojasville,Washington,Azerbaijan,73dfbf61-a884-41ea-8a1a-ad3b4f89c8d1,app
0261ca6d-1cce-46ce-b7bd-199d2a40bd40,Wanda,Pacheco,wanda.pacheco887@gmail.com,+1-626-285-4188x0598,M,1985-01-14,2016-12-09,49136 Thomas Glen,Warnershire,Connecticut,Grenada,3ad887ac-c081-4931-857d-252b359f5bb3,referral
fb1abc9c-60b6-41f5-aded-da89432ea587,Mary,Phillips,mary.phillips573@gmail.com,852-068-4331x3430,M,1995-05-25,2021-06-14,4785 Valdez Drives Suite 271,South Scottside,Georgia,Palestinian Territory,fabdc8f5-dea5-46d7-bcdb-5bf9fb8ffb0d,referral
2bce2b50-6ac8-4dec-8cd8-c4f4f07af061,Dylan!,CCoofffey,dylan.coffey213@gmail.com,860-822-9372,M,1974-04-21,2015-08-31,5883 Wesley Pike Suite 376,Lake Dannyburgh,New Hampshire,Turkey,475f3af4-1d99-4204-968f-b553d7959b72,referral
ada171fe-6af4-465a-9ea6-f35e6b28121b,Shelby,Martin,shelby.martin743@yahoo.com,+1-644-415-8939,M,2003-01-21,2018-07-28,5205 Jacqueline Key,Lake Alex,Wisconsin,Swaziland,e1e064d9-01df-49dc-b71a-cfbc94b220bc,app
bdfbf53d-3a41-4988-b991-f28d005ca703,Misty,Lozano,misty.lozano142@gmail.com,(879)221-2216,M,1976-04-09,2019-03-04,5988 Sanchez Station Apt. 666,Jasonmouth,Louisiana,Morocco,318d5c00-7a3d-4dd9-b3a4-1770e516e218,app
d2d56c9b-2280-4652-a265-debb90ca4b6f,Tina,Smith,tina.smith729@hotmail.com,+1-462-975-9801x745,F,2007-01-16,2023-03-06,02687 Wilson Freeway,Fuentesfurt,Florida,Cote d'Ivoire,ae0d296e-511f-4f48-99b3-7afd95a00166,referral
78fba175-b7bc-4990-be8c-5b29be4107f7,Scott,Woods,scott.woods342@yahoo.com,+1-912-734-8012x8869,F,1955-05-29,2021-06-01,697 Reid Run,East Alicia,Nevada,Djibouti,50099bc4-a489-495c-95ab-88cd8ca6ebe7,referral
044a77ea-57f9-47a4-a7de-5b7b6a1887c1, Preston,Joh1nson,shared1097@yahoo.com,(037)097-5349x67602,O,1967-06-10,2016-03-03,37670 Simon Motorway Apt. 232,New Donnaport,Georgia,Cuba,54028ea7-3f16-4c3d-b4ce-6b1c6edbdb00,referral
f9b8fa4a-aba8-4e4a-9d8b-37ce7c2197bc,Christy,Martinez,andrea.ochoa895@gmail.com,985.565.5722,O,1970-05-03,2014-12-04,65226 MARY DRIVE,Velazquezmouth,Ohio,Congo,9a017a61-a399-4d76-8858-ed9c4511fa1e,app
cf560bad-e204-448e-a640-0ad87511c68f,Gregory,Cooper,gregory.cooper747@yahoo.com,0883468054,F,1958-08-09,2023-07-02,3343 Eric Forest Suite 477,West Benjamin,North Dakota,Philippines,9635c778-ff56-46a6-a93f-7f3e98ec7828,app
7f830759-ff13-4bd9-b8b4-c4d53b0f235d,jEFFERY,Bond@,jeffery.bond425@hotmail.com,(174)976-6954x37104,M,1992-09-28,2020-10-30,311 Williams Route Suite 528,Lake Brandon,Utah,Senegal,73482abd-d016-4e5a-941a-3f15d7d82329,referral
85042399-fa09-4a9d-8f41-b46f2597bd1c,Douglas,Cook,douglas.cook720@hotmail.com,934-834-6784x5022,F,1986-09-08,2022-04-13,350 Rachael Walk Apt. 073,Davidport,Indiana,French Polynesia,570f9c96-8aa8-41eb-ba4e-7b1b4a73f12c,web
9b75d828-f1f8-4552-855f-f8e70fdf902b,CODY,Estrada ,cody.estrada370@hotmail.com,+1-789-456-6188x706,F,1967-03-07,2020-03-13,64328 Waters Rapid Suite 689,Jacobbury,New York,Nigeria,921747c9-1e50-48dd-91e7-d47b4a454962,web
9d6ade61-6fb1-48d0-8186-8ba5aef927c8, Robert,CChhaang,robert.chang430@gmail.com,530.777.1703x6126,F,1999-11-16,2018-10-07,64837 Knox Mills Suite 065,Watersburgh,South Dakota,Antigua and Barbuda,a79a351f-2a27-4422-b075-4a4599216b80,app
ee332a4c-0d3f-446b-8970-eaf13bae2f93,Brandon,Jennings,,001-858-524-3284x4692,F,2003-04-09,2019-08-17,60316 Burns Way Apt. 846,Curtisfurt,Michigan,Gabon,578e39e1-05ac-4e67-8ab4-b4b7528d5d79,referral
13df571f-e267-4586-8e7d-8a8de78d887b,Rebecca,Johnson,rebecca.johnson660@hotmail.com,9234304949,M,2003-11-22,2023-11-04,7138 Lopez Trafficway Suite 423,Lake Manuel,Florida,French Southern Territories,33bce961-b834-4f5d-a10f-a7f6540bd192,referral
c534fb8b-d99a-444c-943b-1ec88d67be00,Kimberly ,Cox!,kimberly.cox676@yahoo.com,087-265-6604,F,2005-07-04,2015-05-22,442 Katrina Drives,North Andrea,Minnesota,Svalbard & Jan Mayen Islands,bc7bf030-33da-4093-93d8-404ab675f0ef,web
1f40d230-b493-4f32-bb50-132913357722,Tammy,Marshall,tammy.marshall150@yahoo.com,500.653.9549,F,1970-08-16,2020-02-07,308 Jesse Rest,Escobarchester,New York,Burkina Faso,6e0920ff-9375-4d62-bb82-2929576de014,referral
e86bef28-8d42-4fe6-957f-61d5e6fb7813,Christopher,Smith,christopher.smith386@hotmail.com,+1-799-296-4111x99154,F,1984-10-13,2021-07-01,6884 Natasha Harbors Suite 305,Morenofurt,Texas,Cameroon,5f0e1677-fb70-46d0-9a38-7bf75aa9be5b,app
ed03ced8-a9aa-4cd4-a3c8-b88b7ed2240a,Lori,Phillips,lori.phillips700@gmail.com,606.197.9357,M,1972-09-21,2015-02-17,33518 Parker Inlet Apt. 744,West Christopherport,Rhode Island,Bolivia,66b3a87a-f160-4392-8c08-b36fdbb0a937,app
e4836f35-ac53-4635-945d-a75314806a08,Steven,Wilkerson,shared1634@yahoo.com,+1-606-485-9324x37037,O,2002-06-30,2023-07-02,54367 Willie Grove Apt. 852,East Jeffreyport,Indiana,Micronesia,7b1e983f-689a-45df-aa0f-35530e6820a1,web
872a459a-79a0-454a-ab6f-11b58cee69de,Marcus,Green,marcus.green333@gmail.com,001-180-831-3666x16489,F,1980-01-27,2019-12-24,82341 Bates Islands,Georgemouth,Delaware,Maldives,01d464f7-b2f7-4f13-b071-18603ced4bac,web
a7a01707-84dc-42a4-9961-0640bc01e558,Douglas,Ramirez,douglas.ramirez722@yahoo.com,+1-126-939-4065x97651,M,1989-02-02,2020-01-17,169 Jose Lodge,West Dianaberg,Montana,Seychelles,ae02b167-606b-4248-ad44-78350dd7000e,app
08989252-01bd-4d64-bb0f-f94aa4ce3815,MMiicchael,sAVAGE,michael.savage819@yahoo.com,001-480-106-6859x1865,F,1984-01-25,2018-06-09,0570 Callahan Cape,Delgadoshire,Rhode Island,Guyana,1c200fa6-28d2-4955-b9e4-da3949a9e914,referral
e92ca9a3-0ec7-4ffa-bf77-8aad491c58fb,George,Allen,george.allen250@yahoo.com,(061)698-7266,O,1996-04-10,2014-03-13,528 Christine Ridges,North Robert,New Mexico,Spain,efc2b98a-c91d-4d2c-bbd4-14554ed0ce91,web
6adeb1c5-a086-463a-a291-796f6d1b2208,Shannon,Lee,shannon.lee002@gmail.com,(587)335-4332,M,1997-12-25,2022-12-21,651 Myers Corner Apt. 711,North Ashleyhaven,Massachusetts,Turkey,c341bce7-a49b-4e39-9b09-04d637cd775f,referral
f8ff82a9-bd8e-4ed7-9421-b57fe56c8e9b,Alan,Jensen,alan.jensen572@hotmail.com,848.779.4674x12994,F,1969-09-28,2023-04-14,895 Jason Cliffs Apt. 024,Aprilland,Nebraska,Norway,e7aea76c-150e-4400-a291-dda4e2330c20,web
87e79e5f-6a4c-46a1-ab1e-57ba865ea1ed,Madison,Briggs,madison.briggs602@gmail.com,001-572-548-7027x976,M,1965-08-11,2014-11-12,75537 Jeffrey Landing Suite 594,Scottshire,Delaware,Macao,7015e821-a2c3-452c-8481-d2e338638a44,app
fb458935-2431-4665-bfaf-2520940693a2,James,Smith,james.smith307@yahoo.com,676.777.0525,F,1987-08-02,2025-05-30,149 Anthony Isle Suite 322,Hicksfurt,Massachusetts,United States of America,d60b374c-6725-4daa-9660-ea5ef0770889,referral
ad5854b2-b08a-41e5-afca-98121927e22c,Jason,Pace,jason.pace492@gmail.com,2932338724,M,1975-08-11,2019-02-24,676 Ramirez Rest,Ryanfurt,Kentucky,Vanuatu,f63827b9-683c-4253-abb1-f2c01e9e2053,app
b3af2163-1288-4b16-94ce-f334b5d274ac,Nicole,Gilbert,nicole.gilbert645@hotmail.com,812-548-1054x712,M,2006-08-21,2015-07-25,202 Amanda Route Suite 617,East Taylormouth,Kentucky,Bosnia and Herzegovina,87eba144-5494-4335-8e55-5ee602d9aa18,web
badc0144-e3ca-4305-86a0-f1a1e6d85881,lisa,MILLS,lisa.mills078@yahoo.com,(122)153-5902,M,1997-02-05,2020-08-12,3902 Mack Village Suite 559,North Lisa,Washington,Somalia,46d72c6b-65d0-496a-974a-7b176341fef4,web
2c452321-3fbc-4dee-ba5a-3a9ae4a6bc1a,Reginald,Brown,reginald.brown139@hotmail.com,873.318.5412,M,1970-05-21,2018-12-17,4430 John Ways Apt. 094,New Lori,North Carolina,Austria,7e36a768-6357-4763-a082-3b2708859b86,app
69d125cc-4032-4943-abac-b30afe4813fa,Alex,Perez,alex.perez665@hotmail.com,001-152-238-1496x02701,M,1989-06-18,2022-07-07,08502 Patricia Lock Suite 432,Sherryfort,Connecticut,Cuba,62228c13-1a3f-416f-9359-d47074e404eb,web
6e12b830-b920-49e4-a503-adcf6e4d57fa,Jeremiah,Miller,jeremiah.miller889@yahoo.com,490-969-3174,M,1993-05-25,2023-05-02,4919 Johnson Squares,West Stephanieborough,Hawaii,Tonga,120cdd2b-d0f5-4392-8312-1f596ce56d9a,app
418900a6-3348-4194-81fe-4db14a4d16b0,Kevin,Anderson,kevin.anderson481@hotmail.com,001-872-412-3152,F,1992-02-11,2016-12-14,545 James Dale,West Cherylview,Illinois,Comoros,9aaec221-55ee-4ec0-b914-3c51ea8b2d2f,web
2b936ec4-79ec-4590-ac0e-63f91d1993d6,Todd,King,todd.king245@yahoo.com,622-449-7192x3935,F,1990-02-16,2015-05-01,613 Flores Isle,Lindseyhaven,Colorado,Sao Tome and Principe,795b65fc-7228-4e03-9fb8-f85c0b340eea,app
de94bbde-d28b-442e-9ba7-244910357e13,Elizabeth,Burton,elizabeth.burton227@gmail.com,667-175-8472x67912,F,1981-09-05,2021-06-13,6917 Martinez Dam Suite 011,Franklinmouth,Vermont,Trinidad and Tobago,323f4feb-6639-40c9-95ae-75db6ac5ea81,web
311534a9-0cda-4704-8059-3d7e9b92e631,Jason,Harris,jason.harris562@yahoo.com,+1-100-457-9928x80118,M,2006-07-30,2022-02-10,06874 Michael Terrace Apt. 656,East Judyfurt,Michigan,United States Virgin Islands,253b15ad-8308-4d42-ada5-f13c2bc82774,app
84a63b74-884c-40ba-ba57-a98270a5e57f,Joel,Ortiz,joel.ortiz910@yahoo.com,612-552-8926x57171,F,1999-01-14,2021-01-10,33703 Jonathon Unions,Millerchester,Vermont,Albania,ab2d0e4f-7c7f-449f-81b0-6734e852da9f,referral
a900e847-5979-4d8d-bae7-71f0639979a8,David,Rogers,patrick.herrera427@gmail.com,(083)885-3037x9746,O,2003-06-30,2017-04-22,877 OMAR PORT SUITE 748,Rogerside,Iowa,Switzerland,b2b5a5b0-4f2b-47cd-b4c2-699c36d366a0,referral
96af6666-4089-48c9-9224-83a3f8182605,Ryan@,Rubio ,ryan.rubio219@gmail.com,683-001-2645x190,M,1963-08-01,2017-11-05,62898 Joshua Green Apt. 058,Baileyfort,Oregon,Qatar,255b7d7d-a41a-4bed-87e5-c16b094177f0,referral
f7cb1e83-7b42-41dc-a97e-d3b5db78bac5,Fe4rnando,Cross@,fernando.cross896@yahoo.com,011.198.7637x340,M,1979-11-27,2019-08-24,8796 Lee Rest,Nicolemouth,Ohio,Congo,f3b652e3-6365-4d5a-bc81-5f3389b3d8c1,referral
9e5c09be-091a-408e-a843-8a599c430a6d,Christine!,GARRISON,christine.garrison505@gmail.com,413-003-7563,M,1982-03-13,2017-03-07,784 Rivera Centers Apt. 347,Williamstown,New York,Gibraltar,c6c40be5-63a5-425e-b53b-d085535ac1ba,referral
7dbc4c01-aafa-4752-b279-9dd95e21efcb,JJoosseph,Sm0ith,joseph.smith630@hotmail.com,+1-424-720-4188x0219,F,2005-11-10,2023-02-14,166 Dennis Walks,Amandamouth,North Carolina,Lithuania,059fcd93-19c4-4e0f-9191-962e63721b2b,app
09857f5c-23d3-43bf-b570-de4ac7c2cee9,MICHELLE,QQuuiinn,michelle.quinn838@yahoo.com,001-543-774-2412x8700,F,1991-04-18,2019-01-18,7322 Lindsey Island,Louishaven,Missouri,Malaysia,2ae5965e-7eab-46aa-81a7-c2e69f983bd9,referral
4de7396b-eccd-41b8-86d4-916a36a74acb,Laura,Sharp,laura.sharp339@yahoo.com,001-493-387-9849x10813,F,1975-10-10,2024-03-01,4664 Moses Pass,Fitzpatrickstad,Indiana,Nepal,bac2366c-d493-457e-88e6-fde95e6a300a,app
e76d0ca4-e1c8-4632-b3b9-30f62d61ed3d,Emily,King,emily.king404@hotmail.com,3030819413,M,1961-07-16,2015-04-27,809 Bradley Mountains,North Kimberlyton,New Jersey,Qatar,50faeb60-a859-4943-a328-1f44df1287c8,referral
2bad65d6-e53d-4946-a243-820b11529a76,Amanda,Barnes,amanda.barnes402@hotmail.com,+1-777-619-1740x5845,M,1962-10-26,2020-01-16,77293 Terri Square Apt. 833,East Marissashire,Missouri,Trinidad and Tobago,08f81981-5b4d-407b-b8f1-fedaf9cf582d,web
8daeb018-afec-41ea-a93f-15caf8f7b5dd,Mich2ael,tOWNSEND,michael.townsend459@hotmail.com,7914708997,F,1963-03-21,2016-12-24,55170 Aguilar Islands,North Nicoleview,Iowa,United Kingdom,29b235cd-c33f-490b-9a06-67f64abd9e73,web
151b1590-6474-4888-b1ec-31a172c35ddf,Raymond,Cooper,raymond.cooper880@yahoo.com,456-757-6968,M,1995-12-06,2024-10-12,9952 Sarah Points Suite 267,Juarezchester,Tennessee,San Marino,9af4604c-a1a1-4e66-9d1f-6a8c5763b731,web
c2c2e369-97e2-4030-90ce-e735705f0d91,BBrraad,BECK,shared1185@yahoo.com,(678)421-2523x1961,F,1966-11-24,2017-11-09,9667 Scott View,New Megan,Indiana,French Guiana,ad61ad89-a6cc-4a9f-9081-e000a6cad54e,web
52ea1869-0509-4cba-bada-7e6e226d4e15,Patricia,Green,patricia.green971@gmail.com,096.118.1519x361,F,1990-11-08,2019-11-22,4580 Thompson Glens,New Jon,Wisconsin,Belgium,596db2dc-f47d-4ad8-a5f0-452331e289ee,app
e9f2e400-4988-4e70-a0ba-72bddf872771,Eric,York,eric.york176@yahoo.com,(516)813-7816,F,1958-04-10,2018-10-22,2358 Elizabeth Garden Apt. 804,Port Jennifershire,New Mexico,Uruguay,950d02dd-6e2e-45f0-92dd-0cb1c1e633d6,app
920543d9-a9fa-4eae-b5e3-31ba34e6ad09,Anthony!,Hammo7nd,anthony.hammond100@gmail.com,(002)652-9322,M,1985-04-21,2023-09-02,24963 Knight Spring,Espinozaville,Colorado,Chad,b080d926-4682-466d-8d84-6dd08c2285a0,app
44bf8b84-402b-4e2b-9f47-b03c2c29cd54,Kevin ,Stewart!,phillip.buchanan283@yahoo.com,083.070.1147x81615,F,1969-03-11,2025-03-13,992 CERVANTES FORT SUITE 026,East Marvin,West Virginia,Jordan,c1af8f3a-81e1-42a6-aefb-b906f4cb5650,referral
ce6d8f49-8844-47ca-b673-1d04ad266e34,Michael,Gonzales,michael.gonzales192@yahoo.com,667.876.3604x61787,M,2004-01-14,2022-01-23,890 Barber Walks Suite 386,West Jackmouth,New Jersey,Cambodia,0fdf676a-0fb3-4f76-bf7b-1cc969daeb76,web
bc2210ea-e7f6-4ecd-973c-d02fb095d579, Adam, Harris,adam.harris559@hotmail.com,001-530-325-0017x07323,M,1961-03-20,2019-05-11,189 Roberts Glen Suite 567,Watkinsville,New Hampshire,New Caledonia,7685f5d0-4a32-4504-a183-57155c1b828d,referral
420c572f-16da-4bc9-8903-06eac7b6db6f,John,Bradshaw,john.bradshaw188@hotmail.com,210-201-6424,M,1995-08-13,2024-06-03,2151 Cook Well,Claytontown,Washington,Uzbekistan,5f770cb2-d48e-4960-a46e-bfe87d8f53f7,app
876735fb-7435-4cd8-9fec-d2b78de8783e,Robert,King,robert.king059@yahoo.com,001-277-042-5391x20895,F,2003-04-22,2025-06-26,4906 Romero Ramp Suite 984,Curtisview,Washington,Guatemala,336255cb-68dc-4efc-8381-1241a420a8c2,web
bb9b21b1-e7ab-4cef-8ee0-18283dfdc8a7,Robert,Anderson,joshua.hutchinson983@hotmail.com,(605)691-5729x4668,F,1986-11-02,2021-12-22,39702 Moss Fords Suite 064,Port Evanburgh,California,Bolivia,769b217d-5fa8-4fc7-b7b9-54e630c92ff7;04b638c8-9c68-4473-b25e-4cd17b657432,app
951b35b6-d874-4d4c-a1c8-56b58ffcf023,Carolyn,Manning,carolyn.manning037@gmail.com,551-864-4088,M,2001-10-26,2022-09-28,75060 Rodgers Passage,Port Lawrence,Colorado,Saint Helena,b956d10a-0f19-4ee8-b9c2-6d00413cf710,referral
95305015-80db-4f4b-92b1-72f8e5367e31,debra,carroll,debra.carroll028@gmail.com,565-806-6692,M,1955-08-18,2018-12-09,75946 David Extension,Mccallborough,Hawaii,Congo,1dbb92b4-6be4-440a-b298-cfa60ea2100a,referral
1cf8be60-e1c1-4416-8140-d8a13cb2c0fd,Christopher , Tucker,christopher.tucker797@gmail.com,573-355-7069x0876,M,1998-03-13,2015-08-03,867 Robin Skyway,Robynburgh,South Dakota,Cook Islands,5e479c65-3ca3-42d2-85f4-2fb867edef58,web
63f99460-a7c4-4f42-b940-d79612b5e321,Pamela,May,pamela.may907@yahoo.com,(483)773-1323x23595,M,1958-05-31,2020-12-21,27269 Penny Terrace Suite 241,Glennfurt,Idaho,Thailand,366f7aa1-30e2-4161-9c33-a8f04f2b25e9,app
3cff37b7-6c49-4f84-8d10-d1dc27b4ddff,Heather@,GGoorrdon,heather.gordon297@gmail.com,(531)596-8640x376,F,2000-02-01,2024-10-12,399 Carolyn Junction Suite 345,New Tammy,Georgia,New Zealand,cfdd1755-08f9-461d-8fa4-58dcee3f9f6b,web
d72e5a77-383a-43fd-9866-7308d21d5594,John,Turner,john.turner591@gmail.com,001-297-327-1913x962,F,1968-07-04,2021-03-18,2448 Alexander Mission Suite 725,East Robertside,New Hampshire,Comoros,e8564145-990c-48e2-ab11-f53b8f3b96e3,app
dfcf41ce-3877-42fe-b53a-ecc14aa199eb,Davi6d,HHaayyes,david.hayes549@yahoo.com,564.766.0235x1426,F,1995-06-16,2019-01-03,00430 Jones Meadow,Kellyfort,Oklahoma,American Samoa,3f6141a5-faf7-4c7d-9697-06cbf6b619d3,referral
115c3684-3799-4599-b5c4-95e7d228bc82,Dan,Medina,shared1640@hotmail.com,363-828-5917x68286,F,1985-09-03,2017-03-22,15829 Sanders Track Apt. 157,Kochbury,Alabama,Azerbaijan,b902972b-97c4-4311-96c7-b1455277ad88,web
016df5ac-951d-4e44-a53d-4ac1cf3051e8,Catherine,Gonzalez,catherine.gonzalez163@hotmail.com,(432)806-1353x59461,F,1968-01-08,2025-08-06,9610 Willie Forge,Espinozaberg,Missouri,United Kingdom,c72bf898-845f-487a-abcf-d533be6d64a4,referral
88a1b75f-85f7-4878-9c64-c276d3e5d634,Melissa ,Wo1ods,melissa.woods334@hotmail.com,6801545270,M,1999-06-16,2023-06-16,689 Lopez Shoal Suite 397,Crystalton,North Carolina,Yemen,c3bb82dc-147a-493b-ae46-b89c0425ba91,web
bad2c4fe-6dac-4dd1-b288-0ae656034178,Ashley,Jimenez,ashley.jimenez641@gmail.com,8981031875,F,1988-02-29,2017-10-27,882 Morris Unions Apt. 137,North Rodneyfurt,Texas,Serbia,3645de56-625f-4269-87ba-2ebe091acbec,referral
ce39c2cd-4293-488b-b857-e8ebb78a5cea,MMiissty,Dunlap ,misty.dunlap930@gmail.com,040-957-6503,F,1993-09-25,2017-01-13,921 Erik Lodge Suite 492,Ruizchester,Massachusetts,Costa Rica,3d2e66ee-84c7-40ca-bdce-325df1bf69f6,app
f6b6a376-fb2a-41a9-8c9e-688dcd11e7e8,Mark,Aguilar,mark.aguilar355@hotmail.com,+1-726-875-7660x95805,F,1959-07-23,2024-03-20,510 Ronald Forest Apt. 863,Mitchelltown,Rhode Island,Croatia,3fca338d-46f1-46c5-82e9-f75633d29f64,web
fdd4f3d0-09ad-403f-b593-7a5af357adcd,Brian,Snyder,brian.snyder207@yahoo.com,+1-129-727-0062x2310,M,1988-11-29,2018-11-17,819 Ashley Tunnel Suite 586,Francochester,Oregon,Mayotte,6a1ae311-f0cf-422f-b1c7-c683469d114b,app
dcc43fe8-086f-43a6-8280-e929010d4af8,FFrraank,larsen,frank.larsen587@hotmail.com,(579)178-9529x356,M,1997-01-03,2019-05-21,73350 Hobbs Hills,New Kimberlyhaven,Wyoming,Latvia,ea4393c3-1f97-4e3e-b338-35d83bdc30af,web
9eab1ce1-6973-495a-a75d-7340739c96c8,Jennifer,Mason,jennifer.mason209@gmail.com,+1-663-205-5582x69238,M,2004-05-18,2014-01-13,7287 Laura Club Apt. 611,New Ericaberg,Montana,Suriname,b7394ac8-7adb-4a6c-adb1-3adf75713458,referral
83e10974-3545-4609-b65c-8fe6e3b48e55,Katherine,Kelley,katherine.kelley533@yahoo.com,(099)294-6925x054,M,1955-02-06,2017-06-06,25596 Williams Island,East Melissa,Hawaii,Yemen,d2f4146c-743c-4587-a27a-031ce9fa1e75,web
5d85fb48-5a9e-4258-9e47-2be4807a606f,LISA,Guzman ,lisa.guzman389@gmail.com,721-261-3574,F,1967-09-30,2022-02-10,3754 Collins Wells Suite 506,North Alisonstad,Texas,Hong Kong,a570264b-0c0e-4189-abb3-d157f4b7d0b3,app
106f9d3f-5971-415a-bcf5-50bf428a9a78,Nicholas,King,,+1-555-847-6072x0561,O,1967-01-27,2016-08-03,157 Austin Greens,Lake Valerie,Pennsylvania,Bolivia,6f6f9678-efbd-41d3-9f58-d043ef9041c4,app
ee1daed7-2da1-4d47-aa89-c9964b77a7bf,James,Arnold,james.arnold488@yahoo.com,407-317-8758,M,1955-02-15,2025-07-30,992 Elaine Canyon Suite 366,North Kellyhaven,Mississippi,French Guiana,52ff8792-ad9b-4037-a782-16f1980f4fda,referral
5444ab9f-2bec-4c3e-b9ac-fa0a9e0923b1,Raymond,Cordova,raymond.cordova509@gmail.com,458-261-6918,M,1982-08-17,2022-07-20,2795 Max Manor Apt. 981,South Jefferyberg,South Carolina,Finland,f2439b36-7546-46af-a503-db78f39f619a,referral
d7695c79-2342-4fc4-b955-c0b877cf2887,dUSTIN,RRiilley,dustin.riley573@yahoo.com,106.524.8867,F,1963-11-11,2017-01-18,14204 Kimberly Ports Apt. 667,Salazarchester,New Mexico,Comoros,98e4e826-fdc5-4753-8250-e9312d1484d2,app
a2af15c1-f460-4d7a-99d7-8d2a346568b2,Bridget,Gomez,,001-589-667-4339x13338,M,1965-06-28,2016-05-05,165 Wallace Inlet Suite 332,Howardburgh,Virginia,British Virgin Islands,a92db73a-f3ac-4ef9-9d27-e6c7c0ba6fb1,referral
40a906db-855d-47bd-a34d-544d7827b8ce,Jason,Arnold,jason.arnold709@gmail.com,(834)176-1733x36090,F,1998-04-17,2024-07-18,409 Ann Way,Morrisland,Wyoming,Saint Barthelemy,6db86c0a-ef24-4f2a-8794-d18bbe703961,web
a68e9eb3-eabb-44c3-a976-303ba31aaa33,Susan,Stewart,susan.stewart289@hotmail.com,612.708.9648,M,2005-11-18,2014-03-22,82959 Cynthia Crescent Suite 249,North Michelleland,Mississippi,Mexico,08f37937-c79a-4b70-ba0c-d53d35fbbe6a,referral
e179b79f-c5de-4d7f-a7b1-ea0e8234a121,Daniel,Green,christopher.morris493@hotmail.com,(144)238-6447x7272,O,1993-12-29,2013-12-29,283 Karen Light Suite 705,Port Jacobbury,Indiana,Iceland,91509932-9a2c-4c9f-8a63-9a4967a12960;51f3e67f-16a1-4f45-a000-f53b6e913a5d;5abb8b9b-4031-40d2-a99d-b1d47dc29283;66d2b30e-3ff8-4e73-8d7d-e4b2687fa09b;fb67cb43-e1e3-4c68-a8ea-45e883dc8b19,web
bae5448e-6d53-4509-a106-a38899534f34,Michael,Garcia,michael.garcia529@hotmail.com,106-410-6841,M,1967-09-26,2024-06-05,8604 Dawson Springs Apt. 253,Tinamouth,Missouri,Oman,326563a5-3ebd-4daf-8c93-86339ff2673b,app
561ee233-9a81-4170-ac6c-272df98d44a5,Tonya,Smith,tonya.smith526@gmail.com,(401)491-2275x466,F,1985-12-28,2019-02-18,90416 Edward Expressway Apt. 720,Vanessabury,Nevada,Brunei Darussalam,a6b357bc-82d2-4cf9-8167-3580abc9a360,app
d3134742-6797-43be-bd76-267819bf8361,Christopher!,hURLEY,christopher.hurley058@hotmail.com,785-571-4716x439,F,1970-12-02,2021-09-30,075 Richard Lakes Suite 054,New Michael,New Jersey,Italy,514dded0-bf91-4579-a96a-7b38b902bb9d,referral
10e8cee1-571e-485f-bfc2-101b81b12899,Rhonda,Rodriguez,rhonda.rodriguez289@hotmail.com,(926)007-5710,F,2001-05-14,2017-10-30,67138 Wilson Parks Apt. 832,Johnsonmouth,Mississippi,Namibia,f423df9e-4817-477b-a437-ebaf3a6d01fe,app
d6fdaed2-331a-4814-aff2-a01eafe2ceef,H5ayley,HHeerrnandez,hayley.hernandez837@gmail.com,293.613.7844x4966,M,1983-03-12,2015-03-16,767 Miller Mountain Suite 028,Harrisview,Pennsylvania,Mauritania,0882ebac-3e3f-4143-af93-81efd7179d9e,referral
b4d756a5-1bdb-436b-ad36-18c55b3bac9c,Leah,Williams,leah.williams393@yahoo.com,001-359-876-2839x05214,M,1973-07-20,2024-03-06,0424 Dixon Loop Apt. 776,Moralesfort,Tennessee,Greenland,e4947670-4083-4987-b038-a4d2789e200e,app
abf34bda-7fee-4b41-ad2f-2cba4e910675,David,Roth,david.roth851@yahoo.com,(187)237-9229x081,M,1996-11-21,2015-09-29,4621 Kristina Courts Suite 590,Lake Jodi,Minnesota,United States Minor Outlying Islands,187bab7f-6685-4dba-92d0-63c41a10fefd,web
eec41a54-b1bf-4ad3-9714-d16c17393b20,leslie,CCaarrroll,leslie.carroll234@gmail.com,001-881-008-1675x6840,M,1996-06-12,2017-01-19,9130 Melissa Stravenue Suite 745,Lisaborough,Mississippi,Switzerland,314c1401-014c-40ac-905c-7cd7efb1ff77,web
c26aab3a-2f31-49e8-a3a2-4a11fe64c37d,Andrew,Scott,andrew.scott080@gmail.com,226.590.9886x305,F,1983-03-25,2023-03-06,369 Colon Throughway,Kellyshire,Iowa,Chad,5f3b842e-221b-4c96-8fed-df27bc2181ff,web
44b43a4c-2a48-4ef8-9471-22a8c44d8644,Jack,Miller,jack.miller769@yahoo.com,1274288574,F,2006-05-22,2019-06-03,661 Jamie Inlet,Owensville,Maryland,Trinidad and Tobago,870760fa-3e02-4169-a457-4627e2eb5c24,web
3efd42a6-3dcf-429c-b5ee-bfa8b319ed43,Brianna,Dean,brianna.dean879@gmail.com,+1-543-777-2822,M,1981-02-06,2020-09-13,7614 Hernandez Port,Lake Andreabury,Wisconsin,Gambia,599dd250-3401-4ee0-885d-7b4d0fd81e24,app
53ac0b9f-b212-48ee-82c0-b8943f3344d3,Philip,Bruce,philip.bruce414@yahoo.com,826.641.0588x85329,M,1973-05-02,2014-07-14,5200 Swanson Wells,New Davidbury,Wyoming,Czech Republic,e00d9fde-3f00-49b1-94d1-dad09f7147ae,referral
95b7ec77-596e-4d5a-9117-1a6873de5aca,Stephen,Smith,stephen.smith517@yahoo.com,975-531-2314x1662,F,1971-10-30,2017-10-06,349 Douglas Ford Suite 608,Port Phillip,Tennessee,Canada,f1eaa07a-bb4f-4050-9e2a-04a68a37c1b7,app
8a1900a3-6376-4959-b697-68d8f3d2e2a1,Erin,Jimenez,erin.jimenez789@yahoo.com,(896)636-1673,F,1976-03-06,2022-08-30,531 Curry Valleys,North Maureenview,Utah,Gibraltar,9fc2ed4b-4db3-460c-a2d1-405e686903d0,web
992c3c7e-906a-4015-b830-c76808ef67e7,Kathleen,Hays,kathleen.hays478@gmail.com,001-149-726-6807x15182,F,2001-10-20,2020-09-17,37643 Amy Dam,East Bridgetstad,North Carolina,Isle of Man,f100dc03-95d9-4ee2-831e-8b0e8c4f45c7,referral
27dba3dd-b69d-4a54-bcf6-db2462594a63,Drew,Johnson,drew.johnson329@gmail.com,614.629.2707,M,2005-01-25,2018-08-27,9752 Brady Expressway,Gregoryburgh,Hawaii,Cape Verde,875fd90e-8f94-44d8-915d-e399c115cff1,web
2e00f0c4-b390-4162-befe-8561cd7e8908,Sheila,Schwartz,sheila.schwartz781@yahoo.com,128.243.4953x0645,F,1993-12-10,2019-04-24,0586 Kelsey Manors Apt. 491,Stevenside,Ohio,United States Minor Outlying Islands,3374e162-8b4c-4543-9ac6-643f8d30fb85,referral
980d8525-fef8-4161-983e-b27b2d40e1b1,Chase,Anderson,chase.anderson563@gmail.com,716.679.7207,F,1967-10-18,2025-07-21,2660 Donna Valleys Apt. 649,Chaseton,South Carolina,Paraguay,ac43aa3a-bc14-443d-b2fa-f09dcc585696,referral
9996735f-a553-48a1-9a6d-d7dceaa9b89c,Stephanie,Bright,stephanie.bright835@gmail.com,(625)173-6402x54738,F,2006-08-21,2020-07-26,7057 Dawn Freeway Suite 583,Matthewsville,Arizona,Paraguay,10cd2242-274c-4f99-9ad3-2578e186fe86,referral
4295ad0e-92e5-4d7d-9a6c-4d86d3e0fad3,kYLE,JONES,kyle.jones274@hotmail.com,+1-220-595-1390x54886,M,1977-06-22,2019-02-05,72192 Bonnie Tunnel,Erinfurt,Delaware,Singapore,a97f503c-6a78-4e9e-8a07-5573b16acee4,app
9ca3ef6f-87b1-42dc-ae1a-9302d63376b4,Victor,Gray,victor.gray658@hotmail.com,374.708.1732x34593,M,2001-11-14,2021-11-28,6856 Gonzalez Station Suite 518,New Tanner,Iowa,Philippines,1037f224-c0d0-4707-83c5-361160efd5c3,app
8d2eafdd-0d86-4df9-b7f8-0dd8864dee25,Devi0n,Ford!,devin.ford758@hotmail.com,(484)180-9013x34215,M,1987-08-11,2021-03-05,2903 Cynthia Vista Suite 550,Port Lauriemouth,Nevada,American Samoa,c3075ee2-1a2f-44a8-af02-ed89d6ac4636,referral
505a0d3b-b69b-4c40-972f-998f899b6906,Mary ,SSaallinas,mary.salinas412@yahoo.com,8180455286,M,1974-11-30,2023-01-11,0416 Mary Run,Angelaview,Maine,Guinea,7e702262-9130-4c6f-8b0b-201b5a5a458c,web
f7865346-844d-4756-92d6-9530747e1bee,john,Rogers ,john.rogers014@yahoo.com,001-682-515-1904,M,2000-04-09,2025-10-24,060 Jensen Shoals,West Stephenburgh,New York,Armenia,db44974f-661b-4d8f-a836-607f50abfa26,web
c89baeb8-38ba-44f2-8ce9-90e3bc8c5e9d,Audrey,Young,audrey.young696@gmail.com,+1-085-262-5285x674,F,1988-07-23,2022-03-12,18718 John Island,West Davidport,New Mexico,Botswana,a229a08d-4937-4aac-85cd-f0b6c31e2686,referral
44c059a4-32b9-4a7e-ab86-032c32ba3061,Paul,Sanchez,paul.sanchez333@hotmail.com,001-831-561-2940x948,M,1981-03-14,2018-01-24,7285 Jeffrey Streets,Carterfort,Georgia,Guinea,8d861f2a-a15c-4a3c-8b6b-b3ce3fc10a8e,app
12e9e3bf-764e-4055-89be-62664fcdc12a,kimberly,IInnggram,kimberly.ingram870@yahoo.com,011.398.9186,M,1980-01-06,2020-04-23,1596 Smith Crossing,South Christopherport,Arkansas,Equatorial Guinea,ec875b9b-e8c8-42d3-b4ff-7af6442bf767,app
c5219e2d-7131-4451-bd5f-52249b120163,Joshua,Martinez,veronica.holmes529@gmail.com,909.207.0059x399,F,2001-05-30,2024-08-30,42927 MCINTYRE LAKES SUITE 620,East Brittney,Massachusetts,Sudan,fbb2aa98-d9dd-49e8-bb9b-0bf32a4ec7aa,referral
481c5faa-3db3-4ba1-9a8d-1b0cfe6b7682,Ian,Thompson,ian.thompson033@yahoo.com,904.629.0790,M,1955-02-28,2020-02-12,9397 Molina Pine Apt. 754,Woodardfort,New York,Canada,613fbb63-3cb6-4c60-9205-96f25f88571b,app
b28519ed-193e-4ae2-8870-b9b7bcc48abc, Clinton,Re7ed,clinton.reed865@yahoo.com,(754)968-4712,F,2005-09-27,2025-03-04,142 Brenda Spring Suite 662,Tranfurt,New Jersey,Central African Republic,5cefd7aa-b6c2-48d5-8072-11ef827f21c6,app
444cd639-f1b3-436b-818e-ad5e8a3d3d1b,Stephanie,Vance,stephanie.vance103@gmail.com,(174)662-6782,F,1958-02-12,2015-03-23,98988 William Tunnel Suite 990,Lake Jamesmouth,Washington,Niue,241e8926-34ec-4a06-93c7-e4792c3da8ea,referral
b44d3d89-e3fd-43f9-a439-dba428982e23,Colle0en,hUMPHREY,colleen.humphrey229@yahoo.com,(980)481-2857x874,M,1974-07-07,2022-01-18,758 Walters Vista,Suttonville,Wyoming,Costa Rica,9afe9b29-e253-44ce-b8ea-d70db7caa5d4,referral
ce1e4923-a035-47ed-a1e8-ad57e873b569,Elizabeth,Rodriguez,elizabeth.rodriguez931@gmail.com,(691)724-7387,M,1958-12-24,2017-09-15,2093 Amanda Mews Apt. 404,North Robert,Missouri,Swaziland,fa07b2fa-7ecb-4964-bd3d-0f69e1872ba2,referral
d0d84b1d-a57a-454f-9b1c-754a56e95c1b,James,Johnson,james.johnson719@hotmail.com,(591)688-0708x07779,F,1995-06-14,2024-03-24,44921 Rivera Summit Suite 487,Washingtonfurt,Washington,Christmas Island,13e0f90e-0fc0-4803-b6eb-111ecc92eb13,referral
005f6195-dc07-4611-befe-a29731d7cad4,SSaarrah,Anderso3n,sarah.anderson305@hotmail.com,942-004-9452,M,1965-07-21,2019-04-24,299 Scott Points Suite 010,West Lauren,California,Peru,337d6229-84be-468b-9c27-11b416dfdca6,app
01f2e3c4-576d-45a8-919f-1040b8348878,Kelly,Curry,kelly.curry233@yahoo.com,(795)964-8709,M,1982-02-06,2014-12-29,398 Ewing Union Apt. 185,Sanchezstad,Virginia,Guam,e544ca6c-6bb5-4c0b-aa2c-00d08f7b2c9b,web
f50c9ea1-094e-4801-9772-feedf61c880c,James*,FLORES,james.flores934@gmail.com,001-176-672-5594x90677,M,1962-11-03,2020-02-05,4659 Stone Field,West Jacquelinemouth,North Carolina,Norfolk Island,3522129e-af27-4bea-a882-544512688c76,app
59f474c7-3d5c-4e64-9b35-816e28947f7e,Jared,Wilson,jared.wilson474@hotmail.com,078.568.2629x74017,M,2002-06-19,2017-11-26,218 Monique Fort Suite 217,Millermouth,New Hampshire,Solomon Islands,b304c45f-6a7c-4f1e-a248-8f0ce14142be,referral
c8bf5288-cd59-4b16-980b-3bc2a3e6bc8b,Sarah,Medina,sarah.medina702@gmail.com,001-470-510-5978x3381,M,1977-12-28,2021-04-12,24626 Roth Turnpike,Crystalfurt,Arkansas,Austria,6df36459-bd18-46df-b31a-6456a044c045,web
bc9a7a9e-3292-4e22-adda-e609052c8c0e,Melvin,Morales,shared1129@yahoo.com,194-480-4317,O,1960-09-07,2016-04-16,45225 Shelton Vista Apt. 009,West Jesus,New York,Albania,d3733d0d-bfe5-4534-a8fc-234cd6029fcb,web
4697c2b7-039b-4947-a81f-1659afae2b50,AAmmaanda,Young ,amanda.young364@hotmail.com,208.954.8686x3880,M,1977-02-27,2022-07-19,3332 Edward Station Suite 248,South Curtis,Oregon,Antigua and Barbuda,ed3d5078-7922-4008-bd0c-832b4bbd4e1a,referral
5fa878f1-b233-4d0f-8482-518bfd3d6cc5,Brian,Jones,brian.jones628@yahoo.com,2068593883,M,1959-02-10,2022-10-15,02231 Smith Terrace Apt. 420,Port Justinmouth,Alabama,Mauritius,2f6783c4-8ea5-4707-b4ec-4ca1a21ae92b,web
b8d55100-6820-4307-a44a-4951933b33ec,Lisa,Hester,lisa.hester809@gmail.com,436-967-5213x5070,M,1973-07-05,2016-08-23,23192 Anita Drive Apt. 576,West Jasonfort,Nevada,Haiti,f4b21f3e-b89b-4c83-a625-158bd9095fc5,app
58c39f8e-4445-4ac4-8a1c-bb46a379bb51,Laura,Beck,,001-397-372-6414x514,M,2003-01-20,2019-11-14,1129 Owens Station,Jessicaburgh,Indiana,Iraq,2abebb51-2fde-4533-b937-63240a29c209,referral
4a25fb77-03c6-45ad-824e-39d701d525b2,Steven,Harris,steven.harris294@gmail.com,(393)307-2592x05443,F,2005-12-15,2020-06-16,3882 Krista Isle Suite 881,Brianville,Nevada,Uganda,63019d86-02a3-4ece-9272-c31ba3dac499,web
41d946c0-b51e-479f-b4f6-86e1e1b794bd,Holly,Brown,holly.brown257@yahoo.com,+1-711-894-9559x899,F,1966-12-20,2024-04-27,834 Cruz Springs Apt. 582,West Shelby,Massachusetts,Ecuador,2f2c28a9-742c-4afd-830f-2bc316995efe,app
0326f62f-ed1d-4235-9a8a-0583ee23f52d,Matthew,Scott,matthew.scott594@hotmail.com,(334)414-8658x71458,F,2001-09-11,2020-12-10,77201 Wells Glen Apt. 034,Lanceville,Tennessee,Guam,4c878523-af96-48bf-85c0-d7db55910105,web
c73990d2-4f7d-4a83-b504-7e4ce58a8e23,Michael,Rogers,michael.rogers630@yahoo.com,(171)299-6964x8731,M,1966-09-12,2016-12-27,273 Mitchell Crossroad Suite 165,Daisyburgh,Utah,Belize,a51041c8-d17f-4ece-802c-e45758edc971,app
d5253ab3-1b75-4354-9f35-bb31ec2aa379,JUSTIN,Strong ,justin.strong901@gmail.com,337-983-2981x305,M,2003-02-11,2014-03-28,20193 Michelle Summit,Jamesfurt,North Dakota,Cook Islands,9010451d-7ef7-43f6-b73f-2643103e84b6,app
33c14218-6a9e-43e8-bcc3-88064c029084,Mason,Thompson,mason.thompson824@gmail.com,710-578-7510x9257,F,1963-05-11,2025-08-18,386 John Port Apt. 507,Kimberlyport,Arizona,Egypt,ed844d0b-ef75-4b3e-8f25-f7ef013586ce,referral
b28c028d-bae2-4630-913c-a8f0b0ae29e7,Holly,Davis,holly.davis817@hotmail.com,001-486-230-6287,F,2004-09-03,2022-06-07,1688 David Row Suite 863,West Arthur,Mississippi,Cook Islands,dfa8680d-890f-4043-a93a-cf2e8579d472,web
3e84e6ad-4118-4150-acec-e9170f3bfd30,Matthew,Levy,matthew.levy080@yahoo.com,077.702.9066,M,1959-08-26,2019-04-27,1916 John Circles,Zacharyhaven,Indiana,Holy See (Vatican City State),170515f8-db5c-421a-83a4-e016d2fa9d64,app
3cbb6026-c195-4ed4-a9fe-d6d0e2730c2f,Joseph,Montoya,joseph.montoya407@hotmail.com,8731436903,F,1955-10-30,2015-10-07,0451 Jones Plaza Apt. 698,Staceystad,Tennessee,Iran,aef3c542-4d38-4433-af7d-bb3f6d4ba991,web
494a0df9-9a52-4162-8409-c9c06504cd1d,Todd,Bass,todd.bass478@yahoo.com,5625163593,M,2001-01-23,2019-10-11,610 Lopez Ways,Ryantown,Michigan,Guinea-Bissau,1858696e-04f8-4f9a-8e82-46e968e12be3,referral
2f4a373f-78ea-43c1-9caf-1cf16466dd37,DDeebborah,EEssppinoza,deborah.espinoza672@yahoo.com,001-989-190-2347x297,F,1980-10-20,2014-10-31,94166 Jerome Loaf,Reginaldberg,North Carolina,French Guiana,166ee02c-ed9a-420a-abeb-98e758d2120c,web
7a9cfc9a-dfb3-42cc-9d4d-ae752957ca57,Angela,Cruz,angela.cruz799@hotmail.com,(267)943-1552,F,1987-04-29,2020-08-30,10221 Aaron Mall Apt. 551,Luiston,Ohio,Jordan,5daaf503-3714-4c40-9963-130c8b963b97,web
69f9b6c4-c5e1-4f80-9c6a-19d1e318d61b,Anthony,Perry,anthony.perry698@hotmail.com,+1-834-874-5846,M,1975-03-06,2021-02-20,4863 Woods Throughway,Margaretton,Iowa,Cameroon,5a8f9586-6189-4852-b9a0-aff74375c217,web
65de8f3a-21e4-484c-8608-9e9a62ae5006,Jay,Moore,jay.moore512@hotmail.com,(987)302-4649x1940,O,1988-10-21,2016-08-29,7563 Anderson Skyway,New Nancy,Arkansas,Barbados,80389008-8d64-46ec-b2a8-dafff8ee427d,web
95c64f6f-0503-4e7e-8942-0a96db601793,Lee,Edwards,lee.edwards858@yahoo.com,885-008-9663,F,1963-04-27,2018-05-07,5769 Jeffrey Road Apt. 543,Port Rachel,Indiana,Niger,3f7605d0-93a7-4c65-87d4-28b3e35a7ea9,app
79ef00a0-a597-45d8-92d2-6b0894995467,JJeefffrey,S9trickland,jeffrey.strickland482@yahoo.com,129.411.2550,F,2001-08-03,2017-02-17,169 Cross Trail,West Melissa,Texas,Guyana,13adccbe-4224-4316-b4c2-a102c6287a45,app
15fc6cf1-3dbf-4fe7-927f-bf38a9f6da5c,Jack,Rose,,795.685.7720x58389,M,1967-01-20,2016-12-16,69317 Case Street,Austinville,West Virginia,Netherlands,d545d69c-5c09-4e4a-b6d2-21823365334f,web
6aa69ce2-65c4-4f89-987e-4a1be0318408, Martha, Fox,martha.fox331@yahoo.com,(450)596-4731x5596,F,1956-06-17,2019-09-07,1346 Benjamin Spring Suite 250,East Richardbury,Hawaii,Syrian Arab Republic,83205b33-9b13-4950-a937-31e9d73adf74,app
7836cce5-e110-4cf3-9f36-21ede93be601,Dillon,Wong,dillon.wong663@gmail.com,(939)309-6404,M,1983-12-11,2019-11-25,65265 Marvin Walk,Elizabethborough,Arizona,Seychelles,fec826ab-2230-43c5-a1e4-cc006d59976f,app
12539bcf-ba06-4cae-8871-1df73a6bcd4f,Michael,Leblanc,michael.leblanc711@gmail.com,820.753.7760,M,1973-04-21,2024-01-28,96393 Cherry Squares Suite 818,Stephaniefort,West Virginia,Eritrea,de1cc58d-ed60-4c49-923e-5c3b09eaf366,web
926758d1-80fb-4d4b-b1ee-dd1935a2fc29,Nicholas,Hoover,nicholas.hoover653@gmail.com,247.688.0207x8141,M,1972-09-07,2017-05-12,79595 Avila Springs Apt. 309,Tuckerville,Vermont,Niger,5aadfb56-db91-459d-9c4a-248ee4de728e,app
1dca0484-7358-4816-bf7d-4aa2a3eb0303,Charles,Doyle,charles.doyle667@hotmail.com,7436873144,F,1964-11-23,2019-08-14,5292 Edwards Lane,Larrytown,North Carolina,Japan,e9ae8854-a247-4138-95a6-6226baf7d8a4,app
d00943c8-3a1b-44c1-9676-df648c820347,Jenni5fer,Lewis*,jennifer.lewis277@hotmail.com,912.150.2882,M,1994-07-04,2019-12-06,93229 Blankenship Drive,Williamland,Maryland,Rwanda,a6ef89db-ed6d-48b4-9394-79fd950f6cbe,web
edc5e845-4ba5-401c-b270-4ddaad01a3e3,Robin,Williams,robin.williams161@gmail.com,(111)920-1601x84404,M,1993-10-05,2022-12-28,7226 David Square,Jimenezfurt,Arizona,Gambia,5d660904-6cc4-4c76-af13-4e2d679591f5,app
d21d5d74-e99d-4657-977a-8271e89649de,Benjamin,Oconnell,,(101)052-3069x1930,F,1987-06-26,2014-11-02,4907 Jeanne Throughway,Armstrongview,Nevada,Faroe Islands,d018270e-30e9-4936-b659-6b60991a6523,referral
7749e96b-a201-4bed-9ea9-53d1304a2dc4,David,Mora,david.mora025@gmail.com,(914)144-5199,F,1984-05-19,2014-04-09,58666 Edwards Park,North Sandra,Ohio,Botswana,9a08ecf6-a47b-42ad-b8ac-aec0dfa2513e,web
0ce937ee-c470-4928-aa07-6f456c017c66,Jonathan,Miller,jonathan.miller573@yahoo.com,495-437-3886,M,1975-08-12,2019-02-05,334 Patel Motorway Apt. 798,East Ericmouth,Pennsylvania,Slovakia (Slovak Republic),c69a7235-83c6-47f8-8f5f-d5673cf0defd,app
ed3e0901-ec59-493e-b53f-875b50c09d5e,Bryan,Benson,bryan.benson625@hotmail.com,403.357.6059x90906,M,1956-06-18,2017-12-20,94045 Camacho Villages,Rebeccaview,Oklahoma,Equatorial Guinea,ce7162fb-616a-426a-abcd-518dc688fb90,referral
2909e326-38bc-4a04-9461-4dce49a1b00b,Joseph,Herrera,joseph.herrera279@yahoo.com,7505395488,M,1965-09-10,2017-08-27,2383 Allison Corner Suite 173,Susanhaven,Tennessee,Poland,3fbaec10-682e-44ef-8029-21d40c889e77,referral
39b66847-e2b5-481a-95d2-e297ebd4ec25,Leslie,Hunter,leslie.hunter742@hotmail.com,469-961-5688,M,1991-06-14,2024-07-15,492 Sanchez Wall,Perryside,Wyoming,Benin,9a004005-39b6-498b-b2bf-1fd99cbdb17a,referral
3f14b1b7-11a4-42cc-9a4e-4be8220f2aa2,Ross,Taylor,ross.taylor082@gmail.com,123-145-2489x206,F,1989-07-15,2021-03-15,861 Jessica Green Suite 680,Port Timothyfort,Arkansas,Chad,80ba9c5f-0ad7-47a8-a6ad-5c41d2e7960a,app
2474553a-be56-4321-a344-d12baac2ea6e,Christine,Martin,christine.martin797@gmail.com,484.707.8821x502,O,1989-12-20,2023-06-03,798 Shelby Terrace,Charlesport,Maine,Faroe Islands,4d78a3d8-b7b6-4da5-bad7-b836f146eee9,referral
d0bd4aa2-5bef-44f8-8dca-d82b451fb9b7,Andrea,Carson,jenna.walker680@hotmail.com,(246)312-1114,F,1965-08-16,2022-09-20,46827 Mahoney Wells,Sarahmouth,Rhode Island,Saint Martin,eef7ac7d-6ef9-4efd-bd7d-a53b1848100b,web
e7963bce-e83e-4b6e-88d0-09d4f5908806,Kevin,Barrera,kevin.barrera771@gmail.com,+1-089-059-8059,F,1984-10-11,2016-04-19,418 Rebecca Shores,East John,Minnesota,French Polynesia,627bc8e9-e16f-46ab-a642-8ad57ed89e0f,app
8197383f-e9eb-492b-b317-ad2e9303fc7a,Amber,Barry,amber.barry071@hotmail.com,5743936131,M,1965-07-07,2020-12-09,5061 Jackson Union Apt. 119,Ginastad,Arkansas,China,d47517ad-20d0-4e2e-82ad-e464ddd93330,web
41358f0f-0e68-4e60-92c4-ee2e08706b32,MMaarrk,eRICKSON,mark.erickson087@gmail.com,+1-569-679-0287x1760,F,1984-04-21,2023-05-25,81721 Parks Forest Suite 922,North Ronald,Virginia,Moldova,f2961d8b-934b-403d-8620-20ea79bfa0a4,referral
07777c4a-8163-478c-8fae-f7a7a0497d1f,L1isa,BBaauutista,lisa.bautista361@yahoo.com,321.853.3879,M,1970-05-26,2019-12-01,1145 Jones Track Suite 957,Lake Laurenport,North Dakota,Albania,505dbd3a-1fd5-4088-87d8-c5db99f2b1a7,web
bba768a8-c2cd-42f7-a43c-e0b936c9366c,Aaron,Carter,aaron.carter849@hotmail.com,820.031.7731,F,1979-05-28,2020-03-30,0943 James Meadows,East Josephfort,Kentucky,Armenia,37471dac-f13a-4be9-89b7-25854f170d61,referral
ca571112-7508-4d71-8e0e-feacc8b8a50f,Juan,Mahoney,elizabeth.durham206@yahoo.com,+1-703-278-8323x7503,F,1979-11-21,2017-11-11,1559 Jodi Knoll Suite 212,West Dustinchester,South Dakota,United Kingdom,b1a4c01b-d471-4d9c-9c10-be02bf15a5c3;eaca9249-d11d-494e-9dd5-3d6effc3d029,web
fe963e81-3517-4a73-a6d1-197dfb2e81e0,Gregory,Lopez,gregory.lopez156@yahoo.com,001-818-103-3340x769,F,1959-12-01,2024-01-06,504 Taylor Dale Suite 595,West Joshuahaven,North Carolina,Saint Pierre and Miquelon,cbd2ea2b-ca3c-498f-8ea3-871bab8a3147,web
c6cfc3a6-a54c-44cd-8ee7-459205cfa5b4,Jacob*,Moore*,jacob.moore401@hotmail.com,390-527-6767,M,1964-09-13,2025-06-03,7213 Black Villages,South Elizabethborough,Vermont,Samoa,5ea9d8d9-bd13-4427-b016-caf3a7cdce25,app
db92cc08-4e6b-4a7c-a0f7-0f7d8f786d6a,Benjamin,White,benjamin.white073@gmail.com,870-365-2167x7444,M,1992-08-04,2018-02-02,69004 Barron Corners,Patriciatown,Arizona,French Guiana,9f56746a-887e-4ace-b84a-61f665c75244,referral
c2bf3188-271f-4169-8d6d-cd4c4fb225f9,Jonathon,Brooks,jonathon.brooks850@gmail.com,(479)657-9634x43267,M,2004-01-21,2013-12-11,8279 Morrow Forges,Andreaton,Wisconsin,Tanzania,87d54349-2014-4a92-b973-f8e81f559769,app
bde5a19b-afd8-4d91-89f8-59137e06722c,Jessica!,Smith ,jessica.smith100@yahoo.com,124-957-2158x50772,F,1971-06-11,2024-09-07,9429 Smith Plains Apt. 459,Port Andrew,New Hampshire,Christmas Island,71c54172-a97c-4fa5-9c9b-65fd355b11be,referral
b36fd386-cb73-4b2e-95cf-bb190b29d44e,SSuussan,Rogers!,susan.rogers366@yahoo.com,232-901-4661x3941,M,2005-08-17,2017-06-10,857 Megan Path Apt. 331,West Ryanfort,Delaware,British Virgin Islands,7ea6d7e7-8fef-4564-8316-5f3cd4bca3e7,web
0f4a63f4-2f47-47dc-96aa-d06fd7eb1ce2, Mallory,Grant!,mallory.grant332@hotmail.com,+1-500-251-3422x3372,M,1986-05-17,2019-03-31,2705 Reynolds Turnpike,Morganburgh,New York,Honduras,6c4a96b5-1f37-4d88-817a-3534199d3359,app
c007926f-90a5-41db-9cf7-636f53bcbc1d,Danielle,Parrish,danielle.parrish698@gmail.com,(691)197-8746,F,1997-01-22,2018-03-23,3935 Angela Shores Apt. 223,West Richardborough,Maryland,France,49da602a-d4d8-47be-89e9-62f0393a6588,web
6d140c24-ae44-47f3-843a-3d1a7d15c907,Catherine,Thompson,catherine.thompson455@hotmail.com,3124301629,M,1982-07-23,2018-04-05,61428 Lisa Squares,Katherineshire,New York,French Southern Territories,357c345e-b53e-4326-8532-5a0857fe9792,web
73f47ab8-55aa-4081-904f-78036f461d52,Katrina,Miller,katrina.miller151@gmail.com,001-402-098-4252,M,1966-10-16,2021-12-30,276 Kyle Centers,North Jamesfort,Florida,Pakistan,c605bb5f-5cee-42cd-8538-2ba7585dd166,web
a04293b1-6fee-4b7f-890f-c51c6442c584,Diana,Black,diana.black454@yahoo.com,474-483-6157x5888,M,1972-11-14,2022-04-15,089 Tara Park Suite 184,Port Sarah,Iowa,Sweden,8f86c9ec-e014-4186-aac1-1a853bf15cda,referral
fc1ee5cd-de72-4f8a-9ca4-bb13d31f7f44,daniel,Becker ,daniel.becker277@hotmail.com,001-572-659-7453x654,F,1968-08-26,2018-02-27,0241 Debra Dale Apt. 136,Angelamouth,Nebraska,Malta,7d567e1e-56bc-4217-8106-50907d12d15b,referral
4489a7da-44a4-413a-b6f1-4a174f88c354,Kendra,Robertson,,(007)854-9958x15969,O,1962-08-11,2021-09-08,30329 Crystal Ferry Suite 782,Lopeztown,Maryland,Falkland Islands (Malvinas),7318e054-a3d2-459f-bf7e-31eb5563abda,web
23873f61-710c-4f2b-b69f-0ff46984b071,Susan,James,susan.james113@yahoo.com,(944)089-1133x6302,M,1988-09-11,2022-03-19,6296 Whitney Circle Apt. 295,Lake Carolynberg,Maryland,Qatar,fd8a8c6c-18a6-4a3e-a459-1bb189bb9979,web
1811f907-2c15-4c5e-8495-23bf1ba40ac6,Michelle,King,michelle.king001@hotmail.com,618.737.1719,M,1969-03-11,2014-07-01,357 Lisa Lake Apt. 997,East Katherinehaven,Tennessee,Bermuda,d23e4cf3-adbf-48f5-a782-2de9dff2f4f6,referral
066bb3b8-e7d8-4294-a3f6-0f81aa21438c,Carolyn,Martin,carolyn.martin615@yahoo.com,581.703.9401,M,1970-04-03,2023-05-23,7427 Good Roads,East Regina,Iowa,French Guiana,737a04b7-56c1-4c66-8930-59d5626c883d,app
f7217e06-c6f3-49e3-b158-8cef5cb99840,REBECCA, Valdez,rebecca.valdez529@hotmail.com,233.172.6503x5655,M,1965-04-23,2022-10-27,7435 Juan Roads Apt. 862,Bradyberg,Arkansas,Vanuatu,1d5c73e6-d82b-4d6f-8e1f-a4e72c93063f,referral
73e21cd9-e0e5-429e-918a-bfde56bc9c29,Kimberly,Hernandez,kimberly.hernandez781@gmail.com,223-933-9738x3477,M,1961-12-17,2016-12-26,63394 Jimenez Crossing Suite 333,Lefort,Kentucky,Mongolia,7c239f0c-f871-4254-aa84-cb4511224854,app
e7b5cf7e-e31a-4e55-a291-ed63c17078cb,Sherri,Lowe,sherri.lowe848@yahoo.com,6114532719,M,1996-02-28,2014-12-18,2983 Michael Squares Suite 096,Patriciashire,Wisconsin,Sweden,f8790cfb-3104-4330-8961-c017c79a4880,app
ba3d4f79-4790-4ef2-97f7-b0da672a7a64,Sherry,Burton,sherry.burton541@yahoo.com,+1-893-912-7085,F,1998-05-20,2015-04-14,23865 Tanya Radial Apt. 340,Pierceton,Maryland,Saint Helena,25da7126-1fea-4cde-98fc-339709f31f00,app
9e074f6b-aa5d-4741-bd4f-32759a254156,Jody,Berg,jody.berg596@yahoo.com,001-994-879-0633x916,F,1974-01-26,2015-04-08,1384 Young Village Apt. 291,Port Jonathan,Texas,Azerbaijan,31c76677-027c-41da-b3fc-38441f09a470,web
da0a7eb4-d0a5-436f-903f-7886880a8f8d,Matthew,Cook,matthew.cook601@gmail.com,(916)732-7892x125,F,1961-06-28,2015-07-02,26522 Rivera Trace Suite 875,East Nancy,Tennessee,Norfolk Island,5545131e-14f0-4d50-b518-f3f865380614,referral
fd9b34c2-3818-4608-9117-39904af732ff,sHAWN,Martin7ez,shawn.martinez596@gmail.com,347-969-1245,M,1969-11-09,2017-08-21,4312 Joanna Creek,Aaronshire,Kentucky,Bhutan,d049eda4-6487-4c70-97f2-689a89515be0,referral
9431b968-3533-4b50-a8fb-c81a01a766ce,Richard,Kelly,richard.kelly143@gmail.com,340.349.4343x27845,M,1967-04-17,2014-10-04,9811 Shelly Branch Apt. 923,Lake Williamstad,Maryland,Iceland,095f9ca9-399b-4e41-8792-2ef211143b82,referral
2e5b8ac0-9942-4478-bd60-d69ba0968134,Timothy ,Mo8ore,timothy.moore902@yahoo.com,001-229-561-5867x675,O,1982-07-22,2016-06-19,4064 Jennifer Ville Apt. 367,Leachland,Nebraska,Australia,eae907bd-eb29-48b0-9411-0cfb32b72907,app
3bfe3f46-23da-4874-a266-fdb9dce82c37,Thomas,Woods,thomas.woods500@hotmail.com,(488)022-0755x955,F,1990-02-11,2025-06-04,2064 Stafford Crest Apt. 227,Bradleyton,Nebraska,Cocos (Keeling) Islands,05b96c1e-ae57-4844-b74c-db75607f7e89,app
2f7ec80c-0e81-43c9-87db-a6c801dae752,Stephanie,Gibbs,stephanie.gibbs697@hotmail.com,+1-614-480-4768x83874,F,2005-07-21,2014-06-05,44087 David Falls,New Kaitlyn,New Hampshire,Belarus,a43574d7-4fd1-40ec-a2fc-3f79f3513d10,web
3ebce5e9-7d78-4f76-aac8-057bd7e215cd,Jacob@,Sanchez ,jacob.sanchez567@gmail.com,(723)195-5101,F,1960-02-19,2019-08-11,0245 Scott Port Apt. 954,Lisaburgh,West Virginia,Bermuda,dd39ce16-3e9c-433c-aecc-ce1a775d4e06,web
7fb2be1f-1112-483b-9f76-a53d5ee6b451,Benjamin,Allen,benjamin.allen611@hotmail.com,001-137-147-5150x6775,F,1998-04-12,2025-08-16,9766 Nicholas Wall,Jasonburgh,Indiana,Christmas Island,6cdcce9c-61c3-4928-8c57-83471fb3e9cb,web
d1df5f20-216e-4da1-aaa0-e13c90aea0b5,stephanie,SMITH,stephanie.smith699@yahoo.com,4253954252,O,1976-08-20,2025-06-09,7735 Washington Garden Suite 541,Timothyton,Alabama,Tajikistan,a27e85a9-aca6-4f6e-abe5-c82d7fd769f6,referral
7a3300f4-d6e3-4cff-be26-c4e7127c75f5, George,Parks ,george.parks272@hotmail.com,001-521-360-7209,F,2005-06-14,2018-06-23,86425 Douglas Wall Apt. 170,Michaelmouth,North Carolina,Liechtenstein,d5158aab-b70f-4333-8cef-ebeaadd80fa6,referral
c6f0c01f-6325-432a-a244-113124e434d4,Christopher,Wolf,robert.garza563@gmail.com,153-886-3165,F,1959-05-21,2016-01-31,487 Eric Creek,South Jaredfort,Massachusetts,Comoros,9b05f7a5-2f42-4680-96f3-936e48b75263,app
dd49ebf1-5c31-4f83-87be-d2c18bb2ef7a,kAREN,Str3ong,karen.strong458@yahoo.com,+1-163-191-1696x42117,F,2002-08-29,2017-10-17,445 Hopkins Turnpike Apt. 739,New Rebeccaview,South Carolina,Saint Barthelemy,7e4f194f-cef9-4048-b341-ad496acf24a4,referral
58b494df-f455-4dd0-bc75-e31d4395e55b,Sarah,Cox,sarah.cox121@yahoo.com,203.108.9677x2569,M,2004-11-12,2017-09-28,1952 Rodriguez Bypass Suite 565,Port Christopher,New York,British Virgin Islands,edb12100-270c-46ae-9b05-82ef89f119ab,app
7ed8f383-dbe2-4ce6-bb05-22b626a6d105,Stephanie,Bass,stephanie.bass677@hotmail.com,2534542057,M,1979-09-01,2014-04-29,0919 Selena Street Apt. 581,Yvetteberg,Georgia,Pitcairn Islands,af3461a8-bd68-4de7-a3ed-8f67d317df25,web
dfacbfc1-28b6-401f-bb15-70ff51f07778,Olivia,Patterson,olivia.patterson893@gmail.com,669-019-6096x42397,F,1975-10-25,2017-04-14,008 Rachel Place Apt. 151,South Mary,Connecticut,Kyrgyz Republic,b143a883-c4ce-43ef-85f1-44355a23cffb,app
bb61eab9-6ae4-412b-9316-dc07c34d529f,David,Foster,david.foster903@gmail.com,+1-240-150-3544,M,1987-10-21,2023-04-27,795 Derek Ways Suite 413,Danielmouth,North Carolina,Vietnam,9695f29a-3012-422a-92d6-4c9b702f1118,app
8a767c9e-d27b-4a4f-958a-bba69cca818c,felicia,RAMIREZ,felicia.ramirez692@gmail.com,+1-387-469-0786x92837,F,2001-08-13,2016-07-26,46847 David Walk Suite 002,North Brandonstad,Florida,Nigeria,b18e3f93-e2ab-4db2-93b6-38b990619a72,app
b510330e-1f2e-425b-97bc-5fe741791b7a,Angela,Thompson,angela.thompson918@hotmail.com,+1-948-679-3995x71961,M,1986-02-22,2024-05-09,748 Roman Wall,New Stephanie,Mississippi,Sudan,e95b2ae7-87a9-4803-8f7e-4e5c1a638866,referral
06bad691-df33-4763-9f37-e833e514f69b,AAnnggie,SStteephens,angie.stephens425@gmail.com,+1-165-872-0666x7251,F,1989-05-07,2021-01-16,71406 Christopher Squares,East Derricktown,Nebraska,Saint Lucia,573203e2-f1c3-46e7-b94d-6641c1954005,web
15125891-021f-4e09-b227-44eae2d06cc5,Joshua,Weaver,joshua.weaver100@hotmail.com,+1-889-516-7099x51273,F,1993-07-30,2019-04-11,63049 Lester Ridge Apt. 941,Rasmussenfurt,New Jersey,Peru,00914784-57ed-4d16-88fa-2f08d350d16f,referral
a3bc7fc9-1c14-4022-a161-0a03a596617a,Amanda,Hood,amanda.hood118@gmail.com,(246)248-4358x028,M,1993-05-05,2016-04-23,706 Downs Ville Suite 404,West Diamondmouth,Missouri,Liechtenstein,0281a36c-6483-484f-92c5-b377c648aef0,app
931cf0cb-e319-4ed0-9614-ad4ae0ebb967,Mark,Woods,mark.woods763@yahoo.com,118.928.2511x2467,M,1999-02-09,2020-10-06,41788 Ibarra Estates,Cervantesfort,New Jersey,Bouvet Island (Bouvetoya),ebca9ef8-3594-4db0-bfa0-9eaebc5a53b5,web
b2124082-7f32-4cdf-8280-e404c7066b8d,Matthew,Santiago,matthew.santiago129@hotmail.com,963-412-7191x14463,F,1973-11-02,2015-01-10,593 Lindsey Well,North Cassandra,Rhode Island,Armenia,a99603af-3694-48ff-aad7-b10687873b0b,web
5effaada-cdaf-4d29-94da-314e4f78bf95,Jose ,BBeelll,jose.bell096@gmail.com,250.517.6304,O,1999-08-19,2018-02-07,4499 Caroline Summit,Lake Robert,Washington,Bermuda,27677bd1-94e7-4f74-ac87-6199ff4542f8,app
d68c9e4a-f4fd-42a7-9e8a-b182294b915f,Felicia,Friedman,felicia.friedman399@hotmail.com,+1-523-109-8720x45625,M,1996-02-16,2024-01-05,4662 Tina Village Apt. 488,Lake Tammyfurt,Maine,Saudi Arabia,3684d32b-0a2c-4e60-b2d9-95184bad27eb,web
587bafd6-e3c5-471a-93ae-b1e6b215d5b2,Mary,Morales,mary.morales446@gmail.com,001-164-757-9589x606,M,1967-12-15,2024-05-13,810 Cruz Orchard Suite 501,Lake Andrewmouth,Alaska,Mauritania,d27cfcd5-881e-4649-9074-04b05eea380f,referral
00b15609-c67f-4057-a23e-846120a5a078,John,Paul,john.paul309@yahoo.com,+1-045-245-5744x387,M,1960-01-19,2022-03-22,95225 Davis Passage,Orozcochester,South Carolina,Syrian Arab Republic,1f8da822-3fad-40c4-9c0a-2b9a8adb3325,referral
83427b42-5906-4644-8956-f149afe704f3,Katie,Serrano,katie.serrano704@gmail.com,161-925-0525,F,1966-03-27,2017-11-06,42787 Sharon Fort Suite 152,West Amy,Idaho,Cambodia,60d9ea96-089a-4fd4-bd5e-051eb7894fc7,app
e16d4670-374e-4266-a6dd-a1441137f2ce,Juan,Marsh,juan.marsh933@gmail.com,(325)876-0746x19748,F,2000-02-02,2017-09-05,985 Christine Walk,Jamesbury,Rhode Island,Israel,27e1df39-ab39-4b45-bd5c-866d2246ce7c,app
72200504-a490-4382-a246-56aa6eb6e371,rOY,Schneider ,roy.schneider805@gmail.com,(084)178-1149,F,1982-01-25,2015-12-16,916 Tanner Tunnel,Port Sarahborough,New Hampshire,Germany,59768e9e-b3cf-413d-969c-545d8051683e,app
c7a3d85f-15d4-45e7-b084-a024e2ca61ca,Anna,Schroeder,anna.schroeder403@gmail.com,(059)693-8190x67969,M,1989-10-29,2024-11-19,3918 Kevin Viaduct,New Georgebury,Connecticut,Djibouti,db0b2556-ece2-44bd-b9b6-2595d1221de7,web
436a8a9a-5142-4441-917c-4cd486c02d31,Mary,Phillips,mary.phillips532@gmail.com,(784)791-1658,F,1961-09-16,2016-01-20,470 Alexis Lake,Lake Dannyport,West Virginia,Grenada,9eafffc1-0db9-46a6-813a-cfafbdb3f781,app
5c462dae-f81f-4369-bd9e-2c3f04db039f,Jennifer,Larsen,jennifer.larsen174@yahoo.com,170-434-1400,M,2002-02-23,2020-03-14,1742 Elizabeth Forges Suite 160,East Matthewport,Iowa,Madagascar,a3c2526d-57e6-433e-a76b-cc8271b3f3b4,referral
07b90c16-1ed7-443c-882b-1666fc2ee2e5,eLIZABETH,hENRY,elizabeth.henry286@hotmail.com,+1-787-450-7447x547,F,1991-04-17,2020-09-15,686 Bailey Point Apt. 768,West Jacob,Pennsylvania,Vietnam,15afd206-abb1-4769-ba90-7316bf4a9e9e,referral
ef0e28bc-894f-4e6e-b1e6-ab6de98f1dcb,Rebecca,Collier,shared1605@hotmail.com,0620912166,O,1994-01-26,2017-05-30,6428 Butler Inlet Suite 511,West Leemouth,Wisconsin,Andorra,ba47b1f1-3896-46f3-bee8-adb76a990686,web
7c33b04a-c724-4476-a21e-1ccbd88ea2a5,Robert,Rogers,robert.rogers528@yahoo.com,001-574-906-4117x0908,M,1962-03-28,2015-10-10,0785 George Estate Suite 593,Parkershire,Alabama,Lebanon,ff10f1e8-8717-4a15-9b69-b0cc7b28a943,web
d60b591a-f1cd-42a6-97ab-6a1dfe346f5f,Isaiah,Hanson,isaiah.hanson879@hotmail.com,001-075-806-5832,F,1982-05-14,2021-12-02,48550 Cindy Springs Apt. 015,Campbellchester,Louisiana,Rwanda,b998df67-52d6-4d63-b4a7-ee0b2befa722,referral
626a8aa1-a1a3-4c97-a307-23cf32a808ad,Steven,Davis,steven.davis796@yahoo.com,695-211-2123x2783,F,1961-04-16,2016-09-19,74525 Walton Alley Apt. 208,Beasleyfurt,Oregon,Yemen,8ebff903-c00c-44b8-b7e4-ac111af5001b,app
04b45bbd-ce85-4bba-ac0d-3227bf36f86a,Katelyn,Johnson,katelyn.johnson212@hotmail.com,(260)043-7363x63538,M,1993-02-22,2021-07-24,71401 Jones Station Suite 599,Susanbury,Missouri,Montserrat,40ea7a63-f589-442e-9289-d0594a8f167b,web
260cde49-0a2a-4b3c-9c5b-4d091b44bfe1,Rebecca,Young,rebecca.young564@yahoo.com,933-358-8603x43611,F,1969-12-02,2015-08-31,8813 Jose Ramp,Perezmouth,North Dakota,Greenland,05f95529-379d-4dc3-803b-0b6bb2b7c939,referral
7e7ee476-2bcf-40f5-be27-92d655f15f0b,Aaron,Howell,aaron.howell255@yahoo.com,876-420-2508x39251,F,2007-11-06,2015-08-25,923 Kevin View,West Alexandratown,Virginia,Korea,69b378df-b8db-465d-9974-0482a163655e,web
8129f94c-74de-420b-8b5d-0ce917e20b5f,Sh2aron,Conway@,sharon.conway569@yahoo.com,(202)701-3153x9533,F,1986-05-24,2022-07-21,992 Matthew Place Suite 142,East Williamchester,Kansas,Philippines,5aaafdef-886c-438d-a1ce-f6d6fca0c927,web
a4eab7a7-e237-4c30-87c6-b01e1251d5e4,Logan,Johnson,logan.johnson199@gmail.com,001-014-854-1964x416,M,1956-11-04,2022-12-07,293 Scott Villages,North Johnside,Alaska,United Arab Emirates,c8f198cf-e056-4df0-89ce-6a227c7d2e0d,web
7ca018dd-f8c3-40e3-b383-255d299218e7,Chad,Grant,chad.grant131@hotmail.com,866-466-9874x830,F,1970-07-05,2021-07-01,59598 Samantha Common,Simonstad,Kansas,Turkmenistan,f9065b65-615b-4730-992e-5418932628b0,referral
ecd89ac7-f690-4827-8b7a-c26bca772945,Eric,Griffith,eric.griffith862@hotmail.com,(264)013-0732,F,1988-03-06,2017-09-03,2415 Scott Keys Apt. 097,New Ianside,Oregon,Tuvalu,3c9e06b0-ccf7-4d1b-8ccb-0db5b3445ca5,referral
58d0e317-0694-41bd-abc0-d856302f5164,Denise,Hubbard,denise.hubbard185@hotmail.com,322-577-0230x08384,F,1971-08-09,2017-02-27,5997 Anna Brooks Suite 761,New Mary,Arkansas,Philippines,f4c6124b-839e-4117-a6a0-507c3c470cfd,referral
7669affc-2f03-4ad0-b4a3-285dc020d04c,Timothy,Howard,duane.joyce656@yahoo.com,(879)118-9267x60402,O,2003-09-14,2024-07-12,42949 Kelly Point Suite 435,Lunaborough,Louisiana,American Samoa,01e1662c-089f-4357-86a3-fd407ca4fa6e;9c2fb1b4-eba9-4376-8cd7-77d4e705cf38;a813fac8-b571-412d-ad51-034ae445f08f;7dc04f68-7d46-44ec-b0e8-bb8c94fb8f7c;08514390-c3a3-42f7-bf4c-bd695385771a;53ea90a5-7274-4c6e-86c9-e0f4c93fd9db,referral
7dcf75d7-005d-42cc-8e07-ef6b296c3b57,Robert,Frost,robert.frost683@hotmail.com,+1-531-092-6180,M,1977-08-15,2024-08-24,2305 Dillon Club,Marcofort,Illinois,Paraguay,f6292b47-56bc-4457-aab0-9dac9ce4443f,web
9689bb4d-6e61-4885-90c8-37f08d32cb28,Scott,Roberts,scott.roberts221@hotmail.com,767-634-3027,F,1984-06-08,2020-11-13,5475 Haas Plain,Hermanmouth,Georgia,United Arab Emirates,64a1042b-ceb9-45b4-8f73-96a03438e5aa,web
135763c7-47e3-41c6-a94a-8d0aceb4233f,Amy,Mitchell,,827-761-9172x1229,O,1982-01-08,2015-09-15,503 Smith Place,Walkerside,Louisiana,Cambodia,52cf9001-0a6f-44da-b95f-04b22ecad4b2,web
6cf98600-ff4e-4639-b275-c9b7b97ae5c2,Heather,Lutz,heather.lutz966@yahoo.com,001-992-937-4555x31548,F,2002-02-25,2025-01-31,05260 Martinez Valleys Apt. 630,Port Crystal,Massachusetts,Isle of Man,4e8254c3-4718-4f1b-a7ee-40a3a8cb04b6,web
94efec07-fe78-46b9-806f-1ec15cf8bcdd,Diana,Ballard,dustin.stein281@gmail.com,981.060.4124,M,1963-07-09,2014-07-19,973 Mcintyre Roads Apt. 746,Kristenshire,Arizona,South Georgia and the South Sandwich Islands,2e9ec9a1-1dc0-4cf0-b2a8-985bf0a9c526;fb4a3edd-9589-47cd-b432-b9b5f091c597,web
3ba6a8c4-83df-40d5-915d-849b9e0c7a4c,Angela,Archer,,0661402412,F,1955-07-27,2024-01-11,65678 Mayer Brooks Suite 979,Baileytown,Indiana,Israel,fc4ca725-6eac-4829-a3b1-6b3a1f116e47,web
cec2b74a-174b-4900-9f94-99dc25f487fd,Andrew,Wade,andrew.wade079@hotmail.com,0832255144,O,1971-08-01,2018-11-01,98980 John Throughway Suite 662,Darrylmouth,Rhode Island,American Samoa,78ad1586-707b-44a6-b429-559efe090a7f,referral
49149315-1df2-4e67-9bcf-8d31a9139a63,Jason,Jimenez,jason.jimenez557@yahoo.com,(702)328-1934,M,1963-10-15,2015-03-16,1588 Wise Streets Apt. 592,Thorntonport,West Virginia,Monaco,bd7fd79a-c67d-45ef-93e2-8f179b11768e,referral
8020e060-0bb2-4681-bf44-6a48c2ff91b2,John,Wise,emily.buckley276@gmail.com,+1-047-241-7479x1126,M,1987-03-15,2022-04-16,837 Holly Turnpike Apt. 895,North Jennifer,New Jersey,Japan,a269d062-bd9d-4921-b628-7883849a8158,app
7967dc61-f4be-4274-81f3-a43ff8e8ebcb,Jessica,Stewart,jessica.stewart908@gmail.com,001-828-519-6480x099,F,1998-01-20,2018-07-01,9457 Vega Road Suite 406,South Gregory,Georgia,Poland,043e11db-5e50-4b34-840e-65bd016233fc,app
4dfc3132-ca2c-4df5-b7d5-0ca5cbc37fb0,Carla,Wright,shared1250@yahoo.com,001-739-184-7518x7127,O,2000-06-23,2022-01-20,989 Allison Pike,Lindsaychester,Michigan,Guatemala,ef0c107a-9561-4abb-9434-f26fc25f5042,web
b1099042-39e2-4cd8-b602-1661c7a52d69,Julie@,dAVIS,julie.davis245@yahoo.com,+1-750-572-8857,F,1987-01-21,2023-01-11,489 Virginia Divide,Port Mariaburgh,New York,Montenegro,bbc45068-e20c-4265-9735-563a9a37cc68,app
6de2ea06-8c2c-47e9-86f8-da2acbe2840b,Rebekah,Garcia,rebekah.garcia545@yahoo.com,591-932-7731x79597,F,2007-02-13,2015-02-05,7367 Rachel Fort Suite 033,East Billy,Illinois,Jersey,cdd9dd33-9a14-4c85-9728-4d874d228e37,web
13866d41-b127-4fd2-a87b-e30a989a5d9d,rYAN,CUEVAS,ryan.cuevas299@yahoo.com,273-528-4351x218,F,1967-03-19,2024-12-02,418 Alex Highway Apt. 307,Lake Stephanieton,Rhode Island,Jersey,dc1821d0-383b-427e-b822-2927da0f1d46,web
801c19a0-8438-4fc3-a374-2cee258b909e,Erin,Jimenez,erin.jimenez201@hotmail.com,(548)185-9333x79723,F,1984-06-29,2017-05-01,4787 Marsh Branch Apt. 125,Port William,Wyoming,Romania,79faba62-8ecd-4046-a265-dbe6feb9fad5,web
52096780-4d07-4cd9-8143-e4a5aebb48dc,Jeremy,Gay,jeremy.gay979@hotmail.com,001-855-953-3263x2891,O,1992-08-30,2014-06-24,04915 Wang Corners Suite 106,South Daniel,Rhode Island,Latvia,cc3c1008-6a07-494a-a177-6ba47021ca21,web
e83dfa68-615b-481b-a5b9-75f8408cd022,Henry,Lopez,henry.lopez356@yahoo.com,993.923.0640,M,2003-05-11,2025-03-13,76472 Kimberly Rue,Tonyaport,Minnesota,Liechtenstein,e9ff80a8-d672-4bdf-b34c-30447dd0cdb9,referral
12f75753-07bb-4db9-b84b-bf5f2af01382,Erica,Martin,erica.martin047@hotmail.com,+1-324-187-3888x658,F,1989-07-07,2024-01-18,41318 Stacy Course,North Hannah,Missouri,Japan,0e1126c2-6fb2-4c7e-baab-5adc15ade414,app
739e686b-94b3-4f65-af20-c6b023b78bc0,lEAH,Adams ,leah.adams621@yahoo.com,183-643-0050x243,F,1981-10-06,2022-05-23,7116 Kathleen Villages,Angelastad,New Hampshire,Spain,0c8b8b6b-f97c-45e8-a7a9-518b204a596b,referral
157c0ed4-1f03-435e-a997-deb80e9fbace,Nicole,Howard,nicole.howard674@gmail.com,(364)984-2341,F,2000-01-23,2022-10-09,627 Parsons Extension,Lake Aliciaside,Mississippi,Denmark,52970e05-98a8-4382-b817-844553ae232e,app
e3c8cb1f-a3e8-425a-aaeb-36300a87707a,Robert,Jarvis,robert.jarvis373@yahoo.com,(851)224-9860x1077,F,1969-03-25,2018-02-17,3554 Jillian Flat,Port Paige,Maryland,Moldova,6643e911-ebe3-4d63-9a13-dcacf96ed51a,referral
2e4589bd-1a46-4044-b082-8a2a7b026afe,Melissa,Bauer,melissa.bauer874@yahoo.com,921-919-9845,M,1990-10-31,2021-02-25,6106 Alexander Highway,Robinsonport,Nebraska,Puerto Rico,9ead7a9a-610f-4121-a7a3-1c8ed54e755b,referral
78334841-50f7-4a94-a230-8896d3299f9d, Donna, Walton,donna.walton349@gmail.com,459-164-6214,F,1996-09-25,2021-11-29,03338 David Inlet Suite 773,Robersonborough,New York,Djibouti,b52ca865-dab3-48b4-b46f-eae0d3fcef2e,referral
18c3f696-c955-42e9-9338-689faf43f42f,Kristi,Horne,kristi.horne559@hotmail.com,+1-018-148-2150x72076,F,1969-01-28,2015-09-17,552 King Junction,Murphyside,Nevada,United States of America,ec963d6a-7438-4e1c-bc90-9a6bd29a6cd9,web
c62eac20-fc74-48a7-98f7-114a81b5808a,Jacob,Lee,jacob.lee221@hotmail.com,+1-697-023-9912,M,1971-08-04,2023-02-28,4714 Hobbs Flat Suite 647,North Robertmouth,Ohio,Cape Verde,7d66b425-d1d5-4d8b-ac0d-e72b4a9d99b4,referral
85051b9e-3cf2-4176-a27a-fa03af601a81,HUNTER,Va7ldez,hunter.valdez854@yahoo.com,+1-238-424-5738x8309,M,1972-01-03,2025-09-09,014 Campos Viaduct Apt. 360,Lake Jason,Delaware,British Indian Ocean Territory (Chagos Archipelago),f7556849-bf6d-4fbe-afce-5842dcbcd65b,referral
70383e18-c7f3-4e79-a3d1-9cdb58fd7223,David,Ramos,david.ramos225@hotmail.com,176-534-7663x6987,M,1998-12-31,2017-06-06,99272 Dickerson Spurs,Crosbyfurt,North Carolina,Burundi,6b660278-5134-4434-a698-a5bb68a90766,app
3974bbdb-c76c-49a4-ac43-0ebedad64b44,Lisa,Carpenter,lisa.carpenter466@gmail.com,+1-465-597-2261x260,F,2007-04-09,2023-08-26,452 Ochoa Circles,West Jennifer,Kentucky,Saint Helena,ba7cdf08-6bcd-4595-b152-e5573a68ac62,referral
dedd124a-13ec-4785-b698-eff6cddc0197,John,Ingram,john.ingram514@hotmail.com,001-853-758-7657x10561,M,2007-10-16,2025-06-05,67871 Thomas View,Jakemouth,Indiana,Kyrgyz Republic,fe3423bf-acbd-4562-b264-3f4acb093969,web
062019de-ed45-4af4-acae-c0f3ccdd94b0,Debra,Andrews,debra.andrews470@yahoo.com,623-725-3118x2676,F,1998-11-02,2018-07-24,885 Fowler Pine,South Jillianmouth,Hawaii,Rwanda,a134c3ab-d313-45ef-b1c5-df85fd637641,app
8c4b5974-3afc-4470-91bc-76a1eee28054,EEllaaine,LLllooyd,elaine.lloyd546@hotmail.com,016-749-6104,M,1987-12-03,2021-07-13,187 Parrish Vista Suite 143,East Cole,North Dakota,Andorra,15c058f1-9435-4056-ae3a-d12a6ce375de,app
40c65020-8b0e-4824-b145-c2079704993c,Kelly,Combs,kelly.combs229@yahoo.com,390-272-5232,O,1979-07-27,2023-10-13,83822 Richards Parks,Andreabury,West Virginia,Norway,84534907-2cf2-4918-937d-563b0315dc94,referral
56bdd2f0-5ef4-4f90-96f4-89b341dbb000,Bonnie,Rogers,bonnie.rogers225@yahoo.com,+1-667-314-5137x6165,M,1982-07-06,2016-12-25,06134 Rodriguez Pass Apt. 723,Andersonview,Massachusetts,Portugal,6c9c9274-751e-4bf6-86a6-ea268823a4ce,web
68787ec2-3b03-41d5-b52d-fa89fc9f196d,Ashley!,ZZiimmmerman,ashley.zimmerman549@yahoo.com,201-555-6901x86829,M,1971-06-21,2022-06-14,13640 Pruitt Rue,East Keith,Idaho,Barbados,310b7645-c3f7-418b-aa47-fb2441c25272,app
3351aa35-d215-4170-be20-9c1681bf75a3,Daniel,Harrison,daniel.harrison607@gmail.com,001-514-433-5299x3126,F,1978-03-21,2015-06-14,1240 Brooke Orchard,East Karenshire,New Hampshire,Martinique,d1598da3-76f2-4233-bcd8-ef78f5ac32c6,web
656cfabe-3933-471f-9783-3ddceab3049a,Kristi,Lopez,kristi.lopez667@gmail.com,001-715-483-0068,M,1975-03-27,2014-02-08,8928 Johnson Turnpike,New Colleenfort,West Virginia,Lebanon,98e8ddd8-94ae-40fd-bb95-59a5a5867de0,app
aab363b1-17fb-4f78-b186-58dab51b6d54,Clinton,Valenzuela,clinton.valenzuela849@yahoo.com,161-732-7609x61831,M,1963-10-29,2024-02-28,17261 Thompson Station Suite 580,West Jessicashire,Nevada,Lao People's Democratic Republic,8c400efa-0bc9-4cd9-93ce-d20816f7fd3e,web
759f70aa-2ef9-41c5-92a0-a54feb657fd6,Jennifer,Powell,jennifer.powell522@yahoo.com,(813)189-5982x2549,F,1999-07-04,2016-08-24,93503 Garcia Stravenue Apt. 662,Edwardshaven,Nevada,Brazil,2eadfb68-0d47-4afe-9a17-a3322cbddb1e,web
15db55f2-2196-475f-8252-5afa0e3f7875,Kristin,Villa,kristin.villa840@gmail.com,537.031.8236x5881,M,1994-01-21,2017-01-12,472 Campbell Extension Suite 273,South Stefanie,Louisiana,Isle of Man,0b2a1f9e-6719-44dd-a2b3-980cd2e361f8,web
a98f2ac7-e409-4151-bffe-e2d144999d87,Jason,Johnson,jason.johnson440@hotmail.com,481-195-9017x97652,F,1985-12-25,2022-07-26,31173 Cole Ferry,Lake Tony,Maine,Micronesia,c4a19246-bec1-47b8-8f0c-af96fa8a125b,app
486cad96-2608-4792-bcad-e95fe3049da1,Mike,Curtis,mike.curtis597@hotmail.com,631.961.7189x6216,F,1978-04-18,2015-02-19,41901 Stacy Burg Suite 916,Lake Adam,Colorado,Ecuador,147e3816-026a-4025-bf9b-46a2365a65f5,referral
7e88d4d5-93c9-48be-80a9-0a13d6af3f7a,Justin,Aguilar,justin.aguilar996@gmail.com,(202)774-0956,F,1961-08-04,2019-06-21,744 Jeffrey Glen,Lake Jamiestad,Connecticut,Armenia,01a9b800-27c1-48af-b29f-33efc9bd73ed,app
59790e12-8db2-46b4-bb96-a464760f2a2c,Dana,Martin,dana.martin907@gmail.com,435.884.4956x95744,M,1995-11-09,2016-03-24,7821 Smith Lodge,Joshuaside,New York,Kyrgyz Republic,72ee6a1e-f6e0-4267-bb7f-71b139196593,web
9fd9d3b2-f16d-4e6c-a94d-460b103f35b0, Sandra,foster,,692-850-0664,O,1975-11-14,2021-04-05,8291 Moss Island,South Mistyshire,Indiana,Croatia,a6703bf2-55ce-4731-b3b3-c669f89498c6,app
7e6225ed-c13c-41ee-b433-7959e1719af2,Lisa,Barnes,lisa.barnes200@hotmail.com,3310297001,M,2007-03-22,2016-01-23,8853 Alison Island,West Christinatown,Rhode Island,Ecuador,03cd5f22-6934-495b-996b-4ec5c6c1d788,app
d0cfd88d-e3df-49a0-8036-2eacf91f29e9,Joshua,Young,joshua.young526@hotmail.com,(390)796-9256,M,1957-09-13,2021-07-10,2608 Sean Villages Suite 702,Henrystad,Arkansas,Vietnam,03f11af0-9dd3-48eb-bd9e-821ef55874a4,referral
55691ab4-db34-4cbe-9e7b-548a452f3941,Corey,Ferguson,corey.ferguson542@yahoo.com,861-447-8544x966,O,1995-03-29,2022-07-25,54322 Heather Villages,North Andreaburgh,Iowa,Moldova,9513062a-fb5b-4673-8b10-fcfb8aa09755,web
412fd4e3-5ce2-4831-b92e-afe4b85c4108,cLAUDIA,Th3ompson,claudia.thompson123@hotmail.com,001-096-273-6969x6216,F,1986-04-07,2020-09-28,5966 Emily Road Apt. 158,Amandaport,Ohio,Slovakia (Slovak Republic),d0ced4da-b3a8-46d6-860e-31ff7dfcddfa,web
6123632f-23c7-4575-9f4b-7e49acb217cc,Isabel,Turner,rachel.morris923@gmail.com,268.081.2291,F,1988-04-27,2022-01-25,4805 Deanna Inlet,Wilkinsborough,Pennsylvania,Albania,2e3a5da4-47b9-490e-b868-dad3a6c47767,app
805766b5-7634-4023-b90f-0fc2d326eacf,HHaannnah,mOORE,hannah.moore408@gmail.com,(325)170-4843x4057,O,1973-11-12,2014-11-26,8304 Mark Ramp Suite 957,South Caitlinburgh,Arkansas,France,053e3ee1-6b9a-4839-8342-5fe241da6472,web
be3b145e-1e60-4ce1-a054-2d3ca4a80f31,Patricia,Reyes,patricia.reyes518@hotmail.com,9735203166,F,1986-08-25,2022-08-15,22601 Joel Ridges Apt. 622,Lake Kimberlyton,Indiana,Chad,d6c3c2ed-4be6-4d45-b78a-a499c5c3388a,web
e4098e2c-6a59-477c-b80a-2811f8941bed,Joseph,Buckley,joseph.buckley895@yahoo.com,001-328-841-6125x066,O,1959-12-13,2017-10-17,2174 Steven Freeway Suite 525,East Dawn,Montana,Uganda,72dfe8a5-13ab-47db-87b4-49580314bf0a,app
b5395892-ca24-49ae-9a04-44cc4119e5f1,Anthony,Lane,anthony.lane016@yahoo.com,(494)808-0956x780,M,2000-07-08,2021-05-19,53217 Mccarthy Station,Floreschester,Pennsylvania,Saint Barthelemy,e8b56b3d-6ba5-4b35-9c09-3d5d551ebdcf,web
1ebc0845-b1a7-4f7f-8026-456d3e8c3136,Daisy,Wiley,daisy.wiley977@hotmail.com,001-682-713-1774x0527,F,1958-12-30,2015-09-10,73449 Roberto Street Apt. 271,North Jessicaton,Nebraska,Saudi Arabia,889ac43b-a736-4f17-bffd-5f8f4110ee97,web
db24e8f6-3a65-4396-9243-309d2f939507,Breanna,James,breanna.james388@hotmail.com,(692)173-0683,M,1980-03-17,2025-11-02,06768 Janet Locks,North Kathleenmouth,Michigan,Netherlands Antilles,18a16ba2-e12e-42a0-8a50-8bd65c59fddc,referral
5f6e13f9-1dd3-4300-b39d-2e1f947fc2b6,Michael,Trujillo,michael.trujillo799@hotmail.com,001-775-970-5585,M,1968-05-21,2022-04-25,9061 Burke Crest,Fisherside,Kentucky,Ireland,d2222736-6ff2-4d73-9f31-6e4425d2e32d,referral
12ad45e5-3017-4bdd-b566-de9e906b4b6e,Kristina,Green,kristina.green199@gmail.com,(606)133-3133,F,1959-10-03,2020-02-15,162 Peterson Crescent Suite 145,Jaredview,Missouri,Cambodia,10b940ca-defd-44d7-b8a3-933c64a980b9,referral
30352325-fd92-4733-bab1-23a0fe2d550d,Danielle,Beck,danielle.beck762@gmail.com,001-126-641-5507x3229,F,1996-06-09,2017-06-09,2702 Lauren Union Suite 654,South Nathanburgh,Indiana,South Africa,dbc992e9-521a-4720-be59-1c49a9470742,app
6ddc1772-f210-4111-87c9-c2ec73776c37,Toni,Li,toni.li092@gmail.com,(522)382-8559,F,1981-09-30,2023-11-25,1230 Padilla Parks Suite 647,North Melvintown,Kentucky,Uganda,f8013534-0730-4d00-8120-445e02ebed1f,app
620de1c0-1ad3-42c3-bf9e-a006c5def4d3,Jessica ,hOUSE,jessica.house031@hotmail.com,(990)011-6673,M,2004-01-06,2014-01-15,7343 Nelson Port,New Kennethhaven,Idaho,Macao,3e5d94b4-bf3c-493e-a960-03d10c2f6ade,web
fa44d10b-2972-447c-9355-540e7721d359,Suzanne,Carter,suzanne.carter641@hotmail.com,714-179-4118x232,F,1995-02-13,2025-05-10,51952 Ashley Lock,Chelseaburgh,California,Barbados,2ac23bad-e4da-4f6e-8d0c-bc1a4d522718,app
4b67001b-033f-4f13-a301-2826addabeb4,Connie , Franklin,connie.franklin696@yahoo.com,+1-925-496-2924x643,F,1970-08-17,2014-02-06,604 James Divide,Juliaborough,Maine,Equatorial Guinea,9b193dc2-c8d9-489a-835e-c25026c882b2,referral
50b8b7d4-f941-420d-9f94-3c144cffa20f,Taylor,Peterson,taylor.peterson151@hotmail.com,981.127.5111,F,1989-12-20,2020-12-04,209 Sanders Gateway Suite 446,Audreyborough,Alabama,Maldives,5c72c621-2aa3-4f6a-a506-435034c424cc,referral
d4783bab-5a16-42c3-bca1-3f5c6eff80b9,Jeffrey,Calderon,jeffrey.calderon644@hotmail.com,134.362.1898x2099,M,1996-07-04,2015-08-07,26626 Brown Unions Suite 505,Williamburgh,New York,Burkina Faso,0d7d6291-9ac3-4455-b06a-59d85aa42268,referral
13f142d6-1e09-4292-897c-86b5e2c47736,Taylor,Wolfe,taylor.wolfe278@gmail.com,201.716.4616x3436,M,2006-05-15,2016-07-16,3751 Greer Shores,Amandaberg,North Carolina,Comoros,3d3d3319-ed59-4ab5-95df-942462129288,referral
45e44167-6803-4d9f-903b-f65b199fb1ff,Richard,Meyer,richard.meyer559@yahoo.com,252.775.4892x00862,F,1956-04-05,2020-03-12,770 Lewis Court,South Jeffreytown,Utah,Saint Vincent and the Grenadines,9dc45eb7-3441-4c95-8a75-43ffbbcaf5b8,web
fa90f8d6-60fc-4b10-95b6-36718bdf7063,Susan,Valdez,shared1370@gmail.com,528.761.6941x1044,O,1999-02-19,2017-10-25,15343 Samantha Crescent Apt. 167,Newmanberg,Ohio,Solomon Islands,ba3d5adc-11c7-42d1-8515-a4d9de7a5bfe,web
580f2567-f363-4d9a-be11-2c3330bf4b71,Sandra,Banks,sandra.banks895@gmail.com,001-616-067-8234,M,1998-12-25,2020-08-07,32496 Nathan Drive Apt. 968,Ramirezland,South Dakota,Maldives,bbe75e24-fb30-4892-99d3-9aa5077a8a8f,app
6e4f316b-1157-4fce-8911-9354909281ba,Lisa,West,lisa.west712@gmail.com,(080)927-7021x371,M,2002-12-10,2014-02-01,46472 Maria Manor Suite 387,Elizabethmouth,Louisiana,Central African Republic,564c1703-c752-45c6-8fe7-254243f7d341,app
528adac7-e6b6-4db6-a426-dd720b39126a,jILLIAN,TAYLOR,jillian.taylor714@hotmail.com,9336467042,M,1961-05-27,2022-09-25,11873 Mcdaniel Lane Suite 209,Robertport,Florida,Singapore,e2a76bc9-6dd0-4ea7-8cbf-199515c0c71d,web
06fecdff-0019-4ee0-90f6-bfa6f0d82519,JESSICA,RRoobbinson,jessica.robinson135@yahoo.com,372-381-4062x41565,F,2001-03-23,2015-04-05,212 Velasquez Neck,Patriciashire,Louisiana,Palau,3b1b2828-d0a0-4a8d-be8d-cccc888d02d9,web
6d47f337-6863-43a9-8a57-e3680a710c07,Tara,Miller,tara.miller773@yahoo.com,408-132-3359x10267,M,1959-11-06,2017-02-03,652 Greene Forge,Greenborough,Idaho,Somalia,469610da-52ef-40a7-b117-9ef88d3f29e1,web
f5fcb2ee-fee9-455e-86fb-e2b42dcf572f,John,Cobb,john.cobb404@hotmail.com,+1-707-351-8363x75532,M,1984-05-26,2021-11-04,474 Miguel Falls Apt. 121,Huntport,Mississippi,Paraguay,1786b5a5-5a98-4795-99ca-c60a9369b3f9,referral
a59d0b86-9af2-4e8d-a050-eba771b3f090,Shelia,Ruiz,shelia.ruiz683@gmail.com,0011684929,F,1977-03-13,2017-04-02,45578 Joseph Centers,Smithtown,Illinois,Somalia,349fe5f1-2723-4cf0-96b1-ff8ba0441b24,app
19d33f27-db0d-465d-9e0b-60012db2f946,Jessica,Schneider,jessica.schneider285@hotmail.com,3680988914,F,1975-06-06,2022-05-22,029 Matthew Field Apt. 895,Mooreberg,Delaware,Indonesia,c620e1af-5c29-43d3-b829-6fad1c36fff2,web
75c06c3b-30d6-4a98-b776-2f96e745d544,Anthony,Reeves,ronald.cunningham634@hotmail.com,+1-315-709-4550x39209,M,1973-02-19,2021-07-20,68054 Daniel Light,North Michele,Montana,Albania,c9d7d0d4-b636-4512-a22c-9e4dd205d504;fbabc82b-0458-42b3-b573-c66e9b1c4612;fcb68ed0-12ed-4bcd-bada-f20e266c25d8,web
0ff228b7-40b0-40cb-938d-50fdb4289e8e,Jessica,Moran,jessica.moran054@gmail.com,(649)339-1084x52370,F,1985-08-27,2023-05-26,1250 Leach Mill Suite 848,Morganland,New Hampshire,Nigeria,a4beb541-13ba-41e5-8d7a-101a39baca69,referral
d9d77fe7-a24b-4564-a707-86ce3a6f6232,Kara,Andrade,kara.andrade500@hotmail.com,553.341.9848x0118,O,1973-05-22,2020-10-21,78218 Maria Vista,New Matthew,New Hampshire,New Caledonia,28ab122f-9d57-4625-b0b1-888273ce6be9,app
8eccecae-f4df-4140-8f1b-87f12375fff6,Kenneth,Young,kenneth.young094@gmail.com,872-233-9832x084,F,1984-10-08,2014-07-23,41831 Williams Forks Suite 177,Bentonside,Alabama,Kuwait,8f42adf9-4847-4879-ad8b-196f9d2b21db,app
b613fabf-3246-4409-9189-0b4492091ef0,Shaun,Blevins,shaun.blevins509@yahoo.com,012.002.0085,M,1970-01-16,2024-05-11,6683 Bullock Divide,Loganberg,Nevada,Saint Kitts and Nevis,ed472d3a-483b-4ea1-9263-36325cd8d605,app
50e20174-1ed6-4db7-95ce-af1d8db2d245,Joseph,Drake,,085-466-0816x988,M,1976-10-03,2020-09-07,5601 Wendy Garden,Annaland,Tennessee,Micronesia,ab34a800-a4a9-4835-9dc2-dcd29478182c,app
71bb58ae-7015-470f-a92f-9d27ceb7734a,St8acy,MMaarrtinez,stacy.martinez347@yahoo.com,(708)940-2072x249,F,1955-12-30,2019-11-13,11872 Diaz Pine Suite 160,Ramirezbury,Kentucky,Maldives,4d112c20-5720-428c-8923-34bcf2701799,web
39291259-dc73-49ff-974a-d353a0689a60,J4ames,Gro2ss,james.gross254@gmail.com,+1-961-769-8203x913,M,1966-09-15,2017-05-16,0295 Jordan Highway,Lake Heidistad,South Carolina,Niger,705d725c-81a6-4822-a29f-93f31fc24b9e,web
22d53cf3-0503-4749-b113-f22168225b44,Robin,Garcia,,+1-189-504-1386x09065,M,1975-06-04,2021-02-13,45923 Lee Ports,East Shawnhaven,South Carolina,Cuba,bc9416ab-ec94-464b-8585-55c338e7a1db,referral
00814973-9f04-4bd0-bbe9-216092a7ac1d,Mary,Burnett,mary.burnett837@yahoo.com,(657)784-8816x02133,M,1963-10-19,2021-12-11,19339 Crosby Harbor Apt. 006,Davilaport,Washington,El Salvador,d85e81b0-6905-402f-8b4e-f16931228852,app
7a25ebd6-760d-4a4b-9394-9c11416ed990,Vanessa,George,vanessa.george339@gmail.com,530.722.7997x072,F,1967-12-17,2017-04-10,4804 Eric Crescent,East Zachary,Alabama,Gambia,50fdc0b7-0806-4669-b935-7479af528049,web
d2a3dc5f-045e-4a34-96cb-33ac1076eae7,William,Mcmillan,william.mcmillan659@hotmail.com,204-569-2322x4788,F,1956-03-21,2018-01-13,531 Murray Crest Suite 028,West Anthony,Nevada,Czech Republic,44a5dba5-628a-4a40-bc13-fee4cd119fb1,web
e6a77e23-3d22-4dd9-92fa-9fa415bb80b9,Wendy,Mosley,wendy.mosley036@yahoo.com,001-963-922-3034x647,M,1988-06-14,2020-05-05,69134 Lewis Meadows,South Nathanport,South Dakota,Philippines,3c20a75b-5cbf-4d29-8cb1-6a6b4944d8a7,referral
663922e3-22e9-470c-885e-26d4398b8548,Scott,Nguyen,scott.nguyen669@yahoo.com,332-190-6621,M,1962-12-13,2017-08-16,7434 Justin Canyon Suite 401,East Melodychester,New Hampshire,Saint Martin,6776aeff-2658-4728-a223-a947575e0308,web
06543af2-5e62-4dbb-b3c3-2f90ae493feb,John ,CARNEY,john.carney913@hotmail.com,687.046.2468,F,1956-09-30,2019-03-17,08734 Smith Ways Apt. 712,Lake Davidstad,Arkansas,Andorra,c47f75ca-d0c9-4ccd-923f-0ef915748ce8,app
b4e2c966-01e8-474c-a4fa-6787f00a83ea,Angela ,CARROLL,angela.carroll195@gmail.com,(678)911-7932x119,M,1990-10-09,2021-08-15,6820 Meadows Gardens,Amychester,Alabama,Samoa,b33cd06b-4a4e-4ec2-811c-1b57f94ee58c,web
2789962f-bd96-4511-aa66-9715f0e10f44, Melvin, Gonzales,melvin.gonzales779@gmail.com,(987)909-9596x97820,F,2005-10-26,2022-06-04,47859 Hodges Gardens,Duaneport,New Hampshire,Chile,9f2cac18-91cd-440b-8206-2e4a29719524,web
98f347d5-f0c6-41d4-a077-f550fd659a00,Michelle,Flores,michelle.flores947@gmail.com,(060)566-2758x511,F,1969-04-23,2015-08-28,154 Sarah Run Apt. 502,Castromouth,Delaware,Svalbard & Jan Mayen Islands,ff78afee-3bad-4d6f-8767-3e1b6ec75acc,referral
45a32ae0-d6d7-4488-957d-46bd607b571f,sARA,MMccbbride,sara.mcbride151@gmail.com,847.720.4832x29676,F,1956-09-18,2016-10-11,73238 Crawford Creek,Port Brettport,New Mexico,Djibouti,1fec663c-9b43-4e49-afbe-baf058fdf0c3,web
da0f320d-6a54-41ff-9cf4-87a2ac5ab663,wanda,Da6vis,wanda.davis582@hotmail.com,572-903-2082,F,1956-02-12,2018-01-13,55166 Wallace Park,Lake Sharon,Idaho,Lithuania,43b79e47-9f1e-46db-9444-709d43907e6e,web
a2feddd8-2448-48bd-997a-58e6b33fe6e2,Steven,Kirk,steven.kirk399@hotmail.com,001-098-941-8736x7320,F,1962-12-31,2018-11-01,5080 Howell Gardens,Jasonberg,Maine,Qatar,76c07c06-32b0-4e83-935b-4c86aa2c609a,web
dde67887-e9c6-4c24-901d-e40937851ebe,Samantha,Johnson,samantha.johnson846@gmail.com,001-944-195-3488x89399,F,1961-01-13,2014-11-07,52095 Jonathan Motorway Apt. 420,North Kellymouth,Idaho,Lao People's Democratic Republic,41b610ca-b0f0-462d-89e2-74727c736cec,referral
7c72e37e-0ea2-4ee3-8489-2b43a2bc57af,David*,owens,david.owens691@gmail.com,0296629325,M,1976-07-17,2023-12-11,75380 Shaffer Drive Apt. 010,Jeremyborough,Hawaii,Greece,eee00fab-27dc-42b4-9b1d-08803605c911,web
8dc09e31-20ce-49b3-a054-c64d0b1423e6,Stacey,Harris,stacey.harris096@hotmail.com,551-672-8249x62138,M,2007-01-19,2015-07-10,125 Laura Knoll,Tracyland,Nevada,Guatemala,3f61d33c-a8e7-4ce4-852a-f76543da369a,web
a9233e63-70f6-4a33-8bd2-ccd395a9e204,Rachel,Chen,kimberly.vega736@gmail.com,188.616.8453x62896,F,1971-01-23,2018-01-17,17609 HAYLEY LODGE SUITE 475,Port Michelleborough,Iowa,Romania,faadefcc-59cc-42ab-a4f0-af7c25cfc3f0,web
07323865-2b30-4a15-896d-d002fedd7735, Kari,martin,kari.martin637@yahoo.com,(350)062-0608x64142,O,1988-06-16,2024-04-13,630 Shannon Shoal Suite 744,West Markfort,Nevada,United Kingdom,b966b860-0408-44c9-b1bd-7cb62c4b1690,web
63d6be5e-6992-4d33-b897-d1e86106ce49,Taylor,Campbell,,650-152-1637,M,1979-06-02,2024-08-23,24288 Sanchez Tunnel,Combsshire,Arizona,Gibraltar,457cc889-a1cd-4046-a3de-d5efbc23ebf3,app
31a0ab32-434e-443d-b018-513ef842c3fa, Brenda,curtis,brenda.curtis226@yahoo.com,568-615-9906x25383,F,1996-03-11,2015-02-09,43109 Ruiz Flat Apt. 984,Wardshire,Utah,Tokelau,041b7424-41fc-403b-bd33-42461fada752,referral
9fe28e12-2db6-4ceb-ad9b-53b362d54539,Kayla,Daniels,kayla.daniels801@hotmail.com,5310264218,M,1960-11-12,2022-07-19,7044 Barbara Glen Suite 761,North Charles,Kansas,Ireland,2fd6a07a-73e3-4b07-adef-f6464708ce57,web
f5034cdc-892c-46c2-8af0-86e9f9c44531,Christina,Cruz,christina.cruz394@hotmail.com,(991)935-7787x632,M,1988-08-17,2014-03-15,681 Denise Bypass Suite 504,East Jonathan,Indiana,Suriname,e80cc937-bf8b-4a3c-a162-7cb95c6e0665,web
35679bcf-7227-4351-8427-96c0b6e1c543,Shane,Freeman,shane.freeman553@yahoo.com,6309420139,F,1959-10-19,2020-08-06,7984 Campbell Circles Apt. 072,New Claudia,Missouri,Guyana,15dc02dd-8991-4445-9830-8f3c4296fea3,referral
e3b0be8a-aefa-426e-89f8-e0467888bec4, Donald,Sloan ,donald.sloan434@hotmail.com,(290)504-8100x602,M,1960-07-02,2018-10-24,664 Brian Via Suite 432,Christopherville,Arkansas,Panama,54f4ba4a-2c18-4023-a9dc-08ce521d3c3f,app
4149b2f2-fbbc-4b88-94fa-1d7538d94f0a,Joseph,Nash,joseph.nash600@yahoo.com,0544057191,M,1960-11-17,2021-04-04,340 Michael Views,New Calvinport,Mississippi,Palau,7d1e76ed-6d78-48d7-a760-7e30fa320c19,referral
f8099eb2-fd2e-4825-894e-0e3d680fb7aa,Elizabeth*,Osborne@,elizabeth.osborne363@gmail.com,(124)705-8801,M,1992-10-23,2021-03-10,479 Williams Club Suite 917,Cameronfurt,Kentucky,Cook Islands,47d46321-093b-4521-9ee5-e3814cee4963,app
1620bc86-6bfd-4b1b-9abd-ce3470b0488e,Peggy,Burns,peggy.burns588@hotmail.com,+1-945-313-3540,M,1993-01-07,2014-03-31,83354 Timothy Highway,Lake Kathy,Oklahoma,Bosnia and Herzegovina,4ebbc9c4-7a10-4b7d-a585-e0eef5eb0753,app
c43c3dc3-0fc4-479a-8241-dedbb45bb1cd,Kimberly,Jackson,kimberly.jackson167@gmail.com,(998)193-9307,M,1957-10-03,2014-11-13,27918 Cooper Track Apt. 346,South Alishafurt,Connecticut,Morocco,a871f915-308a-4b4d-9b19-3756262c9443,app
c53e09bc-9914-4880-a78e-0eca2e5cc896,Karen,Jones,karen.jones064@gmail.com,133-279-6733x53346,F,1997-05-16,2018-05-05,9444 Mark Valley,East James,New Jersey,Holy See (Vatican City State),215d1633-a748-4a60-9e20-24b5498027b1,app
dca66c93-b65b-4a41-8e03-719346b1b898,Linda@,VILLA,linda.villa229@yahoo.com,317-157-4471x25226,M,1977-12-07,2018-10-28,8321 Margaret Fort,North Dana,Washington,Iran,77cfc862-cc19-4e8b-a932-106a38837947,web
bc15eb01-49ff-4f94-b75a-c50b743270c0,Sharon,Wright,shared1361@gmail.com,+1-836-869-3977x392,M,1962-04-14,2016-11-05,70728 Sanders Green,North Mark,Massachusetts,Malta,d0822da9-d9dd-4aaa-a4f9-18fc6d2c5a9a,web
948e85d9-4f8c-4d5a-9da5-f25201d8a925,Kimberly,Wright,kimberly.wright791@yahoo.com,140.383.5258x66384,M,1994-01-27,2016-03-02,14484 Leslie Mill Suite 474,Lake Cristinabury,Texas,Faroe Islands,c1f4cef1-2778-46e7-9fee-1c86ffff1aca,web
e0620ad3-1a38-4f7d-81d0-6bbdb26f5470,Elizabeth,Holloway,elizabeth.holloway873@yahoo.com,452.247.2288x53243,F,2006-07-04,2021-10-18,3987 Daniel Rapid Apt. 714,Shelbytown,Florida,Suriname,b9eb2e62-95b0-4400-9fab-0dc66dcafd4b,app
62476a4f-559d-4f1a-a28b-46e554ce49ce,Emily,Myers,emily.myers482@gmail.com,220.462.9025x64171,M,1967-03-28,2023-04-06,894 Joshua Roads Suite 001,West Joshua,Hawaii,Mozambique,c5fd6f08-4b52-4fb3-b0c4-46769da1c5ec,web
24532631-df52-4442-8791-9bc0bd0f66d4, Wanda,FFlloores,wanda.flores741@gmail.com,822-417-4848,F,1964-11-27,2014-01-11,5952 Kenneth Mews Suite 954,Myersland,Maryland,Zambia,eadf8de4-fc2c-44f8-854a-06cf51c9d8a2,referral
9412a9b3-7aa4-4485-bb73-bef979a6f935,Rebecca,Ortiz,rebecca.ortiz805@hotmail.com,711.790.4106,M,1976-03-22,2017-06-10,4905 York Village,South Deborah,Nevada,Bahrain,5eacb91c-8964-453a-a1ac-d7e0f681ef13,app
12e3cc94-34b6-4452-8f73-053b46a7b318,Dawn,Hall,jessica.morris804@gmail.com,(512)067-0072,M,1973-07-13,2019-03-18,1038 BRADLEY SPRINGS SUITE 824,West James,Texas,Vanuatu,203b5b42-ff15-40a4-b678-b61c4561a150,web
ced1b0ac-7233-42bd-a25c-603bdaafb49b,bRIDGET, Summers,bridget.summers186@hotmail.com,364-210-2759x68955,M,1964-06-14,2025-05-23,63924 Deborah Underpass Suite 177,Port Michaelberg,South Dakota,Tonga,36493d5d-9eb0-4b81-9af7-5ea8bb649278,web
44c6d1b8-156a-4357-8e63-a7a4c2a08cc6,Sara,Potter,sara.potter231@hotmail.com,997.176.3054x30501,F,1981-03-13,2014-04-27,733 Brian Street Suite 564,Lake Patricia,Colorado,Liechtenstein,fbfe5b19-220e-4e46-98b5-7e2b3de84df1,web
dc50d6ac-ffcf-499d-85e1-f9df4250c1f3,Joseph,Cole,joseph.cole251@hotmail.com,(038)990-1920x85068,M,1959-12-28,2020-01-07,168 Nicholas Forges Apt. 082,Batesstad,Rhode Island,Lao People's Democratic Republic,7e13bbe9-753b-40c9-9d98-925e2bea5f29,referral
697e586b-f216-4c0d-b1c6-6e4c139b25e0,ANGELA,rOBLES,angela.robles992@yahoo.com,(451)248-8674,M,1990-02-27,2018-02-27,1708 Randy Springs,East Michael,New York,Burkina Faso,fa816e20-6c5c-4ff4-be0d-3f245ee5f2e9,web
157c1b5c-d18d-4b0c-979b-36ec2d272e45,Chelsea ,PARKER,chelsea.parker030@hotmail.com,(292)680-5042,M,1998-12-25,2018-06-26,92603 Jones Groves,Codychester,Missouri,Jordan,252798f3-3985-4520-aff6-8655f9af6fd9,web
098c0afe-2215-4f3e-bc41-18766527ea01,Jessica,Gallagher,jessica.gallagher703@yahoo.com,(724)082-1360,M,1998-11-27,2016-08-17,248 Teresa Gardens,North Tiffany,Idaho,Solomon Islands,16b5092b-1329-49cd-9a20-af584292959d,referral
d612da51-870d-4f0a-a923-a402368ff6a1,Kimberly,Moore,,950-181-9131x8803,M,1978-06-07,2016-10-23,71476 Hahn Stream,Ramseyville,Mississippi,Finland,2b91d0f4-6bf6-4fa3-a3a8-eb4e73b55140,referral
21d7d64c-96c7-4803-88f7-e6e440de9313,Lindsey,Soto,lindsey.soto447@yahoo.com,+1-632-937-0397x630,M,1994-12-05,2015-05-25,23076 Shannon Point Apt. 661,Margaretland,Nevada,Ukraine,5354d545-55b8-4dcd-bfd8-90966ff66b40,app
0c413017-0755-4254-8c24-3f18fe62d54d,Stephanie,Thompson,stephanie.thompson115@yahoo.com,146.748.5845,F,1965-10-14,2025-01-15,12315 Victoria Port Suite 721,West Johnland,South Carolina,Palau,ad676a11-7dbe-4429-b5b5-dfd5d558c45a,referral
dbc87be6-8b43-497a-b3a5-9bc658a579d9,Luke,Powers,luke.powers020@hotmail.com,802.775.0484,M,2007-04-24,2014-03-05,703 Williams Groves Apt. 097,Sanchezstad,Oklahoma,Egypt,012f5c78-24af-476c-b3af-68a30ae12f86,app
fb613a8f-fbe9-4b93-85d1-a011d31e3aed,TAMARA,Chavez ,tamara.chavez689@hotmail.com,+1-942-797-6738x281,F,1966-12-29,2019-11-18,74361 Kayla Oval,West Dianafurt,Tennessee,Congo,cc6a6a8b-ff44-4bc6-8ef6-653b674fb0cc,referral
dbb2b782-ca90-486a-87f1-d982110a5749,Brian,Gonzales,brian.gonzales270@yahoo.com,734.209.9951x4312,F,2000-02-08,2019-04-17,485 Gutierrez Fields Apt. 418,Marcoburgh,Arkansas,Cocos (Keeling) Islands,82955f95-ae21-41d5-88e3-2f5e8eff2aaa,web
f7ed852c-c9e2-498b-b3f6-46b411fa2bdc,CChhrristian,Roberts ,christian.roberts855@hotmail.com,063.966.4365x7540,M,1967-03-05,2024-03-01,93804 English Ridges,Nicoleview,New Mexico,Belize,6886ed4b-7f14-4b95-a0a3-87ab2ef2fbaa,web
528ac916-a4fc-46ab-94a2-3ece49bc69e8,Sara,Kramer,sara.kramer822@hotmail.com,758.943.5255,M,2007-06-29,2015-09-22,2204 Campbell Stravenue Apt. 533,East Matthewfort,Mississippi,Mozambique,553472c0-7a13-4639-900f-c4eb5699397d,referral
edde79de-f3dd-4e53-9f4f-4a741c4cd2b9,Betty,Ferguson,betty.ferguson819@yahoo.com,001-796-094-0935x86881,F,1989-11-07,2021-06-26,68755 Thomas Green,North Derrick,Oregon,Italy,c5aa6a34-a27c-43ce-8a63-9ab6a1c61ea0,web
509a1f7a-2456-4e94-be77-8734770c3ce5,Brandon,Gregory,brandon.gregory527@hotmail.com,619.691.5792x58254,O,1964-04-24,2021-07-02,6706 Brown Valleys,South Daniel,Idaho,Somalia,46a1beb3-d1fe-4238-b889-1a0c2dda97d8,app
9af081d5-8228-4148-bd39-605ea02c397c,Christopher,Parks,christopher.parks757@hotmail.com,953.896.0854x10330,O,1957-11-10,2022-03-17,70318 Maldonado Field Suite 619,Kennethside,Washington,Timor-Leste,9e7e0508-7099-4bbb-8060-985f5ce0b5c0,app
4a7f42c6-6628-4e56-a7a3-62c6790b2527,Kyle*,MCMAHON,kyle.mcmahon527@gmail.com,984-321-3523x33397,M,1980-02-05,2013-12-21,542 Logan Ports Apt. 526,East Sarah,Indiana,Colombia,30a02852-7f7e-4a0c-9d36-ee24f5c05ead,app
b6d69f84-852b-4721-ac92-7fa1c6565f74,Stephanie,Bernard,stephanie.bernard473@gmail.com,(940)591-1978,F,1973-11-28,2017-04-14,967 Smith Mills,Bryceland,Arkansas,Jordan,7b9c1d31-aaf2-4d0a-87ce-dc08b2e7415e,app
8f41cfc0-1ac0-4998-b7a4-ee511589c71d,T2odd,T0aylor,todd.taylor175@hotmail.com,111.183.9008x892,M,1965-11-23,2019-07-16,77204 Debbie Trace,Devinside,Idaho,Botswana,18a8abec-c622-4c9f-b5cb-1fc947b03efe,referral
48580860-6c01-4ab7-a3fd-8321b3b58b9b,Crystal ,RRuussso,crystal.russo989@hotmail.com,+1-847-277-1566,F,1975-02-13,2014-07-19,275 Fields Lodge Suite 058,Lake Robert,New Mexico,Haiti,c2782130-c9f0-4c4c-b707-f888cec995ca,web
71290f66-d1d4-46a2-b42a-482d98aba85f,Mark,Cobb,mark.cobb564@hotmail.com,878.282.6451,F,1971-03-26,2022-08-17,9855 Molly Islands,North Daisyton,Wisconsin,Russian Federation,53518b2a-6a1a-4f75-a6c2-25e5ba1371ed,web
f64da03e-fef0-42ea-bba9-7ebfab6e2d1f,Tanya ,Cra7wford,tanya.crawford869@hotmail.com,(990)214-5653x862,F,2001-03-24,2023-10-26,8062 Obrien Forges Suite 277,East Maurice,Virginia,Eritrea,1765bb19-9e44-440a-b721-2cffcacd85b3,referral
40638f84-b69d-46e5-92c8-8f19f931265d,Albert,Flores,jorge.goodwin177@gmail.com,299-186-4257,F,2002-12-04,2025-06-24,4075 SARA LOCKS,Loganmouth,Arizona,Saint Lucia,322f4e34-aa09-41a6-871a-065b4379a3f3,web
dda13f12-683a-44b2-a4f9-1978fc72a587,Travis,Johnson,travis.johnson018@gmail.com,758-182-2998x08877,F,1966-07-10,2021-04-24,6034 Turner Shoal Apt. 785,Lake Eric,Illinois,Solomon Islands,092d0b84-708b-4520-9b96-26a789b9ff0b,web
18255676-5e42-4713-9437-f8dbbc9ce392,Adam , Olson,adam.olson167@yahoo.com,495-516-6597,F,1965-05-10,2020-05-14,76324 Avila Fields,South Ray,Arkansas,Belarus,b2504c76-f5e6-4255-8d13-7db0ddd1b3b2,web
1f349ebc-f9fd-401d-b4e4-1725bfe0cb70,Paul!,W1ood,paul.wood552@yahoo.com,483.442.9904x9755,F,1991-03-07,2022-09-23,2402 Adkins View Suite 572,West Cynthia,Tennessee,Rwanda,bc3e3302-6ce7-416a-a8b0-ee1afd94c028,web
9e1528b9-9b04-4539-983f-a0b1772e5f51,Laurie,Smith,laurie.smith148@yahoo.com,466.313.4855x209,M,2004-11-18,2016-11-03,274 Thompson Alley,Hendersontown,North Dakota,Albania,2541af34-1e58-4089-b4dd-0808165c59fa,web
beb3e7c9-7473-401e-aff9-7d24d26f88f3,Mark,Macdonald,mark.macdonald628@gmail.com,+1-699-604-4464x64726,M,1996-01-06,2024-12-10,5025 Spencer Bypass,Williambury,Delaware,Norfolk Island,adfb3115-0e95-4173-9750-8a45f4d72c7b,referral
5d8bcc75-07f4-4b5f-9d3a-d169a87879d8,Tanner,Lucas,tanner.lucas010@gmail.com,333.356.6073,M,1978-08-15,2019-09-11,8024 Kyle Course,Sotofort,Kentucky,Luxembourg,61e46388-c06b-4ace-8e0a-23c1e0d74521,app
c6f2920f-49b5-4e9d-81fc-9f4ab1aa3a5f,Chase,Greer,chase.greer971@yahoo.com,001-343-647-6221x2157,F,1958-08-22,2014-07-21,52606 Stephen Mission Suite 701,Thomasbury,Alaska,Comoros,3c08c884-6983-4c9c-8a77-ce783ef8648b,app
7466a542-c5fd-41f6-a5dd-5e57f649bfdc,Nicole,Miller,nicole.miller366@hotmail.com,088.512.5582x487,O,1968-02-02,2015-01-18,0683 Grant Radial Suite 381,North Lauren,Michigan,British Indian Ocean Territory (Chagos Archipelago),bee73431-a2db-43f9-a0da-08984e53935b,web
ca748e8d-bf2a-48dc-aeb6-a78367b9ad06,John,Harris,tiffany.dixon205@yahoo.com,886.485.6069,M,1976-06-29,2018-06-27,6220 CASSANDRA VALLEY APT. 381,Port Rogermouth,South Carolina,New Caledonia,46150fa8-03b1-463c-b153-104805d0cda4,referral
a4ba06a3-05f4-411f-870e-68f6957ef78d,Tyl1er,Fischer ,joseph.garcia040@yahoo.com,212.592.1895x26477,F,1967-04-06,2015-12-16,9781 Jenna Creek,North Brent,Maryland,Latvia,e1a4f8a5-269a-46c2-a908-54248f25a329;2a57f9ff-18f0-48b0-a3de-b90c52bdc885;61113a5e-0c5c-490a-985b-47fb369b19b7;f8e6a0c9-88bc-4272-b0ea-0e5a3950c7f7;19fe58e4-9cff-4406-84d7-c45084d742ef,web
da28147d-528e-4b70-a482-d58d554b6c8c,Nina,Perez,nina.perez331@hotmail.com,5450233759,F,1988-03-14,2019-01-16,85482 Joseph Lights,Nelsonhaven,West Virginia,Malawi,ba618ea8-10a3-42be-9f97-bffb1d128323,app
eb6b4fd8-b505-4dbe-ab6d-7c440af5624f,Amy,Watson,amy.watson556@hotmail.com,6831324391,F,1960-08-23,2018-08-31,64300 Harper Canyon,Ortegaburgh,Louisiana,Indonesia,31eb4754-8833-4101-ab39-1ddd60f5f439,app
71ed5d66-9f7f-4891-a18e-fb78ecae491c,Natalie,Castro,natalie.castro849@gmail.com,+1-785-252-5186x6469,M,1957-04-06,2021-05-02,52379 Isabel Brook Suite 564,Lake Peggy,Kansas,Antigua and Barbuda,64475286-ade1-46fb-bc71-1dbf841fd4a8,referral
f1b3142a-9e3d-410a-863e-7542a626bf57,Jennifer,Williams,jennifer.williams121@hotmail.com,001-403-183-1842x88741,M,1994-02-24,2025-01-22,4408 Erin Knoll Apt. 053,Calebstad,New Hampshire,Greece,d50381e5-4784-452a-a454-0649b0032f57,web
6daefb89-4896-42b4-b81b-7285a968e649,Christopher ,WWaalllace,jennifer.chambers097@hotmail.com,850-002-4184x911,O,1996-06-27,2023-09-10,091 Shawn Burg Apt. 227,Andrewport,Arkansas,Luxembourg,4fb789f2-10a6-4bb7-94e0-9c92ef47bc18,web
fa7503e7-3395-41af-8d65-e34e1666cff6,Vanessa,Rosario,vanessa.rosario462@yahoo.com,064.051.6128,F,1960-10-27,2014-05-17,4713 Crystal Skyway Suite 830,Mendezmouth,Alaska,Andorra,d9552de9-6227-4c82-8e8c-481e8e87ce9b,referral
3b9909a8-8f00-41aa-abee-520d15228f27,Mariah,Terrell,mariah.terrell623@hotmail.com,357.818.2322,F,1987-05-24,2014-03-17,3983 Gilbert Street Apt. 724,New Timothyfurt,South Carolina,Reunion,4f88b284-6fc9-4a43-b0ac-a8eb78762398,referral
ce46f942-0ed8-48f8-bcb6-8a11e95b1416, Michael,pATRICK,michael.patrick088@yahoo.com,983.396.2865x67668,M,1995-02-03,2022-12-05,526 Amber Plains Apt. 830,Erinland,Missouri,Malta,c8482b28-2f2a-464a-9995-d71cf6b73a82,referral
00bf586f-ca6a-4078-bfad-b826584d2a43,ROBERT,Rangel ,robert.rangel088@gmail.com,676-643-9379,F,1980-07-20,2014-01-02,54621 Ryan Forks Suite 015,Lake Cherylburgh,Colorado,Mexico,d23dc547-663c-402f-9efb-41cc242d60dc,web
8ce01eeb-5950-4cf6-ba95-37076ee6d188,William,Parker,brenda.kelly403@gmail.com,001-807-615-9702x5220,O,1995-09-15,2022-02-21,457 Alan Unions Suite 249,Sanchezside,Iowa,Isle of Man,99ba42ae-d2dd-4c8c-bac9-4c68f65b7cad;16762ebd-9b3c-413d-b631-e91ca5d321b8,web
60e16a8f-c086-4415-b236-13de07dc7a51,Kimberly,Lopez,kimberly.lopez891@hotmail.com,001-279-370-9097x3767,F,1964-03-22,2025-04-06,50568 Timothy Lakes,East Kristophermouth,Minnesota,Nigeria,17aced50-3155-4026-95c4-772f664ac738,web
8cc3d104-529b-441b-950e-46d16b45d928,Melissa,Jones,melissa.jones726@yahoo.com,001-866-836-8145x85038,M,1995-03-07,2023-01-13,478 Beth Plain Suite 121,Lake Tinatown,New York,Czech Republic,f716d7b6-7512-49a4-9631-b438d2bff872,web
9766eb2f-8dac-466d-bc76-277c974ad8fc,Johnathan,Cox,johnathan.cox548@yahoo.com,001-937-903-2751,F,1999-05-02,2014-12-24,3172 Rhonda Mews,West Jessica,Michigan,Antarctica (the territory South of 60 deg S),5431446e-f66b-4163-b349-6ff3f449a451,web
55175e29-c609-420e-8068-72bd47a1d00f,Lindsey,Gillespie,lindsey.gillespie535@gmail.com,8033417709,O,2003-07-31,2023-04-06,226 Margaret Ford Suite 393,Roachberg,New Mexico,Uruguay,f9c17a1c-ab2b-4398-992c-9a1ee3907a65,referral
a6832ae3-e257-47b2-8c3e-6772f078c90d,Courtney,Mckay,courtney.mckay903@gmail.com,(722)093-0209x668,F,1999-06-15,2024-02-09,51006 Stuart Greens Apt. 042,Port Darryltown,Connecticut,Colombia,9bd0d914-6713-4dbd-817d-f37013bbd393,web
63d3e6bb-bcf3-45ea-b9c1-106ac9de4da3,Dave ,santos,dave.santos708@yahoo.com,1277730178,M,1980-05-24,2020-06-29,271 Sheila Heights,South Jonathan,Mississippi,Slovakia (Slovak Republic),df993cc6-05da-41ad-b194-2ea1e6eb3e48,web
063137f2-1af8-4095-aa45-049527bacaac,Maria,Williams,maria.williams672@hotmail.com,(908)997-8502,M,1964-12-01,2016-10-02,539 Barbara Lock Suite 598,North Larryview,Kentucky,Portugal,3c75546a-8bec-4aa4-9bf8-881a401ed1b3,referral
d6712a65-8e9d-4215-ae23-f3b015782e59,Melissa,Wolf,renee.marquez772@gmail.com,001-806-918-2550x78120,O,1967-04-18,2015-11-18,67388 Anderson Land,Lake Bryanshire,Pennsylvania,American Samoa,2e6a95a5-6945-4b96-b4a3-28274a4b0f35;a8f8679a-57d3-4c11-bd27-fdc2ed1a0831;4b0acfd2-59cb-46fd-8116-c03d9581f2b6;12bf2922-fdf8-4163-bbe7-5de16e6c9fc5,web
07f84350-c1d0-450d-9422-8ae51d9fbb85,Colin,Monroe,colin.monroe370@gmail.com,(832)232-0175,M,1969-10-15,2021-05-16,2963 Lee Mills,West Robin,Maine,Latvia,589566b3-bdc2-4115-9b4b-308e24147dad,app
35260b8c-333c-4266-a106-cc2d4b793b54,CCaarrolyn,pEARSON,carolyn.pearson220@gmail.com,698.329.1124x78396,F,1990-01-14,2019-10-23,1021 Benjamin Stream Suite 532,Joelshire,Idaho,Andorra,deded42a-b064-4762-abfb-7fb1943e7162,web
1aadc541-b425-418b-a157-4cb06129103e,Michelle,Wade,michelle.wade541@yahoo.com,+1-820-725-8913x33916,M,1963-03-05,2022-08-05,0205 Washington Loaf Apt. 111,West Victorstad,Tennessee,Honduras,bfa052be-cf5a-4352-a44a-b521856bc0e2,referral
ad7f2558-f35b-4049-8627-6b37daf04f5a,dAVID,Foster ,david.foster333@hotmail.com,(677)130-0400,M,1967-05-15,2014-04-03,7876 Lisa Cove Suite 571,South Anna,Michigan,Micronesia,7ba5e5d1-71d0-463b-8e79-79e2c1db6624,web
ebd71ef3-bf6d-493b-b247-918fa5d0eab0,JAVIER,Brewer ,javier.brewer192@yahoo.com,252.433.6194,F,1983-04-24,2019-03-13,301 Baker Springs,South Timothy,Virginia,Estonia,aba62e41-a46c-4a7b-bdb3-a2fa07aefb09,referral
26f14772-3f5a-40d3-a5d2-4a6e22abbaff,Lori,Marshall,lori.marshall320@yahoo.com,(269)262-7871x0595,F,1977-04-03,2025-09-20,11559 Jason Walks Suite 362,Heatherborough,New York,New Caledonia,85d392bc-4e41-449e-8b94-b3e27747e18a,referral
9570647e-078a-4170-a634-2001bb64eecb,Kirk,Harris,kirk.harris319@gmail.com,702.229.3541x9407,M,1979-08-06,2023-03-03,31743 Lewis Club Apt. 418,West Troyside,South Dakota,Canada,5695cdac-ba66-4531-8a99-d8701b866fab,app
b2448b88-57d1-4ca9-b7c3-9903371ba42f,Anthony,Palmer,anthony.palmer325@yahoo.com,001-054-244-3750,M,1991-06-22,2015-02-24,2040 Lindsey Trail,Andreaville,Florida,Egypt,348350c1-cb92-4cb1-a80c-65b3158f91c5,app
cafe34fe-4357-4c68-9515-844d82eb9425,Morgan,Myers,shared1668@gmail.com,190.984.9374x83715,O,2004-09-21,2017-06-03,32880 Lang Ridge,South Nancyville,South Carolina,Saint Barthelemy,02606583-c2cb-4c34-b515-6f485b001380,app
bbe21674-b835-4381-bf1c-0eda587d4eb6,Angie,Anderson,angie.anderson558@gmail.com,(553)834-8626x0536,M,1965-05-10,2014-07-24,65016 Jose Rapid,Bethberg,Mississippi,Lithuania,11bec4b4-dff3-42b6-9d3e-e5563862ac37,referral
1fd28479-dc2d-4979-82d1-e058395536c0,Alex,Gonzales,alex.gonzales594@hotmail.com,+1-189-868-1949x598,M,1991-03-19,2016-09-01,0128 Kim Mountains,Nicholasland,Virginia,Norfolk Island,c77e0e2a-a24b-456b-bed9-cd410b24f9e9,referral
98591973-8d5d-45b8-9d1e-875585a723e8, Melissa,Walters ,shared1662@hotmail.com,795.816.2607x302,F,1969-06-30,2018-02-20,1095 Anthony Fall Apt. 215,Richardstad,Indiana,Singapore,32a09c5c-cee9-439f-9f73-dde21894c372,referral
666e1799-c560-4c6e-891f-db7d491b1b98,roberto,DOUGHERTY,roberto.dougherty009@yahoo.com,024-331-3407x969,F,1965-08-21,2018-04-13,2648 Andrew Gardens,Port Danielle,Louisiana,Spain,9910e719-7376-4302-bdad-6398521f7e3c,web
dfff0719-9dca-4e4a-b623-6e62c44c8eab,Tasha,Willis,tasha.willis576@yahoo.com,(708)681-5404x1955,F,1973-11-21,2023-07-01,9255 Tracy Route,Mcdanieltown,Wyoming,Syrian Arab Republic,77df3c28-50de-4ee9-9389-3705fef482d5,app
0f0a9246-5e2c-4693-aa06-7e23f5e985a3,Mary,Sims,,974-086-1440,M,2000-08-17,2022-09-14,753 Christian Branch,South Summer,Maine,Iraq,9ec96e08-2005-4bb0-b8dc-bbb0cd3c8519,web
183f8f76-a24b-44af-86a7-447e4f8e6a7b,Karen,Dougherty,karen.dougherty566@gmail.com,837-210-8601,M,1989-05-04,2018-01-21,60772 Candice Fork Apt. 478,East Melissa,Colorado,Saudi Arabia,6ac4b4b3-67b0-473b-afaa-f47226ad78e9,web
d120d9c6-6ac2-4b36-8166-0a914f29c111,Thomas,Simmons,thomas.simmons308@yahoo.com,001-926-576-1242x3314,M,1997-03-22,2020-03-20,1087 Monique Summit,South Walterbury,Oklahoma,Serbia,ed29daaf-f93f-4cb2-9011-c1d0f2b3d1ac,web
cd80964c-cf9a-4fec-914c-66df5c296469,Elizabeth,Carr,elizabeth.carr581@yahoo.com,(456)887-4554,M,1958-05-30,2022-07-08,532 Johnson Stream,Mcdanielfort,Georgia,Bangladesh,c70aca07-729c-45f4-bb50-3103b637cd40,web
1b75a59c-a315-4aae-a389-317f2b88c512,Theresa,Garcia,theresa.garcia967@hotmail.com,0402809170,O,1960-04-25,2022-07-11,556 Robert Drive,Michaelmouth,Ohio,Latvia,89f06cd2-8bac-45f6-9127-a5c5ea18a26c,referral
c44afe8d-b689-4aa3-a2f6-5d0806ab89a1,William ,Lewis ,kelly.cooper553@yahoo.com,+1-002-109-8766x6127,O,1967-06-10,2021-04-21,196 Mary Roads,Gabrielville,Alabama,Fiji,328ee652-6902-4a74-bf3a-a0b4e9643920;d4a776e8-bd13-4c73-9291-bac04e91681c;d21bd311-893d-4a8a-8c76-d8c8c0a2c098;c6acbb50-a6b1-4d61-a7e8-87984fd1a4a7;559df0f5-2a9d-4e61-b6d8-7414f637e558,app
ae933460-dcfc-4860-a677-b3e81dd0e076, Jessica,Spe6ncer,jessica.spencer827@hotmail.com,(827)295-9861,M,2002-12-21,2017-08-26,45477 Katelyn Ramp Apt. 508,South Jennifer,California,Kenya,57e5d44f-f9da-4d4c-be5a-54f957147712,app
2a2bac75-9dcc-4fe2-8f26-d6283ce52cec,Frank,Shaw,frank.shaw357@hotmail.com,001-495-239-1593,O,1997-07-09,2017-02-14,824 Eric Corner,Andreafurt,Washington,Finland,d3e700f4-ec6f-42b0-8aec-5ebd215d1d42,web
d441c9c8-d3d7-4e45-95ac-784d823b6d13,Jennifer!,reyes,jennifer.reyes028@yahoo.com,7880927219,O,1965-12-25,2018-04-06,957 Steele Square Apt. 405,Courtneytown,North Dakota,Comoros,808451d9-33dc-4f1f-b529-96fa7da70e2f,app
9dfd9b52-7886-4343-a033-9ed3b483d97d,Gregory,Hernandez,gregory.hernandez665@yahoo.com,6085152350,F,1991-03-28,2016-05-29,27299 Meyer Place,Gordonmouth,California,Afghanistan,05ee3d0b-754f-4f40-aa42-9c98c969b1cc,web
713a77a2-029b-4a7d-b025-62a7cd6ed82b,Patrick,Young,patrick.young370@hotmail.com,(438)095-2975,F,1980-01-15,2024-04-02,1826 Charles Pines,Cherylburgh,Georgia,Afghanistan,7b1fb33a-7e5c-430d-8405-abd09ba0395d,web
b845e6cf-509b-4e16-ac58-41f9a2ba2c2f,Dylan,Jones,shelby.anderson477@hotmail.com,041-541-4837,F,1980-08-13,2025-09-18,713 BRIAN PATH SUITE 635,Janetstad,Connecticut,Guinea,3b1b5150-2340-4329-8828-27dd8eaa80e9,web
5a50c332-b652-46c9-9806-ed07587a3919,Dylan,Lee,laura.sims408@gmail.com,(134)666-5345,O,1998-05-23,2021-04-25,8717 Stephenson Glen,East Margaret,North Carolina,Cyprus,443a7e54-c757-458c-a11d-5417c3bb1892;2910dc4a-9d6e-4341-a5ff-098a5dc87331;42f0b984-ca4f-4a1e-8506-e64c202ae6b5;3e8aaf11-a878-46d9-87bf-c59b487d26b3,referral
8870f36c-5a32-415f-b660-702e08c146a4,Amber,Walker,amber.walker232@hotmail.com,+1-271-266-3799x2993,M,1966-09-11,2018-12-03,51031 Sarah Trail,East Jose,Massachusetts,Uganda,b5695781-5ef3-4a8b-bc84-cb1cdf0ac3e3,referral
ada457e1-4f82-4b60-bef6-35cf864892b5,Trevor,Griffin,shared1644@gmail.com,001-008-749-8722x41735,F,1976-05-17,2020-12-13,2554 Patrick Island,Trujilloburgh,West Virginia,Jersey,70fe2415-0754-4a52-8556-021116c93d21,app
a73c2103-27bc-476d-b82d-db0dc12b80da,Thomas,Anderson,thomas.anderson464@hotmail.com,(610)012-6684,M,1974-02-03,2023-03-08,9475 Harry Parks Suite 821,New Michael,Massachusetts,Somalia,fa0c9186-e31d-4017-89eb-8c255730ca5d,web
d5505ce9-6081-4983-8c83-8f8c6a8a653d,Albert,Lewis,albert.lewis199@hotmail.com,315.371.6821,F,1988-03-11,2023-11-25,573 Sarah Springs Apt. 313,Christopherbury,New Hampshire,Yemen,16eb11d8-90cb-496e-9938-2beda5da8bf0,web
694e143d-7dee-4376-a87c-21ba2749fc28,Kurt,Robinson,kurt.robinson037@yahoo.com,001-845-183-2936x9132,F,1976-03-05,2021-09-12,6510 Johnson Springs Apt. 695,Natashamouth,Arizona,Hungary,947b53a7-673d-4a3d-9fa5-7ac042ed737b,web
4667ef18-8dd4-4a65-99e2-096ba81c1aaf,Michael,Wolfe,michael.wolfe446@gmail.com,001-848-033-7244,M,1994-05-23,2018-12-25,8505 Stacey Overpass Apt. 549,East Courtneyburgh,Arizona,Malta,b19d9163-31df-4a2b-b21e-b8b201ee3676,web
a557ff3c-af60-4bb3-b95a-7c5fd325cee7,Ka7tie,P3ayne,katie.payne892@hotmail.com,001-097-494-2670x38744,F,1996-11-18,2017-06-04,4515 Patricia Street Suite 393,Marciaville,Massachusetts,Saint Helena,1564e477-d779-47ed-ba6f-b2d0ded46785,web
3c33f6ee-44d8-477f-bde0-f76f8fd2b362,Nathan,Shields,nathan.shields585@yahoo.com,381.029.5948x97058,F,2000-06-23,2017-02-28,8050 Brian Shoal,Benjaminhaven,Oklahoma,Maldives,a4eb6ee9-017b-4e0b-8606-867bed3f2485,app
9ef331eb-fa45-453b-b490-0e8fc571b667,David,Briggs,david.briggs200@gmail.com,001-296-703-9267x076,M,2004-11-26,2016-05-30,21135 Robert Field,East Brian,Florida,Sudan,3d14181b-0f51-4cd4-9374-0f5b469b6a5e,app
2d632a92-0603-4a2e-a018-300674f49646,Jodi,Wyatt,jodi.wyatt410@gmail.com,(291)008-9192,M,1977-02-18,2018-08-16,206 Berg Manor,East Sandrafurt,Colorado,Papua New Guinea,d996c664-4374-42df-bfe4-c898eb4a2771,referral
87bd8cda-f8ab-4a10-96d6-e758dd8f437a,Kimberly,Singh,kimberly.singh248@hotmail.com,754.511.2120,F,1996-10-24,2023-04-08,1292 Lawrence Gardens,South Lorimouth,Texas,Sudan,345ff025-b1e5-47bf-97d7-5707a242705f,app
aba6cca0-3742-4575-8e93-2655ff1a54b3,eRIN,FERGUSON,erin.ferguson551@hotmail.com,+1-217-473-5870,M,1977-10-22,2018-12-28,0056 Fisher Avenue Apt. 648,Wolfstad,Wisconsin,Norway,38170edd-3505-41a9-b2ab-32f600edecbd,app
651ac465-a8c9-46b5-853e-4a5866ab7106,Ronald,Burgess,ronald.burgess069@yahoo.com,001-600-246-3177,F,1994-12-28,2014-04-05,6555 Wanda Field Suite 058,West Felicia,South Dakota,El Salvador,7ea32c2e-ad71-4c34-996f-5d8947c1fa19,app
6a72d1df-7e85-41af-a1dc-988191e4230f,Amber,Klein,amber.klein671@hotmail.com,001-047-639-9124x0881,F,1964-01-13,2025-10-15,42203 Manning Oval,Courtneyburgh,Alabama,Guam,ec864b72-1e0c-4901-a9f0-e1ed45bfe30f,app
11beda64-3c9d-4a46-81a1-341d482f10bb,Sean,Sheppard,sean.sheppard945@hotmail.com,+1-902-859-9000x7404,F,1990-06-20,2024-04-16,141 Cole Squares Apt. 476,Lake Erikchester,Michigan,British Indian Ocean Territory (Chagos Archipelago),5f45c9e2-6514-4032-bf33-4f3ec4ef60c0,web
2b1345b8-ab8f-4658-99b8-ab823bba8c1a,Melissa,Sanders,melissa.sanders590@gmail.com,9022011516,F,1979-10-23,2020-06-05,612 Carson Haven Apt. 602,Travisshire,Wisconsin,Kazakhstan,d92cec50-502e-4121-ab94-ce96b11544f0,web
1f2187ce-d331-4076-a235-bdf429c35a5a,aMBER,Hu6dson,amber.hudson797@hotmail.com,001-698-772-4452,M,2003-08-30,2018-08-06,00211 Crawford Knolls,Lake Mark,Oklahoma,Cambodia,201929f8-5cad-4fab-915b-261e115f5fe4,app
6cc694a2-7610-4963-9786-a21e406da2e4,Timothy!,norris,timothy.norris163@yahoo.com,+1-095-496-6769x2387,M,1960-02-25,2020-12-22,66590 Smith Village Apt. 069,Coxton,Oklahoma,Germany,5c495844-774c-4d62-bf28-92b022546f8c,app
2e30ed82-0dbf-4e17-9376-6016c316e55e,Tracy,Gibson,tracy.gibson839@gmail.com,+1-826-569-9302,O,1961-06-28,2016-06-12,77570 Gabriel Islands Apt. 962,South Jasmineville,Nebraska,Iceland,c0992962-dc6f-429e-b772-1166ed44755a,referral
882c220a-9162-4dd3-b400-a935ad862a10,Alexis,Chambers,alexis.chambers674@gmail.com,(548)915-1184x626,M,2001-01-18,2016-02-24,581 Holmes Pike Suite 784,Hernandezburgh,Pennsylvania,Bosnia and Herzegovina,54855e9a-23d8-4d97-93de-2ed8a242ffef,app
9f3199f5-7caa-4a14-93aa-3648882d4bd9,rachael,COWAN,rachael.cowan048@hotmail.com,713.821.1284,F,1962-12-01,2019-10-25,56669 James Causeway Suite 717,Port Christopher,Louisiana,Samoa,9461af46-9a9f-4639-8689-5f5b8a3bf116,app
bfe7cf90-ba60-4115-aab1-3ce783f78071, Patricia,dUDLEY,patricia.dudley740@hotmail.com,+1-614-802-8106,M,1998-05-19,2016-12-26,636 Todd Road,South Vanessa,Idaho,Djibouti,05cc4c47-feec-43f3-8c1f-80546fd9c18a,referral
a545a483-56be-4f56-8277-2d5436e45986,aDAM,Riley*,adam.riley263@gmail.com,886.594.8279x9802,M,1960-06-08,2020-05-12,573 Ryan Mill Suite 583,Brittanyshire,Louisiana,Gibraltar,6b96f236-6f66-466c-ae22-be3366326dee,referral
e41f9c3b-162d-4a06-8f0b-416aab3912b8,Brittany,Burns,brittany.burns714@gmail.com,001-331-253-2165,M,1980-05-04,2023-02-26,518 Powell Lakes,Port Eugenemouth,Georgia,Somalia,b4f8c24a-ccad-4641-bf8c-34119042f178,app
625dae2d-69fc-444a-a07a-b1b606111ef7, Debbie, Parrish,debbie.parrish571@gmail.com,001-807-033-7638x2461,M,1984-06-21,2020-05-02,365 Rodriguez Flats Apt. 556,North Samantha,South Dakota,Kenya,e18dc1e6-b532-446d-9e6b-415de18d5e94,referral
07ec1cbe-d29d-437f-b1d2-9ee1dd65e1f6,Tammy ,Harmon*,tammy.harmon506@hotmail.com,001-126-580-6754x1798,F,1961-05-22,2018-11-25,76887 Danielle Station,Russellport,Oklahoma,United States of America,078d9769-e089-4b35-b046-32ae265fbf9f,referral
ef19ab03-a803-4c36-94dd-cb9eae5eb807,James,Harrington,james.harrington821@gmail.com,350.712.9196,F,1980-09-19,2023-01-31,80583 Clark Mall Suite 402,Port Jordanview,North Carolina,Italy,9368216e-5450-4aca-aee6-588d46a92960,web
622cca0e-476a-4a98-a364-e503a704fa60,Jack,Thompson,jack.thompson004@hotmail.com,855.260.2077x178,F,1965-10-01,2014-04-20,720 Burke Keys,New Richard,Michigan,Marshall Islands,21fc28ee-444c-4e04-856e-45e484ee5499,app
0b559175-13f6-42b9-859f-c039928ba4c0,Rachel,Taylor,rachel.taylor676@gmail.com,624.268.1243x7628,F,1968-11-22,2016-08-19,126 Mckay Street,Bakerbury,Nebraska,Bosnia and Herzegovina,b5bdea35-5d5e-4b11-99ab-ec7d0793bfad,web
1cbe42d3-d0bc-4de0-8bdb-3995e2168cd2,Robert,Bowman,robert.bowman553@yahoo.com,(228)652-8127x08640,M,1975-07-22,2017-10-29,02717 Daniel Coves,Scottfort,Nevada,United Arab Emirates,8ca14a7c-8b7b-4c37-94c1-f4aaad61ce8b,app
e13ded80-2615-402e-983a-cd612a034226,Gerald,Reed,gerald.reed985@hotmail.com,001-674-203-4453,F,1963-08-23,2024-01-16,537 Cole Burg,South Brenda,Michigan,Barbados,90a97c4d-43d1-42f5-9477-e060737d617b,app
a4ba8cda-740e-4694-8c0e-ed19eb9a5d1a,Chris2topher,SSppeence,christopher.spence426@hotmail.com,843.499.4835,M,1999-07-25,2023-04-13,710 Gonzalez Circles,Paulstad,Maine,Denmark,be660d82-48c6-4fed-8ca3-17e1b1196674,referral
c7896f50-d1b2-41e4-9c26-3e29e6785b14,DONNA,Martine5z,donna.martinez892@yahoo.com,001-659-138-2735x42259,M,1962-11-29,2023-10-06,0156 Payne Cove,Lewismouth,Utah,Kuwait,42ab0c6f-8b87-4375-abb0-af8cbdacc365,web
56f05c94-7586-4588-a1a7-5dfa4069f671,Katherine,Jones,joshua.henderson338@yahoo.com,+1-661-863-2053x95854,M,2000-04-18,2023-04-15,02264 OWENS SPUR SUITE 955,Cunninghamview,Kentucky,Cayman Islands,067e54f0-4650-4db0-984a-0ce0b2929a40,referral
e99eaee3-0ef7-497f-a82c-2ac89fc66e76,Donald@,richard,donald.richard522@hotmail.com,001-496-928-8643x9950,M,1962-10-15,2017-12-01,69877 Sanchez Spur Apt. 494,Port Kellyton,Florida,Macao,49ab208e-6135-4e20-9a17-550e6a4c811b,web
232be1df-803a-4032-87fe-351412ffd6e1,Donald,Roach,donald.roach790@hotmail.com,544-991-9710x5856,F,1995-12-02,2019-03-06,8492 Warner Parkways Suite 158,Robbinsstad,Utah,Korea,7320c1e4-ea3b-4efc-ac8c-161ab5e099c5,referral
56e0febb-b351-4709-a906-ac3e5a2eca32,kenneth,CCaallhoun,kenneth.calhoun943@yahoo.com,(689)257-0450x712,M,1984-04-11,2021-11-22,4248 Samuel Expressway Apt. 158,Smithport,Louisiana,Madagascar,c8decca9-49d0-4019-a37d-b0b9b53c7d5d,web
0a261d6a-d2ae-400b-acff-9bb481b725c9,Tony!,SSiinngh,tony.singh190@hotmail.com,001-383-131-1135x9019,F,1984-11-02,2021-10-15,91200 Stacey Dale,Garyfort,South Dakota,Panama,79d03276-e160-4b96-b0f5-bd7bc424a825,referral
88d99864-56d0-4282-b4bf-499bc132cda3,Gary,Sampson,gary.sampson884@gmail.com,001-277-027-4739x713,F,1990-09-20,2016-07-01,3615 Daniel Throughway,Larrymouth,Arkansas,Mali,db910bb9-2746-4934-9718-f69bdb273f67,app
4c349a19-6fb2-4134-b96e-b6424f665da3, Matthew,Flores ,matthew.flores946@yahoo.com,519-624-1365,M,1961-07-19,2014-12-05,3975 Richard Mountain Apt. 249,North Dianahaven,New Hampshire,Afghanistan,caf4f3db-1713-44a1-aba7-d720fd8bdeb9,app
598185b0-4cf1-4f62-9e72-d562b9cb0aa7,Chelsea,Le,chelsea.le706@yahoo.com,001-360-449-4771,M,2002-07-29,2014-03-02,36560 Tiffany Port,Colleenmouth,Louisiana,Christmas Island,bd8d2804-9fbd-44cb-9275-3bbfa1dd1c87,referral
480777fe-c3de-472d-aaff-b06eba5beada,rAYMOND,KKiimm,raymond.kim232@hotmail.com,001-579-416-8358x86890,M,2004-06-22,2021-06-14,732 Reed Well Suite 465,Wardview,Hawaii,Mayotte,271f5b6d-4727-42dc-977b-e1c6a6d93952,app
4eac08ca-fe31-4aa6-8fcf-bca99f2d0f0a,Beth,Fuentes,beth.fuentes988@gmail.com,(154)601-3015,M,1989-05-16,2019-06-17,9037 Myers Forest Suite 152,South Jenniferberg,Florida,Yemen,4133c46a-9b6a-498d-bdff-08720e9d6650,referral
01793369-9228-4b17-8abd-f8c6fb59a17a,Matthew,Clark,matthew.clark561@hotmail.com,186-493-8850,F,1956-09-06,2017-05-14,1515 Smith Pass Suite 629,East Michaelshire,Texas,United Arab Emirates,41ee2dcb-9f55-4455-8d0d-fa15bae7bf59,web
f1dd252f-b0e7-436b-b1e3-b04bb3a3c0cc,Linda ,mOORE,ryan.campbell368@yahoo.com,001-302-099-0499x11529,F,1994-05-21,2016-07-02,85977 Michelle Trafficway,Tiffanyberg,Michigan,Cape Verde,15655edd-52c2-4566-8da6-596650fe824c;f4d2bdaf-fb7c-4f19-909f-e1086d49fc3c;4f923ff4-3e31-4d40-903e-7a373d8abd7a;f3c4d9b7-9a8b-4916-bdec-b26baa603865;3234d403-7b83-49a5-b0fd-b9c005d784dd;dd232294-3b76-4368-8a19-42a13d9f5aeb,web
e681f0a0-a43b-401e-9a6e-7600e1a1adf3,Sheri,Oconnor,shared1677@gmail.com,001-670-797-9071x4416,F,1971-08-14,2014-02-15,2567 Patrick Port,Lake Albert,Utah,Marshall Islands,110cff8f-6760-452e-b5b1-c493638553cb,app
5ba479e3-4ee5-460a-8642-cb01d526bbcf, Holly, Hayden,holly.hayden453@yahoo.com,467-989-4317,M,2004-08-07,2015-12-26,25328 Timothy Estates Suite 547,New Michael,New Mexico,Korea,89fefd1f-938c-4231-9f7d-c304e28151c6,app
9d8d258d-cfca-4623-91f4-6fac8e003304,Clayton,Byrd,clayton.byrd807@yahoo.com,(560)680-6962x18479,F,1990-02-07,2019-05-15,462 Daniels Skyway Suite 477,Maryton,Oregon,Togo,a207931b-aad3-4d19-94fe-03fdf3c5dbd7,web
c9b4438b-533f-4848-971f-0318fce4b483,Joseph,Ford,joseph.ford261@gmail.com,906.250.3382x2523,M,1970-10-14,2016-11-15,9740 Johnson Inlet,Stonefort,Minnesota,Heard Island and McDonald Islands,0c80f9ec-5ac5-4114-864a-06b3735fa9b8,referral
d0d09d24-e4fe-4db5-8f3e-af2b833c46a5, Theresa,rOCHA,theresa.rocha581@yahoo.com,470.530.4103x9373,O,1962-03-22,2023-06-12,9173 Brown Shores Suite 564,Martinberg,Missouri,Samoa,544505b5-3969-47f7-9496-273a4f540684,app
be247b2c-0ccf-41a3-ab71-db1fc59fd32e,Courtney,Jenkins,courtney.jenkins715@gmail.com,654.621.3048,F,1975-10-12,2016-04-05,2257 Wilson Road Apt. 268,Navarrofort,New York,Kiribati,6fec6133-429e-436e-b16d-cbc5ecbfd959,referral
3a9a129b-a19c-4f0a-b1a6-603c25d8751d,Michael,Jimenez,michael.jimenez779@gmail.com,986-088-0561x2160,F,1976-06-21,2020-11-13,435 Garrett Mall Apt. 646,Smithborough,Missouri,Jordan,7e782e68-9b29-4883-a001-c7e81e63d37d,referral
14437284-e820-4c4e-b900-e9a7c1e113f0,KAITLYN, Obrien,kaitlyn.obrien943@gmail.com,206-470-4660,F,1964-09-12,2020-12-07,1818 Davis Parkway,Herreraport,Oregon,Niger,e4bf24a4-d27f-4c27-b3f1-bbd5c60713c0,web
4ca528e6-652d-4700-9652-a3bc17cd55c8,Joseph,Mosley,joseph.mosley589@yahoo.com,001-052-125-2175x636,M,1956-04-09,2022-11-16,699 Arroyo Plaza Suite 901,Meganburgh,New York,New Zealand,c4d365a6-844a-444c-af75-469a90a842e7,app
49bbf698-c320-4d56-8aec-bc6c091f0e61,David,Riggs,david.riggs126@yahoo.com,964.142.1845x44163,M,1980-05-19,2019-11-30,5358 Andersen Streets,Clementsland,Oregon,Georgia,f837b537-3dd0-4444-a885-b026ba8bee48,referral
f41ed5b5-bb3e-4e23-8af0-bcffac3bef44,Mary,Perez,mary.perez205@gmail.com,847-398-9560,M,1988-07-30,2021-01-14,1746 Liu Courts,Oconnorburgh,Minnesota,United Kingdom,3a2cb017-2eca-48ec-9bad-84da8e238df6,app
001b714a-b422-41a1-b382-5713df862fcb,Melissa,Caldwell,michael.bailey567@hotmail.com,(293)441-1671,M,1972-02-29,2022-04-13,5078 Williams Canyon Suite 344,East Jesse,Missouri,Yemen,befbbb1f-b138-486e-acee-6e4b7da9b8f9;2b60985e-6dd4-4106-9e55-3689f0e67a10;0a6dbb2b-fd76-4828-8535-031e06e83f86,app
846ee547-9a79-4f70-9db4-379522fdb568,Susan,Peters,jean.foster235@hotmail.com,734.876.4743x4777,M,1967-07-08,2017-02-27,47441 Webb Park,Lake Devin,Vermont,Isle of Man,7e9a729a-3771-4f2e-904b-08268e3375de;40e84ad9-838b-46b3-b96a-be7ef58c09a2;8af5e8b2-3759-4a27-b8b0-044227a7aeab;3bc64dab-bb79-4cd1-a5b6-8db90ecd8a59;f84def34-2835-4683-8f2a-caa2ff8395dc,web
de55cef1-5876-410a-acd4-cf51b9b210ad,John,Malone,john.malone938@gmail.com,001-513-809-7326x58482,F,1984-09-08,2015-09-03,69253 Austin Light,Lake Erica,West Virginia,India,c8b36166-6442-4cb9-b429-7c9bdc442c98,referral
7235bdf0-9239-444c-b505-ebb93e48597e,Alexander,Gibson,alexander.gibson630@yahoo.com,(125)096-7558,M,1971-08-17,2024-10-27,5517 Thomas Fork,North Wendy,New Mexico,Kenya,f6d46933-8c6b-4b08-9ec0-5ac450bec78e,referral
468c1d5a-48be-4dbc-bc53-180bc24dfb17,Ashley,Perkins,ashley.perkins689@hotmail.com,001-365-135-2919x52991,M,1956-08-29,2022-06-18,052 Golden Centers,Maddenville,Virginia,Sri Lanka,a43c8187-56b4-4c6b-99eb-95c6a936478d,app
8d6154a5-dc70-4fbf-bf84-c78b49f2d852,Randy,Lewis,randy.lewis553@yahoo.com,921-272-3150x99210,F,1973-07-10,2019-09-01,9850 Davis Dam,Johnsonmouth,Maryland,Solomon Islands,4d094d52-bbef-4dab-a4e6-c0d16ea952f1,referral
1fc60a6e-5567-432c-b2be-ad835aca9233,Charles,Mathews,charles.mathews367@yahoo.com,112.430.7884x706,M,1979-02-10,2017-06-13,42871 Gomez Mews Apt. 985,Thomasville,Montana,British Indian Ocean Territory (Chagos Archipelago),3a1c7778-1962-4e7d-a3ac-3a7d61fe2a8c,app
53ec99ae-fdea-4c0d-bc4c-f1af25736f4a,James,Peters,shared1712@yahoo.com,390.009.3455x22899,M,1960-05-23,2025-09-16,5331 Daniel Brooks,Millsshire,Oregon,Maldives,b2200010-76e0-401b-8ae5-021e56f8b06f,web
048af274-c982-411e-8ace-39c9c10e8e06,Jenna,Young,jenna.young184@hotmail.com,2750576877,M,1962-08-25,2019-09-30,823 Lawrence Corner,Robinsonside,Wisconsin,Albania,15bb6782-ddfa-4400-aa08-6e4497247373,web
9a7db6f6-4f4a-49eb-9de4-1285c235c7dd,Alexander,Gray,alexander.gray790@yahoo.com,081.547.8109,M,1966-06-27,2018-06-05,689 Osborn Parkways,Kingside,New Hampshire,Finland,dddd55b2-9e1e-4c4b-9ea5-2cad57af00ae,app
50d62386-4a44-4d25-b9bd-70d2084c7402, Jennifer,humphrey,jennifer.humphrey836@gmail.com,138.610.3103x314,M,1993-04-07,2020-12-05,56261 Cathy Junctions,Peterston,Wyoming,Russian Federation,d095b180-f58d-4926-a10f-d3e156b8ce27,web
2fcaeee1-6c36-48ea-865f-199f62c9ff31,Louis,Bray,louis.bray142@hotmail.com,(049)105-7940x892,M,1987-11-25,2016-09-09,44883 Amanda View,East Philipbury,Vermont,Isle of Man,9c8158bd-286e-49ec-b875-71101b4a8e80,app
c93ddab2-db4a-4529-ace9-6bc5efa4312c,Michael,Watkins,michael.watkins825@yahoo.com,+1-767-615-1495x308,M,1968-05-19,2024-01-26,574 Tina Walks,New Bryanville,Washington,Indonesia,81cb3208-e86b-40bf-8027-0a5f358d2d16,app
70fb7fa2-a5ad-4a3f-9b28-6589ef5f42e5,Bradley,Ortiz,bradley.ortiz950@hotmail.com,869.122.0463x4175,F,1972-06-29,2021-11-01,73350 Harris Trail Apt. 974,Elizabethfort,Missouri,Latvia,d991f1ab-00d1-4fef-8655-5ef6da1dfea5,app
69c313c8-cd62-4f6a-bd73-d57832d8419f,CHARLES,HHaahhn,charles.hahn253@yahoo.com,001-663-120-1348,M,1962-04-27,2019-03-28,1485 Howard Row,Wendyville,Minnesota,Puerto Rico,aee4a313-2053-4b08-ba42-7698d14947ad,app
2c55e33c-89f9-48ba-8af3-4722ca70b222, Luke, Hill,luke.hill924@hotmail.com,(526)851-7152x03244,F,1980-07-16,2020-08-01,66329 Myers Plain Apt. 902,Melaniehaven,Rhode Island,Saint Vincent and the Grenadines,7147022c-414d-4886-a9ad-1537fe24b962,referral
17677c76-aef1-4965-9fbb-0ff4fdbf6619,Ch4ristine, Moore,christine.moore360@gmail.com,645-266-4661x1570,F,1963-05-04,2021-08-13,31275 Lori Rapid Apt. 824,Woodshire,Kentucky,Luxembourg,bf405763-3b8c-4a32-bf7c-d67f5078cc01,referral
e6a59d47-b13c-4455-9366-74e3ed6b2aa7, Shawn,SStteein,shawn.stein701@gmail.com,217-769-1461x111,F,1971-09-03,2021-03-14,500 Perry Locks,North Brendamouth,Rhode Island,Finland,dabe2cbf-4c60-47ca-b4b3-cc0123eb79dd,app
a598f4ff-671a-41f7-99c5-adf7db26d22f,Rebecca,Camacho,rebecca.camacho502@gmail.com,(893)863-2194x220,F,1990-08-26,2024-01-16,601 Hess Center Suite 292,Glassburgh,Florida,Cote d'Ivoire,9b4aa0b6-18f1-4c45-9d05-8fb5f68efb86,app
86f2ec26-50a1-4b7c-885f-d006dd548bb9,Betty,Perkins,betty.perkins932@yahoo.com,357-671-5799,M,2003-08-11,2025-07-23,649 Long Forks Suite 544,Lisabury,Rhode Island,Indonesia,eecef666-6f40-4eba-b1df-a57e70785f5a,web
7ab2c008-de7c-455f-8a0a-2850532ffc15,Megan,Webster,megan.webster032@gmail.com,898-899-1397,M,1981-12-13,2022-09-18,7351 Taylor Island,Kennethbury,Arkansas,Thailand,b9689eda-012e-42ef-a638-01958d10aaa8,app
233f2d69-17d6-4c99-8976-c7868d4be742,Justin,Freeman,justin.freeman457@yahoo.com,179.466.6689,F,1989-02-20,2018-12-04,40234 Mark Loop,Phillipsmouth,Indiana,Jordan,aeee2a2c-4eff-4d79-8ff0-fecf445fbcc3,app
42dd6832-5af2-42e9-b9fc-a6c3a00cc871,nICOLE,Cu0mmings,nicole.cummings485@gmail.com,6430023105,F,1970-09-28,2024-01-07,13869 Jones Flat Apt. 379,Johnland,Pennsylvania,Estonia,8f9e905a-a879-445c-ad87-bdd82d589d39,web
56425eb3-936e-4df9-bb85-0ffe292a31e9,JASON,Li*,jason.li180@hotmail.com,376-365-2914,M,1981-07-03,2017-11-02,24857 Foster Falls,Lake Anna,North Carolina,United Arab Emirates,e9f2ce21-2b6a-4c3e-9c92-8b117ab42998,app
f23f1182-fbe9-4c4a-abcb-916e1a3ecfd8,lisa,BBuurrton,lisa.burton508@yahoo.com,844-000-4451x55813,F,1972-08-06,2016-10-27,913 Kara Stravenue Apt. 565,Rachelbury,Oklahoma,Martinique,9ec6cf77-246e-4130-a122-d52108ebd9ac,web
cca65e90-d205-45f7-9b45-df52dbd823e9,bRIAN,chan,brian.chan381@yahoo.com,9502334326,M,1968-01-11,2020-12-07,88238 Lee Way,East Yvette,Alaska,British Virgin Islands,2d00189c-c698-4b96-8b79-43b5092a8ef6,web
8855d44f-2e79-4f0b-b0ae-f7bde4e232fc,Cynthia,Murray,cynthia.murray674@yahoo.com,(577)833-3751x5960,M,1983-06-10,2015-05-20,39764 Gomez Ranch,Stewartside,North Carolina,Mongolia,fe1c9471-e369-437d-be72-e732adb8a9c7,web
b57027db-dabb-4e1f-9af2-ddd688e81a4b,Shelby,Walker,kelsey.hernandez881@yahoo.com,4269453755,F,2002-12-28,2016-01-02,8851 Tamara Roads,Lisachester,Ohio,Saint Vincent and the Grenadines,940b6ea3-f105-4cfe-b5b4-f58ebe1d2d49;d73d4d34-0f2f-4ff9-9ee3-693657dda5ca;201547c8-01e6-4539-8de2-2c8056898d4a;87a60cf1-e04d-406e-9a53-07204646ca26;75287ad0-4630-48ce-9b6f-b713a274fc11;1e897a9e-7eaa-4581-b921-3f9382a07e59,web
1815343b-37fc-4665-a303-4d53e9a2e8f7,Anthony,Briggs,anthony.briggs966@yahoo.com,632-580-8075,F,1990-10-25,2014-02-08,81982 Miller Station,South Melissa,Oklahoma,United States Virgin Islands,a851c961-658c-4c1b-ba74-ac4e5809a7f9,referral
1a0cfd89-5f9f-4cfd-820e-b99fb6f9ef4a,Crystal,Chen,crystal.chen080@yahoo.com,069-552-0401,M,1981-02-19,2024-08-24,834 Rivas Burg Apt. 661,Annetteberg,Illinois,Uganda,4a318f57-214e-4de2-833c-4098866a8cc4,web
95e7c8bc-df4a-44bd-8c57-eecea69618e6,Michael,Woods,michael.woods662@hotmail.com,502.394.7701,F,1999-09-14,2021-10-21,424 Johnson Union,North Mark,New Mexico,Saint Martin,86daeb29-3d1c-4e9d-af35-a4383fbfb838,app
99768ad3-2673-4437-acbf-7f88b8f108f0,Megan*,P6orter,daniel.paul027@hotmail.com,001-817-212-4304,O,2002-11-23,2016-02-13,435 Donald Grove Apt. 966,South Andrewtown,Indiana,Togo,b9626325-875a-4464-84b0-e367671cbe6c,referral
1f1644fb-41f5-42ec-81f6-bedff8beda2b,Scott,Perez,jill.moreno041@hotmail.com,+1-504-095-2671,M,1973-06-27,2023-04-05,8138 Sabrina Key,Port Rebecca,New Hampshire,Slovenia,a6f78c25-b11f-40cc-8e9a-d3c09d231a70,referral
99aadcd9-7245-418f-ac02-2c145bb9b648,Angelica,Drake,angelica.drake939@hotmail.com,(873)585-9364x4846,F,1986-01-26,2025-10-08,4303 Miller Path Apt. 868,Karenbury,Louisiana,United Arab Emirates,a0f70e45-8be9-48b8-8f10-02853e80b238,app
db84c1e8-a56e-4521-af05-bf811e4ec520,ashley,sTEVENS,ashley.stevens498@hotmail.com,4181378451,F,1997-11-23,2017-12-21,3659 Barber Row,Sharonmouth,New Jersey,Guam,6dfa34cc-83d0-41ae-be29-9690761d3ff5,web
d9cf0b31-6d13-439d-9cdb-abf843db1b6b,Stephanie,Holmes,stephanie.holmes796@yahoo.com,+1-696-395-3234x76212,F,2002-11-26,2019-05-24,400 Richard Meadow Apt. 117,Wagnermouth,New York,French Guiana,3c1e30a9-4c99-464a-a8e0-fa0912521906,referral
d88c9448-a5bb-4d53-95d5-43426eecb66f,Leah,Ryan,leah.ryan681@gmail.com,189-130-9128x85969,M,1980-01-15,2021-02-04,8640 Brown Fields,West Garyfort,New Hampshire,Singapore,056efa0c-0744-42ce-8edd-f4bf7ddc3775,web
5e7bf2ca-c3f6-4430-9103-9a0371d22a9c,Debbie,French,debbie.french118@hotmail.com,+1-009-834-3496,F,1976-06-23,2015-09-21,447 James Freeway,West Annaland,Mississippi,Niger,3cd82661-8545-402e-8bc9-386b31057756,app
f2ba05ee-f16b-47ba-b0ba-094ae872eb69,N4ancy,Hickman@,nancy.hickman941@yahoo.com,+1-797-510-9528x669,F,1962-12-19,2020-10-01,0687 Black Isle Suite 998,Humphreyville,Delaware,Colombia,86869196-5862-477d-85aa-0124f3fd1bfa,web
e1d2fabd-116c-4a7b-93a8-fbcb1d5e3896,Heather,Wagner,heather.wagner509@yahoo.com,+1-675-163-4176x780,F,1956-01-29,2015-09-30,208 Guerra Walks,New Stephaniemouth,Colorado,Martinique,e2227ea1-38fb-4044-bfa6-5d820ddcc62d,app
b66ae12f-3102-4b7d-8b33-b184ad7417b0,Phillip ,Baker ,phillip.baker501@hotmail.com,(915)866-5339x0021,F,1989-07-05,2019-04-25,128 Miller Falls,East Thomashaven,South Carolina,United States Minor Outlying Islands,f7579379-278e-478f-9592-7fb7cf2a8729,app
72c4717c-fef3-4e04-af4e-f843c6473171,Julie,Smith,marcus.hughes947@gmail.com,916.421.4430,M,1967-12-24,2023-11-29,514 Ward Mill Apt. 429,West Johnny,Iowa,Singapore,df293c47-3d8e-40f6-a70a-05227a8654eb,referral
a42db040-a9b1-4ec6-bba4-422ee9d57974,Kayla,Brooks,kayla.brooks538@yahoo.com,001-134-713-0479x715,M,1958-09-06,2017-02-07,822 Stone Spurs Apt. 775,Kirbyville,Pennsylvania,Azerbaijan,55f45812-23dc-4fb1-aa05-392f917bc21b,web
be06a7ee-89b5-4f1d-b735-6bbb2834ada1,Richard,Newman,richard.newman385@gmail.com,001-119-480-9921x492,M,1977-03-23,2023-04-11,76874 Robert Summit,Ryanburgh,Oregon,Suriname,e3963dca-6966-468a-8219-98997302b027,referral
a55dd48f-aab8-4814-be1e-d1432e461a6c,Jacob,Hernandez,jacob.hernandez432@gmail.com,(426)931-0406,M,1971-03-04,2016-04-30,45039 Gregory Isle,Santosborough,Washington,Heard Island and McDonald Islands,f6b7c10f-f6d3-4190-9b0a-21ff652466d2,app
dce7615e-db3d-4e85-81f2-5870a717720a,Christine,Weber,christine.weber171@hotmail.com,(939)061-5794,F,1956-04-05,2023-07-03,84691 Castro Ridge Suite 432,Garciaville,Rhode Island,Wallis and Futuna,61e1c69e-4587-4125-bb48-7becd8e654ec,app
4a3e2b89-6b02-423b-ab23-e53d86300a5e,Marie,Lucas,marie.lucas086@hotmail.com,4566376506,M,1960-10-09,2024-10-23,93227 Justin Roads,Lake Brittanystad,Alabama,Micronesia,cd93d1cd-6934-439e-871a-3c31e3dd9125,web
498a849a-7120-4f8c-8c85-838463c0fca6,Phillip,Larson,phillip.larson060@hotmail.com,(443)829-1098,F,1961-01-18,2014-01-08,7362 Mays Shoal Suite 426,North Spencerberg,Texas,Venezuela,34233558-aa8b-4813-8bf9-5a4a579a48ad,app
000d9ae6-a0a4-4bb4-a55c-6cd25243588b,Tara,Larson,tara.larson655@gmail.com,(880)869-7516,F,1971-12-06,2018-11-30,3979 Frederick Crossing,Margaretside,Washington,Samoa,eb13418b-745a-4e41-b5dc-8d6cb90b5c22,app
313e0f7e-d81b-4b1c-b3c3-106361024c7f,Lauren,Michael,lauren.michael163@yahoo.com,089-515-4263,F,1963-03-26,2019-12-13,1477 Hill Prairie,North Anthony,North Dakota,Finland,4a1eeb0e-c4ca-485d-8d21-42861bb4beee,app
acb91072-baee-416e-86c5-38f334c83c9d,Roberta!,Mo2rgan,roberta.morgan365@gmail.com,711-232-6694,F,1986-07-06,2016-09-01,479 Morgan Vista Suite 823,Markhaven,Arizona,Guinea,54285406-1814-434a-8d65-aa6c6d58e15a,web
faac0b9f-3fbe-4a47-810e-77a79fdd5ad5,gerald,carr,gerald.carr440@gmail.com,962-585-9042x9095,F,1991-05-11,2023-10-18,12778 Kelly Camp,East Alexis,Utah,Switzerland,f5489fe6-3f17-4f67-bf00-7eeb4a3c946f,web
da57a4ff-0f07-41f5-a917-b2b7fe916835,Hannah@,LAM,hannah.lam618@hotmail.com,330.983.0064x0207,M,1966-04-05,2021-05-29,3780 Kathryn Mews Suite 143,Johnville,Maryland,Belarus,2e13014c-a061-4e75-be73-f5cf7f4b5ade,web
5dea7074-0feb-4fa5-b217-3683187cc096,Tim,Johnson,tim.johnson694@hotmail.com,564.634.9252,F,1967-08-28,2023-04-22,4219 Hunt Dale Suite 174,Mariafort,Missouri,Niue,eab56812-6757-489f-9604-2fdbd59d1ec1,referral
42abafcb-970d-4083-9b58-22413fe5d258,Peter,Evans,peter.evans977@yahoo.com,+1-374-308-0744x62672,M,1995-07-20,2014-03-13,06175 Houston Ridge,Jennifertown,Minnesota,Guadeloupe,e401333a-538b-4bc9-9ab1-f7519008159c,referral
7231ff8d-cbf7-44ee-9ced-b685d8735881,David!,HUFFMAN,david.huffman648@gmail.com,001-004-639-7920,M,2001-04-07,2015-08-15,439 Brennan Port,Alyssastad,Connecticut,Micronesia,f1cc3c4b-82a3-41a2-b52b-09807b6edcae,referral
a73cae9d-6408-466d-8a72-ba44d87b94ec,Mark,Lowe,mark.lowe994@gmail.com,001-531-914-2965x748,M,1997-02-06,2025-01-27,76012 Alan Islands Apt. 860,Elizabethville,Arkansas,Norfolk Island,3b23cd36-4cdf-4a16-89dd-75a4c12260bf,referral
e22782b5-7ac2-4b5c-aebe-a9662803d93e,Alexa ,ROGERS,alexa.rogers867@gmail.com,755-806-2459x15103,F,1976-10-20,2023-03-11,66556 Peggy Circle,South Cynthiafort,Arkansas,Saint Pierre and Miquelon,89d54897-d72a-456e-952b-22231810a500,web
6cce1206-b5e8-41dc-9d84-6d46d78a0cd8,Ruth,Tran,ruth.tran054@yahoo.com,+1-036-113-0742x107,M,1988-02-11,2021-03-11,117 Vance Curve Apt. 306,New Joseph,Illinois,Cameroon,fbc7d0c6-cea1-43f9-a714-e31a808ed622,referral
b02950c9-4978-4423-8ffd-3d0e43293d73,James,Morrison,james.morrison001@gmail.com,(523)520-2858x797,F,1988-11-19,2013-12-30,8822 Ryan Lodge,North Thomasport,Louisiana,Palestinian Territory,ccbfd4b0-ba64-402e-9a4f-fe1c4e6b0c0a,app
7b3c786d-4de3-4fa7-bad2-99892f3d6ef0,Allen,Wilson,allen.wilson432@hotmail.com,144-347-2058,M,1957-05-22,2024-02-03,8680 Gabriella Tunnel Suite 983,North Scott,Texas,Spain,58bef592-4b64-4751-a4f4-3bacadac2c41,web
3b49de6e-8b0f-4fe3-8856-436cea76cbf3,CCiinndy,Perez ,cindy.perez826@gmail.com,+1-529-127-9335,M,1993-06-14,2015-08-02,3152 Vega Throughway Apt. 691,West Andrewstad,Louisiana,Austria,86b44ae2-a6ff-4a89-996b-db3b57aef3cd,app
6e2e9433-b50c-404b-9605-40963620b38d,Karla,Wright,karla.wright434@gmail.com,172.192.0775,F,1983-05-03,2017-04-09,5392 Eddie Freeway,East Charlesland,Maryland,Angola,e5126299-7ca4-489d-8e5b-e3dcc488e961,app
96f108cc-e2d6-4ad4-b75f-91ff624caefb,Nicole,Mcclure,james.nguyen756@hotmail.com,8623700605,M,1972-03-07,2015-08-17,2200 Richardson Vista Apt. 781,Archerchester,California,Rwanda,2284a3fb-734c-47a6-a39c-ffcf3caf6a5d,web
85fe051e-d610-4e21-9593-52c82a708af6,Evelyn,Miller,evelyn.miller778@hotmail.com,112.750.6047,M,1958-05-02,2016-07-26,97802 Jenkins Shore Suite 646,New Caitlinchester,Kentucky,Madagascar,0502d722-53a7-49d0-9da5-6d1462dfae74,referral
34e53eff-8661-45ff-99ec-017b27831ee0,Jamie@,cross,jamie.cross945@yahoo.com,957-086-3760,F,1968-06-28,2021-12-16,4506 Gina Walks,South Josephborough,Tennessee,Cameroon,70529214-866f-4b5d-970a-c5fffe6abbc6,referral
8c949e55-bf2f-4a51-bb08-e6e523e22952,Wendy,Smith,,358.027.2079x5914,O,1960-12-03,2023-11-15,523 Brian Vista,Ronaldview,Minnesota,Djibouti,9ad22dfe-7e1a-4e54-b49d-9bc2a31e95bd,referral
9b513352-c53b-4128-b2d1-becd3e2e863a,rANDY,SScchhroeder,randy.schroeder834@gmail.com,001-454-936-2754,M,1973-02-01,2015-10-23,11512 Cody Dam Suite 979,Littlehaven,Connecticut,Guadeloupe,e6ae9107-50db-4e09-b849-c75a972a9cb9,referral
5335c307-9ade-419a-aefa-064575bbc75b,Glen,Harris,glen.harris578@hotmail.com,(581)452-6681x269,M,2004-02-28,2019-10-21,956 Stewart Mill,Mayshaven,New York,Niger,9d117411-0b47-4cb6-9809-ee0ea46213a2,referral
b6f9cbe8-7962-4288-b377-f44789973d23,Joanne,Wade,joanne.wade587@gmail.com,352-283-4577x2269,M,2001-09-11,2022-08-15,28636 Martinez Lakes Apt. 891,Melanietown,Missouri,Lesotho,976cbac7-b206-4d58-9414-eafca4a30cbe,app
8d72b89a-2233-4552-910b-d477cbccc7a8,David,Juarez,david.juarez209@gmail.com,826.701.7222,M,1995-04-29,2017-12-11,242 Coleman Junctions,Port Grant,Idaho,Botswana,66e3fae9-7b1e-4adc-8d1f-9137619ae187,app
1363ffee-d821-4931-96c4-7a77a84cbbd6,Taylor,Choi,taylor.choi036@yahoo.com,001-214-781-1214,F,2005-03-22,2020-11-24,7329 Kaylee Forest Suite 609,Jeremymouth,Alabama,Paraguay,4604b00d-acd7-4d0d-b85d-944ed94a9bf0,web
4610061a-548b-40a7-b30d-0c291876808b,Sydney,Meyer,sydney.meyer008@gmail.com,(206)663-9154,F,1971-03-29,2015-09-03,3896 Samuel Harbors Apt. 249,East Kathrynborough,Wyoming,Malaysia,521e5329-c19f-4e55-af7b-adf17e92dffb,app
7170a924-e39f-439a-91cc-f22f74960b93,Brianna,Stokes,brianna.stokes907@gmail.com,+1-985-118-5507,M,1978-05-24,2014-08-14,56900 Charles Square,Parkstad,Texas,New Caledonia,8fb8e1b6-8fbe-4d1d-8746-56c87591a5bd,app
7876ac2e-022b-4ecd-a771-6576e1fec66b,Gabriel,Baker,gabriel.baker655@gmail.com,(104)522-6780,F,1981-12-17,2020-01-07,91976 Cesar Locks,Johnfort,Nevada,Cameroon,0ee45d98-e5dd-475c-a10e-6dd41d5aa9ff,web
b9757419-c35f-422c-95ec-09c85c200c85,Eric,Lang,eric.lang719@hotmail.com,349-274-6507x341,F,1982-10-21,2024-05-13,297 Hayes Courts,Robinsonborough,Rhode Island,United States of America,5b54e520-a87f-41b1-98d5-ce6b30ed69a9,app
166c3acf-3fdf-413f-8086-6608ae36fd3f,Jamie,Morgan,jamie.morgan835@yahoo.com,6129378659,M,1961-02-01,2018-04-27,5492 Wright Turnpike,Olsonchester,Maryland,Cambodia,ca1ef2ce-351e-4930-b121-92a668178432,app
8a16ae5c-5820-4e52-b4e0-9acf9b63b005,Jeffrey,Gross,jeffrey.gross629@yahoo.com,113.227.5840x9033,F,1981-06-17,2015-07-25,5408 Moore Groves Suite 446,South Zoeborough,Nebraska,Jordan,527075e7-7bdf-4a96-ab5a-2655a4f8175c,web
4d7bcf7b-0086-48b7-bc5f-7cf54e29e56c,Shawn,Vargas,,188.157.3234x121,M,2000-12-01,2017-05-01,630 Bartlett Walk,Lake Micheleberg,Nebraska,Norfolk Island,61e21c47-958d-49d3-b2c9-b95c1051335a,referral
7d0d09ff-ed7c-4751-b5f0-fb52fa948b3a,Richard,Pena,richard.pena627@hotmail.com,0397384963,M,1981-01-31,2015-04-05,425 Timothy Cliff Apt. 911,New Kelsey,North Dakota,Israel,ea034090-0c9b-465e-b729-c025ff88c2ba,app
8c47d870-fe25-4bfa-ab29-2b31f59ac524,THOMAS,Lin ,thomas.lin697@gmail.com,711.303.9256,M,1996-07-15,2017-08-27,02417 Cook Club Suite 647,Sarahville,Connecticut,Ireland,b4ccf106-28a9-4823-8744-183eb0dd2047,referral
f71386fa-fd7e-41bc-8e23-452cce84ceb4,Christy,Romero,christy.romero599@gmail.com,614-636-5059x3991,F,1984-05-12,2014-10-11,4092 Alan Forge Suite 224,West Charlesland,Nebraska,South Africa,9895f032-3bbc-4fd8-b30c-6e95e790bff6,app
6173c2bf-a269-4eb5-a2b8-8e7ca7f2ce2a,Michael,Davis,michael.davis859@yahoo.com,(921)340-6714,F,1973-07-22,2014-06-07,4542 Joshua Parkway,Brownfurt,South Dakota,Grenada,47a7b2f1-eaf1-446a-867e-aa3944ce9e33,referral
fd8128b5-9aab-4b34-a5d6-1ed71230e186,Stephen,Lucas,stephen.lucas617@hotmail.com,001-695-756-1055,M,1961-04-25,2025-10-02,8324 Kimberly Station Apt. 935,Jeffreyview,Oregon,Gibraltar,ecc7cda7-fe56-4a33-b6e0-a879ce8f91d6,web
6af086fb-98b1-4d43-b7ba-667c9493161a,Joshua,Hutchinson,joshua.hutchinson338@hotmail.com,+1-589-100-3009,M,1988-10-10,2021-08-02,3323 Valentine Spurs Apt. 937,West Jonshire,Texas,Nicaragua,e4383f38-e523-428c-92a6-6138430082af,referral
f884d5ba-0ef5-4a96-bd4e-88ee53c456c3,D5avid,BYRD,david.byrd227@gmail.com,193-033-3641x4282,F,1992-02-24,2025-08-17,7870 Jacob Crest Suite 542,Port Nicole,Nebraska,United Kingdom,11ecc638-f41d-4a12-b802-368a2b7b6d31,app
d2f09322-ebdc-473d-b8b4-3722dd4ba18f,Luis,Olsen,luis.olsen160@yahoo.com,(683)156-0389x7400,M,1989-04-01,2014-10-20,5447 Gibson Coves Apt. 380,Gutierrezchester,New York,Afghanistan,4df6347d-2a59-4e30-a0ac-60f10505178a,app
e4669fc4-cdc2-4652-aad3-2f5c139c2172,Debra,Miranda,debra.miranda396@hotmail.com,939.635.5692x741,M,2005-06-11,2022-05-04,2866 Ruth Mission Suite 254,Thomastown,Ohio,Samoa,5e310444-a5c1-4402-b785-aedceee90b4a,web
01ae9fe2-3fd3-40e3-8df9-06c464c86ee6,Brent,Martinez,brent.martinez727@yahoo.com,(462)974-1774,O,1988-07-21,2016-12-02,03039 Tara Manor Suite 861,Chenside,Wyoming,Portugal,2d5d0860-2152-4344-a1ee-2838bebf4792,web
8108697f-b10c-4305-99dd-e924b3572617, Julia,Erickson@,julia.erickson306@hotmail.com,001-048-665-6474x38268,M,1986-12-25,2019-07-29,60688 Davis Greens,New Christopher,Michigan,Albania,74c3fbe6-8e5b-49b4-9a4b-4f5029b7d0e6,app
d70c8ab5-6a28-4cae-9d95-19bea5bbe75c,Jennifer,Howell,jennifer.howell605@hotmail.com,+1-743-642-6598x6895,M,1968-11-25,2014-04-04,2092 Jennifer Brook Suite 743,Donovanton,Hawaii,Grenada,66858de8-33d1-4f4a-85cf-4836411aa647,referral
98ac2779-6f9b-46da-a849-b40a3e43cf19,Vincent,Barber,vincent.barber461@yahoo.com,(086)935-2078,M,1976-06-12,2025-01-19,85761 Jason Centers,Mullinsport,Virginia,Saint Helena,a47e85ca-e020-4d72-ba1b-8d2edca38e84,referral
01fe2832-3af8-4c7d-bddc-a1accd769a41,Molly,Pruitt,angela.key350@gmail.com,+1-997-496-8690x535,O,1973-06-29,2019-12-18,34001 JACQUELINE COURSE,North Jenniferberg,Iowa,Peru,4240bdb3-f064-4d9f-af83-b6d54cc4b34d,web
e3117aa3-ae3c-4d70-9b9c-549f1e9b7599,Andrew,Jimenez,andrew.jimenez825@gmail.com,001-172-268-5319,F,1989-01-18,2014-08-03,98540 Jason Roads Apt. 425,Laurachester,Tennessee,Saint Helena,d41c153b-516d-4905-96cb-8ea8b2b45d46,app
284a071a-d097-4a32-8566-4f0b002ad31a,Gina,Meza,gina.meza960@gmail.com,+1-084-619-8609x499,M,1985-06-25,2018-02-01,018 Bryan Views,Lake Josephburgh,Rhode Island,Brazil,95a11254-a587-4d8f-b00a-d6125cc9064d,referral
976cbd29-c771-42bb-a9f8-4b136c79499e,Brenda,Martinez,brenda.martinez178@yahoo.com,288-605-5474,M,1993-01-05,2021-05-05,8982 Mark Valleys,South Christopher,Illinois,Armenia,690aac76-9ff5-4282-b4c4-7a22f772edf6,web
8313adb5-f1c3-47c7-a0ae-7d352341ebad, George,REYNOLDS,george.reynolds258@yahoo.com,293.715.5369,F,2005-04-15,2022-02-20,986 Thomas Motorway,South Heatherchester,Alabama,Saint Pierre and Miquelon,bc1943f6-1507-4135-8135-4b60db2da9e2,app
b4c95264-a53c-45e2-aac9-ef1fe382ba98,Kimberly,Harrison,kimberly.harrison991@hotmail.com,(780)715-3018x3537,M,2005-03-11,2025-06-02,9237 Joseph Viaduct Suite 528,North Dennis,Colorado,Congo,2972e492-09f8-421b-914e-f2e3943a0410,web
974a1135-9c88-4091-812c-f17da2c3db72,Melissa,Brooks,alicia.long624@gmail.com,(678)804-5670x07384,O,1997-11-02,2014-11-12,955 Travis Falls Apt. 265,South Lisa,Arkansas,Libyan Arab Jamahiriya,c9f7027b-065a-4ae9-bffe-a767de2af106;345771d4-86c4-479a-ad4f-f092a121dbbb;d5a2ca8d-6e59-46d3-b45c-644c733ab460;7afd4270-d374-42d5-a4d1-37a2f0e70897;60d24ed3-0ece-4ada-808e-07cd8fd22772;88480fc9-4408-4484-b003-a3e2d185608d,referral
f33eb605-5005-435a-842f-5653b96b85eb,Stephanie,Holt,stephanie.holt746@yahoo.com,(349)965-2160x15049,F,1987-11-04,2016-04-24,2309 Curtis Causeway Suite 046,Marciaburgh,Michigan,Switzerland,713ee4c2-2b20-4c2e-a042-cd74d8a11fa2,web
59ac6671-53e3-4e0b-8bab-b0a86273638b,Whitney,Ford,whitney.ford109@yahoo.com,998-944-7806,M,1978-05-29,2018-09-11,62997 Anthony Rest,Wendyview,Alabama,Somalia,699f6ee4-65d3-42aa-bbfc-47d22ad8e5b0,web
ee620ff8-2e68-4140-ab95-9b83387da71d,Kelsey,Carter,kelsey.carter992@gmail.com,+1-321-788-2562x2714,F,1983-06-09,2018-07-06,286 Norris Streets Apt. 372,South Maryville,Oklahoma,Zimbabwe,cdfe79c3-2494-451c-8110-3253ad17a563,referral
502ae13f-4951-4b5e-8f9f-0773d3fc3bce,Jennifer,Wilson,jennifer.wilson001@yahoo.com,(225)744-1478x304,F,1977-11-02,2018-07-01,6535 Alison Cliff,Edwardsstad,Tennessee,Malawi,67206d12-6a10-40e1-b2ce-b1bacf701609,app
3cd1f806-69ac-42fb-a413-61a59cb579dc,hEATHER,Austin*,heather.austin510@yahoo.com,127-035-6922,M,1973-06-20,2016-12-15,8649 Lewis Avenue Apt. 685,Timothyfurt,Indiana,Bouvet Island (Bouvetoya),1ecf97e3-44ef-4caf-b5c0-31e24c7d5eee,app
72ff32ae-065e-4181-ab53-a3f5517dec85,Meghan,Green,meghan.green585@yahoo.com,835.442.1991x499,M,2000-07-15,2021-01-08,2495 William Spurs,Paigemouth,Connecticut,Martinique,8400497c-f5e0-4afd-a9ad-87964988d240,referral
950a812a-363c-4d4e-aa81-d2d381637c56,Kelly,Peterson,kelly.peterson318@gmail.com,174-828-4648,F,1973-09-14,2015-08-14,472 Mckay Cove,Huffmanborough,Maryland,Papua New Guinea,416789f6-e548-4ad4-a355-1409fa33b9cd,referral
7a79c082-56f6-4c37-aa10-8a19f9c45e6b,Jeremy,Collins,jeremy.collins692@gmail.com,001-939-069-4973x8563,F,1958-10-16,2017-08-05,2472 Kara Valleys Apt. 216,North Crystalshire,South Dakota,Denmark,0bd2b17e-f40e-44d7-b86e-796b0479c13d,app
12d02fa3-211d-43b5-8d22-7b9ffe01133c,Kenneth,Martinez,kenneth.martinez607@hotmail.com,150-632-3114x1493,F,1983-10-03,2016-03-07,943 Johnson Summit Apt. 105,West Deborahstad,Florida,Malaysia,4edfefef-cfa1-42f7-a79a-b161758afbc7,web
75aa9d9a-7668-4081-9c39-4c0a9f27b066,Teresa,Miller,teresa.miller674@yahoo.com,+1-739-608-0379x95100,M,1985-04-26,2019-02-28,238 Lee Roads,New Jacob,Colorado,Czech Republic,88f06db6-fa7a-4074-9d87-df09a5795aed,app
0422b1fa-84ae-4c61-8ab9-a9feb64b2dae,Chris,Watson,chris.watson349@yahoo.com,4909872983,F,1989-12-19,2017-11-17,5723 Susan Mission Apt. 112,New Kimberlyfort,Georgia,Grenada,5b200c7d-7d4b-4a0f-9f12-e978b73d6b22,app
83b4c3c7-9bf1-4486-a513-0ea67544ac07,Jeffery,Ellis,jeffery.ellis485@yahoo.com,6255017892,F,1986-07-06,2025-03-10,940 Orozco Road Apt. 269,Hancockville,Wyoming,Christmas Island,fbfa87a7-c6d9-4c64-86b1-f9cb65498ce0,referral
52ba77a1-f195-4469-a417-47ba9598f6a8,Katie,Perez,katie.perez099@hotmail.com,404-662-0122x313,F,1982-09-13,2018-02-04,91881 Joseph Pike,Harveybury,Kansas,Bouvet Island (Bouvetoya),f94c72f1-e359-4d5c-8286-359f78df74c0,app
599d68c6-4a2b-49e1-b778-a84ce6e72477,Jeffrey,Johnson,jeffrey.johnson575@gmail.com,(446)516-9921,F,1965-02-26,2014-09-07,522 Grant Isle,Smithmouth,California,Sweden,02912f90-3c66-4df9-a91a-e82d71fa045a,app
c0ac6777-2555-4d5e-b9c1-b0b1b4e083be,nicole,Pe9rkins,nicole.perkins356@gmail.com,906.979.8042,F,1993-11-05,2023-01-13,88672 Jennifer Stravenue Apt. 720,Eatonfurt,Iowa,Burkina Faso,6d8d6da4-8844-497a-9d0a-5465537d1d3d,app
c9d0d6c0-05c6-449b-b864-15bd97809289,Tina,Lindsey,tina.lindsey330@yahoo.com,001-223-295-3873,F,1969-10-27,2021-10-06,13607 Erin Overpass Apt. 913,West Evan,Kansas,Saint Martin,fb63f4ec-bcb2-40ea-86c5-476cbbd39fed,app
54fb2efc-b123-4781-a1b6-ab309d51a149,Becky,Sanchez,anthony.jones749@gmail.com,042-770-9892x2534,F,1975-03-14,2021-11-01,294 Emily Gateway,Jamesside,California,Mexico,8bc20309-f1c2-47eb-8e53-8cb6173d6dc3,web
cbbb96e5-0666-48f1-bb95-4fc6f995aefc,Michael,Brown,michael.brown316@hotmail.com,001-975-558-1283,M,1958-03-29,2016-09-18,603 Angela Causeway Apt. 943,East Haley,South Dakota,Tokelau,80050be0-2d37-4770-bfd8-c6d046fd6f60,app
3ca85f6a-4c00-431e-b79d-4d9e2fabcff0,Johnny,Sanford,rebekah.cole227@hotmail.com,+1-450-813-7212x005,O,2001-02-19,2018-12-27,16362 Munoz Corner,North Kennethland,Georgia,Martinique,f14e179f-8871-4ee9-8724-f5faec7ccf3d,referral
2c3571b4-12cc-489b-be8b-8c7e99eee41e,Joseph,Proctor,joseph.proctor503@gmail.com,775-592-1348,M,1981-03-07,2016-10-06,243 Ryan Lights Apt. 812,Hayesside,Oregon,Sao Tome and Principe,6652a53a-b7a8-459a-acd0-5bb899763bc2,referral
d19da38f-6912-4632-afa3-a35618fb855c,Teresa ,wOLFE,teresa.wolfe006@yahoo.com,036.747.3765,F,1989-01-11,2017-11-23,3155 Chase Tunnel Suite 039,Ronaldfurt,Utah,Togo,2400efa8-0922-481c-833a-934a42a64bea,referral
ac077b3d-a308-40f3-ad7c-e8ee424e61bd,Benjamin,Arnold,benjamin.arnold840@yahoo.com,+1-198-050-1777x38677,F,1988-03-16,2022-02-06,9352 Raymond Plaza Suite 983,West Catherine,Louisiana,Guatemala,e0dca197-9c01-4382-b071-2f33558103dd,referral
7dc178df-dfef-45a0-aab7-a7183f2373d8,Melanie,Sweeney,melanie.sweeney321@gmail.com,001-406-441-0574x59859,M,1982-08-09,2019-08-17,1452 Medina Stravenue,New Thomasburgh,Maine,Cook Islands,f0c424e5-4b24-4363-8176-eb02173bce3a,web
4a45561a-2ebd-40b5-9991-5341b545242f,Katie,Baker,,055.351.0826,F,1981-06-30,2020-06-14,4704 Jackson Grove,Port Jessicafort,Massachusetts,Dominica,adcd304c-434b-4a46-842b-775e1840aafe,referral
b832ac94-b716-4fdb-a799-d5fcabb25bed,Brooke,Sanchez,brooke.sanchez269@yahoo.com,273-717-8139x68167,M,1961-08-12,2020-04-01,65191 Patton Rest Suite 033,Grayville,Missouri,Russian Federation,4c96233e-b356-4607-8086-640e9437def0,referral
7362fc3a-1381-4dc3-8e1f-81a7a04de6b1,Stephen@,MMaarrtinez,shared1280@yahoo.com,001-564-810-3578x0142,F,1988-01-29,2025-10-10,60519 Anthony Gardens,Hannahside,Arizona,Turkey,bd0456be-3f26-4563-a712-21263be28e49,referral
696c74c7-554d-4fea-a2ae-b86e57a347bb, Laura,davis,laura.davis212@yahoo.com,+1-729-644-6927x57684,M,1984-08-30,2020-05-19,455 Nathaniel Alley,Tracyburgh,Ohio,South Africa,192820ab-a375-4852-9b59-84085af82ed5,app
a04cfeae-a55e-4e6c-8dbb-e09c67c9dd8d,William,Olson,william.olson674@hotmail.com,872-292-9650,M,1998-09-01,2020-06-09,36338 Holly Forest Suite 593,West Robert,South Dakota,Bosnia and Herzegovina,3f56b630-6234-4d26-b84a-9202d31bcd4c,referral
42ae3b13-8422-409e-ae13-0ca194fd9c64,BBoobbby,rollins,bobby.rollins698@gmail.com,001-971-428-6392,F,2005-08-01,2015-06-23,018 Kyle Ferry,Port Daniel,Vermont,Tunisia,59d51181-be54-463a-8b97-9566bc95511a,web
840b4052-f92f-4389-a4c9-07b8d3e3f9bb,Patricia,Nelson,patricia.nelson886@yahoo.com,712-271-0087,M,2002-11-23,2018-12-25,78958 Kelly Burgs Apt. 187,Jamesberg,Oregon,Mayotte,c1ab03a1-097f-4ac7-91de-3a687b2c1997,referral
7373b17d-4efd-42fc-a25d-776bb5a11dd9,Brandon,Mason,cassandra.campos698@yahoo.com,629.651.5302x3773,O,1986-05-24,2017-09-24,4625 HOOD HAVEN SUITE 992,Floresbury,West Virginia,New Zealand,aa8202fc-bc03-4c1d-8e67-50ad3e466372,web
d5e20ddf-007c-416f-8a2f-583587194f8e,Amber,Wallace,tara.perry186@gmail.com,001-686-233-6950x35418,F,1987-04-04,2014-04-30,02191 Chapman Forest Apt. 648,Beasleyshire,New Jersey,Afghanistan,4ebff264-f5fb-4f5c-8155-361c682d6828,app
6dc393a8-d1bd-4130-b114-dc2761607e5d, Theresa,Guerra*,david.saunders637@yahoo.com,951.640.2366,F,1971-01-20,2017-08-30,97505 STEVEN PLAIN,North Beverlyton,Illinois,Cote d'Ivoire,74b6b174-06ed-46d7-ad7e-d923633a8d5a,referral
ba8a1cf2-5f79-4767-ab4a-b01458a9c6bb,Vincent,Garcia,vincent.garcia866@gmail.com,001-061-974-3534x55471,M,1959-11-03,2025-09-06,9610 Maldonado Plains,Port Linda,Florida,Liechtenstein,b20c4fab-eec8-4b48-bb11-07a63d99a235,web
ab0bf49c-01d5-4cff-93d4-bf0aa9904811,Grant,Johnson,grant.johnson688@gmail.com,724.795.6672,M,1987-12-01,2020-06-07,339 Rodriguez Plaza,East Douglasbury,Louisiana,Norway,81544910-b7b8-49f4-9af2-61b913e4dac7,app
e757821a-af85-4096-8c6a-08a2af63b3b0,Corey ,HUMPHREY,corey.humphrey975@yahoo.com,001-056-197-1652x744,M,2001-11-02,2024-01-31,585 Samantha Radial Apt. 250,Port Corey,West Virginia,Armenia,5ed7c1b4-2da3-479c-a695-4c49324e20c1,app
bc1e89ef-8eba-459a-a66e-14b86bf748fa, Jennifer,Glass*,jennifer.glass627@yahoo.com,+1-781-824-2720x33828,F,2002-08-13,2019-05-22,911 Baker Junctions Suite 040,South Douglastown,South Carolina,Switzerland,67869cda-7a7b-4685-a6fc-6937682e36c2,web
1239d9a7-8156-42df-94d8-d1068b8b80d8,Elizabeth,Little,elizabeth.little794@hotmail.com,(542)528-2122x933,F,1979-07-25,2024-05-12,794 Carlson Throughway,Wendyside,New Jersey,Bolivia,6c8bc935-97a9-41d7-a1d9-3e44bdaf997f,referral
272a71e3-f854-4a09-b626-bb14eca1afcd,Daniel,Alvarez,daniel.alvarez529@gmail.com,+1-374-869-1545x17016,M,2006-11-08,2014-01-18,5038 Owen Meadow Apt. 059,Victoriabury,Oregon,Poland,f1d49f28-2604-4a12-a97d-7e4681901bbd,app
5993c479-9a4a-4489-b6ca-079d4631d7da,Rebecca,Carr,rebecca.carr039@hotmail.com,158-177-2983,F,1985-03-30,2022-10-03,127 Duran Shore,Leeview,Arizona,Bangladesh,134835e0-8824-4064-b827-0a40a5b16692,referral
b501679d-358d-4f82-9689-32f0794bf3ff,Kathleen,Ortiz,kathleen.ortiz596@hotmail.com,5068082133,M,1981-05-23,2021-03-21,403 Jamie Islands Apt. 359,Port Michaelshire,Connecticut,Argentina,416bb22e-d8d3-4333-a6e5-a65fe18b2012,web
677e9853-222f-4949-b40a-f74ebc6c871c,Juan,Wright,juan.wright177@hotmail.com,+1-333-543-9927x7213,M,1975-11-18,2014-01-24,00034 Murray Prairie,Lake Stacy,Colorado,Burundi,02e4f718-565f-457c-9f46-62277886a410,web
cb544719-a2f1-4e4a-b3ad-ccfa685b69f4,Jennifer,Jackson,jennifer.jackson238@hotmail.com,420-149-6603,F,1956-12-01,2022-08-27,04089 Patricia Parks Apt. 817,New Nicoleview,New Mexico,Saudi Arabia,5c242fae-7abe-4bbc-9958-b7c8d2879736,app
65faadcb-cd70-4714-b5f8-eaf8a4faf161,Tar0a,dAVIS,tara.davis412@hotmail.com,2741370677,F,1967-04-19,2020-03-16,20913 Dana Place,Lake Stephanie,Kentucky,France,93ef5fa4-30d4-430c-881b-77d3f660aedc,app
dda482dc-91c8-416c-aa92-1b9fa8cb53a3,Derek,Gonzalez,derek.gonzalez450@gmail.com,717.990.3367,F,1997-09-05,2016-10-30,945 Jamie Ridge,West Jeffrey,Illinois,Algeria,6c07a50a-b561-4ce3-a6c1-8b4c5b734bce,web
07741a15-2b29-4e0b-85ca-c631602455f2,Jonathan,Rodriguez,jonathan.rodriguez654@yahoo.com,(874)566-3140x68163,O,1976-05-15,2015-12-19,04850 Sheila Fort Suite 803,South Sherylchester,New Jersey,Vietnam,cac31fd4-5578-451e-afdf-5b53e21d2479,app
4696fcd2-341a-4129-be0e-3520f824ebca,Denise,Johnson,denise.johnson546@hotmail.com,001-649-292-0622x40541,F,1985-11-20,2016-11-09,8039 Lee Center Suite 582,North Christineville,Montana,Singapore,d09f181a-4f3a-4daf-8f80-2c71198d8240,referral
0b8444b0-cce3-4fc6-876e-c4b7b1a0bcc4,Bridget,Monroe,bridget.monroe434@yahoo.com,+1-319-608-4246x6563,F,1969-02-21,2024-06-03,17826 Walker Radial Suite 475,Port Courtney,Nevada,Monaco,4f0633e6-c634-42fb-a8be-f85cafebb3e1,web
24d13146-6851-4fc0-b4c9-cf5b1aa9b92a,Nathan,Mendoza,nathan.mendoza303@hotmail.com,396.190.4461x3828,F,1983-06-29,2014-04-10,6423 James Road,Farmertown,Indiana,Chad,07f52b75-c9b7-427b-a27e-6f4b4a37f3f1,app
370d05a8-c931-4236-9e11-3a7f2e826b9c,Ang8ela,Ha9as,angela.haas858@yahoo.com,+1-551-150-1726x87559,O,1985-03-17,2022-02-12,2443 Martinez Flats Apt. 054,East Nicholas,Minnesota,Palestinian Territory,efe4607e-92e3-4092-90d5-b55ac3ceb43b,app
8a3bf479-4430-442b-b0bd-f80d649078d1,Alicia ,S0now,alicia.snow480@hotmail.com,(953)781-7586,F,1995-10-18,2014-05-06,18949 Jason Drive Suite 458,Stephaniebury,Maryland,Seychelles,1c7ef4b6-aa29-4059-961f-4c62559ed166,referral
7904f449-1224-4c08-a895-4c0492502ead,Jose,Johnson,jose.johnson774@hotmail.com,(702)113-3984x67021,F,1983-04-19,2024-06-13,610 Allison Fields Apt. 521,West Kaylastad,Kentucky,Luxembourg,62a9ab95-1f46-4f01-b0a5-535ab5489cdc,web
517c5824-857f-41c9-8bf3-7a7d99fc7cab,Matthew,Anderson,matthew.anderson324@yahoo.com,461.829.4376x570,F,1987-12-02,2019-10-01,70630 Walter Forge,Andrehaven,Minnesota,Uruguay,f61e8186-aa42-48c9-8149-922403e76cef,web
c0bd9f57-3f71-4980-8824-7f6aa11e7e57, Ryan,Kennedy ,ryan.kennedy580@gmail.com,582-630-2415x83712,F,2005-04-22,2025-11-12,64295 Tiffany Drive,Stephaniestad,Massachusetts,Turkmenistan,22d64774-fc58-4b53-851d-70c8ace38d9b,web
02d6b442-41a3-4bc5-8aaa-6c99a91b876f,Michael,Mitchell,michael.mitchell356@yahoo.com,(466)853-4676x3358,M,1976-12-19,2014-04-05,08482 Jonathan Path Apt. 576,Clarkmouth,Pennsylvania,Kiribati,a0d07601-8d62-4e82-acfe-ce6c8e40342b,web
8f6f8313-a84a-4f37-9993-2e6a53ba2b29,Ashley,Adams,ashley.adams859@hotmail.com,+1-210-517-6025x30325,F,1980-05-15,2016-06-24,602 Randall Shoals,Ashleyville,Oklahoma,Cuba,4f824470-03ef-4135-8eee-7c1f352b5e94,web
7c8fada2-7c1c-4663-a297-f6a89473ba69,Lori,Woods,lori.woods722@hotmail.com,(765)750-8293,M,1965-12-14,2018-09-29,6594 Shelton Isle,East Stephanieview,North Carolina,Iceland,b0718c45-25c8-409e-8062-ed0e64fbce67,app
15e9f842-21bd-4a38-8588-88b9d9e70253,Aaron,Arnold,aaron.arnold022@gmail.com,(926)178-9134,F,2000-02-16,2025-03-17,915 Judy Coves,Jensenshire,Tennessee,Jordan,48f0278e-05fb-4653-bd93-bfcc796fbf25,web
8fe8cdc9-5ae2-4433-a89b-f6be2aa81a15,Jeffery,Brown,jeffery.brown147@yahoo.com,862-968-3419,M,1968-06-20,2024-04-20,8098 Gabrielle Knoll Apt. 162,Port Cynthia,South Dakota,Maldives,64973206-12f2-48c0-8300-30bfde419eb1,app
648a29be-3a36-421c-87b5-a05507a22acf,Denise,Schroeder,denise.schroeder596@yahoo.com,+1-155-057-9398x7987,F,1973-12-23,2018-12-27,3071 Price Burgs Suite 574,Phammouth,North Carolina,Dominica,f92cac6a-86c7-4047-99db-05636572a922,app
5146792b-8794-4c0c-bc14-034a54967b4e,Ashley,Griffin,ashley.griffin260@hotmail.com,101.474.3437x46206,M,1977-08-13,2014-07-25,597 Garza Pass Suite 736,East Jeremy,Delaware,Namibia,69f8d1f0-0212-4975-a837-c6e4b7b1252d,app
227e0390-3b1f-4f08-bd77-581fe5d5dba2,Carla*,Martin ,carla.martin963@hotmail.com,+1-835-326-0503x34295,F,1977-07-20,2021-03-29,388 Carrie Lodge,Port James,Arkansas,United States Minor Outlying Islands,1189a2b6-7239-4227-a982-856121110735,referral
b8fffaa7-c439-4df7-8b56-5751f9b60004,Caroline,Morgan,caroline.morgan229@gmail.com,401-346-9949,M,1965-07-30,2019-11-09,52119 Cynthia Plaza,South Isabella,California,Rwanda,c81dc1d8-8fe0-45bd-880a-ceff17e3e503,referral
50167e10-a682-4995-99af-f7a50a14c79e,Peter,Ferrell,,(267)117-0320x3438,M,1994-11-04,2019-12-03,177 Freeman Rapids Apt. 170,Gonzalezview,Indiana,Panama,9cd03585-2a96-45a3-a9af-fb9c66a22602,web
2638e352-0b09-43c3-a0e2-f46082313bf4,Wendy,Lutz,wendy.lutz174@hotmail.com,+1-394-737-2290x91527,O,1984-06-24,2014-04-22,84637 Sandra Falls,West Sarahhaven,Rhode Island,Falkland Islands (Malvinas),2a3fe087-fbfa-4f95-b389-69309e13d2ea,app
75866b25-939a-481a-aabf-97fc86194308,Troy,Carpenter,troy.carpenter407@gmail.com,713.102.8977x9019,F,1975-05-16,2025-06-03,27928 Savage Mews Apt. 379,Jefferybury,Texas,Estonia,280d9f98-8107-4542-a795-e4fd38400a4f,app
39e7dc46-66c7-44d1-afbf-69251efaa683,Elizabeth,Briggs,elizabeth.briggs558@hotmail.com,504-054-1865x54429,M,1996-12-08,2024-10-09,2172 Harvey Key,New Rebecca,Iowa,Russian Federation,59769775-7824-4c9b-b4c2-44f61ac6d81d,web
1f4dde17-e1e5-49fb-98b8-f88b77591ca4,BILLY,sharp,billy.sharp002@gmail.com,019-278-9661x0572,O,1990-11-19,2019-10-29,566 Nunez Camp Apt. 149,Johnville,South Dakota,Saint Lucia,19603a0c-4b00-4296-bff4-65e7b2994d2a,web
b4d2b64a-1fc1-4d2e-870b-f551d654a359,Mich9elle,NNeellson,michelle.nelson024@hotmail.com,406-945-7641,M,1986-09-05,2025-01-31,3297 Jason Plain,Brittanyport,New York,Egypt,b4e146f7-86e4-4b85-bc8f-b0250a962fa3,web
cde1c327-53a4-435f-818e-b47b3a43189d,Evan,Swanson,evan.swanson830@hotmail.com,001-635-078-0598x37488,M,1981-05-06,2023-02-22,001 Keith Pine,Gregoryhaven,Wisconsin,Equatorial Guinea,1a6df37a-b39f-469e-9fc3-cc7c684f4d84,app
c4e8e517-75e1-4de3-8cc4-59b82005cd73,Natalie,Foster,natalie.foster010@gmail.com,+1-894-511-9587x63492,F,1961-06-04,2015-07-06,267 Michael Course Suite 255,Greenfort,Arizona,Panama,5d3e4de7-75db-4eca-9cdd-f869b46cd122,web
4735ad54-02dd-4bfc-9473-f572ed4a630e,Joseph,Meyers,joseph.meyers348@hotmail.com,+1-916-244-7209x201,M,2002-10-26,2021-11-20,93934 Clark Parkways Suite 442,Brooksfurt,South Carolina,Germany,d1aa20e3-1df2-41a4-8ddd-789a6fcc6e1d,web
059de6a7-d71e-4183-932f-9ec7f344e988,Keith,Wilson,keith.wilson798@hotmail.com,5159851048,F,1992-02-10,2025-06-22,3881 Evans Village Suite 085,Brownview,Louisiana,Andorra,fde0a6aa-8613-4364-907a-e5f7e68c8e16,web
e62355b6-5c86-49c4-8b3e-a38ff0b13ec4,Jeremiah,Bennett,jeremiah.bennett252@yahoo.com,+1-995-142-3106,M,2002-07-12,2017-02-08,1293 Novak Extension Suite 532,Kathleenburgh,New Mexico,Djibouti,966ed94b-618b-4d0f-abc6-6e4d9b66c24e,app
aadff9df-845c-4865-b6f8-8d92fdbc6621,Heather,Clark,heather.clark155@gmail.com,001-153-636-7068x14132,F,1979-06-01,2015-07-24,195 Crystal Ranch Suite 781,West Eric,Iowa,Botswana,d701d056-0ed9-4a56-a737-05777330d2c0,web
0820edee-6593-4786-bdb5-b6f50769df37, Angela,oWEN,angela.owen664@gmail.com,444-172-9624x440,F,1957-06-02,2015-11-07,186 Williams Vista Suite 098,Floresmouth,Massachusetts,Saint Lucia,dcf48d39-cdf7-4cc5-9eed-b36b1c6d3d7b,web
fd88c3bf-1a94-4ffb-9705-c302a277de8f,AAddaam,LLoonng,mark.nolan131@hotmail.com,+1-973-617-8860x0929,O,1978-03-26,2014-03-23,830 Parks Cliff,East Hayleymouth,Indiana,Saint Helena,2bd041af-26c2-4c0f-a7fd-848dbc4fa2ca;c9733160-18e0-49d4-b18b-3bfc2b86f039;3b3f8d9e-2f14-4bc7-ab79-9f4914b528e6,referral
e6bc49be-2b26-4d41-8246-5bd28ef10c99,Brandon,Williams,brandon.williams643@hotmail.com,001-130-173-0036x6262,F,1980-07-03,2017-12-02,5726 Page Neck Apt. 603,Scottview,Oklahoma,Puerto Rico,6055dc30-728f-4e8f-af8f-179ec5a85f04,web
b378bcec-d7da-4805-a3ef-392a10c637bd,CChhrristina,MOSS,christina.moss145@hotmail.com,242.947.0961x666,M,1976-10-01,2023-10-04,3034 Hill Mountain Suite 873,Leshire,North Carolina,Hungary,7502056f-3ec8-4141-97b9-6ecae2414691,app
8824972d-8487-4511-ab29-19748848c976,Tammy,Smith,tammy.smith252@yahoo.com,227.794.9839,M,1985-05-09,2018-11-22,1468 Morgan Place Apt. 236,South Alicia,New Jersey,Guatemala,2693bf99-eb85-496e-845d-a3a5a0be7238,app
f5a18867-dd0d-41db-913d-3a1794cce6aa,Andrew,Jordan,andrew.jordan348@hotmail.com,(435)042-9594x37150,M,1972-11-23,2021-05-09,782 Jeanne Terrace,Christopherburgh,Illinois,Romania,826d8127-e932-45c0-8562-df928f3b03d4,referral
ab0fad65-7571-4877-abe5-97d17dc39960,Tyler,Bradshaw,tyler.bradshaw979@hotmail.com,(444)823-6453x8018,M,1960-02-28,2021-01-09,07582 Morrow Glen,Justinland,Vermont,Holy See (Vatican City State),1cd58ac7-0336-47a4-b6e5-10feb8a055bc,web
15e0296b-c13d-4ff0-8488-1a2b396b42d4,Kathryn,Hall,kathryn.hall217@yahoo.com,9490959366,F,1975-11-24,2019-09-29,31180 Jon Meadow,West Lori,Vermont,Hungary,b1dad757-044c-4bed-a286-768835b0294e,web
b2a44700-bef6-48a5-b25a-1a5f30b1283a,Michelle,Harper,james.ramsey926@yahoo.com,471-760-1108,O,1959-08-19,2024-12-21,434 ANDREW SHORES,Lake Peggyberg,West Virginia,Falkland Islands (Malvinas),c6b62427-e776-46e0-8599-0c266a751ff6,app
c7ce9128-286c-43ab-9a05-41a2b9a92b3b,Taylor,Valentine,taylor.valentine084@yahoo.com,905.033.4894,F,1972-09-17,2025-05-04,429 Thomas Locks,West Christine,Pennsylvania,Somalia,12f1bc60-f090-4c44-a5b2-6940b0710e7a,web
6c40b1c7-1646-4239-bddd-16cabe5609c7,Brooke,Durham,brooke.durham141@gmail.com,501.513.3797x539,F,1973-07-17,2019-07-14,336 Mark Cliffs,Bridgetland,New Hampshire,Guernsey,91a84464-4dcf-453b-8c8e-bb0d07a49b2e,app
39b92dbd-abf5-4f52-8a5d-e40381473827,Elizabeth ,gONZALEZ,elizabeth.gonzalez396@yahoo.com,(212)351-0351,F,2006-10-25,2018-01-27,37574 Swanson Mountain Suite 715,West Johnton,Georgia,Austria,19f05202-83c6-4a00-b23b-94c925e3090c,web
5ce6d267-0ced-4aff-bda8-723345cbbdb9,Amy , Williams,william.grant396@hotmail.com,498.906.7791x906,F,1972-07-04,2016-10-17,48738 VINCENT TERRACE,Mariaberg,Massachusetts,Nigeria,a4973885-25e8-480c-a8d9-950fc2d16547,app
89d70c5b-a6f2-46af-9920-836269a1497b,Kyle,Johnson,kyle.johnson142@gmail.com,(886)759-8136,F,1967-02-04,2018-03-20,19935 Vincent Forest Suite 800,New Alexander,Mississippi,Christmas Island,2b75549d-02c5-40f2-a919-7faa28bb6dc4,web
96007bd8-ae96-4a3d-ac2b-3c4e0aa6adc3,Joshua,West,joshua.west487@yahoo.com,380-097-7058x9605,M,1983-06-13,2025-10-31,489 John Orchard,South Ann,South Carolina,Netherlands Antilles,cb45083c-734a-4ed5-9c12-aa20d9394370,app
ccea6319-573b-4eeb-9a3d-7c75e743d0d6,Bruce,Steele,bruce.steele454@yahoo.com,+1-974-128-6349x518,M,1982-06-14,2025-01-17,811 Haley Square,South James,Montana,Slovakia (Slovak Republic),e25fc906-9299-4e95-89e5-b55571ada3a1,app
41b3ce55-583c-4758-a03a-bb8c33a59b97,Monica,Cohen,,766.744.9923x45242,F,1956-04-04,2025-06-08,6237 Benson Knoll,South Jasonburgh,Arkansas,Zambia,94cd23aa-71c8-43ca-805d-b1f0028731ad,web
f874478d-226e-425f-ad09-7fcca11b2229,Joe,Taylor,joe.taylor054@yahoo.com,001-867-742-3827x365,M,1985-11-16,2020-05-30,8671 Peter Ramp,New Craig,Idaho,Malawi,dc37bde1-0505-4292-af3a-b6e978e39495,app
ae9b022a-b7b5-43d0-820a-f623690bb67d,Jessica,Campbell,jeffrey.velez608@hotmail.com,(799)218-0382,M,1997-05-26,2014-07-11,874 Miranda Passage,East Michelleport,Massachusetts,Myanmar,57e4cd6f-5cee-445c-b084-f07bb6d2e52f,web
5ecb7585-a939-42eb-b676-582f8f7ffb90,Cynthia,Rodriguez,cynthia.rodriguez632@hotmail.com,+1-374-217-5876x9061,F,1975-03-08,2015-07-27,32870 Murray Cove,Marcusport,New Jersey,San Marino,b8c312de-2818-4adb-b129-e1d32e844f53,app
70fb553d-3bfe-4d18-9f48-21e112d3583f,Richard!,NNgguuyen,richard.nguyen709@hotmail.com,+1-869-392-4995,F,1985-07-23,2024-09-14,791 Taylor Point,Julietown,Kentucky,Macao,315b6b56-734d-42c3-90e3-055f9902083a,web
dacc6235-ddb7-4f34-81c9-0d2d641be952,Kevin,Davis,kevin.davis117@yahoo.com,+1-226-086-2408x1927,M,2000-11-22,2022-03-24,3252 Amy Corner,Copelandburgh,Florida,Mexico,4af6ab1c-8059-46e4-8818-5739f20f91d0,referral
66a3418e-b4d6-4564-89b0-f0454f8437fc,Tammie,Jackson,tammie.jackson616@hotmail.com,(678)891-6309x377,M,1985-04-03,2014-01-30,966 Charles Street,Josephchester,Rhode Island,Slovenia,6994b9f6-b598-4cd1-bdca-7b4e728eaf80,app
9a7e8925-c161-4ff7-9956-fa29280193a8,Mason,Aguilar,mason.aguilar687@yahoo.com,001-295-047-1956,M,1984-04-22,2024-02-04,9167 Johnson Lake,South Christopherbury,Arkansas,Tokelau,1d20e046-8e7b-4f11-8cab-d094c3b866e9,web
2fc47b19-6f37-4c07-8ee5-3aab08fa988b,bRIDGET,SSmmiith,bridget.smith506@hotmail.com,+1-014-010-4149x723,F,2003-10-17,2019-12-23,97152 Thompson Prairie Suite 624,Williamsside,Kansas,Kazakhstan,1791c28f-8dd8-42c2-8b0b-2a19c45bb83e,web
8ebd08f3-5b83-4b38-abba-de4a2f6fa3b2, Willie, Klein,willie.klein017@yahoo.com,(812)614-0258,M,1963-08-09,2018-09-17,708 Ryan Port,Kaylafurt,Washington,Cook Islands,a66c16d4-ffb9-4c3c-ab83-60e1f978d6e8,referral
4160ffdf-6a99-4529-a3e4-299577826006, Timothy,RICHARDSON,timothy.richardson223@yahoo.com,276-558-2639x627,M,1990-08-04,2022-09-02,6727 Stuart Center Suite 101,South Gabriel,Ohio,Bhutan,ab8a4e45-0b6b-4ef9-9844-cceab88911f3,referral
57e1d926-4876-4668-90bc-a0da87b62c70,Alexandria,Gould,alexandria.gould766@yahoo.com,463.904.0172,M,2000-11-05,2023-10-18,9073 Brown Spur,Port Lisa,Hawaii,Guinea,7f402e2d-3b87-4dd8-89c6-c3a54d799a9d,referral
dc954b63-ec14-4f76-87e0-8a12d6b84a74,tHOMAS,Thompson ,thomas.thompson710@yahoo.com,9515136219,F,2001-10-02,2018-04-22,22452 Mark Extension Apt. 281,Port Pamelamouth,Nevada,Wallis and Futuna,f4392b40-b303-486e-80d6-d8a4f95a6b1c,app
7393070f-4d48-4fee-9ae7-ddc06596d908,Aaron,Byrd,aaron.byrd934@yahoo.com,176-225-4075,F,2002-11-04,2015-04-01,46044 Dixon Pine,Port Pamela,South Dakota,Colombia,7058179f-8e02-4d4f-acbb-14ecef7c0105,referral
34e97988-9f61-4d8b-81d1-45dd69d907b0,Michael!,CARDENAS,michael.cardenas969@hotmail.com,944.710.1948x5585,M,1992-11-15,2014-09-12,529 Thompson Course Apt. 344,Stewartville,Hawaii,Thailand,8edb228f-e5e8-4938-9290-2784aafa9e9f,web
a6be0a18-2277-4968-b15b-0a7a9a6b5005,Angela,King,angela.king195@yahoo.com,+1-633-450-0730x68460,M,1963-06-05,2017-02-20,39419 Brooks Parks Suite 195,Smithberg,California,Cameroon,35b83b8f-60b9-4423-8ab7-73cb1f9d0ac6,referral
08dcaada-6ffe-4a2d-bfef-2342deeab306,Matthew,Campbell,matthew.campbell985@yahoo.com,928.062.4109,F,1958-01-17,2017-02-18,789 Jeffrey Hill,North Katrinaside,Washington,Cook Islands,f9ec1403-d7be-4bf9-b294-8ae6fe5316c7,referral
650be21a-2618-47f6-9843-84e5f4e0a566,Kristina,Smith,kristina.smith579@gmail.com,332.288.4203x2580,M,1970-10-31,2021-10-26,85031 Walter Drive Apt. 638,Salazarberg,California,Congo,78c87a1c-bad7-450e-aca7-6512ea07382f,referral
9ba4b68b-1601-4612-a39d-5df37260558b,Rebecca,Petersen,rebecca.petersen237@yahoo.com,+1-454-144-3637x178,F,1963-04-25,2018-07-28,7177 Michael Passage Suite 052,Jonesview,Kansas,Zambia,c6622242-b501-4f45-8b68-1b19085b6f59,referral
f1843ec7-a5af-41ad-8042-850ddc18262f,Kevin,Harrison,kevin.harrison726@gmail.com,7178844713,M,2007-09-20,2024-09-15,214 Victoria Manors,Fischertown,West Virginia,Kuwait,58b8b3fa-6dbd-45ac-a36d-01381fd02f74,referral
cc10b6f3-992d-4731-8743-99dba82d43ff,Mat1thew,yANG,matthew.yang613@hotmail.com,001-405-558-9719x47692,F,2004-06-12,2017-07-12,6002 Keith Inlet Apt. 500,Stacyberg,Maryland,Guam,8c31850f-0051-4c24-b194-ab0e38f6bebb,web
cd2966b7-31bd-405e-96ed-633246b68760,Justin,Adams,justin.adams077@hotmail.com,688.549.4156,M,1959-06-29,2023-04-11,987 Seth Forges,West April,Hawaii,Hong Kong,a4eb1aa7-d409-4aee-81f2-33a355c9b28f,referral
c89aca3a-5e8b-4e5c-82c3-4bd92e0a05e1,Angela,Blake,angela.blake712@hotmail.com,+1-042-733-0797,M,1956-07-09,2020-05-12,1689 Douglas Village,Erinville,Nebraska,Ethiopia,70a5e9c5-b358-4a90-a4c0-69206c5906b9,referral
be1d9d50-400b-4889-8f1f-01170bd975c7,Nicholas,Weber,nicholas.weber072@yahoo.com,001-001-965-4888x45993,F,1966-07-20,2015-08-28,858 Delacruz Burgs Suite 151,Rileyfort,Kentucky,Angola,71853149-6849-4f95-80c3-706661feaedc,referral
8f329294-4396-430c-818e-2e3007611ba1,David,Ayers,david.ayers554@yahoo.com,807-636-9891x6890,M,2004-03-13,2015-01-09,9070 Thomas Gateway,Port Laceyville,North Carolina,Djibouti,bee6e761-765c-4da2-bb19-ded353600931,web
27ba8f28-ed88-4af8-b2e7-991b1752744c,Laura,Madden,laura.madden201@yahoo.com,001-050-433-2635,F,1988-06-10,2025-04-26,49948 Vanessa Cliffs Apt. 634,Lake Samanthaton,Michigan,Moldova,2744095e-512d-4a0b-bdb2-1e398783a4e2,web
9431a5fa-f5b3-46b7-ae45-b6ff3b259c1b,Aaron,Martinez,aaron.martinez751@yahoo.com,(485)306-9205,M,1973-07-02,2024-01-24,003 Nathan Villages,Foxshire,Iowa,Mongolia,100610f9-986f-4508-9e8c-0b39e2ca8f3d,referral
4f6d3094-3fb9-48cc-8b1b-984f149525f9,Blake,Johnson,blake.johnson458@yahoo.com,570.770.1021x906,O,1978-09-18,2018-10-07,500 Shirley Inlet,Reedside,South Dakota,Saint Kitts and Nevis,9a743da8-a78d-4e12-95cf-423e636c1e30,referral
5e959ac9-eedd-4e12-ac5a-02af41f46b74,Mary,Williams,mary.williams271@yahoo.com,(569)874-2623x493,M,1968-11-03,2017-06-15,7464 Sarah Summit Apt. 672,Port Dianaton,Louisiana,Faroe Islands,6441797f-e1a3-4731-9abc-6fe272351be4,referral
6f533fe6-f6b7-4b94-a538-224695accb73,Brent,Romero,brent.romero552@yahoo.com,100.207.1416x197,F,2006-09-01,2015-10-24,96828 Harris Forges,Cherylborough,South Carolina,Malawi,cf895344-9449-4431-bd37-da3c797b9bb1,app
4446ec25-d808-4dc5-89db-2200430b6b4e,Stephanie,Weiss,shared1121@hotmail.com,831-271-8505,O,1961-03-19,2017-10-11,2236 Dean Locks Apt. 232,Stephanieburgh,Montana,South Africa,555ddade-3d4f-4499-b838-e00caa1fa74d,app
0c0ac67f-987a-4630-9357-cc045fce0430,Teresa,Wiggins,teresa.wiggins722@gmail.com,616-126-0687x82757,M,1983-04-12,2018-07-17,36712 Philip Place,Cruzton,Montana,Oman,da498d8a-fa57-44b3-92a8-de07190afeb6,web
b5fffbe1-0841-4a96-abb9-2c7f98028255,Barba6ra,Lewis*,amy.burch737@gmail.com,+1-819-480-1413x92939,M,2002-09-20,2025-04-20,481 Perez Square Apt. 369,Lake Marie,Oklahoma,Saint Martin,92b8b2b4-1fe2-4168-baaf-c3f290cd1cae;144904ed-64c6-453d-8c85-78092d95a4e6;2ebc59a6-c9a9-4978-b321-e74e69738c50;ab5d0b3c-f73e-48b9-9cee-5ebac8f39561,app
3becf2b2-58e5-4d13-8d87-f17b8d8e3dcc,Jessica,Jackson,jessica.jackson603@yahoo.com,001-010-675-7111x25410,O,1993-09-04,2017-01-06,38451 Johnston Ford Suite 469,Dianebury,Connecticut,Tonga,ada06d48-5418-4b6d-b1ee-6c287765dbd9,web
129154ff-95c2-4cf1-a1fd-364f3cb1c0d2,Stephen,Sanders,stephen.sanders619@hotmail.com,(386)344-7915x37231,M,1995-06-11,2020-07-13,2506 Johnson Crossroad,Garciatown,Ohio,Malaysia,565d2a85-ac70-4c25-aac7-751e77034800,referral
f0990ce9-5133-4c19-88c8-42ef3113efe9,Michael,Nelson,michael.nelson418@hotmail.com,3270893013,F,1994-05-25,2016-07-04,800 Craig Key Apt. 028,Laurenburgh,Kansas,Cayman Islands,a0088084-09fd-45ab-81eb-0be1c3296a58,referral
2eff3787-0e8c-4302-a531-1aab47616a38,Rebecca,Cole,rebecca.cole269@hotmail.com,195-158-2876x03886,M,1989-03-01,2020-09-10,783 Kevin Island Suite 834,Brittanyton,Pennsylvania,Germany,fa4989b6-390f-4391-bc22-0bf9c3dac49e,app
559e1c80-e293-460c-b87c-a28a1fd8c81a,Nathan,Carter,nathan.carter613@hotmail.com,451-292-0595x206,M,1974-08-10,2016-09-11,12573 Jenkins Park Suite 127,East Gary,Illinois,Estonia,f89b79c1-125b-45f6-951c-a96ba1afe20c,web
c8f7401b-3842-4c0c-ae39-eea0bb36846a,Lee,Gutierrez,lee.gutierrez595@hotmail.com,+1-455-761-3934x417,M,2006-07-24,2019-10-07,9429 Robert Shoal Suite 515,New Brittneyland,Florida,South Georgia and the South Sandwich Islands,d67ace60-45dc-446e-a2b2-a1630b4048cb,web
1f5cb11e-286a-46ff-b6b2-9bc821e3748b,KATHY,reed,kathy.reed018@gmail.com,373.785.8784x875,M,1975-12-29,2024-04-26,74629 Lutz Street Apt. 588,South Leslie,Alaska,Brunei Darussalam,8968638a-65a0-40a5-aa05-7bb509e617f1,referral
b6dae446-b212-4184-9864-ae5d82908473,Mark,Hill,mark.hill386@yahoo.com,001-196-470-9910x47217,O,1981-12-05,2023-02-23,77883 Beck Lock Apt. 847,South Shelbystad,Arizona,Saint Helena,8a26b31b-56bc-4bdd-a5ff-1e3f5bcf1219,app
9ac6ecd9-19d1-480b-b5a5-908e3180576c,Henry,Macias,henry.macias272@gmail.com,+1-585-817-4865x4195,F,1992-07-10,2015-05-30,9206 Deborah Dam Suite 933,Rowlandborough,Georgia,Portugal,46024679-502d-4a71-875b-175513f6c1ea,app
d20b46a4-af59-42ab-873b-3795a7ee8f52,Katie,French,katie.french393@hotmail.com,1490778454,M,1973-09-15,2019-04-21,313 Hartman Mountains,New Dana,Kansas,Belize,5583e248-df76-4b78-a7cc-dd38d72084c7,web
73431057-ee5f-475e-a140-01b5b99e8a72,Paul,Johnson,paul.johnson312@hotmail.com,(060)663-6107,F,1979-07-28,2020-11-08,2447 Cheryl Forges Suite 936,Jamietown,Illinois,Norway,c9f6e1bb-c551-4d63-b734-d21bd4a57910,referral
b729d29e-3697-4c20-8e83-800d3b540475,Nancy,Jones,shared1474@hotmail.com,001-012-952-1429x7767,M,2000-10-13,2015-09-07,5162 Emily Crest,East Benjaminberg,Delaware,Reunion,30ac2870-ff71-4db8-b34c-c29bad53db76,referral
b7c5cbcb-24b0-46e1-8f73-90ed88d0b092,PPeeddro,turner,pedro.turner258@hotmail.com,455.658.8689x2533,M,2005-04-03,2018-12-27,09111 April Wall Suite 368,Anthonyville,Montana,Honduras,5922b675-2e32-444d-94bd-a88fa28177b6,referral
3d46d3c8-6958-4912-92b7-e40ad0596bf5,Joanne,Dyer,joanne.dyer676@yahoo.com,632-381-1010x3458,F,1978-09-13,2022-02-14,764 Benitez Via Suite 977,Chelsealand,Delaware,Nicaragua,42522bc3-ae7b-4134-be8a-883d3705d5d0,web
73641988-8bac-4569-ad23-54788ff5f4fe,Derek,Burke,derek.burke094@gmail.com,(809)762-9165x9963,F,1985-06-16,2022-02-02,85668 Daniels Stravenue Apt. 815,East Rebeccaview,Maryland,Guam,da5b1957-41d9-4b33-8b77-9626894096eb,referral
403922e0-27b4-4309-be98-9546411154bd,Lisa,Sherman,lisa.sherman055@gmail.com,809-360-6807,M,1968-08-15,2014-04-14,28358 Smith Glen Apt. 497,South Albert,Washington,Timor-Leste,0a0b0ee4-e9ac-4f80-9a44-5e5aa8983177,web
d26265b9-86a1-4921-9899-aabc3636d795,Eric,Smith,eric.smith146@yahoo.com,446-718-7944,F,1958-12-18,2025-08-14,7390 Decker Port Suite 864,Port Michaelfort,Rhode Island,Panama,c562f38d-411d-41d2-9d30-4b928315bc84,app
bc8660d7-c974-47d4-85c3-9109919839fb,Ronald,Frey,ronald.frey841@hotmail.com,(914)663-6876,F,1955-10-02,2021-12-09,3239 Deborah Estates Apt. 788,West Johnhaven,North Carolina,Monaco,318c6920-4da7-48db-8cef-fe3c031611bb,web
0f55d0ec-7ec6-4b86-ad39-62101f07dbb7,Deb8ra, Williams,debra.williams139@yahoo.com,001-199-183-5460x062,F,1979-06-14,2014-08-31,247 Jennifer Light,Rachelfurt,Nebraska,Nigeria,c81cbf00-4361-453d-86c5-a3ea1504a522,web
56583bf6-0869-4c71-a3dc-800c3ce285f2,Joann,Henry,joann.henry479@hotmail.com,(972)008-7132,M,1967-11-03,2021-11-27,50557 Heather Road Apt. 997,Curtisfurt,Hawaii,Solomon Islands,888869d5-34fc-4ec1-b143-bfcdb2aa881c,app
22f2f261-ddd8-430b-8351-4215c7ea384d,Jesse,Valdez,jesse.valdez891@hotmail.com,001-684-912-9401,F,1990-01-13,2025-02-22,36192 Angela Plaza,Garciastad,Massachusetts,Uganda,5b792ddd-f2b6-44a5-a497-c89ba433613b,referral
14c6116e-dee5-4743-8ce6-f6187dec8171,Timothy,Vaughn,timothy.vaughn965@gmail.com,977.861.2436x1417,M,1985-07-28,2017-04-26,395 Barbara Court Apt. 227,North Brittany,Rhode Island,Monaco,5aa3a57c-2139-4f6c-9e50-7cd155df6068,app
d14d2574-8442-4354-ae6f-15966db78ccf,Benjamin,Grant,benjamin.grant866@hotmail.com,243.715.2130,M,1987-01-05,2019-05-27,39890 Kelly Run Suite 412,Glenton,New York,Palestinian Territory,215e2c8f-5de5-41a2-8a3b-82d0eb50b75e,app
f5566004-8fae-4f19-8e67-291ce627fcb6,Jennifer*,wilkins,jennifer.wilkins547@hotmail.com,(966)625-6475x5280,M,1964-01-14,2024-01-09,51696 Darren Mountain Suite 136,Heatherberg,Minnesota,Malawi,c25cb966-666d-40be-aed4-c10013c4955d,web
5b193bfc-aeec-4ddb-a78c-dd49134fd573,Christopher,Miller,christopher.miller567@gmail.com,001-187-154-9939x6824,M,1983-12-24,2025-11-24,2259 Richard Squares,South Cynthia,West Virginia,Italy,3d0692a3-1257-4637-a27f-92c86287aa62,app
552af1df-c493-4f0a-b809-ee1cab4d8fb8,Jamie,Harris,jamie.harris219@yahoo.com,(806)244-2176x948,M,1963-12-27,2020-10-30,166 Delacruz Loop,North Jasmineberg,Indiana,Monaco,a74a85cf-d974-461c-aeb3-5c291f5898d3,web
4c265353-576a-4745-a694-a53145fc75ed,Crystal,Reyes,crystal.reyes653@yahoo.com,(029)370-1285x58609,M,1978-01-01,2019-10-26,018 David Key Suite 993,Lake Karen,New York,Belize,f7360226-c6f3-41c3-aa20-e27768a156f4,app
ce751ed9-93d8-4861-a682-816f7d89f0b8,Nicolas,Garcia,nicolas.garcia888@hotmail.com,1968415703,M,1997-09-09,2016-12-16,174 William Drives,Rickyside,Florida,Ghana,97a74bc7-3e06-4abb-8534-426718e39a20,referral
d590b5e9-d5db-4ec3-8238-f1683a40a2fc,Diane,Odonnell,diane.odonnell020@hotmail.com,+1-523-328-4980x015,M,1999-06-22,2016-06-11,9016 Ramos Prairie Suite 104,East Tiffany,Oklahoma,Russian Federation,1c185c94-0444-416d-a522-291f01771e62,web
f106cd50-fe83-4f26-b723-bbc694fb5712,Steven,Mathis,steven.mathis684@gmail.com,526.467.9113x734,F,1995-03-06,2017-07-17,0401 Kayla Mills Suite 581,Charlesshire,New Jersey,Suriname,de90b9ee-51f0-4d2e-9b4c-7e9be702577b,web
d172fc62-a344-4727-b668-b94a8f52161c,Jesus,Mann,jesus.mann972@hotmail.com,(005)306-2028x945,F,1968-04-13,2016-12-28,897 Franklin Lights Suite 949,West Henry,Pennsylvania,French Polynesia,40c95a8f-13b2-4e57-aa66-d3e8b156db6d,app
dbd64653-cf50-497f-8c08-02f6f5bc6f34,Justin,Perez,justin.perez788@yahoo.com,226.897.6811x86988,F,1989-09-10,2023-07-18,9384 Griffith Station,North Heatherport,Maryland,Belize,833154e5-f8a3-487c-b326-323ee257c231,referral
ab1bab3c-b30d-42a5-ab7c-8cf3436ede6b,Alicia,Miller,,319-325-6658,O,1962-03-07,2021-05-28,4109 Reeves Lights Apt. 031,Lawrencefort,Rhode Island,Falkland Islands (Malvinas),9dcb7b18-e766-4271-a4e4-41e6c2493b0f,web
eb2d3117-a072-4645-883c-bbdc9e8f5490,Craig,Faulkner,craig.faulkner780@hotmail.com,+1-829-438-5651x62764,M,1979-10-11,2017-12-29,0381 Theodore Oval Suite 138,Holtmouth,Florida,Central African Republic,47b3843f-f99b-4be0-902f-dd77ed83ee5d,web
96aa6cc2-8cf7-4c76-b837-41b7e94cd9da,Carol,Brown,carol.brown541@hotmail.com,421.615.3079x5852,M,1997-04-26,2018-12-21,57345 Copeland Roads Suite 499,West Mary,Rhode Island,Turkey,0b9549bc-e6a3-42d0-8b60-9479bf40e234,referral
1f7cbe96-d7b6-42c5-8264-e9f7636e03bc,Vanessa!,rYAN,vanessa.ryan505@yahoo.com,183-557-8732x7064,M,2005-01-29,2014-09-06,99775 Bradley Dam Apt. 184,Port Jasonside,Mississippi,Qatar,1d2516f8-bda6-4a48-9c03-97fe08371a6c,app
6fb6d926-b173-486f-83c7-728081626880,Laurie,Meadows,laurie.meadows873@gmail.com,001-301-842-0429x141,M,1980-12-17,2021-03-28,371 Alexandra Drive Suite 795,New Logan,Kansas,Ecuador,86213453-b9b7-4fd9-b613-433547fc2ea1,web
e5552e45-a33f-4e21-9761-b4a483a35cee,BBrreenda,Gonzalez ,brenda.gonzalez506@yahoo.com,734-876-0583,M,2003-07-25,2020-04-27,355 Darrell Village Apt. 049,North Robert,New Jersey,Austria,b13d6df1-c560-4a00-af92-1714bc133d46,web
ab76411f-136e-4f02-964e-e8eeeb8dc329,Sharon,Cortez,sharon.cortez503@hotmail.com,852.733.8746x077,F,1971-11-26,2020-08-30,31400 Baker Knolls Apt. 060,Bensontown,Maryland,Bahamas,d1f48fac-3ef6-44f9-abcf-0233adb24b4b,web
e7a2842c-3ee1-435a-b410-5cfe7084fca8,Ronnie,Frye,ronnie.frye148@yahoo.com,440-667-3932,M,1974-08-26,2022-02-25,7461 Lewis Trafficway Suite 078,Kristinastad,West Virginia,Sri Lanka,c2c93fe5-252d-4b7b-88b3-2c5a7e206325,app
25679ce2-f467-4b74-bf94-dab3c21503d1,Danielle,Armstrong,danielle.armstrong662@yahoo.com,350.024.5169x09358,M,1977-12-15,2014-05-04,3026 Eric Radial Apt. 522,Roberthaven,Kansas,Grenada,8f13256e-2006-4be9-8a5e-a0031df18eea,app
0250e448-85f9-4396-a37d-e8863607d4b2,Kristen,Smith,kristen.smith832@yahoo.com,(861)608-1846x5998,M,1958-02-01,2023-06-25,01509 Meyer Brooks Suite 586,Robinhaven,Arizona,Jamaica,dce012c0-005d-4198-b2cf-651f2dbda771,app
b7b15a87-1050-40c0-9eac-93750e897ada,Janet,Phillips,janet.phillips997@gmail.com,001-254-937-5359x655,F,2007-01-16,2015-11-08,3748 Tyler View,West Jared,Florida,Anguilla,dfe18f33-0136-46c9-b64a-a19367c47be9,web
4a4bfa87-743f-4b21-947d-24570e14fb82,Carlos,Roth,carlos.roth726@gmail.com,8141167429,F,1990-09-27,2020-10-18,833 Holt Skyway,Port Collinborough,New York,Benin,afb30e09-0561-403f-bab1-c179bbfd991b,app
9fee9b7f-4c67-46b7-b257-fc78fbe9f8c1,Jeremy,Castro,jeremy.castro413@yahoo.com,537-720-0566x054,M,1979-03-13,2016-05-06,99928 Williams Tunnel Suite 182,North Connieberg,Pennsylvania,Qatar,aa0baced-9ada-44c3-93e1-a02cf4bc89e4,app
7d8c919b-b591-4da6-9c62-934d1c835d29,Anthony,Howe,anthony.howe602@gmail.com,695.276.1692x875,F,1968-10-17,2021-01-25,10006 Andrea Summit Apt. 869,New Samuel,Oklahoma,Saint Kitts and Nevis,b9f93c42-2e8c-423b-bf39-40b0ea21abb7,app
182fa49b-40bf-4af7-9fe5-0e69a3f96d9b,James,Miller,james.miller634@hotmail.com,185.359.4749x826,F,1963-10-02,2020-09-27,9802 Flowers Cape,North Jasonton,Vermont,Maldives,4465c9d3-83b2-4986-9b8d-0d0ac8027aac,web
b0cf3376-2cd9-4875-887f-18ac72287957,Evelyn,Maldonado,evelyn.maldonado131@gmail.com,001-668-843-1783x62754,M,1985-02-13,2014-12-01,893 Kristen Plains Apt. 796,West Kevinberg,Mississippi,Russian Federation,80ad5c89-9f1d-40f3-9858-652fa2057861,app
d822ec39-72ca-405b-abcc-ee86ed59f92c,Patricia,Brewer,clifford.lee550@hotmail.com,406.425.6023,O,2001-08-18,2019-01-21,4771 Keith Rapids,Daltonmouth,Kentucky,Holy See (Vatican City State),b1abfa19-79b2-4879-bd8a-1defa3a952ad;c5a6a877-a79a-41f9-b287-524eb8ffeacb,referral
c7ea95dd-c211-496d-b1c6-1e5bce2ab606,Vincent,Gaines,erin.jones423@hotmail.com,(067)729-1836,O,1985-10-20,2024-01-30,5184 Emily Flat Suite 626,Yolandaville,Maryland,Palestinian Territory,0cd0f9eb-4493-434e-8ed5-2624a673cd86;6b7038d3-2cd9-4bc4-b5a2-08f048ae7b0d;848a63f3-3ce6-4d6d-9c62-b670023ecf73;94f7e2d3-098f-466d-afb1-09c6a81acb56;804d7084-72a7-43ae-b659-074e62e47179;2ce50549-df6d-4853-87e3-9e08114a6ddd,referral
d2e58e46-5fd1-4cb6-ba7e-ba800abccaf2,aLLISON, Butler,allison.butler588@yahoo.com,081.192.3746x587,F,1976-05-20,2016-10-30,99975 Parker Streets Suite 175,Lake Brandi,Delaware,Chad,e1fee52f-f550-4684-82a7-acacf192ea30,referral
c8eec34b-da21-4de8-8948-81c8cd50c3db,nATHAN,Ram5irez,nathan.ramirez481@hotmail.com,+1-174-703-4478,M,1958-06-02,2024-07-13,4119 Henson Mount Suite 672,Cochranfurt,California,Guatemala,3c8350e5-f71a-4de5-97a5-e1254e63c4ae,app
3033da89-37b3-4531-b4a2-124e00c015c9,Anthony,Johnson,anthony.johnson201@hotmail.com,(510)979-8734x527,M,1980-08-17,2021-09-26,0420 Brandon Mews Apt. 761,New Robertmouth,Texas,Pitcairn Islands,ae036e0b-59eb-4dad-85d7-08d79d389aff,app
e97a723b-158d-429a-9daa-3c54f230a6f7,Julian,Scott,,819.336.7454x436,O,1992-01-15,2021-08-27,0067 Barber Harbor Apt. 896,Lake Michael,South Carolina,Ecuador,5897cc05-d828-4bfe-90ae-0defe177cd17,referral
cd65d27b-32da-433b-8683-294c3158ce85,James,Elliott,james.elliott048@hotmail.com,673-890-8546x6016,O,1994-01-11,2017-08-20,37479 Contreras Meadows,New Davidland,Florida,Cape Verde,5c8503a2-e5fa-4934-8e46-aa3b9819a34c,referral
207039c9-ea32-4893-869f-47e38845c543,Daniel,Mack,daniel.mack186@gmail.com,8313348683,M,1998-09-11,2019-08-28,069 Lisa Forks,Stephenport,New Mexico,Australia,a340c5ac-c16a-4539-ae6d-55167ce812d6,web
c8faeca8-364f-4ed1-9ff8-d258c25f0279,Marcus,Flores,marcus.flores643@gmail.com,7325666232,F,1999-08-20,2014-01-16,882 Patricia Roads Suite 451,Port Laceystad,Kansas,Kyrgyz Republic,075b65b7-4827-46ef-9648-fd308366fe1f,referral
0de1c833-cfdc-4668-b19b-7125536b1121,Kelli,Montoya,kelli.montoya895@hotmail.com,214.090.3192x385,M,1987-06-19,2014-06-27,828 Joseph Stravenue Apt. 073,Port Tyler,Iowa,Pakistan,f6140b02-09a9-4f0d-a97a-587fb8ffa2b0,referral
82f3dc59-2f36-4121-a0f7-ae42ffef79d7,Sheri,Brooks,,001-497-849-1222x6897,M,1967-02-03,2017-03-16,54514 Mendez Mountain Apt. 572,South Jesse,New Mexico,Netherlands,166da5fb-07ad-41bc-9fc8-ae56361accc1,app
752d65a4-0023-438a-848c-8d8c02ef926a,Sarah,Walker,sarah.walker112@gmail.com,362-566-5438,F,1991-02-27,2021-02-16,399 Elizabeth Stravenue,North Stacy,Delaware,Cayman Islands,b8121d0b-f80f-4fa5-befa-8767ba3aa884,referral
4289c1d9-375a-4b89-a6ec-f98a3eea51ff,Kelly,Wolfe,shelly.price226@hotmail.com,+1-326-122-9251x20729,F,1987-05-04,2018-07-18,97260 Roach Hollow Apt. 071,New Danielmouth,South Dakota,Vietnam,7ee88cfd-1604-49dc-9381-6c1560d82751,referral
ac3974be-276e-45a0-9df9-01d5adc264e7,Robert,Huber,robert.huber370@yahoo.com,687.207.2497x415,M,1955-12-15,2025-03-06,83861 Joseph Trail Suite 280,New Rebeccashire,Rhode Island,Brazil,e71c5576-83aa-483c-8cf0-0583855c40c8,web
e1b5e226-04e9-46f9-b09b-52fd01a76150,Frank,Gill,frank.gill477@yahoo.com,664-738-0373x5097,M,1967-09-11,2015-02-03,2273 Bruce Crest,Royland,Louisiana,Saint Lucia,c5a2574e-b530-4a38-b0b6-ab92759dfd64,app
42b5db03-3a06-419b-b01c-7a7b05ac529c,Felicia,Thompson,felicia.thompson691@hotmail.com,(980)492-4368,M,1989-09-07,2018-03-12,4640 Casey Mountains,Port Elaineville,New Jersey,Martinique,c08b54cd-96ff-48d2-b285-82b1eb481f60,app
a4e3ae1b-e40d-47c1-b618-3f6d722e8449,Kellie,Edwards,kellie.edwards774@hotmail.com,5137471372,M,2000-11-18,2025-08-04,1208 Nathan Mill Apt. 349,Tiffanyberg,Arizona,Tokelau,d6493e06-f8f0-4c43-8344-ad913cc1d0b0,referral
82d27f4d-5087-4e78-9d91-97981ade7521,Rhonda,Brown,rhonda.brown104@yahoo.com,101-567-9397x231,F,1989-08-29,2015-07-24,6113 Martin Mill Suite 276,East Erikport,New Mexico,Lithuania,0645345f-f4b3-4ad5-a280-67aec4d49478,web
1bf5e504-7582-4836-a1b6-84f2040de321,Robin,Williams,robin.williams710@hotmail.com,001-738-598-9823x1334,M,2003-08-26,2020-05-07,6573 Mitchell Loop,Tomview,North Carolina,British Virgin Islands,1a7beddb-9f37-481b-b1fc-96d8a9e6a3d6,referral
dbb6c115-b030-40d7-8b77-dc127383bc3b,katherine, Hall,katherine.hall181@hotmail.com,655-174-4383x362,M,1979-08-23,2021-06-22,1690 Randy Neck,Emilybury,Indiana,French Southern Territories,296e9ff7-5b05-4c51-9d28-2ff2cb8ef103,referral
bcf8e4ed-59e4-4020-86ff-381801d07638,JJeefffery,aGUIRRE,jeffery.aguirre550@gmail.com,8229160449,M,1961-05-03,2020-06-04,749 Tucker Road Suite 838,Mayertown,Arkansas,Saudi Arabia,5cdc6d8f-62c4-4142-8fe8-bb57f12bdb18,referral
0cc1a845-1099-466a-8784-7ba5c652c73c,Ellen,Chavez,ellen.chavez896@gmail.com,560.805.9385,M,2003-08-15,2025-11-27,37437 Harrington Coves Apt. 715,Rebeccabury,Pennsylvania,Azerbaijan,71ab4d3a-51e5-40b8-98f7-14e73b93dc45,web
68990f0a-e817-486e-a7a2-101acc402faf,Timothy,Martinez,timothy.martinez309@hotmail.com,246.347.0291,F,1995-11-21,2014-02-04,4338 Cooper Centers Apt. 385,West Steven,Georgia,Uruguay,d44666d2-d361-4838-94b3-49dcd4bc62e9,referral
1d8c325e-f3e2-416b-b007-c84c36a92a66,Matthew,Anderson,matthew.anderson892@yahoo.com,295.526.4868,F,1965-04-02,2023-12-24,93635 Thompson Dale,Williamstad,Hawaii,Brunei Darussalam,58070fb7-ac6b-4e04-acea-e43103bc1f1b,app
5cce209e-fbac-4685-b849-32387d25824d,Erin,Wood,erin.wood295@yahoo.com,566-830-9021,M,1980-02-02,2019-04-18,6253 Barrera Track,East Michaelborough,Alaska,Greece,01356cb4-487a-4b6b-ab1a-2a9e877f610f,web
199ed3bb-e404-4e86-b844-3eb467450bec,Jacqueline,Rodriguez,jacqueline.rodriguez354@yahoo.com,+1-868-693-5340,F,2000-05-13,2025-01-03,3844 Kyle Plaza,Jordanmouth,Connecticut,Gambia,83585b75-37ca-4076-9a67-fce9f99859a5,referral
a3615535-4cbf-4a4c-9393-bda0eeff83ff,Emily,Reed,mark.franco747@yahoo.com,(747)936-4320,M,2004-11-07,2020-07-01,6478 GERALD MOUNTAIN SUITE 678,East Jermainefurt,Michigan,Cayman Islands,206264fc-6199-4015-8ed5-241af99294fe,app
cfac0c32-5b8c-428b-af3c-b2c2bb41f766,Charles ,wIGGINS,charles.wiggins649@hotmail.com,+1-006-171-8432x112,F,1997-07-04,2019-08-28,989 Anthony Spring,Oconnormouth,Minnesota,Jersey,fe988df8-b1dd-4ef9-8051-c3464db9c1c4,referral
c47470f9-56a5-4e73-9628-44c3d0d31c27,CHARLENE,Snyder ,charlene.snyder608@hotmail.com,+1-187-923-3299x91584,F,1968-02-12,2016-12-24,92068 Kara Harbors Apt. 843,East Kathleenburgh,Utah,Austria,31e57110-d17f-443b-9dfb-8951fae2a560,referral
0ac99635-f393-4bf4-a452-c25096686e53,Nicole,Fleming,nicole.fleming867@yahoo.com,(413)990-3317x064,M,2000-03-09,2013-12-18,17733 Nicole Locks,Wheelermouth,Washington,Hungary,6b2ed0f3-0d43-4e58-a18f-abab9f4b0b64,app
1dd447a0-65d8-4210-85e6-3b750dd8af62,Brenda ,Soto ,brenda.soto089@yahoo.com,748-440-8636,F,1957-08-17,2014-04-20,7944 Davis Rapid Apt. 953,Andersonburgh,South Carolina,Nicaragua,ca2ba472-671b-4138-80a2-dd291de18b3f,app
d45d0832-8673-4212-8b64-12428ec6d2f2,David,Mckay,david.mckay716@hotmail.com,(856)611-1534x4610,M,2003-07-08,2019-02-22,09159 Tim Haven,West Bryan,West Virginia,Isle of Man,7f399324-c244-4ca5-8ac3-0fbb37a6d70f,web
22d0cfe6-a340-431a-a0cc-1304a7f5b54d,Lisa,Schaefer,lisa.schaefer832@yahoo.com,3600629915,F,1997-09-12,2020-11-10,60182 John Causeway Apt. 842,Anthonyfort,North Carolina,Portugal,3120f68d-671d-49a2-9802-402f08189d04,referral
f8e2ba6a-c791-46e4-bb97-e752e8c1cd74,Kara,Baker,kara.baker635@hotmail.com,001-338-927-0420x022,M,2003-07-25,2016-10-04,0560 Rodriguez Tunnel,West Antonioton,Illinois,Burundi,1cb76c81-a836-4ae2-ba6f-81d336e23ff1,app
f1c201ae-24c5-4983-abfd-f8c7ec743916,Teresa,Parrish,teresa.parrish550@yahoo.com,+1-825-542-6867x08257,M,1997-05-15,2022-10-31,3587 Jackson Lock Suite 898,New Jennifermouth,New Mexico,Zimbabwe,8682612b-57d9-4148-aed5-e8454fe5f776,referral
b51b7fd4-4070-4068-8ff2-3d49f1589a5c,David,Collins,david.collins339@yahoo.com,766.871.7622x719,M,1979-03-02,2019-05-03,4223 Sandoval Corners Apt. 820,Allenberg,Wyoming,Cote d'Ivoire,a4d25fc3-78a5-466c-8109-81a99e883d9b,web
6311cfa6-e131-47ac-be56-e45b32a794f4, Kaylee,rodriguez,kaylee.rodriguez101@gmail.com,602-634-3907x601,M,1983-06-10,2015-04-01,209 Lee Flat,Mclaughlinside,Arizona,Monaco,d6a554cc-a889-494a-b0e2-ad115991ccfa,referral
4c35ec67-430a-40ae-bf86-57d54de0d974,Daniel,Curry,daniel.curry477@yahoo.com,(250)345-7917,M,1968-10-04,2018-09-03,765 Haynes Road,West Carol,Georgia,French Southern Territories,f925444a-352f-4f18-bc82-a2a75b8d9f62,app
c1ba2663-df1d-46f0-89d9-04cdd3d0e38d,LANCE,COOPER,lance.cooper154@yahoo.com,001-774-107-1763x151,F,1967-10-24,2023-07-04,71564 Bullock Radial Apt. 235,Jessicaport,New Hampshire,New Caledonia,c70cde27-16f1-41c9-84b5-9009c4607615,app
cdf07395-cdfb-4a8f-8a78-db94ae4810d7,Michelle,Wall,michelle.wall482@gmail.com,940-423-1555,F,1959-09-23,2020-03-13,616 Jonathan Junctions Apt. 653,Clarkbury,Tennessee,Mozambique,f43f5d9c-b8c0-4d49-9da1-4199f180ee6d,web
a8540585-a123-440f-9d51-88fe6de3f028,Catherine,Carter,catherine.carter421@gmail.com,001-504-197-5398x14268,F,1999-01-14,2016-12-19,0517 Joseph Square,Bartonton,Nevada,Norway,045931a8-08b8-4adb-9c76-21dffe01a132,web
69b28b57-cdf6-4907-a241-00f60739b099,Leah,Obrien,leah.obrien121@hotmail.com,921.381.2973x8129,M,1962-03-19,2014-12-17,33319 Peterson Mission,Mortonchester,Kansas,Luxembourg,537632e1-69da-4472-b3a9-24d2a3bb64fa,referral
4c60ed8e-b20b-4cc2-9bc7-57999a133fb1,David,Wolf,david.wolf366@hotmail.com,152-862-8689,M,1973-07-01,2020-04-10,751 Mark Lake,South Ryan,Alabama,Singapore,a7638230-a6d0-46b4-a0cb-ed9a623c5a4b,web
e33f28d3-8600-4938-9810-68ee3a4af300,Tracy,Hull,tracy.hull580@hotmail.com,233-084-5861x403,M,2007-10-29,2014-02-26,80629 Mcgee Via,Thomasbury,Nebraska,Venezuela,a8f75362-8b20-4e9a-9a80-356bbca7b774,web
df1b27ee-592f-421a-b8d3-5fce33b35a83,Jacqueline,Moore,jacqueline.moore393@gmail.com,274.862.8931x9072,M,1960-06-29,2016-04-24,04630 Thomas Streets Suite 962,Nicholasport,North Dakota,Indonesia,10d70d76-6b11-4e0e-ab1c-a318f96368d1,app
aef7492e-3b9e-41b0-893b-d04f16a9445c,Michael,Valentine,michael.valentine859@hotmail.com,+1-679-789-5151x6823,F,1977-02-11,2021-09-08,242 Williams Lakes Suite 693,South Melissaburgh,Alaska,Bulgaria,756de37a-42f3-48be-84c5-b3c994a93c1c,app
f4f3274e-e2a3-4536-a296-2a7c28ad646f,Dar1ryl,thomas,darryl.thomas646@yahoo.com,396.440.3445x51238,M,1967-10-07,2021-04-06,81531 David Station,West Susan,New Hampshire,Bosnia and Herzegovina,b156e8ba-3a83-43fd-b8b1-a7799f7b5479,app
14987dea-1ace-4ca4-861d-56d46920a904,Ana,Sweeney,ana.sweeney481@hotmail.com,+1-815-234-6517x809,M,1957-09-22,2020-11-28,223 Evan Islands,South Bryan,Michigan,Bangladesh,bd927d48-a66c-48ba-af9a-6c0436f994ea,web
c31037bc-d87d-4dd4-aa00-7f191a66adb4,Daniel ,Ramos@,daniel.ramos424@hotmail.com,514-651-7357x510,M,1954-12-24,2015-02-19,34551 Susan Port,New Cody,West Virginia,Cambodia,0dbab731-f3d0-4d5b-81f5-af1b19aaeea9,app
13bec3b9-7020-4e81-9099-13d552bf265d,Diane,Tanner,diane.tanner162@yahoo.com,+1-589-472-1506x282,F,1979-10-21,2017-03-11,0493 Jason Manors,East Brittanyberg,Louisiana,Costa Rica,5e622bfe-5348-4453-9b19-3da5abdfaf26,app
28a825be-06ea-44d9-bb90-a3ea5af5fb9a,Susan,Fleming,susan.fleming838@yahoo.com,(872)369-9077,F,1992-11-23,2015-08-22,0840 Diaz Wall,Schmidtstad,Washington,Marshall Islands,64aac644-0ffa-426b-a295-1a4276a95c4c,referral
4b1d4ef4-1e30-4560-9edf-d16447435cce,eRIKA,Sa2nders,erika.sanders342@yahoo.com,196.553.0543x178,M,1974-04-29,2018-09-14,30740 James Road Apt. 589,Port Kellychester,Vermont,Armenia,484abe29-f203-4c0a-9bcb-336d4397a163,app
4e6a0ca7-718c-4cf2-b4b2-869eab0f16b6,Brandon,Young,brandon.young068@yahoo.com,(337)495-6284,M,2004-02-17,2024-12-16,062 Blevins Coves Suite 887,North Jordan,Maryland,Montserrat,d93ffc16-c141-4c78-8075-b54375e950ad,app
f3be15c4-fa4e-417d-ba0b-184ff8cc9b2f,Cassandra,Mitchell,cassandra.mitchell783@gmail.com,656-477-7194x97001,M,1957-03-15,2020-01-22,656 Roberto Spur,North Teresachester,Florida,Brazil,250df038-2ca4-49e5-9a3d-c1af20047b87,app
44c051d0-5203-41c3-b22c-4f4299573ba1,ALICE,DDiiaaz,alice.diaz529@hotmail.com,011.247.1564,M,2002-02-02,2020-11-07,8487 Tyler Street Apt. 200,Christopherport,West Virginia,Romania,ca752bb0-02b1-4730-b50f-806a6bcba0d4,referral
6beec799-fa5d-42d1-aad4-0868188b913d,Kristin,Rodriguez,kristin.rodriguez292@gmail.com,805.601.1248x1495,M,1992-04-22,2025-10-19,41060 Cross Mall Apt. 225,West Amy,North Dakota,Netherlands,1b429204-ac00-4738-b5e3-c84dea82a423,web
772b3b8a-e122-4ba8-8a8b-8855080d6269,Teresa,Gallegos,trevor.nguyen573@gmail.com,(014)990-2831x9412,O,1983-12-13,2018-03-02,502 Cindy Plains,Jonesborough,New Hampshire,Cambodia,d42528de-5dec-4beb-b91b-4b7a87a7359e,web
d8af654b-7b40-419f-9d42-ff72b4516347,Tracy,Harris,tracy.harris270@yahoo.com,(193)875-2854,O,2002-01-17,2014-01-26,0661 Mays Valleys Suite 931,New Denisebury,Alabama,Kiribati,80dda463-03f8-4689-aae6-c04ba28fe10f,referral
63ea6dee-d517-4361-8592-b10955e959b5,Pamela ,Moran*,,340.024.9768x1690,F,1965-03-20,2020-12-10,210 Edward Junction,Melissaview,Wyoming,Cameroon,808da7ee-e308-4f1a-adfc-ccb00aa45d6c,referral
b584002b-58fd-4c6f-a049-d4ece6256b0c,Betty,Dominguez,betty.dominguez468@hotmail.com,+1-593-682-8732x495,F,1974-03-22,2022-05-28,8417 Krueger Glens,South Brandybury,Minnesota,Mozambique,7025ae1f-16b9-43dc-afdf-e3ab40aa7ef6,app
aa18e1b6-0f97-429d-8baa-3567f908d49b,James,Gregory,james.gregory282@hotmail.com,659-550-0738,M,1961-02-11,2019-01-21,228 Martinez Vista Apt. 269,Port Luisview,Oregon,Seychelles,bcab8b80-266a-4faf-bade-f9af27476ff3,app
3effb44f-e012-498e-aa11-b63e596fc781,Curtis,Herring,curtis.herring789@gmail.com,995.350.7893,M,1958-12-20,2025-04-21,33918 Weeks Squares Suite 401,Lake Deanna,New Hampshire,Trinidad and Tobago,0c335496-2d55-47d0-a68b-53af995452df,app
70f34d43-b346-4323-bfa3-bbbfb4ac183a,Megan,Matthews,megan.matthews844@hotmail.com,911.708.2558x9511,F,1991-11-24,2014-04-28,0707 Zachary Corners,West Marissaside,Nebraska,American Samoa,af79877f-968c-4771-90bd-21d676a6349d,web
a1ee6378-43c8-4739-83cf-bf14510ad218,James,Smith,,001-746-115-4525x70634,O,1963-12-22,2023-07-19,32202 Wilson Rest Suite 014,East Matthew,Colorado,Guinea,8b43a110-aeac-4e30-8bb3-109a26a65163,app
cff510f7-5d59-4825-bb34-be1b14cfa1ac,Steven,Rowe,steven.rowe838@gmail.com,(379)821-4275,M,1961-04-23,2025-10-28,7567 Murphy Expressway Suite 405,Dunnmouth,Washington,Cuba,3d327aff-1585-4705-b70a-b30ca9daca75,referral
63fbb0b8-7b13-40a7-8dcd-7e1f8ca75ad7,H3annah,M2artinez,hannah.martinez924@gmail.com,615-531-3484,M,1993-02-02,2021-01-23,6279 Taylor Centers,East Raymondburgh,Maryland,Tunisia,28642c01-8b7c-476e-8a7d-fd698e86a312,referral
f9da53d0-f0e2-4c4e-bc2f-3492a5deca22,Whitney,Leblanc,whitney.leblanc951@hotmail.com,(439)315-3746,O,1961-03-12,2021-04-22,4569 Hernandez Highway Suite 658,South Robin,Rhode Island,Vietnam,3f8d8d38-ce8c-4e31-93fd-35ebbce150d5,app
eea5bd7d-50a3-44a6-aa1a-ef7a032c0c22,Herbert , Weaver,herbert.weaver946@gmail.com,0532915497,M,2005-11-11,2015-08-25,52114 Steven Pike,Williamschester,Montana,Mongolia,9c54d457-0dbe-4e16-9655-f4c67952b03d,referral
aa83683c-3897-49b3-8192-1d8f08b995b1,Deborah,Crawford,deborah.crawford190@hotmail.com,(090)575-0445,M,1974-06-14,2017-10-14,836 Williams Track Apt. 635,New Lynntown,Virginia,Czech Republic,8b7296df-2f4d-4dc9-a57f-6e84ee2f2338,web
4db868c9-0548-46d4-be79-fe1ce9acf224,Christopher,Wade,christopher.wade681@hotmail.com,001-208-954-5939x45871,F,2006-11-02,2014-01-24,9226 Vasquez Shoal Apt. 366,North William,Maryland,Moldova,93395459-6a72-4894-879a-99a28bdaeba6,referral
11df71eb-31df-458a-96ae-6a3a201f9dd7,Austin,Smith,austin.smith043@gmail.com,(673)527-4629x1819,M,1995-12-31,2025-03-15,128 Robert Ford,East Christopher,Indiana,Kyrgyz Republic,6f98c593-4f1e-4400-a7a6-ecd238d6e72e,web
c3aa4665-ebec-4faf-812b-bd153b3d7f8a,Mckenzie ,Ros8s,mckenzie.ross587@yahoo.com,129-378-0227,F,1955-10-31,2021-02-22,99276 Payne Hollow Apt. 627,Jonesville,Illinois,Moldova,324e5d47-2be6-4320-9f14-0fd7590704b2,referral
edbc1d45-d458-421f-b0ff-70ce8e86743b,Elizabeth,Wilson,elizabeth.wilson787@hotmail.com,1078960677,M,1974-02-26,2019-10-20,3645 Richard Motorway Suite 635,Ruizville,Indiana,Portugal,d3c1a16c-6dd9-4166-afe7-7b0631544c0c,web
891e326a-aa68-4b3d-938c-dc4a03fce63b,Larry*,Taylor ,larry.taylor393@hotmail.com,063-982-1933,M,2002-03-31,2017-03-20,840 Zachary Plains Apt. 993,Hernandezbury,Alabama,Saint Pierre and Miquelon,8f3ef31c-3a3c-43de-a121-b1c1873cdcd5,app
29819e3b-6fd8-4a66-a697-31df2aa6d8bd,Emily,Anderson,emily.anderson198@gmail.com,(182)977-7657,M,2005-06-28,2017-05-03,6545 Steven Locks Suite 509,Seanport,Maryland,Gibraltar,d24397e0-bbe1-430c-a265-c2f227bf1d92,referral
4df6073a-75e5-441c-8a90-01dc7b8a5c28,David,Mccarthy,david.mccarthy095@yahoo.com,(558)275-8723x4616,M,1965-11-21,2014-05-02,34831 Christensen Track,Christyton,Nebraska,Bosnia and Herzegovina,8f8f4daa-628b-4cf9-9fee-adadfa843d37,app
529a1743-0766-4786-8cfa-549e3479ec2e,Jonathan,Hernandez,jonathan.hernandez764@yahoo.com,001-810-809-9775,M,2005-11-26,2022-08-01,16528 Phillips Squares,Lake Cynthiatown,Kentucky,Cook Islands,70abb603-8f55-4a71-96a2-a493b2a682cb,web
18aa14cd-89f5-4aac-bac8-bf6ebf783b54,Carl,Valentine,carl.valentine741@gmail.com,(682)573-0879x762,F,1959-05-06,2019-03-20,2452 Wall Canyon,North Ryan,South Carolina,Georgia,1d27a769-7c82-41cd-b84e-857f21c79053,app
49e01119-af4c-4afd-b91f-1fea6b1d9fb3,Patricia,Roy,patricia.roy862@hotmail.com,+1-821-951-2842,F,1956-03-04,2020-03-31,89704 Gutierrez Mission Suite 575,North Kenneth,Minnesota,Saint Helena,71f2160c-b016-43fb-8fc0-dc6fc11587e1,web
328b46d4-cca1-4365-a281-28fcc454ab5e,Adam,Graham,adam.graham506@hotmail.com,229.825.5310x81404,M,2001-01-17,2019-12-30,00834 Walker Flat Suite 919,North Ruthfort,Georgia,Bolivia,dd703b37-804f-4456-8a8e-801fd00d5493,app
8296112a-af1c-4ac5-8a86-57cb1c3890d0,Michael,Fisher,michael.fisher282@yahoo.com,3411760345,F,1990-06-12,2019-04-23,83065 Campbell Grove Suite 901,Marissaville,Idaho,Heard Island and McDonald Islands,bcbeb9fa-0bc6-4b50-8ffe-76f5afe0dc2e,referral
93eec207-180b-4fec-997b-213616ba2cea,James,Hull,james.hull641@gmail.com,066-220-1468,M,1976-02-29,2018-10-09,284 Sullivan Curve Apt. 449,Cindyville,Oklahoma,Zimbabwe,5e1606af-6105-4ded-99eb-548681f9f93a,app
cfca0eda-8204-40dd-afd7-a5dce3835496,Sharon,Hernandez,sharon.hernandez660@gmail.com,518-678-2589,M,1994-12-17,2017-09-12,88842 Campbell Manors Suite 280,North Michaelville,South Dakota,Mozambique,7c664f9b-39fd-4b82-91f6-8d460b282725,referral
c635cb2d-a4b7-426c-a25f-930b0fba6a18,Sheila,Reynolds,sheila.reynolds846@yahoo.com,207-175-8425,F,1985-07-22,2023-09-24,9231 Keith Street,Richardmouth,Iowa,Cameroon,63a8f31a-8ef9-4b37-9897-606f751e6de1,web
93a1ee41-7a99-4bad-8a3d-91d9b76659f4,Kristina,Lucas,kristina.lucas363@hotmail.com,852-428-0496,F,2002-03-01,2023-06-17,534 Nicole Shores Apt. 214,East Zacharychester,Connecticut,Saint Lucia,079c5cc4-f03d-438e-a284-f37486c5d4cb,web
3bb43cef-ec2d-4606-b501-9a35cf7a2b05,eric,Rice*,jeremy.waller280@gmail.com,(246)623-2488x2321,O,1979-08-18,2022-12-03,201 Monica Manor,North Veronicaview,Mississippi,Martinique,83f76952-b831-45a5-86bd-8eed23034c10;4e73c0e5-500f-453d-b36e-2e22e769b0c9;a3b18b79-cfef-4072-b4f3-d42557622215;c9032ddb-2113-492e-8041-c8c0b18d969b,app
7ed10b54-b84e-48b4-8052-6060dc679e63,Kristi,Powers,kristi.powers738@gmail.com,+1-571-307-9275x30287,M,1965-02-25,2018-07-22,60794 Zhang Wells,Mccallhaven,Wisconsin,Myanmar,a8e14409-dfb6-4e5b-832d-bb99816f1917,referral
433422f9-bec2-4a5d-94a5-917049edc0af,Brittany,Gillespie,brittany.gillespie716@hotmail.com,200-678-7161x4734,F,1964-07-21,2019-01-07,0418 Donald Extension,North Karenport,New York,Vanuatu,c94373db-6ddb-40e2-a5ad-74097272c22a,app
c5321db4-e15a-4267-b5cf-d8b0a55f14de,Jimmy,Walton,jimmy.walton049@yahoo.com,+1-615-893-0268x921,M,1996-07-20,2014-02-14,20411 John Greens Apt. 491,Ochoaport,Tennessee,Palau,c90b2ff7-18d2-427f-bb5b-4e3dccd9e753,web
d5ef9207-1776-48de-9154-bb4c3f497c83,Jenna,Davis,jenna.davis321@hotmail.com,705-840-0073,F,1961-10-26,2025-06-13,4428 Joshua Plain,Amychester,Idaho,Jamaica,8c75fe9b-a59d-4a84-ae01-1de3197fc0fe,web
51d20662-c315-4727-9f82-268bc462df22,Patrick,Campbell,patrick.campbell239@gmail.com,(821)319-9528x92257,F,1963-01-27,2022-05-21,5385 Ramirez Streets Apt. 270,Lake Richardside,Maryland,Sweden,98458a0e-e300-4258-a130-9b4e2df1b677,web
d62ee7cb-22d8-470b-b4c5-d2a38d9d82e7,lindsay,Sm0ith,lindsay.smith669@yahoo.com,(195)153-4360x908,M,1961-12-01,2022-10-19,2923 Thomas Road Apt. 974,Lake Paul,New Mexico,Sudan,1cb819c9-1e86-488e-aaa2-9ca875c8f8d1,app
9edde810-307e-4adf-8dc1-6fa529772a02,Jessica,Stevenson,jessica.stevenson338@hotmail.com,356-180-1527,F,1970-12-15,2021-07-13,8577 Owen Mountain Apt. 042,Gallowaymouth,Wisconsin,Tanzania,fefa2906-ddf8-4edc-b4f7-624fda45b5d3,app
01d3cbef-9afd-43b5-8ed7-43f6c4680b6d,Carolyn,Love,carolyn.love010@hotmail.com,001-372-884-0791x42645,M,1989-09-14,2023-01-25,09120 Joseph Trail Suite 980,Armstrongburgh,Kentucky,Serbia,d4db6f6e-37f2-423e-8433-76db1fbed61f,web
9aec184d-f191-4e94-a4a5-81ad801b0206, Mary,Moreno@,mary.moreno907@gmail.com,042-591-1735,M,1963-03-19,2023-03-11,24505 Brandon Wells Suite 547,North James,Maryland,Japan,ffbe6004-e9ee-41f8-a4b3-74cbce8b5051,referral
61d4c479-139a-4826-8b78-bfdd3edd25ba,Allen,Hamilton,allen.hamilton896@yahoo.com,(676)843-3510x97223,M,1991-08-13,2014-06-29,40300 Keith Skyway Suite 647,South Priscillafort,Kentucky,Saint Vincent and the Grenadines,0b7ac9bf-3bd7-4326-8246-d8b440570c87,app
1326bcf7-1e28-4c0f-9dba-beafc4cb3445,Jonathan,Conway,jonathan.conway296@hotmail.com,+1-622-496-0944x3307,M,1999-02-20,2021-11-10,36259 Lozano Way,Brownberg,Iowa,Christmas Island,9be89fb6-330d-4609-baef-5a89c4a3f9c6,web
46f3a26c-b9c3-47ee-8ab3-425d357fb922,Shirley,Green,,(131)312-8945x64378,O,1986-12-07,2018-12-08,5326 Horn Summit,Johnton,Missouri,Malaysia,5aa6f5c0-2966-44b0-88e2-4133afa8ae7a,app
f775ede5-a6cb-4ec7-bf0b-061534d60772,Terri,Adams,terri.adams265@hotmail.com,+1-103-284-0611x7614,F,1981-03-10,2019-11-03,79731 Lewis River,Woodhaven,Virginia,Cocos (Keeling) Islands,9d1f6bc6-67ab-4733-89f4-901b712ac3fe,app
e26c3f3d-6465-4791-89d9-ea702843f56b,Patrick,Duncan,patrick.duncan587@yahoo.com,001-292-353-9340x447,M,1976-05-12,2015-08-01,550 Wagner Land,Cannonmouth,New York,China,c715858d-7d70-4f21-96ac-0a1442acb5c4,web
0ad5d1b6-4e79-48f7-9292-5677d29dd24c,Karina,Miranda,karina.miranda207@hotmail.com,204.975.8127x86363,F,1959-11-28,2019-01-29,04596 Livingston Tunnel Suite 739,Mcclainberg,Mississippi,Croatia,ba922205-218e-454b-8d7c-9d8a2a9e2455,app
51c0bfe2-4200-4077-988b-dfa68d8116ad,Kristin,Guzman,kristin.guzman402@yahoo.com,(620)877-6109x518,M,1969-02-13,2014-05-13,877 Robertson Burgs Apt. 700,Chanbury,Oregon,Bahrain,885a0a54-e037-4ebb-8a8b-977f7e0dbc96,referral
fae69199-3f98-4938-a32e-f0a2ea23ea99,Michelle,Fisher,michelle.fisher246@gmail.com,710-051-1785,M,2000-04-07,2020-02-04,7728 White Port,West Davidfort,Arkansas,Malta,5a705dd0-3ca8-4d76-94f8-2c75cf529d13,web
b9c76b11-054e-4913-9f99-4052a5acf44f,Jackson,Ray,jackson.ray336@yahoo.com,001-686-570-4765x24852,F,2004-07-20,2023-07-26,3087 David Stream Apt. 940,North Danielle,Colorado,British Indian Ocean Territory (Chagos Archipelago),e3edc02c-e68b-4e56-8718-8e528120f121,referral
f1aaa301-9a01-43d8-b671-3536ce44ca86,Alexis,Smith,alexis.smith639@gmail.com,665-221-9245x7839,F,1971-06-23,2019-01-13,8153 Sandra Divide Apt. 638,Joyceberg,Maine,Puerto Rico,cc7f87f6-a12d-4bd3-b14d-f586dd974bc9,referral
f8b35859-1d48-4200-8719-de6903d53b7e,CAMERON,Chan*,cameron.chan080@gmail.com,201.943.2728,M,1963-10-28,2024-03-01,901 Lisa Road Apt. 738,Solomonchester,North Dakota,Cocos (Keeling) Islands,27f6fbe9-fb19-44c6-99fc-3af41f4258b6,app
23bbe7c4-32f5-4cf8-99c1-9c41d7f64b4e,Angel,Oliver,angel.oliver105@gmail.com,435-628-5151,M,2001-06-19,2023-04-26,868 Schneider Plain,Lake Shannonhaven,Virginia,Reunion,5638acb9-3b47-45e1-9612-4af5f91e2565,referral
8817c743-c9ea-4af4-ab8c-329e0575dfcd,AAnnddrea,SCOTT,andrea.scott257@hotmail.com,(565)924-4383x093,F,1966-01-09,2020-08-26,140 Carrie Villages,North Mikeburgh,Hawaii,Tajikistan,1bd12977-e2da-4bf4-899d-9bc98dd84c24,app
d0907fe0-2f05-4c2c-91f1-d8a68225b932,Bonnie,Griffin,bonnie.griffin776@hotmail.com,001-213-504-0436x483,M,1982-02-28,2024-05-14,3107 Alicia Point,Tylerport,New York,Guernsey,af585b71-4ab2-4931-afe2-79a4f98de380,web
9dcfd55a-0ec0-4c1f-86c6-0fe61213b7ef,wILLIAM,Wilson ,william.wilson560@yahoo.com,883-201-8635x341,M,1992-08-03,2022-12-04,70788 Reese Cliffs Suite 094,Thomaschester,Hawaii,Zimbabwe,71579931-a4a0-4fea-899b-5deb8bc531eb,web
0f51d855-c712-4feb-a295-8ceae404b8e0,Daniel,Williams,daniel.williams355@yahoo.com,043.550.5673x4744,M,1991-11-27,2023-04-07,507 Natasha Knolls,North Craig,Wyoming,Ukraine,14e293c6-7e6a-4654-8465-efa96e99b017,referral
097e6235-ce30-4604-837a-0a26ce0bbdf9,Michael,Spencer,michael.spencer641@hotmail.com,891.423.2893,M,1978-02-26,2025-05-07,87905 Cassandra Heights,East Beckyfurt,New Hampshire,Andorra,1ae244a5-ec24-45ad-bb9c-d0717901285b,app
fc508aaa-330e-4334-bd79-9d3a5c99c599,Amy,Scott,amy.scott766@gmail.com,+1-739-524-1066,M,2007-02-23,2017-11-14,5395 Pitts Road,South Tiffanyfurt,Idaho,Turkey,e9e41043-cdb7-49fb-b070-6431c255407b,referral
7ad2c37e-ae8f-4b0d-a230-43d89216110b,Trav0is,VVaauughn,travis.vaughn991@hotmail.com,6089435454,F,1987-02-15,2019-06-29,296 Daniel Well,Lake Cindy,Delaware,Burundi,2241569b-43b2-423f-a4ff-5a7ee9b2c66d,app
f9a7f88c-da6d-4df3-9333-9344bdcdc5ae,Devon,Salazar,devon.salazar928@hotmail.com,600.778.2632x7708,M,1958-04-03,2014-06-26,0829 Courtney Neck Apt. 360,Port Amandaborough,Wyoming,Guam,8680b081-8ba9-4aa9-8e80-2096ac7828fb,referral
5ffe6c9d-516b-4c1d-835e-a1f8863d6772,kathryn, King,kathryn.king436@hotmail.com,094-062-5767,M,1995-07-06,2020-05-12,97649 Charles Rest,East Johnnyland,Maine,Micronesia,94628bf6-dee7-4f30-a3e4-af197f7db2dd,referral
d7442342-e202-4ea1-bdb1-9c9b4130e7e9,Joshua,Osborn,joshua.osborn959@yahoo.com,4999495851,M,2007-09-09,2021-01-14,02513 Grant Meadow Suite 911,Diazview,North Carolina,Mexico,c194f37e-a671-4f72-bf8c-6418040f88c2,app
b4b26880-80d2-4c65-b6c7-c2a771898e90,Danielle,Bates,danielle.bates172@hotmail.com,001-917-511-5320x02011,F,1973-06-27,2021-05-06,759 Julia Valley Apt. 599,Youngfort,Maryland,Cook Islands,01ccc630-7bd2-4479-941a-f526fbc33546,web
db60fc08-e570-4a41-b139-d7793444c194,Nicole,Vaughn,nicole.vaughn144@yahoo.com,927-904-9317x5242,F,1978-05-12,2020-05-27,3524 Horn Curve,Lake Colleen,Arizona,Chile,de44669c-e19b-4f7c-8902-96217493d505,app
85935131-af54-4f3a-a70f-1b795b8a4151,Shaun,Johns,shaun.johns800@hotmail.com,405.566.3377,O,1967-11-11,2022-10-02,485 Kelli Pass Suite 095,New Danielfort,Iowa,Syrian Arab Republic,d8dced10-8b2e-493b-bec4-fbda84140a2f,app
36e879e2-a173-4ec1-b325-c8b9351aa07a,Jodi,Collins,jodi.collins689@gmail.com,(346)280-0112x47621,M,1975-12-16,2019-03-22,9821 Vasquez Extension Apt. 440,South Anitabury,Iowa,Somalia,57946342-9c97-453e-a210-ab36c7f3185b,referral
61da33bd-f024-44e9-befa-b5b17c58e6be, Lisa,BENDER,james.baker317@yahoo.com,+1-056-135-3798x228,O,1968-06-18,2023-10-20,005 Marc Mission Apt. 381,New Patriciastad,Maine,Libyan Arab Jamahiriya,6a6de2cc-8f73-46a5-9197-a275ed746fd7,referral
3e541f95-3e23-41a7-b893-f7f0964ef675,Jacob,Miller,jacob.miller045@gmail.com,(242)859-2313,F,1971-11-25,2018-02-02,7869 Crawford Point,Bowmanfurt,Louisiana,Palestinian Territory,889c2fb4-3785-4a75-ba27-9206e55bc311,web
95ccf897-35d0-46bd-b5f9-1f9b6afee3ac,Sarah,Gamble,sarah.gamble721@gmail.com,(804)241-2356,F,1964-10-16,2022-01-10,7524 Tami Mission Suite 182,Mariafurt,Kentucky,Gibraltar,9b66fe91-b750-4e01-9ad7-24790c6ab5d5,referral
d7b55b8c-b640-417b-b16e-4759811b763a,Denise,Cooper,denise.cooper631@gmail.com,083-882-8072,M,1998-04-20,2018-10-31,9454 Harris Skyway Apt. 219,Gonzalezfort,North Dakota,Marshall Islands,f312abb5-9f63-4498-ba25-e7d53c2ab572,web
7010aa46-66b4-482e-b302-14fa3fdf6904,Jennifer,Horton,shared1475@gmail.com,1949745293,M,1990-03-17,2016-01-23,13316 Schwartz Falls,Jamesport,Maryland,Mauritius,b0b427bb-e117-46cd-a46c-d8fbda695968,app
e93a12ec-68ec-4e66-9cac-1692f188b620,Hunter,Edwards,hunter.edwards710@gmail.com,(559)207-6423x34265,F,1979-01-07,2023-01-14,1227 Hawkins Union,Eugeneside,Connecticut,Suriname,539fec66-3832-46a8-82e9-11b26adac4e1,referral
135f0ee7-4d27-4665-afd8-f18dd0847f63,Mary,Melton,mary.melton267@gmail.com,420.764.9016x17139,M,1996-06-19,2015-05-28,3109 John Throughway,New Melissa,Pennsylvania,Thailand,0ade8e99-700c-457d-b315-371202950208,referral
9ebecdba-5eaf-4bc3-bfee-23fb30278949,HANNAH,Wood ,hannah.wood564@gmail.com,219-094-4144,M,1966-09-08,2021-04-12,92105 Chang Green,Kirkview,Nebraska,Ireland,aa95663e-621b-46f3-8901-253e5fb38cf2,app
25f5f354-7d33-49d0-a74e-799535aefb38,Stacy,Gallagher,,(140)878-1578x75767,F,1960-06-30,2024-02-21,626 Woodward Estate Apt. 914,North Michael,West Virginia,Belgium,0d5e6a88-b1f0-47ce-aa59-9c634502f235,referral
44662c4d-e1ea-4c08-bf3d-1d709fda1072,Ashley,Morgan,ashley.morgan273@yahoo.com,+1-043-353-0748x6146,F,1991-04-14,2024-11-12,401 Price Gateway,Port Leslieview,South Dakota,France,a11cb52f-8657-4b13-a303-cfc655a6e245,referral
f87c9601-761a-4281-b5ce-8eca69bdc886,JJoosse,jAMES,jose.james159@gmail.com,+1-594-831-6932x6846,F,1978-03-16,2019-03-02,8924 Timothy Run,Jonathanport,Missouri,Guernsey,7deb051d-f54b-4aab-9ebd-33b4e48aefc9,referral
adecacc5-c34d-4c9e-bb6d-8faf38e8ea87,John,Mcpherson,john.mcpherson052@hotmail.com,+1-946-599-1590x371,M,2000-06-27,2015-03-12,11026 Barnes Estates Suite 173,Scottville,Indiana,Guam,99e55103-aa01-43ce-b5af-b571d7e7cb43,web
db3d1107-2f9e-4209-8fb1-230e5948ba13,Aaron,Miller,aaron.miller063@yahoo.com,001-777-108-9207x999,F,1970-12-22,2021-03-04,009 Charles Lock Suite 374,Brennanville,New York,Nicaragua,9fc057f1-ab17-467b-a9a2-4eebbfd8c3e2,web
e646b2ce-cd38-4996-be57-f0dd9d478384,Ashley!,Miller@,ashley.miller008@hotmail.com,2850792209,F,1957-04-02,2017-11-30,80730 Mary Field Suite 351,Robinsonside,Florida,Guinea-Bissau,5c8d319a-6582-4f59-9447-15c73a9780f4,referral
b9386278-28c1-4366-9b7b-881f1eb7895d,Alex,Mullins,alex.mullins077@gmail.com,8954067898,F,1988-12-11,2014-03-20,1570 Peter Glens,Murphyton,Florida,Jordan,f6af9a98-2e6d-436f-962f-b11a10ff83bd,app
b0020dd3-86d4-432f-955f-0bb142f8cff4,OOssccar,rOBERTS,oscar.roberts978@yahoo.com,+1-065-996-8269x8258,M,1965-12-02,2017-02-18,1252 James Drive,Lake Darrylbury,New Hampshire,Fiji,65a5950a-2091-479d-9a72-943143ed4016,referral
d0cffc4c-0bd4-48a9-a9b1-d1805754eee5,Elizabeth,Valenzuela,elizabeth.valenzuela579@gmail.com,(305)105-4650,F,1997-08-27,2014-02-25,6641 Perkins Course Suite 899,East Emmachester,Connecticut,Micronesia,01305c6d-f9a8-4ffc-baa2-1433b6ee9907,web
efefeb0f-869f-478c-b291-511c44b5ec67,Christopher,Harvey,christopher.harvey878@gmail.com,345.656.5326x0141,M,1976-12-17,2018-05-28,2650 Christopher Club,East Chloeport,California,Comoros,fda6ce2f-5fcb-44be-a05e-46758d455a84,referral
bc6ab60c-7690-4458-a235-c72aba79ae39,Ryan,Phillips,jason.johnson782@gmail.com,+1-950-297-9051x76242,M,2004-10-07,2023-10-27,05926 Turner Alley,West Mary,Kansas,Papua New Guinea,b6d6e079-1a68-4dc5-8795-264ace289ffd,web
da996129-e031-4104-a149-b45e222c2c79,Kathryn,Price,kathryn.price368@gmail.com,503.082.7142,F,1976-03-24,2018-08-26,1871 Anderson Common Suite 322,Aguilarview,Idaho,Russian Federation,b9b60294-11f4-4145-9cdf-90aa30825203,referral
99f02728-48f8-4651-817e-38c5f1539e8e,Victor,Torres,marcus.diaz581@gmail.com,224.351.1141x4585,F,1965-04-10,2013-12-11,764 Wells Station,Jamesbury,Georgia,Norfolk Island,3df23b0c-b098-49bd-9cbc-daa37ec190db;ae3be99a-59f3-45d4-b9ab-64202da18a63;abb127de-9dd6-4f14-ac01-fe794bdd43ce;ef4ff29e-6852-4558-b627-098a4c739314,web
e67854ee-7903-4969-8823-c5942c06ae0a,Brian,Meyer,,5100550460,O,2006-09-25,2020-09-29,2608 Lindsey Vista,Anthonymouth,Georgia,Sudan,7fdef84c-fb9a-4215-a0c7-363832c4f663,web
30646cb9-ffc3-48f4-a1a5-9fe78883d99d,Clifford,Dean,clifford.dean848@yahoo.com,3728521148,F,1971-12-02,2021-07-30,7868 Dominguez Isle Suite 561,Catherineberg,Wyoming,Moldova,99288146-09df-4efd-aefd-5665b9bd1303,referral
d7d2b094-cb00-4a90-a7b9-c2277d7f4811,PPaauul,PETERSON,paul.peterson099@yahoo.com,+1-017-254-4824,M,2002-06-17,2018-04-20,014 Tammy Prairie,Turnerport,Connecticut,Algeria,0b2908e5-4a8f-4015-8c5b-c8d7fe11efd4,web
9bf8e032-9288-4b07-95eb-54321b1e9f4f,Charles,Parsons,charles.parsons986@hotmail.com,242-628-7286x371,M,1960-03-06,2019-04-22,968 Greene Extensions,Lake Larry,Arkansas,Botswana,09946ab8-8e48-4e58-9a44-6c142d5b4ffa,app
60ae8222-959c-4296-867c-be471cd01fbf,Shelby,Martin,shelby.martin695@hotmail.com,001-704-516-0127x5109,F,1965-09-19,2025-08-18,955 Carter Squares,East Jose,Michigan,Qatar,4009f9c8-2b63-4320-a219-c0f85362216c,referral
024b1d99-d27f-4219-a54f-4d5958d62eda,Hannah,Wang,hannah.wang960@yahoo.com,001-360-195-7709x9324,M,2006-09-16,2022-02-21,7110 Jimenez Point,Port Nathan,Missouri,Cote d'Ivoire,08ff753f-23cf-4b85-bdca-37487b5a5acb,referral
e2d5e856-e0d2-48ff-9d96-c477218691f9,Cheryl,Knight,cheryl.knight551@hotmail.com,952.526.8470x095,F,1955-08-07,2022-09-06,65321 Zachary Tunnel,Richardview,North Carolina,Spain,f4e61ac4-4e94-415b-acb3-2e6ecf86605b,web
fee27056-7e86-4ad3-b2e3-cb22c5e7756d,Matthew,Freeman,matthew.freeman972@gmail.com,(825)076-5217,M,1959-01-06,2022-06-06,2801 Julie Road,Rebeccamouth,Oregon,Uganda,adebf701-0ce9-4aff-8804-f7c52d3df347,app
35c5a852-e2f2-40c3-9f5e-244caa927d6f,Dawn,Schroeder,dawn.schroeder479@gmail.com,211-398-9303x5709,M,1996-10-07,2019-05-09,075 Melinda Views Suite 702,Vegafort,Georgia,South Georgia and the South Sandwich Islands,c4ec976f-6976-47af-ba11-cb1c5735db16,web
fb734bdb-f257-4728-9fe9-7e7b5afa87ed,Paul,Sanchez,paul.sanchez538@yahoo.com,+1-591-319-7427x93461,M,1980-10-04,2015-12-10,0520 Michael Shoal,Flynnton,Massachusetts,Faroe Islands,b143a84c-5dab-4680-b422-f17b0bf65d2b,app
51738b33-ea8e-4413-a3b4-05b9d60da0d6,Brian,Johnson,brian.johnson080@gmail.com,337-499-0437x683,M,1960-09-24,2020-06-24,35414 Barbara Skyway Apt. 290,Hodgesfort,Nevada,New Caledonia,a23b7ed6-ceaf-4455-8804-fb69a52dc70c,app
750c5ed8-5db5-4af7-ae64-591f0fc4fd2d,Mary,Ward,mary.ward610@yahoo.com,(246)575-6399x12598,M,1985-07-31,2020-03-23,75861 Martin Mill Suite 082,Adamport,Oregon,Rwanda,b9f6dd88-0e05-444b-be82-4ced3d2d441d,web
062f5c58-c656-4b94-849f-f6f68e5b14f5,Courtney,Frederick,courtney.frederick701@hotmail.com,743.114.0380x04090,F,1993-02-25,2024-12-15,38066 Rachel Point,Kempborough,Washington,Ecuador,a1786d65-5352-4597-8e23-fd39b0a5fef6,app
1535ea2c-8eed-4be3-a86c-99347d38372c,Michelle,Reilly,michelle.reilly590@gmail.com,489-957-7523x854,M,1999-05-08,2022-09-12,02670 Ashley Court Suite 405,Malonemouth,Washington,Saudi Arabia,e9ab71c6-bbb9-43a3-a9de-6e2b3018312a,web
c066d4dc-9ec5-4f6c-99db-4d91496b44ab,Christopher,Dickson,christopher.dickson598@yahoo.com,1527591282,M,2001-01-12,2018-11-23,6911 Walter Ports Suite 361,New Katherine,Louisiana,Rwanda,d1f37e26-97f7-4aa4-9a60-b864f2d4f831,referral
f71b8398-ee69-4447-8586-ad542bae06ff,sTEVEN,ANTHONY,steven.anthony629@gmail.com,(999)210-9675x93560,M,2006-01-20,2018-09-01,04808 Turner Spur,Millerfort,Massachusetts,Bulgaria,47e534be-1d43-4b03-9836-a8e9a89a1d3c,app
7b256a4a-0c36-4799-9c5e-7da40da6d4fa,Andrew,Watson,andrew.watson989@yahoo.com,688.548.2186x0009,F,1964-06-28,2016-11-12,671 Hill Radial,Leslieview,New Jersey,Austria,678934f4-c295-4e2e-8d79-e8e2c6f9bdcf,web
52a8ae49-27dd-4da3-8cf7-51c7f5d3b122,Amanda,Daugherty,amanda.daugherty576@hotmail.com,001-120-145-2478x715,M,1994-05-26,2021-04-30,14430 Robert Estate,Harpertown,Delaware,Saint Barthelemy,5241cce8-64fc-4f6b-a42d-57677b486459,app
44288864-5e83-4695-a465-624621b71d23,Steven ,Lawrence ,steven.lawrence398@hotmail.com,9456336018,M,1956-03-12,2019-05-20,3039 Sawyer Orchard,Port Yvonne,Ohio,Palau,dc8c3301-79fa-454e-b956-16febacd70e1,web
20bda7b9-97c5-4cd5-810c-9138dc0e3fff,Cory,White,cory.white344@gmail.com,634.128.6081x6553,F,2002-08-14,2023-06-11,0400 Jake Unions,Richardbury,Iowa,Paraguay,a4891a19-0fc5-44f2-b24a-fbd304007095,referral
dfec637a-bc72-4540-8b0f-17b1abd0bd7a,kIMBERLY,King@,kimberly.king370@yahoo.com,001-959-792-1416,M,1975-04-08,2015-06-27,30549 Jones Islands,Andrewberg,Maine,Ukraine,ac9f90cd-d615-4b69-8250-85be5b705fac,web
dfb78264-92f4-4691-ad9a-8cce9a8a742a,Mary,Martin,mary.martin818@gmail.com,949.107.4238x08945,F,1963-05-26,2023-03-02,1648 David Groves Apt. 847,South Taylor,Alabama,Cote d'Ivoire,652650c5-33a8-4231-b5ae-f786cf10a99b,referral
fed7164e-b1b9-45f5-a7af-4257fe3d639c,Danielle,Martinez,danielle.martinez893@hotmail.com,475.657.7194,M,1985-01-09,2022-12-18,0358 Larry Course,New Jessicahaven,Maine,Nauru,f5cf88d3-42dc-4615-af51-723808ced19f,web
83b81bfa-1bda-40b2-b901-f321acae6f67,Michael,Carpenter,michael.carpenter215@gmail.com,017.052.9252x4239,F,1985-11-28,2025-07-06,0107 Felicia Flats,Toddborough,New York,Grenada,b020a0fa-547d-4c71-88de-64c43c6aba1c,app
e5c835a8-2953-4e99-aa51-4bd75fded5e8,Dana,Rubio,dana.rubio149@hotmail.com,635.442.5504x921,F,1969-07-11,2024-08-31,994 King Expressway,Lake Nicolestad,Rhode Island,Cameroon,2200fff7-2451-4556-9f7b-74d916aa9331,web
06e0f4d8-c921-4500-a4f2-d69843573e48,Lauren,Mitchell,lauren.mitchell572@yahoo.com,433-120-0316,F,1966-01-24,2025-07-27,8297 Gloria Stravenue Suite 845,South Kimberly,Rhode Island,Rwanda,63f2457f-c405-4cbb-ad67-d2369a2abeb7,app
66b820ff-a75d-48d2-84bd-68949d549f45,Brandon,Johnson,brandon.johnson312@hotmail.com,001-215-585-2714x228,M,1962-12-29,2023-09-04,670 Coleman Meadow Suite 583,New Ericachester,Oregon,Turkey,98e42f17-d718-40f0-878a-86151e64accf,web
72273183-1ae8-4d1f-af17-8780a9d68d51,Michael,Carter,michael.carter375@hotmail.com,491-379-6316,M,1985-10-07,2025-10-30,046 Brian Meadow Apt. 097,North Brendan,New Hampshire,Iran,1a9f2e16-9e4d-41c8-93f8-63b14dd6efcb,referral
42a284d7-588d-42fd-9760-e8c854a7aa48,David,Acevedo,david.acevedo868@gmail.com,+1-725-540-5983x6626,M,1963-03-15,2014-11-13,1882 Lamb Key Suite 617,Jonesside,Massachusetts,Paraguay,ffbee548-b8d2-4b27-bc88-90170afeadfe,web
24370a9d-d5a6-45f2-9983-a29065deff47,Amy,Ramos,amy.ramos169@gmail.com,(099)625-3711x988,M,1966-05-08,2023-12-05,71521 Hartman Road Apt. 220,Port Kaylee,Virginia,Paraguay,60001db4-6bdb-482b-9d98-2f3094477233,web
cd446c0e-b115-4561-9ed2-b1b7932ef2b3,Pame0la,wILSON,pamela.wilson614@hotmail.com,915.911.3298x9132,M,2005-09-06,2018-07-07,636 Sarah Ports,Franklinfort,Hawaii,Switzerland,a8533442-5303-4bbb-9135-d07f5066323b,web
c6ac3966-8263-41da-9ca6-46cf035449ec,Timothy,Gibson,timothy.gibson057@gmail.com,+1-408-240-1168,M,1958-07-24,2019-07-06,958 Hart Ways Apt. 796,Angelaside,Colorado,Belgium,e8f03401-d0c4-422b-8664-caa9f9a5c469,referral
84c29331-467c-463a-9d2e-ae8a79a1a9a5,PATRICIA,HOWARD,patricia.howard429@yahoo.com,+1-691-643-5192x471,M,1986-08-05,2017-06-24,5110 Bates Garden,Hudsonberg,New Jersey,Sao Tome and Principe,b331d4ac-87f2-4033-af57-04a8784e3779,referral
d9dadd11-98f7-47ae-b714-c5807434b48b,John,Rosales,john.rosales508@hotmail.com,645-941-8101x51145,M,1962-04-19,2017-08-30,57086 Harris Junctions Suite 438,East Michael,Nevada,Micronesia,cca95422-47e5-4e85-b972-33879fd72803,referral
5368c935-2544-48c7-ab68-2f66bd1c0b2c,Amy ,COOPER,amy.cooper382@yahoo.com,924-101-7395x1351,M,1958-06-23,2025-04-09,7850 Lee Run,Myersshire,Iowa,San Marino,11006339-e8d3-42b3-9772-abf832456a85,referral
819900f7-ebaf-4d46-a45a-bc14c243e9b6,Michael,Rivera,michael.rivera331@hotmail.com,(465)839-5180,M,1961-03-09,2024-07-10,00088 Sean Club Suite 278,Juliefort,Mississippi,Cuba,b0c8961f-f868-4141-ad36-4d83dcad7e32,web
7806cefc-64da-4370-8547-ce9464961af2,Brianna,Williams,brianna.williams565@gmail.com,001-511-369-1581x977,F,1971-08-01,2025-09-14,30559 Graham Center,New Katherine,New Mexico,Chile,d237717d-9d9d-45c1-a3ee-96e4396888de,app
e665ae46-6df4-41ab-8f80-13672ae15556,William,Johnson,shared1125@hotmail.com,711.995.0650x7528,O,1968-08-03,2022-03-06,83443 Medina Corner,New Barbara,Connecticut,Netherlands Antilles,1886d931-d9f4-4902-bee7-bb36bb35d5d7,web
9c18848f-f8ac-46b8-8a5a-96f335c057e6,Kaitlin,Hartman,kaitlin.hartman900@hotmail.com,947-632-1358,M,1991-01-08,2024-05-16,4989 Kaitlyn Union,South Debbie,Minnesota,Haiti,945210ef-0424-406d-be58-db053e8a9e97,web
21bbfbc7-6bbb-484d-91fa-15385340fd6d,Jennifer,Gallagher,dominic.beasley961@hotmail.com,001-282-590-4839x2940,O,1966-12-10,2015-07-26,1838 Beltran Way,South Sharon,Maine,Guadeloupe,e480d4d2-fea4-4c40-bb42-488a67d4d62d;8b12753f-fc9e-477f-9620-1c1992869184;f975319b-948f-4457-98a8-e04ff8841ac6,web
d052ebc0-5911-48a2-bf68-e1a900daaf86,Sandra,Odonnell,sandra.odonnell567@gmail.com,8877964768,M,1971-07-20,2023-06-10,3901 David Stream,Port Paulton,South Carolina,Bahrain,378d10ea-3a0a-403c-aa71-8f094b34ed08,referral
22268620-c3c6-43dd-bea9-4945815dcd83,Jeremy,Vega,,+1-925-276-8495x45116,F,1959-04-23,2017-02-07,914 Parker Course Apt. 662,Angelaborough,New Mexico,Jordan,8d4149a3-e0ac-435c-a01c-b78335783dde,web
10d868ea-e2e5-4a03-a163-6661da6d2f01,Rachael,Lopez,rachael.lopez817@yahoo.com,(594)837-5344x3110,M,1993-12-10,2019-05-11,385 Emily Harbor,Arthurport,Kentucky,Iraq,dff09c8e-6d74-4d98-beb9-b95db804b06f,referral
f12be1fb-a616-440d-b1da-c36cdc5b823f,Lauren,Robertson,lauren.robertson330@hotmail.com,001-218-247-7040x01684,M,1976-06-21,2020-06-21,847 Knox Shoals,Port David,Ohio,Saint Helena,7c484e7c-a976-40a7-83e4-8bbb4dd7239f,app
08e16820-1a50-497e-b500-2ea904389f40,Dawn,King,dawn.king641@yahoo.com,(828)526-3407x285,F,1955-06-18,2022-04-17,051 Brown Shoals Suite 624,Taylorstad,Idaho,Romania,95cc4e4e-2959-40d3-af1b-ec555b5c2858,app
519313c6-6ed5-48f7-877d-2c461cabc8ed,Brandon,Hendricks,brandon.hendricks362@yahoo.com,363.829.4141,F,2001-02-13,2019-06-18,05735 Amanda Courts,New James,Washington,Belize,038d69f0-d583-4763-8b6d-d889e56b282f,web
6662d987-ff2f-40fc-b23d-1e6042ee7b34,Victoria,Lam,victoria.lam328@hotmail.com,987.014.9155x40445,F,2003-12-30,2015-05-26,299 Scott Stravenue Suite 418,New Johnborough,South Dakota,Sierra Leone,757cd9da-0f73-41f0-9e00-ff45a81813c8,referral
124ddbb8-d769-407d-b321-53b0cd4401b2,mARIE,mCKINNEY,marie.mckinney216@hotmail.com,(676)526-4890,M,1995-03-09,2025-10-16,8271 Eric Islands,Thorntonshire,Mississippi,Anguilla,7f1a6b12-1bfa-4431-ad04-db63579a344b,referral
6b662a8d-75d1-4932-a04d-217c42cf664a,Ch6ristina,sMITH,christina.smith111@hotmail.com,001-034-163-4484x2454,M,2000-08-02,2018-01-06,918 Thompson Brooks,Mistymouth,Michigan,Anguilla,efe9c3ce-1c5d-4374-aeb7-c8297ec3c9f8,web
55ec9a5b-0e96-4d82-bbae-bc4586c74f38,Jason,Sanchez,jason.sanchez747@hotmail.com,(055)352-6920,M,1979-03-03,2019-09-25,87392 Hernandez Circles Suite 135,East Heidi,Idaho,Serbia,938185ab-c621-4585-9b77-cfa77609659a,app
5ebba6b6-5409-4338-8b56-e701da4be0bc,Stephen,Brown,stephen.brown230@gmail.com,+1-860-379-3583x4954,M,1984-09-06,2020-02-24,62613 Burgess Mill,Garciafurt,Tennessee,Indonesia,cae50ebc-2073-4903-9ebf-7274fbabdd8c,web
479cb36b-5eb3-4020-8310-ccaae4e9e4de, David,Walke6r,david.walker981@hotmail.com,0200681026,F,1994-07-10,2021-03-01,94830 Michael Mission Suite 921,North Jessestad,Louisiana,Ireland,856435ea-2d4c-41e2-98ca-36897e169027,web
066031da-9daa-4f3b-96d4-869e55c9db26,MMiicchelle,Terrell ,michelle.terrell365@yahoo.com,497-598-5420,M,1963-07-20,2018-09-29,5266 Evans Motorway,East Emily,South Carolina,Sudan,e3d2276e-0c6f-4dbd-9e9e-12016ca73153,referral
0249f30f-8a49-442d-bfd8-8ee2254c8016,sHERI, Johnson,sheri.johnson980@yahoo.com,424-347-9417,F,1998-06-04,2019-04-07,0942 Harris Mountains Suite 053,North Rebeccaview,Ohio,Korea,ef5e54fe-23c8-4fef-b773-356930387f8f,web
b6c626a8-890d-4846-9b34-bbf7657a6e0c,Susan,Howard,susan.howard301@yahoo.com,416-249-1755x6810,M,2001-04-01,2015-09-28,4023 Jackson Roads Suite 713,North Gary,New York,Norfolk Island,e4a5dff9-1354-4ff7-939a-a1e71b26ea58,web
c7a49d0f-fbf1-47b2-94d6-5b722a923376,Theresa,Johnson,theresa.johnson200@hotmail.com,001-689-352-9680x4167,M,1998-08-08,2020-02-02,76483 Fleming Stream,Lake Jenna,Hawaii,Uruguay,567d71f4-5141-4054-ba60-f9ea5134e239,web
2684097f-8570-4f2e-8400-8d33fa7eb90b,Devin,Lopez,devin.lopez625@gmail.com,+1-206-275-0802x30434,F,1983-05-21,2020-03-14,0234 Dorsey Lights Apt. 250,Sharonport,Missouri,Comoros,3db9d84a-205e-48e9-8cf6-fa485ab80cb5,referral
c163edaf-f713-4cb5-af57-79c85006676e,Justin,Torres,justin.torres275@yahoo.com,+1-504-759-2683x3087,M,1970-05-31,2021-08-03,13983 Chad Mission,Andersonchester,Rhode Island,Malawi,d1092c8f-2345-4386-a93c-c6466691edb6,app
c2416326-5c1b-4763-b4b8-7cce629deaed,C3had,howard,shared1451@gmail.com,+1-476-119-2260x7545,M,1955-11-30,2022-01-14,5770 Sheena Ways Suite 898,Josephstad,Arkansas,Norway,932aa0fa-e8b9-4ff9-84bd-0ae6cc49354b,app
cdb3efd4-b5ba-48e3-9ea9-aba1aaa03615,Derek,Mccoy,derek.mccoy179@hotmail.com,+1-256-286-9524,F,1991-12-04,2016-09-24,31601 Rachel Glen,Miguelbury,South Dakota,Ghana,c334c27d-0a35-490c-866c-846a6f9e62a7,web
877702cc-a426-4811-a4ba-53b348425ce1,Jaclyn,Robinson,jaclyn.robinson451@yahoo.com,+1-112-974-6014x467,M,1996-03-01,2021-04-26,7200 Taylor Station Apt. 921,Reginaldborough,Michigan,Switzerland,6586281a-c425-46a5-bbeb-55f3f59b528e,app
159ca6e5-9a9a-4879-8aa1-33621d423520,Mark,Sullivan,mark.sullivan401@yahoo.com,935.694.9718x9835,M,1971-12-25,2021-03-18,9565 Joshua Falls,Port David,South Carolina,Germany,ec0ca81f-512b-4291-84cd-e5849ef59ea2,web
f2e87917-c73f-4ab5-b5f5-0ed835889cad,Ashley,Cervantes,ashley.cervantes770@yahoo.com,001-270-859-7194x64490,M,1962-04-10,2022-03-05,5851 Houston Port Suite 143,Poncehaven,Kentucky,Korea,b7b5b8f7-f6c0-4b47-89ed-022c8f8b1c63,web
ae3e9749-ef07-4fb9-8c89-a7bce538440c,John ,Robbins*,john.robbins710@hotmail.com,319.379.5290x44908,F,1979-01-03,2019-09-13,349 Shawn Cliffs Apt. 576,North Yolanda,Arizona,Saint Kitts and Nevis,34d67a93-5be9-4ef3-8bf4-e170a6c2419d,app
48b70346-3751-4ef0-9063-cfde9629e716, Paula,Robertson ,paula.robertson178@yahoo.com,001-573-201-6770,O,1998-04-26,2020-11-02,29886 Cody Route Apt. 284,Lake Elizabethbury,Wyoming,Latvia,986ac31a-d495-4d5c-bd4f-56d10480223b,web
7a142eb9-c577-4b8d-8c71-f1a4512fd8d2,Mary,Petersen,mary.petersen882@hotmail.com,001-746-914-7039x61809,M,2004-02-15,2017-01-22,935 Shane Orchard,North Jessicafort,Missouri,Bulgaria,b0af79ba-5539-4664-b2e1-5302c47a21ec,web
2b75f542-42d3-4c8b-95d8-8d5fe9252caa,Tr9evor,Mitchell ,trevor.mitchell934@yahoo.com,001-944-465-0139x29861,M,1975-11-26,2015-03-28,237 Daniels Spur,Cathychester,West Virginia,Bahrain,6fa03708-ac1d-41bd-9c49-501151ee11a5,app
3d40213b-f95c-44c7-ae24-c9a946d6b825,Tammy,Reyes,tammy.reyes551@gmail.com,819.115.4061x605,F,1964-07-13,2023-12-26,91928 Dixon Mill,West Alex,South Carolina,China,2bbd8c0f-ecee-4f25-870b-9bb64d442045,referral
809c888b-0fa0-430c-8700-8719acffa340,Melissa,Weber,melissa.weber020@gmail.com,256-778-6234x41235,M,1981-02-26,2018-10-12,77914 Wright Key Suite 642,Xavierbury,Colorado,French Polynesia,c2c8f58e-8d05-44ff-af4c-dd111c665759,web
ab11dd4e-304d-4455-a4ef-c694db5e9650,Brandon,Johnston,brandon.johnston415@hotmail.com,001-682-716-9614x16156,F,1978-07-08,2019-04-18,67791 Matthew Plains,Michaelhaven,California,British Indian Ocean Territory (Chagos Archipelago),f012e79d-5774-43f5-9031-d11b686f4aca,referral
3824aef6-f153-44a1-b568-148f18f1325e,Tyler,Nelson,tyler.nelson697@yahoo.com,775.065.2587,M,1962-09-04,2019-08-16,13366 Vasquez Branch Suite 523,Port Scott,Nebraska,Jersey,69ed918d-76a2-4bf0-ab2a-faa62e760d42,referral
48d14785-6312-4051-b6b6-7311b4c2a86b,Rhonda,Webb,rhonda.webb728@hotmail.com,001-383-716-9058x4056,M,1968-03-18,2014-06-08,088 Beck Courts Suite 545,Brandyview,Mississippi,Zambia,740b6693-2fd7-48c2-a916-b0b1c5d20f56,referral
7afb8e60-9912-433f-83da-3e534a83c603,Denise,Gutierrez,denise.gutierrez656@yahoo.com,(649)849-0975,F,1968-10-15,2025-01-08,974 Benjamin Harbor,Coxstad,Oklahoma,Vietnam,9716855c-25d7-467d-8e99-a0119c337fdd,app
89752de8-f956-4a24-8c0a-8e1b55e30cc3,Dean,Johnson,dean.johnson775@hotmail.com,001-059-510-1464x243,M,1997-06-28,2014-02-14,283 Anthony Ridges Suite 087,Christopherside,Missouri,Cote d'Ivoire,4328e86c-b07d-4815-b34d-4550dbacaa12,web
15864720-5fa0-48a0-9ddb-85021d2bd936,Justin,Aguilar,shared1012@hotmail.com,895-530-7007,F,1974-01-29,2014-03-17,2219 Jill Station Suite 589,North Sonya,Vermont,Bouvet Island (Bouvetoya),3b31679f-19a0-41e6-b3d3-296ee051f4c6,web
43a15e3d-a445-42f7-9c80-ffe7def412b3,Heather,Curtis,heather.curtis828@hotmail.com,(747)179-7277,F,1985-04-12,2022-10-24,071 Williamson Extension Apt. 634,Lisamouth,Michigan,Nicaragua,f5ffafb0-3c40-4f5b-9460-3bd8ed813094,app
36548851-6ce8-4a29-a29b-c5b620dc7180,Brandon,Johnson,brandon.johnson194@hotmail.com,(566)706-7429,M,1959-11-17,2023-09-12,7258 Chang Groves,North Meaganstad,Nebraska,Anguilla,9e36f7eb-aa21-491a-bd89-ed54e62369f6,referral
72d72b11-66d4-42ec-b0f0-7bce18266829,Destiny,Patterson,destiny.patterson137@yahoo.com,+1-318-629-7228x021,F,1989-05-12,2021-06-12,47733 Kelly Throughway Suite 573,New Michael,Texas,Saudi Arabia,28b270b2-2dd5-4f85-bae6-65d2738e322f,app
96cc749f-34b2-45d4-b325-09b7609e0c45,Desiree,Garcia,desiree.garcia273@hotmail.com,(976)323-5401x1120,F,1989-03-06,2021-05-26,27486 Lewis Coves Suite 074,Walkerstad,Ohio,Bahamas,7909ca5f-ac3e-4bfa-b910-a8f71d7cf25c,app
e01c4d47-83a4-4724-b38f-f40c7083211a,Amy,Cline,amy.cline475@yahoo.com,092.246.4321x164,M,1999-09-09,2025-07-06,6060 Johnston Court,New Cindyton,Maine,Bouvet Island (Bouvetoya),30b15a08-1521-4b2a-9c0d-535ea53f4505,app
9ecfa483-4b7a-453e-95ee-88de1954ffb9,Susan,Cook,,987-065-5263x16474,M,1995-02-06,2014-12-29,35650 Mcdonald Corners Apt. 101,East Chelseyhaven,Mississippi,Costa Rica,91ccd6a2-2aa6-4cb8-b8d7-713c106546d8,web
c0c4612f-8a8c-4df2-afcd-3d9f99ae48e3,Elizabeth,Lewis,elizabeth.lewis247@gmail.com,9336503359,F,1993-11-19,2020-04-01,581 Dylan Shoals,Adamsside,Louisiana,Sao Tome and Principe,0e21a994-9443-4583-b3da-d370619aec63,referral
468d9441-2529-41c2-b56c-e6c6bf09bee6,timothy, Ramirez,timothy.ramirez659@gmail.com,+1-634-244-3446x87705,F,1996-07-29,2017-08-02,30087 Joshua Divide Apt. 324,Port Scott,Wyoming,Monaco,5c3ce7a3-10e5-4e19-829c-e633e9600e1b,referral
519dfce6-3880-46e7-a826-f667a40f5171,Eric,Barber,eric.barber086@hotmail.com,9118608962,F,1972-08-06,2018-08-21,6368 Davis Inlet,Elizabethhaven,Wyoming,Suriname,bb4ec4e1-3bcc-4a07-8468-7fc2e8f1a34f,app
14e2de81-3756-4d28-9f94-95ad43af85e5,Samantha,Molina,samantha.molina176@gmail.com,001-913-978-1885,F,1980-11-22,2021-12-02,999 Esparza Trail,Jonesfurt,Alaska,Mongolia,521b9a08-b717-4250-937c-bb4acd77db40,web
417c80f8-e88c-43d7-9c26-fb46cbafeb9e,Edwin,Harris,edwin.harris792@hotmail.com,488.978.7077x6577,M,1966-10-11,2023-02-21,1429 Patricia Keys,North Julia,North Carolina,Jamaica,de4ba114-f5c8-4d1b-ae5b-58f044e4bd52,referral
91592ca0-1991-4d11-af5e-902449e4f5e0,Erica,Hatfield,erica.hatfield784@hotmail.com,(405)354-1478x4295,M,1979-02-22,2015-07-27,43196 Christina Island,Ruthfort,Wisconsin,French Polynesia,c5287aa1-9d13-4f90-890e-9551a31b6a4f,web
def10147-d2db-4525-84f3-8d292e271576,John,Erickson,john.erickson886@hotmail.com,130.716.5679x5696,M,2005-01-09,2017-12-03,15095 Alvarez Ramp,North Abigailchester,California,Algeria,fb330634-0f6a-4e1d-9790-1710f4b23421,app
48f20059-b6ed-4833-8d10-d7cc988c12d0,Daniel,Roy,daniel.roy753@gmail.com,569-722-9792x03048,M,1974-06-24,2015-12-08,867 Keller Squares,Port Richardchester,South Carolina,Macedonia,c630fb48-bcc2-4655-b559-6c9e1547a21a,web
bd81dc7a-12f6-4f73-a25e-62b9b6782853,Luke,Rowe,luke.rowe955@yahoo.com,326.244.8394,F,1977-08-09,2014-06-24,40080 Strong Cove Suite 222,North Jamie,Kansas,Sudan,0be05dfc-fbd7-45b5-aca3-37f00e710b5b,web
9cd614aa-fd10-4f2b-b7d3-5167a2e14ae2,aaron,Wrig8ht,aaron.wright071@gmail.com,+1-188-054-4739x827,M,1964-12-22,2023-09-22,969 Danielle Row Suite 306,Elizabethview,Michigan,Guinea,477495c2-cb0b-435e-91a4-5feec3a01cc3,web
64adc06f-fb80-4f31-947d-4abee1093900,Kevin,Griffin,kevin.griffin810@yahoo.com,984.528.9633,F,1989-12-29,2017-02-03,52093 Jenna Trace Suite 307,Lake John,California,Cote d'Ivoire,684ac6c4-28a8-4cc8-8455-a2b7cdd8e01c,web
d81e9713-c0c3-4179-a21c-675183b2e3a3, Samantha, Perry,,+1-717-375-2273x04296,F,1988-05-25,2014-09-01,797 Lewis Port,East Steventown,Wyoming,Luxembourg,0ec42f7f-12c4-4813-9d82-6f383ed323cb,app
85009b2f-dc1a-4948-9570-b5f14dd3a13c,Lisa,Dennis,lisa.dennis375@hotmail.com,023.323.2143x7895,M,1961-09-27,2023-05-24,018 Wayne Village,New Adam,New Hampshire,Guinea-Bissau,f1322ee9-90ca-4ba0-8e1f-75c1934bf171,web
e0377a40-d95a-4e79-b3b0-a7a19922748f,Sarah,Russell,sarah.russell133@hotmail.com,496.926.0805x89276,M,1992-05-07,2016-01-08,664 Barbara Dale,Hopkinsside,Arizona,Morocco,0fd840c9-3e52-4ec7-b803-4ba36d5aec98,referral
0d7df23e-831a-4f5e-ab91-eee16dbd7a08,Denise,Lewis,denise.lewis546@yahoo.com,+1-415-913-8550x08715,M,1999-02-01,2023-07-15,95850 Adams Freeway,Amandabury,Arkansas,Christmas Island,dbfd2792-0915-4446-b7a2-bf9c93e9c762,referral
d54c0e9f-9973-4453-8465-37c6c92d8cba,Jason,Wilson,jason.wilson214@yahoo.com,+1-698-329-4575x60033,F,1967-09-15,2024-10-31,85450 Stevenson Village,South Malik,Maryland,Saint Kitts and Nevis,d42e41cc-35f8-40c2-8621-47af7fee5dfb,referral
73a380b4-df43-4fb8-ab62-40c22d4a45b9,Chad,Thompson,chad.thompson419@yahoo.com,001-235-013-3870,F,2001-11-17,2018-10-01,135 Jessica Estates,Bryanland,South Carolina,Korea,ce12d2d4-3383-43b8-a4fd-c9b56a887e67,app
34bd571d-2c69-4172-b7c3-c2c11d1802f5,mICHAEL, Ward,michael.ward716@yahoo.com,194-430-6771x15659,M,1985-07-29,2024-08-28,3911 Jeff Plaza,Greeneton,New Hampshire,Canada,9f205e6e-bda6-4b3e-955e-24225cdc0db6,web
2b140eea-e4f5-48ee-a44b-613b1102ebdc,IIaann,adams,ian.adams052@gmail.com,689.273.6491x62854,F,1956-04-20,2023-12-10,03769 Ortiz Trail,West William,Hawaii,French Guiana,c8b8c1fb-12d0-4309-8213-fc7b11108eb9,referral
48ecf8b9-96d2-40dd-8e0e-159b4896af5e,Joyce,Barnes,joyce.barnes524@hotmail.com,001.562.2680x434,M,1975-08-22,2016-06-08,13283 Lauren Fort,East Stephenport,Maryland,Korea,7424af05-1ebd-4549-96b1-3217e56c1068,referral
88a8cde6-b526-468d-abaa-52aa32339b64,Joshua,Williams,joshua.williams187@hotmail.com,+1-413-145-6259x944,M,1995-12-06,2017-02-01,059 Barton Ford,Lake Stanley,New Mexico,Mali,ba23e3d3-c84c-4c3b-be5f-41f24700ffa2,referral
cfbf13c3-477d-40e1-94d6-762d227bae19,Jenna,Rocha,jenna.rocha900@yahoo.com,185-720-6767x85763,M,2000-08-12,2016-03-15,506 Wheeler Field,New Leslie,Nevada,Libyan Arab Jamahiriya,14a436d0-8dfa-49fd-af27-7d87a1867015,web
4c6a3530-f075-4558-aced-06a877a71fb5,Sheri,Elliott,sheri.elliott748@yahoo.com,(586)743-7084x60660,F,1960-09-21,2016-12-22,56090 Navarro Crossroad Suite 369,Masonview,Arkansas,Algeria,a22be328-2a6f-4289-bda2-69378f6f7bb7,referral
96dc2bbd-5650-4963-a91a-23a8bae18e5c,Tracy,Tran,tracy.tran111@hotmail.com,148.662.4371,F,1996-07-12,2020-03-06,91561 Mcbride Courts Apt. 025,New Coryland,Utah,Papua New Guinea,789fd48a-6552-482d-85ba-d2855c5401b4,app
d9a56995-d388-4f09-8a2f-0c6ca5d2eca5,valerie,MARSH,valerie.marsh950@yahoo.com,340-644-5395,F,1967-11-13,2022-06-02,6441 Brandon Hill,Bushside,Florida,Korea,c21d4a74-4779-46db-bfe2-8c289cdb42af,app
92efac06-4e0a-49e2-bff9-3d7b97cfdf1d,Brandy,Wiggins,brandy.wiggins635@yahoo.com,+1-141-690-4254x88955,F,2001-02-09,2014-10-25,505 Ward Center,Laurachester,Ohio,Tonga,6aa278c4-8c34-4eee-975f-f6d44e1f37b7,referral
0055305f-3c36-4da7-b03f-fd968306e849,Guy,Thompson,guy.thompson367@yahoo.com,866-543-7494,F,1960-02-29,2025-01-10,71724 Amanda Port,Tomfort,Rhode Island,Singapore,97b1baeb-3cc3-46c8-91eb-735bbd24f0e7,referral
1bc1cf35-fb27-4596-81cd-7373b44db7e5,Alejandro,Murphy,alejandro.murphy581@gmail.com,726-081-5338x76829,F,1985-02-18,2019-05-18,80775 Bailey Extensions Suite 345,West Stevenshire,Mississippi,Eritrea,bdf2ef06-ae18-43cb-bdbb-01c7667475d7,app
f212f1b5-5d3d-45a8-8dee-14bfd21f7ace,jason,cooley,jason.cooley487@yahoo.com,(353)672-8987,M,1980-10-18,2022-07-10,249 Debra Stravenue,Brownfurt,Washington,Nepal,c801200d-dfbb-48ca-8cbe-46bd7b814c7a,web
58cc8790-4e69-48f8-b4cb-96300a0fa869,Emily,Sanchez,emily.sanchez431@gmail.com,(400)628-3053,F,1973-01-02,2023-07-25,77141 Camacho Pike Apt. 499,North Bailey,New York,Lesotho,9896843b-1fa2-4dcc-a0b3-7977a62f91bc,app
2a75956d-8b70-40ea-a2fd-edb0369f47e4,Justin,Schmidt,justin.schmidt053@yahoo.com,(307)357-2787,M,1966-03-06,2019-06-03,81572 Ware Lodge,Sharonmouth,Texas,Botswana,38bc44e0-be2e-47f0-86a1-743127e9db42,web
b29ee127-c78e-4b21-b5d0-637d1b5c0728,Katherine,Thomas,katherine.thomas227@yahoo.com,366-779-4415,F,1959-01-30,2017-10-11,5018 Brian Cliff,Deborahside,California,Greece,2df044a7-7f9b-41bb-a5ef-f476d7a3ccc7,web
721f5683-2670-433a-b51a-f0008723e9ea,Douglas,Hodges,douglas.hodges262@hotmail.com,249-491-7982x0052,F,1997-08-23,2015-08-02,761 Mark Fords,Port James,Kentucky,Mayotte,94def282-8051-4084-bae7-ec2c3305d440,app
1d484146-6f42-4c0f-a5f0-032a03edebf1,James ,THOMPSON,james.thompson119@yahoo.com,(388)802-2578,M,1956-03-27,2015-09-04,06497 Jessica Rapids,West Phillipside,Nebraska,Zambia,a9549466-745e-486b-aeb6-75b5b5e66e08,referral
ae9ff300-2c02-4b83-af43-5c7480f69984,Pamela,Davidson,pamela.davidson394@gmail.com,+1-302-580-2196,M,1993-06-23,2023-09-03,3285 Mack Lock,West Emmaland,New Hampshire,Slovenia,7b291b7c-e2ec-4dc5-977b-d283ac10d33e,referral
01a97bd7-61c3-4794-8870-5c810a3f256a,BBrraandon,Bell ,brandon.bell423@yahoo.com,511.084.8367x6860,F,1962-08-04,2017-03-13,0069 Brown Landing Suite 430,Joneston,Washington,Pakistan,286f97d3-975b-43f6-a4d2-049e32eea545,referral
f4d9f9a0-9076-4daa-9f6e-714be3887321,DDeennnis,MMoorrse,dennis.morse300@yahoo.com,146.145.3591x64465,F,1961-01-22,2017-11-30,934 Jamie Corners,Donnashire,Idaho,Djibouti,ce1b2cf0-ce48-4d0b-b235-f03caa4d93c9,app
4f26b3ff-d5e1-49ce-9d6a-e0fe6505c9cc,Jesus,Malone,jesus.malone078@yahoo.com,428-680-9686x4347,M,1985-07-10,2024-10-20,10292 Sarah Station Suite 598,Duncanside,Texas,Sao Tome and Principe,c841b825-ed2d-4b8e-a29c-922b66765310,app
8d27663a-7558-460a-a910-ed8a4f12f912,Gloria,Clark,gloria.clark915@hotmail.com,154.275.2197x287,F,1961-08-08,2017-02-09,2388 Gonzalez Corners,North Michael,Nevada,Cote d'Ivoire,15950814-00e6-4e04-8143-b69a3cc33ef7,web
bf846253-2ab7-480c-b4de-ba0c63907c8b,Jeremiah ,GARCIA,jeremiah.garcia927@gmail.com,+1-545-455-5470,F,2006-07-29,2022-11-12,171 Wood Turnpike Suite 126,Lake Brendaburgh,Alabama,Pakistan,71d4ee28-d98c-4298-a98a-8f5c879300d5,referral
0ea8f249-ff0e-4c29-b6b0-e43db5418153,Michael!,scott,michael.scott219@yahoo.com,+1-816-036-8196,M,1989-04-19,2023-05-24,5718 Heather Coves,Taylorfurt,Kansas,New Caledonia,d158ef3f-0268-43c1-bfc2-dfa6471fcb53,referral
18ede734-8e22-4faf-80c6-4b34c2362cdf,Debra,Nguyen,debra.nguyen430@gmail.com,001-863-715-6268x855,M,1955-08-15,2019-06-15,3809 Peck Stravenue,North Scottburgh,Oklahoma,Finland,04c614c4-0ede-43ff-88f5-6876c155a066,app
08bdb601-e0ae-47e0-9f97-aed68c64fe39,tRACI,hERNANDEZ,traci.hernandez513@yahoo.com,+1-804-852-6060x69555,M,1966-05-09,2023-10-26,561 Dunn Orchard Suite 762,Tammyburgh,South Dakota,Oman,f16dbc71-68a6-4902-b6b5-b764c2252acd,web
7266a871-af8a-436a-a4df-33531b0db9ce,Debbie,Butler,debbie.butler342@gmail.com,+1-593-036-4012x2743,M,1960-03-22,2020-10-26,0441 Williams Lights Apt. 076,West Ryanbury,Wyoming,Heard Island and McDonald Islands,e39aad13-fc8b-47e7-8650-001b12dbeb9b,app
e70ab4b0-739d-462c-bb82-12d113bcd7cb,Desiree,Williamson,desiree.williamson142@hotmail.com,509-426-1742x3203,M,2002-08-12,2025-05-24,74894 Tracy Avenue Suite 742,New Amychester,Massachusetts,Turkmenistan,1f560db3-dfa3-486c-8d10-f436ba2f0659,referral
548eb0d0-2217-4bcb-8a5e-7683c540f9fa,Derek,Walker,brittany.rodriguez972@hotmail.com,(515)440-5267x53959,M,1978-02-07,2015-10-11,2180 Tina Mountain,Mooreshire,Indiana,Indonesia,eca64830-cafc-4e41-9b91-927c7ad9f1b8;79a20c5e-0fd4-43c0-85da-31d743989a35;4380f764-c56f-4160-8b79-f2537357d5c6;9fc22749-b664-41bc-b7c9-5a14bda84621;27b7329e-3ad8-4a23-8ec9-c127c5978852;91ffd809-2c20-461a-84dd-a30265f342cf,app
9104144a-dcbf-407d-8c6e-11ebb685c5c8,Shelly,Murphy,shelly.murphy528@yahoo.com,(908)451-4855x456,F,1976-09-01,2015-05-30,85823 George Turnpike,Bonnieland,New Jersey,Oman,3ec4f491-52a8-494e-bee8-46a535c795ee,web
92647585-1ad4-4c21-a518-e18fc36783ee,MELINDA,CISNEROS,mary.jackson612@hotmail.com,+1-036-140-3029,O,1991-11-01,2020-02-21,6946 Hopkins Groves,Michaelshire,New York,Cote d'Ivoire,637c86c6-4233-4681-9f5a-bd73b7e4615f,web
baaa5e04-3a4d-4c7b-9b22-a011f9184ceb,Diane ,E4vans,diane.evans979@yahoo.com,265-977-9920x135,F,1971-10-13,2022-03-03,8257 Michael Meadows Suite 086,Martinborough,New Mexico,Morocco,1916ccc6-9067-4690-89be-f6695d0028b9,web
a6e5b8f6-235c-4b28-813c-f12d70b6a78c,BRAD,White ,brad.white018@gmail.com,135-604-8259,F,1988-01-07,2016-06-09,9959 Macias Ports,Josephmouth,Oklahoma,Indonesia,1b8fd012-c4b8-45d4-9eff-caaa825fbdae,app
cae7bfc7-bec9-47b5-a314-08052db6dd28,Allison,Garza,allison.garza691@yahoo.com,5823898660,F,1958-02-07,2019-11-04,988 Henson Lake,West Juliamouth,Idaho,Portugal,d62dd68c-7040-47c8-91f5-2f959185fd13,app
14ec8666-dc5b-4f65-95eb-de97645ff9b5,Willie,Mcmahon,willie.mcmahon384@hotmail.com,476.637.1860,F,1984-02-18,2025-07-30,13537 Smith Inlet Suite 477,South Jenniferberg,Nebraska,Nicaragua,eaf2b094-a30a-4470-93c7-22635e85045a,web
6c8bcfc1-4e01-42ad-8d95-c6ebc5f21645,Taylor,Miller,taylor.miller955@yahoo.com,975.761.2331x9173,F,1972-12-03,2020-07-10,9308 Keith Tunnel,Toddstad,Indiana,Lebanon,b61b7444-46bd-4543-93e7-5289d1dd2d55,app
d5aeac58-9421-498d-9299-05ec56742719,Michael,Mendoza,michael.mendoza499@hotmail.com,+1-482-783-8761x5059,M,1996-05-23,2023-10-01,1644 Ricky Mission,East Kellytown,Ohio,Afghanistan,183d5044-091e-4ccb-9fe6-55a5cc6b6351,referral
02855f5c-d9dd-4421-8d45-a1d8e84d8ee1,Amy,Robinson,amy.robinson146@hotmail.com,+1-227-089-3770x9326,M,2007-05-30,2025-08-30,370 Jorge Trail Apt. 693,South Amy,Texas,Morocco,cacd7e26-6bf3-42ea-9c30-6ff0facba557,app
b3bd297c-448c-4f98-a33c-f02ae639125a,Michael,Walsh,michael.walsh494@hotmail.com,298.707.3750,F,1965-02-21,2015-06-18,66091 Porter Plains Suite 676,Port Ashleyland,Wyoming,Gambia,b19165f5-7e2b-40ba-b049-874f7e2ef139,app
31e8838d-b54e-49cc-b6a4-8b88b8c8e742,Diana,Contreras,diana.contreras605@gmail.com,+1-076-872-3938x936,F,2005-07-14,2016-05-27,13403 Emily Village Apt. 847,Cynthiahaven,Texas,Martinique,c4e821b7-e1cb-4eca-a59f-27fc470bfc4c,referral
8c69cded-adc4-4fa0-bd52-ef3d4883da81,Thomas,Martin,barbara.garcia192@gmail.com,757.692.7741x1756,O,2006-04-17,2015-03-17,9786 Kendra Pass,North Tammy,Georgia,Korea,7997fefe-618e-4a96-86da-f87755dda7ec,web
aa4e711e-43bd-4f8d-a503-3e72606b7b94,Melissa,Coleman,melissa.coleman792@gmail.com,480.089.1840x796,F,1963-09-22,2022-05-21,8040 Leblanc Mission,Joseville,Delaware,Solomon Islands,a89ddb10-467c-4826-aa2f-9c4b845bb8e4,referral
d7c44ff4-69f3-477f-86df-aae3b4c1f83a,Colleen,Copeland,colleen.copeland579@gmail.com,986-509-8336x2217,M,1957-07-29,2014-09-03,4942 Herrera Vista,Nicholasland,Utah,Denmark,444cb29f-c27a-4663-bc2a-5ac29559fd71,web
1ca682e5-cafb-43b7-8cb3-e02f08ad3aa2,Eric,Dixon,shared1176@yahoo.com,2168826011,F,1981-12-17,2018-02-08,371 Vanessa Burg,Villaburgh,Mississippi,Indonesia,c81c6af5-903b-4b4c-b49a-adce5bf5c052,app
346055b5-32e1-4ad3-aed1-554a48f4f862,mICHAEL, Lee,michael.lee401@hotmail.com,474-324-5162x349,M,1967-09-28,2013-12-03,6995 Bates Square,North Travisland,Virginia,Gabon,2bf3767f-05f9-409f-9bcb-69eb325a022d,app
634fc7f4-20ee-4d80-88f5-8ad352a94136,Samantha,Reed,samantha.reed709@hotmail.com,494.456.2631x210,F,1955-11-11,2020-10-23,20137 Velazquez Fork Apt. 672,Olivershire,Connecticut,Lebanon,0f9a47ab-584f-43be-bca8-eb3ba3ff615c,app
92b95b79-d301-4634-a3bf-8aa0fc79fbeb,Richard,Walker,richard.walker445@hotmail.com,001-499-132-1225,F,1958-06-11,2024-12-09,4824 Snow Radial,Brianmouth,Alabama,Macao,c2c40597-4eb4-4313-a426-c68f4f5cc382,app
34f14668-599c-4afe-ba0d-82fc5fdb5fa4,Virgi8nia,White!,virginia.white707@yahoo.com,085-919-8076,M,1998-03-29,2025-05-08,451 Karen Keys,Lewisbury,Hawaii,Northern Mariana Islands,ce19464b-5b82-438d-8a89-ecfa96aecf59,referral
64790758-335a-413c-bddb-3472c01b4617,Kevin,Washington,kevin.washington892@yahoo.com,+1-620-475-7800x1222,M,2002-09-11,2016-02-25,242 Regina Course,Nicholasshire,Connecticut,Trinidad and Tobago,1c10bba1-360a-401d-83db-3e6018547fe2,app
320dcc8b-7d0a-4a14-9391-f195e138cf6e,Brandon,Perez,brandon.perez010@yahoo.com,559-440-8572,O,1977-04-17,2020-09-12,91811 Dickson Groves Suite 631,New Frankbury,New Hampshire,Burkina Faso,11bd1e9a-5b20-4282-964f-2f850fc039d8,web
b82abc4f-f3fb-4472-9edd-b490c40bdf17,Catherine@,TTaayylor,catherine.taylor351@yahoo.com,495.310.4916,M,2001-08-08,2023-05-20,0150 Brown Light Suite 440,Kurtmouth,Michigan,Holy See (Vatican City State),8296b2e5-b6f5-4e5a-9bf7-11a0177cbd77,referral
aa94b3f5-31e9-4248-b42c-9e60842c967a,samuel,ANDREWS,samuel.andrews054@yahoo.com,668.736.8467,F,1978-02-26,2017-09-21,8753 Claudia Points Suite 987,Jessicafort,North Dakota,Kiribati,c48321ea-c310-4db7-8e66-ca081227e4fa,app
61e99dea-26d2-456d-83db-074b47bceaf6,Nancy*,HUTCHINSON,nancy.hutchinson168@hotmail.com,654.294.7704,O,1982-12-24,2023-09-17,2361 Larsen Street,South Christophermouth,Louisiana,Grenada,08ca5a06-01f2-4d91-8705-1ea96774e6eb,referral
86d16faa-8910-4c09-a9c5-83df2b1316eb,Meghan,Wilson,meghan.wilson261@hotmail.com,001-279-357-5946x0198,M,1956-07-12,2025-01-01,747 Edward Oval,Jeffreyton,Delaware,Western Sahara,2d5268a2-6cb7-4854-a952-2adbec70f045,app
fb00d970-6427-40ba-b92c-4b484c097eb9,David,Stewart,david.stewart002@yahoo.com,001-911-806-3638,M,1979-10-31,2024-06-13,2863 Adams Estate Apt. 721,Hannaside,Wisconsin,Kyrgyz Republic,675b6aee-98b5-4c5a-8093-659bf3d42b33,app
e4b2c4e1-8a92-4d8e-8dc3-bbb7eb6b9a4e,Tiffany,Morrow,tiffany.morrow585@gmail.com,(651)094-9045,M,1997-06-06,2015-05-15,6973 Vasquez Street,Allenmouth,Connecticut,Falkland Islands (Malvinas),3b804c1b-2744-4a00-8218-928b8a2b6aaa,web
eeeeba75-b3d7-43bb-8d2c-a610055b1042,Troy,Martin,shared1669@yahoo.com,001-733-598-3094,O,1960-06-24,2018-06-11,892 Gonzalez Estate,Colebury,New Hampshire,Chile,8136e4d8-3972-4297-884b-bd6387284909,web
ca8c360b-637b-4b82-95fa-07226770a664,Christopher,Everett,christopher.everett272@yahoo.com,908-570-8310x544,M,1968-06-19,2017-09-23,645 Moreno Neck Suite 538,Josephfort,West Virginia,Chile,549ef2e3-9ded-4970-9f8b-88ac813b571b,referral
42627d9c-7afa-4647-952e-cf14e1e1e9f9,sTEPHEN,WHITE,stephen.white215@hotmail.com,809-005-6411,F,1959-02-14,2024-01-02,141 Brown Radial,Lake Cynthiaside,Rhode Island,Niger,f023c901-7851-416f-be33-0da4a3f5daff,referral
51f9d314-ba6a-478b-adf7-4f30ec386080,Ricardo,West,ricardo.west274@gmail.com,018.395.9449x129,M,1962-01-19,2014-07-17,6843 Walker Coves Apt. 703,West Joeberg,Tennessee,British Virgin Islands,989f5fea-702f-4837-a6d9-bf42d4ca4dae,app
bc9f6ae1-b0a0-4c8d-b31e-d4a562b0f7a8,Michelle,Kennedy,michelle.kennedy483@hotmail.com,(503)793-5325x0024,M,1974-05-28,2022-12-02,1548 Raymond Station Suite 069,Daniellestad,Rhode Island,Brunei Darussalam,4be0885c-f886-4a50-8c02-476ea75fccc5,app
e9d815d8-5aa8-424e-8186-a9332b6c536d,Timothy,Bell,timothy.bell867@hotmail.com,848-000-9296x86713,M,1965-03-11,2014-05-18,7551 Micheal Plains Suite 652,Lake Dana,Texas,Gibraltar,586521c9-cb00-4eaa-aadc-3988ae719ebb,web
c4457f0d-bbe0-4dad-b85c-4beb8db5110d,heather,lopez,heather.lopez660@yahoo.com,(966)463-7485,F,1998-09-28,2022-11-16,24453 Rosario Crest Apt. 251,East Zacharyland,California,Cameroon,69220ccf-af4a-4a5f-b229-0f782e297d9b,app
5abb2acf-b5b6-41b6-9518-5693fb9c35ba,Elizabeth*,Agu1irre,cathy.davis091@gmail.com,(714)292-5301,F,1992-01-24,2016-01-30,43984 Gomez Vista,Andrewsbury,Vermont,Honduras,d40f051c-4ef7-4e7b-bfc2-e7932d65e3f9;5d5f97ef-f735-4750-ba2a-b5ed77e1cfa3;7ff85689-7da0-4975-8337-c54516c9721d;b22f9767-b3ed-4760-8503-f835317dcafd;18941eee-dcbb-4af7-b449-14193b3be40e,app
48409880-01cf-4053-9106-048c84372d81,LAUREN,ZAMORA,lauren.zamora513@gmail.com,283-989-4556x4158,M,1995-06-01,2015-06-26,403 Elizabeth Ports,Eileenchester,Florida,Bosnia and Herzegovina,2cfa22c1-1207-4fbf-bbcc-8a76932a0347,web
9cccd8f9-7145-4ddd-9959-de76b07867ad,vIRGINIA,Smith!,virginia.smith298@yahoo.com,+1-967-184-3881x0987,M,1976-07-10,2014-10-29,376 Fox Tunnel,West Stephanie,Oklahoma,Guam,031d6a7e-f32b-435c-8517-9c141128229b,app
8f918856-ec10-4158-bf8e-6875a30c22b6,Monica,Le,monica.le291@gmail.com,593-509-3923x57419,M,1979-02-20,2022-04-18,01993 Weeks Fields Suite 035,Wellschester,Ohio,Croatia,1ca0bbc9-d8e0-421b-aeac-45832673b682,referral
6181c12b-ff51-4330-a95a-f1f00b8eeb63,Kathryn,Taylor,kathryn.taylor456@yahoo.com,001-223-290-5168x651,M,1960-10-27,2018-02-03,05045 Rebecca Club Apt. 465,New Ryan,Louisiana,Ethiopia,60e4bd5a-9b7f-400a-abcb-f9cb2436c68f,referral
4cfafb5a-deba-48e1-ab31-b6091b1aa42c,David@,chavez,david.chavez606@yahoo.com,001-854-834-8248,F,1966-11-16,2020-12-19,007 Susan Walks Apt. 172,South Janet,Texas,Norway,c5ecd14b-dd6d-41a8-845c-e33a352ccb4d,web
9d817421-b6b8-48cc-b6b3-cefc3e5c7c74,Shawn,Browning,shawn.browning322@gmail.com,001-732-226-4666x6046,M,1957-09-21,2021-12-05,19473 Koch Mount,Tarafort,Illinois,Congo,97644973-dff0-4092-9fcc-de16e4673cc6,app
55a5fc45-329e-4911-a688-4b709227003e,James,Murphy,,970.638.5354,F,1999-01-18,2023-09-25,7430 Antonio Hollow Apt. 031,Lake Kylemouth,Kansas,Guyana,b059a435-dcee-4e72-9f67-d1a5c47f4c54,referral
a3976143-5be1-4775-89b6-696197f96dec,M6ary,hoover,jeff.fuller951@yahoo.com,5288558439,M,1991-08-08,2021-06-02,65546 FLOWERS LOCK APT. 712,West Christine,New York,Afghanistan,5ddf2e38-603b-4ac3-842b-78e425a10365,referral
beeae167-0a76-40a1-a35a-ca897d483e18,Michael,Johnson,michael.johnson284@gmail.com,001-865-597-4454x5034,F,1995-09-25,2023-08-15,0546 Johnny Highway Suite 945,Kleinberg,Texas,Latvia,130b3885-ced9-4c8c-a7bc-eb3d7e5c9383,app
d72318a5-cd82-46c1-b4e3-dae739a143d3,cAROL,lOPEZ,carol.lopez687@hotmail.com,(887)840-7971,F,1965-02-07,2019-02-16,9918 Burgess Brooks,West Joeland,Arkansas,Tokelau,f4fbee6b-7042-4335-9362-36461c0c28a7,web
3936be6b-3b92-429e-9ee4-7832a8fd8606,Philip,Hughes,philip.hughes941@hotmail.com,001-898-621-8617x5241,M,2004-03-18,2021-05-18,1325 Tracy Mountain,New Patrickshire,Alabama,Pitcairn Islands,2eb3d7f9-51bc-41e9-9877-88f9e9844797,app
88ddc021-d38e-496d-803f-3731768e71d3,Jennifer,Greer,jennifer.greer791@yahoo.com,001-220-890-8014x705,F,1974-03-26,2022-02-22,20948 Martin Well,Stephenborough,Wisconsin,France,56bdec29-3374-4f04-9941-2f34c1d9a880,referral
9f15ac60-9fcb-4662-81dc-2133ad1092f0,B9randy,castillo,brandy.castillo669@gmail.com,+1-213-005-8568x50673,M,1962-12-04,2023-09-25,1612 Wright Lane,West Melissaton,Maine,Saint Martin,fe5c6472-c447-42cf-bda4-d57a9d13c701,referral
fec2e107-49f8-4efa-b12d-826d3da60712,Jennifer,Morse,leah.harmon890@gmail.com,+1-025-122-5492x98213,O,1982-08-18,2018-02-13,057 Lisa Fords,Philiphaven,Alabama,Germany,60036f52-ab2e-48bd-aa1c-bf388694d774,web
40cb0982-3756-4100-8952-790b26fa0850,Jordan,Walters,jordan.walters770@hotmail.com,351-051-1429,M,1969-01-24,2024-08-09,172 Wagner Spur Suite 966,Karenview,West Virginia,Botswana,85bb07a0-f652-4bc9-b5e6-9bbc36cca840,web
788ded9e-db69-4f19-bfee-c23e7c71818f,Jennifer,Stevens,jennifer.stevens039@hotmail.com,490-210-9545,M,2001-08-25,2015-03-04,9023 Roberts Springs,Port Nicholas,Oklahoma,Iceland,8a5e3c96-dc68-4242-8f44-d5cadb299067,web
597cb771-9508-488b-a92d-857211762368,Holly , Wagner,holly.wagner389@gmail.com,+1-705-332-2823x9663,F,1982-12-05,2014-03-25,6083 Hughes Common,Hunterhaven,Arizona,Saint Helena,9c4e40ab-c711-420c-9e83-d1f8a4bbb35d,web
0d9331ef-3be9-4738-bf98-7872876041a7,louis,MMaarrtinez,louis.martinez479@hotmail.com,+1-093-980-8408x6637,F,1966-10-29,2023-04-30,36279 Heidi Fords Suite 335,East Autumn,Iowa,Nicaragua,1d2e36d0-8990-4495-ad68-1a32ec240f29,referral
1b029f91-e6ab-4910-af02-3b5fbcf0d6f6,AApprril,EWING,april.ewing244@hotmail.com,001-238-919-3178x57609,F,1979-07-07,2021-07-23,41331 Sloan Turnpike,Jacquelinemouth,South Dakota,Tokelau,d7172c72-5ba4-4896-9f94-ab603f794312,app
74465139-f89d-46f4-8d1b-2dd58317850a,Karen,Davenport,karen.davenport572@hotmail.com,001-179-537-8266x3946,F,1968-03-12,2025-01-23,3593 Charles Garden Apt. 994,South Ashley,South Dakota,Hungary,333d50d3-5f2c-4bd6-ab77-ee5438b7acb7,app
8dfb4160-b333-44c3-b53a-49f2422772ca,Jenny,Jensen,jenny.jensen459@hotmail.com,(419)116-1632,F,1960-12-15,2020-12-25,4546 Griffin Lodge,Lake Amanda,North Carolina,Cook Islands,f9df3d62-6c4c-4148-966b-7bf9e9e95ba9,web
a681e6e2-8667-4184-bf76-5a1dc7482a70,Erica,Smith,erica.smith599@yahoo.com,169.343.1064,F,1985-11-10,2025-09-02,8443 Jason Avenue,Sanchezchester,Virginia,China,9b310fd6-13b7-4b36-b707-6628f4deac29,web
b1d563c9-7b28-438d-9af8-cfeaf1200fa6,Todd,Lee,todd.lee433@yahoo.com,001-706-140-1879x7831,F,1968-01-03,2023-12-01,68825 Charles Overpass Apt. 634,New Kyle,Missouri,Korea,43174c34-74a5-404e-9381-56c85d68a80a,app
3099916f-72fd-4c3d-8fbd-b2a7b9906256,MICHELE,Miller ,michele.miller744@hotmail.com,001-442-149-9897,M,1979-09-19,2013-12-07,393 Cassandra Inlet Suite 194,Daltonland,Colorado,Brazil,f36135d7-7d39-4a41-9616-d170470a28d5,app
e107920d-cc84-48f5-85f4-1e630734ac68,Jessica,Jenkins,jessica.jenkins851@hotmail.com,080-958-7928x54438,F,1979-07-13,2024-11-11,44909 Curry Courts Suite 548,Loganstad,Washington,Equatorial Guinea,2fb2771e-ad8d-4742-98ab-280a5cf99eee,referral
df14e1b6-3348-47b2-8110-17087e997775,Sarah,Dyer,sarah.dyer232@gmail.com,+1-197-301-5722x3615,F,1984-06-10,2018-07-16,71473 Haynes Rapid Apt. 111,Port Jennaland,Wyoming,Saint Lucia,3c9cab1e-910d-43c8-a260-583cdd276f95,referral
fe535192-26be-45bc-8e6b-b00e66a73ba7,Robert@,Fernandez ,robert.fernandez433@gmail.com,(721)530-2405x406,M,1972-09-10,2022-03-22,88563 Sanchez Estate Apt. 261,Davisbury,Michigan,Switzerland,089965a3-50d6-4816-a88b-859c29542e18,web
dfb074cb-0b06-4ea5-a018-52c4a94fc866,Matt5hew,Alvarado@,matthew.alvarado137@yahoo.com,(995)705-0529,F,1985-10-31,2015-12-25,27671 Kristi Roads Suite 965,Romeromouth,Alaska,Andorra,2a7e4826-398d-44d2-9306-0d8eb742fbc3,app
283e53a5-84e5-47dd-bda2-12add02c4a0c, Robert, Bowman,robert.bowman602@gmail.com,610-562-4163x1047,M,1957-03-13,2017-12-06,87125 Frank Courts Suite 737,Collinsside,Maryland,Denmark,d88897c9-61d6-49ca-8ab6-4046cb25608f,app
49e63ae4-8bd0-4594-941a-0632bc50769f,Mandy,Webb,mandy.webb070@hotmail.com,359.112.5271,M,1955-11-21,2019-12-21,231 Garza Bypass Suite 187,Mistyfort,Kansas,Wallis and Futuna,4ed99779-73e3-4a25-801a-6366a39b1e2f,referral
2d35499a-f430-4f70-9df4-e7cb09b9e05f,Jeffery,Parsons,jeffery.parsons887@yahoo.com,+1-941-645-9344x609,M,1996-05-31,2020-06-23,76736 Valerie Mountains Suite 582,Port Stephenmouth,Texas,Sierra Leone,8c3086df-81ca-4ed1-a817-08d9229752f4,web
3ded3b1b-5f52-451d-92f2-86bc3148815b,Kelly,Marsh,kelly.marsh771@hotmail.com,348-855-1188x35810,M,1976-05-16,2025-05-08,0759 Christian Vista,Davidtown,Kentucky,Iceland,db794421-3d89-4323-8ef7-f02624034d0a,app
8997e0f3-be4b-4f91-bdfd-5dfa9824c2c7,Andrew,Sutton,andrew.sutton106@yahoo.com,(282)595-8010x869,F,1986-03-31,2022-06-27,0164 Erin Ferry Apt. 564,Bryceland,North Dakota,Estonia,ad31661b-ae5b-4b3d-b37b-1cf96736cb90,referral
37d0444b-38b0-4703-8c67-36fa238028b3,rebecca,RRiilley,rebecca.riley209@hotmail.com,+1-066-431-2582,F,1990-10-02,2022-01-12,7195 Dave Tunnel,North Paul,North Carolina,Uzbekistan,f9a3e54b-ad55-4262-b35a-c4f9134c87bf,app
4ee40d23-c1ed-4b32-b16e-618fcb028673,Adrian,Long,kristen.allen405@yahoo.com,163.817.3709x7749,O,1960-01-17,2023-02-05,114 Rose Plaza Suite 500,Amandahaven,Kansas,Netherlands Antilles,0ea0bec2-f252-482c-bb49-563da70ec49f,app
2163d3b3-e8b0-4f90-b212-c3431c167547,Sara!,J7ones,sara.jones920@yahoo.com,162-149-5991x9111,F,1994-10-19,2017-10-30,075 Orr Neck,Jonathanfurt,Alabama,Nauru,5bfecf30-9ece-4c1b-8834-c1a9cbe2dd72,web
ea4e8685-9cda-432f-aa79-0277cca0dcab,John,Rodriguez,john.rodriguez686@yahoo.com,891.707.6549x90578,M,1973-07-26,2021-03-01,94056 Robert Heights,Lake Danaland,Virginia,Kazakhstan,8b797889-1963-4dfb-a012-51338493a6f9,app
1a68539a-5e99-4082-b594-f299ed873d7f,Emily,Bailey,emily.bailey368@gmail.com,(223)558-3525x139,M,1996-09-09,2024-12-20,964 Dixon Glens,Bennettside,New York,Saint Helena,bb9d2675-3e74-4ec2-b2b7-a43a4a237530,web
ad83413a-9ecf-49c3-b519-ca1f91f3d0e9,April,Hernandez,april.hernandez254@gmail.com,001-071-401-6661,F,1955-08-11,2020-07-31,4991 Dennis Shore Suite 385,Harperton,Utah,Pitcairn Islands,2a5aac57-fa47-436d-bf23-65166dbf0647,referral
94b15f04-3dc6-4419-beab-52b7387e6192,Melissa,Brooks,melissa.brooks219@hotmail.com,0094492953,F,1990-11-07,2018-11-25,3586 Pamela Groves Suite 262,West Elizabeth,Nebraska,Afghanistan,e416564a-f80e-44c7-ae6d-515ec37ae1d8,referral
d6b6c913-cec3-4883-9cae-4b2715a83dd0,David,Hogan,david.hogan837@yahoo.com,308.540.6902,F,1982-08-27,2017-06-20,681 Kaufman Unions,Jessicatown,Wisconsin,Palau,35768adc-4fa5-436a-b6e7-5a264cae6422,web
18bbb6bc-aa14-489c-b563-e47721c6fd27,Peter,Hall,shared1088@hotmail.com,473.384.5435,O,1956-08-12,2025-04-10,2900 Phillips Pass Suite 462,Whiteshire,Arkansas,Comoros,11933d6b-292a-432d-b86f-130122538407,web
981bae8b-c696-451e-aed8-e02cb3b15284,Eric,Huff,eric.huff178@gmail.com,923-502-8037x38663,F,1970-10-05,2014-05-18,56559 Mendez Heights Suite 756,Port Jenniferberg,Oklahoma,Romania,85f28798-7b6d-43c3-bda7-69ef0a4cea48,web
f76c2ee4-bcc8-430b-855b-fa446d358cb7,Regina,Cohen,,001-625-537-2245x002,O,1968-09-04,2017-01-14,32348 Jessica Point,Port Erinside,Michigan,Kazakhstan,f36408a6-c0d8-48e9-a511-57a9e7632a9c,web
dd100f25-f4e1-4695-a92b-0994f40e93e7,Brittney,Simpson,,023.116.3450x3911,O,2003-02-19,2015-12-28,80336 Ellison Extension Suite 089,North Andrew,Arkansas,Macao,a35cf398-dd72-44b4-be5f-cc61eee603bd,app
aba796f6-3bc6-493f-8b4e-42ec6fb41012,Margaret,Stewart,margaret.stewart078@yahoo.com,411-257-1950,F,1966-11-03,2018-02-28,1571 Johnson Plain,New Erin,Alaska,Israel,4d767f06-ab67-4fb4-b498-0815cf2d7f8c,app
ca853325-d353-44b8-a858-fac225db0e11,Larry,Berry,larry.berry215@hotmail.com,(325)500-7674,M,2000-08-21,2018-07-24,00326 Scott Street Suite 399,Shawchester,Maryland,Colombia,2d7a7c23-203a-43fd-b7a1-85677a543581,web
8d058c52-b1dd-4456-af2f-3d4f7fecb978,Brian,Mosley,brian.mosley399@hotmail.com,001-671-013-5487x733,M,1995-02-11,2023-12-06,749 Jones Lake Suite 933,Philliphaven,New Jersey,Senegal,c4bfc562-0403-4e7b-af54-d90966df4e4f,app
4a806ab1-dc59-441a-aaa9-0e64ecd150e1,Christopher,Barrett,christopher.barrett096@hotmail.com,(518)285-6725x9822,M,1970-03-22,2019-07-16,32307 Clark Trace,Lake Bradley,Arizona,Botswana,780b4e88-287b-443c-b1ac-05576277eb35,referral
aa6f79e3-08b6-40fa-bc5b-783a9b764167,Holly,Bates,holly.bates276@hotmail.com,+1-534-765-6203x8721,M,1958-08-02,2014-03-04,30496 Snyder Fall Suite 425,New Zachary,North Carolina,Guernsey,7e143673-ea8f-43ee-af3f-b3a2ad434639,app
dc1a27f4-0d30-4744-9d5c-ab35331ba031,Joseph,Hanson,anthony.clark218@yahoo.com,118-415-9631,O,2005-07-29,2016-02-10,44525 Welch Drive,Port Sarachester,Missouri,Tajikistan,3f8a1425-b962-4fb6-8b07-618e7f3d2166,app
7a9b5497-441f-4627-916b-42d14680526b,Katherine ,Har5rington,shared1046@hotmail.com,(055)720-2678,O,1992-02-27,2021-05-23,1369 Allen Loaf,New Daniel,Kentucky,Seychelles,62e64ac0-138c-42cc-94da-0b30997d373b,referral
12f6c92a-dc7b-4c3f-8fb2-c79be19dde9d,Thomas,Buckley,thomas.buckley801@gmail.com,0617790420,M,1994-03-20,2020-08-26,7844 Castro Loop,North James,Oklahoma,Mayotte,2c62155b-a4ca-4362-b5d7-a03cad3dcbe2,referral
b258f2cc-355e-49f3-a827-9988d066542d,JJoohhn,stevenson,john.stevenson519@gmail.com,(497)891-4177x849,F,1960-05-02,2023-10-13,18805 Owen Crescent,Lake Rodney,Louisiana,United States Virgin Islands,1e1676e2-71e9-4bd2-b004-6a7bbefb09b8,referral
48a1140e-0b98-4bd6-870a-4006b2963147,Valerie,Marks,shared1678@gmail.com,001-732-968-7969x75103,M,2001-03-17,2024-09-27,83897 Lewis Junction,South Manuel,Texas,Egypt,1b36df70-62de-4174-9298-d1573eb41f9d,referral
2bbdc37c-dc07-4085-a44e-77230d7090b9,Sarah,Brewer,sarah.brewer062@gmail.com,938.786.9219,M,1961-07-31,2025-09-28,00994 April Forks,Port Michaelstad,West Virginia,Serbia,6544ea02-cd38-4be7-9901-0119386074f4,referral
b9ff1f01-cb76-4b08-9b4b-107b8e534797,Ga9ry,Arnold ,gary.arnold531@yahoo.com,253-720-2965x015,M,1979-09-28,2014-03-24,065 Vicki Via,East Jon,New Hampshire,Gambia,ac05671c-0803-4ddc-a27b-553705d64ee8,app
da9a0f18-8968-4a52-acf6-516d5304aa8f,Sharon,Hanson,sharon.hanson090@gmail.com,227.804.8841x1222,F,1995-07-12,2016-08-10,287 Russell Common,Jasonland,Washington,Guadeloupe,5178580a-7b28-428d-8eb2-c48cec711568,referral
c0faeeac-60c3-4761-b554-3580a98c46f0,ashley,JJoohhns,ashley.johns125@gmail.com,8358509556,F,1980-02-08,2015-01-29,411 Rose Court,Jacobshire,Idaho,Greece,dc3ea54d-04b6-40fc-8176-ca034cc0dae9,referral
2b6bfda7-660a-43c1-b289-45f70a441b80,John,Stewart,john.stewart333@hotmail.com,6539207201,F,2003-04-09,2023-05-08,5803 Chavez Gardens,Rebeccaside,Connecticut,Madagascar,7fe3f90c-12ab-4eea-b96b-511af731ff7f,app
912c2b7e-816a-48a3-a703-f09feb715805,Patricia,Stevenson,patricia.stevenson739@yahoo.com,(400)110-9579x18428,F,1998-03-28,2022-11-18,1961 Mccann Fall,New Kathryn,Texas,Luxembourg,80ecce42-4851-4371-b26c-2d9a783f14ec,web
8f9b6327-81c0-4f58-b1f1-031eb2285640,Jerry,May,jerry.may005@hotmail.com,5811393161,F,1998-05-21,2022-04-12,68876 Bailey Landing Suite 841,South Ronald,Mississippi,Nicaragua,c459fd28-92ca-4ada-878d-5991d551b654,referral
36f8dc58-6768-4435-8ede-845029152e3e,Kimberly,Williams,monica.tanner820@hotmail.com,001-992-832-9211x0821,O,1970-12-09,2025-03-24,72035 Tammy Ville,Daviston,Iowa,Heard Island and McDonald Islands,822dead5-d84f-43f7-b7c1-72112550b7f5,app
ab105950-cdfc-4def-b798-5e6f4b02a184,Jocelyn,Clark,jocelyn.clark811@yahoo.com,074.584.7109,M,1970-10-22,2018-02-20,082 Daniels Orchard,New Joel,Arizona,Montserrat,fce4bdd8-9a86-403f-9b9f-371b8c1010a9,referral
e17b4d5d-01f2-41a4-bcd2-e1097b7174e8,ashley,Jackson@,shared1501@hotmail.com,725.916.6255x509,O,1999-12-31,2015-01-17,30412 Brett Parks Suite 251,Lake Rebecca,West Virginia,Indonesia,2affd34d-11f4-49ef-994e-4ce7cb0d6f68,app
18ee42ef-532e-4499-925a-959a8091119d,tammy,bOYD,tammy.boyd253@yahoo.com,530-108-1945x66423,M,2005-10-30,2022-06-20,919 Wilson Port,Richardsmouth,New York,Solomon Islands,14b241e5-9f51-479b-9bd8-964230415a94,app
95c30181-e144-4ea5-9526-4e64f055e9c2,Alec,Williams,alec.williams562@hotmail.com,+1-035-522-1982x47633,M,1964-07-17,2018-07-22,458 Jones Crescent,South Michellestad,Rhode Island,Ecuador,b34e5c76-5da2-4244-a32f-875b6bcfc3b2,web
82ad4b00-b312-44d1-9f67-89155df696a3,JJoohhn,Petty ,john.petty279@yahoo.com,341.409.2569x256,F,1993-04-15,2016-01-25,419 Kristin Throughway,Perryburgh,Virginia,French Polynesia,bc366560-00d2-43fd-8472-d09913170b61,referral
ed38e71c-c230-4abd-b43a-4eeb1e69eb6a,Marissa,Mitchell,marissa.mitchell334@gmail.com,5810630335,M,1969-07-03,2020-11-23,0660 Barnes Courts Apt. 229,Catherineburgh,Minnesota,Kuwait,ff03c1a4-438e-485f-8329-49d3768323dc,app
5740c345-662d-4833-8919-f1531f026bac,Deborah,Terry,deborah.terry497@hotmail.com,(313)411-8185,M,1968-01-06,2024-01-02,447 Lang Creek,Abigailfort,South Carolina,Yemen,890e6e17-5bc9-4e11-a562-5959feec42c1,web
63d73a77-8cb9-464b-8b11-afb6d5dceeb1,Jeffrey,Arnold,jeffrey.arnold117@hotmail.com,+1-238-419-9590x61026,F,1973-07-02,2014-06-27,716 Martin Harbors Suite 903,North Edwardville,Nevada,Angola,125fae71-4f14-4dbe-91fb-f3b9c4a2cae2,web
6d1e2179-b1c5-4cb0-9ece-0f3f085e1256,Megan ,padilla,megan.padilla956@hotmail.com,+1-560-957-3091x020,F,1982-02-03,2023-08-09,26325 Taylor Oval Suite 266,South Michael,Virginia,San Marino,b94d91a0-b09b-4ec7-86f3-071a33b4fd4c,referral
bfbe8e50-b137-4690-8521-d59febb83c9f,JJaammes, Larson,james.larson100@yahoo.com,518-182-2630x1489,F,1981-08-04,2019-03-19,59275 Robinson Terrace,West Fernando,North Carolina,Honduras,4b7e2469-5df2-4a61-afb6-24e168a743a9,web
ce815388-3335-4190-9eb6-987ba2f82ad2,CHRIS,SSaanntiago,chris.santiago990@yahoo.com,384-726-5361,M,1986-10-17,2018-10-18,096 Church Springs,New Williamfurt,Hawaii,Botswana,3b65f76e-80e0-4849-a52a-299637495a37,web
a88a8f2b-512d-45d3-8842-b19c61d47c7e,Taylo9r,wATKINS,yvonne.ross242@gmail.com,+1-385-970-1304x99217,F,1979-06-11,2024-09-25,078 Joseph Plaza,West Robertburgh,Arizona,Lithuania,b4756020-6ac7-4356-9a6d-3bd292909984;83351187-3bcf-4bda-bda5-f2903dd9baf2;035ee715-07aa-48a3-afc8-0ddcc73b88af,app
c083d858-b601-4f7e-8d42-5def93c957c3,Brooke,Bowman,brooke.bowman422@hotmail.com,829-398-4199x23604,F,1980-02-29,2023-06-16,6554 Jeffery Ports Suite 600,Crawfordport,Idaho,Wallis and Futuna,c98e77ee-4975-4ddf-8629-a184475cb9d0,referral
9d9d52b6-fdbf-442a-bd25-23aaf8436b23, Ryan,Miller@,ryan.miller403@hotmail.com,176.722.3999,M,1965-03-07,2021-08-21,102 Cabrera Fields,Mcgeefurt,Iowa,Lithuania,e6651739-b2ab-4e6f-b9a4-6b2b280c34c9,web
26b8b75f-526e-4691-8c50-b033a9b3bdf7,Timothy,Wiggins,timothy.wiggins299@gmail.com,0438921588,F,1966-09-22,2014-07-18,4755 Valdez Village,Russellstad,Pennsylvania,Benin,97d9617e-188b-47f7-876b-fc40fefc2b65,app
1a6d1b54-bf27-4513-8e2a-8d0cd2fafaf8,Matthew,Spencer,matthew.spencer515@gmail.com,1546702657,M,1970-12-20,2014-10-05,161 Patrick Run,Lake Kristy,Florida,Niger,b9856459-13e7-4da9-b90e-9326e04b2539,referral
ae7e4b3b-f452-4e7f-b487-b37b3ea7aa8e,Laura ,haynes,laura.haynes221@gmail.com,(840)309-8876x850,M,1997-10-02,2015-09-03,93296 Heather Forge Suite 313,Brandonmouth,Texas,Bangladesh,54445ef9-d13f-4a54-856c-9ef8dbe99034,app
918c897c-4f7d-466d-b509-6cbbc3eeb906,Jeffrey,Alexander,jeffrey.alexander562@hotmail.com,884.198.1869x584,F,1991-06-25,2016-05-01,33398 Sarah Knoll Apt. 730,New Tammyland,Wisconsin,Ecuador,28317bb1-b27b-4abf-912e-7f97ba5aea56,app
f0ec96f2-c94b-48fa-bf41-58bc4c3c9df3, James,Washin3gton,james.washington139@hotmail.com,(516)199-2964x24562,M,1990-04-14,2022-09-30,249 Amy Islands Apt. 889,Sullivanshire,North Dakota,Djibouti,b8c7bfd1-9bf3-4db4-98d9-74ea8fec71ab,referral
567fba9f-2e16-47b0-9767-839f69d33d9c,MMaattthew, Berry,matthew.berry726@yahoo.com,001-125-627-4055x233,F,1975-03-05,2019-03-01,69090 Davidson Course,Austinberg,Hawaii,Croatia,d65c723a-3075-40aa-8267-367416499a44,web
bbe9cc6d-bed6-442a-99ed-a11afd0377aa,RYAN,Henson ,ryan.henson326@yahoo.com,664-320-7379x44197,F,1969-08-31,2022-08-12,349 Richardson View Suite 788,Tammyshire,New York,Benin,5afae7e8-b437-4897-9b3f-cfdfe895485d,app
591cfcab-791c-4a11-9ac4-d7a6decc8c3c,Mary,Griffin,veronica.peters208@gmail.com,(815)276-0926x18517,O,1988-04-05,2014-04-26,75344 Alicia Lane,New Nathanielberg,New York,Falkland Islands (Malvinas),0aae4be8-fad0-4f2d-a481-d7f0c5f9115c,app
ed51ad56-4808-4fe8-89ea-9ad9e4baf103,MMaarria, Perry,maria.perry662@yahoo.com,+1-530-284-3073x5753,M,2003-08-16,2025-09-07,4154 Richard Drive Apt. 198,Lake Josephshire,Delaware,South Africa,dfe1aefa-7cbe-4686-a10b-38c71ea4caed,referral
b8a6717e-7b2e-4744-b7df-ce4642b1d242,Richard,Stanley,richard.stanley052@hotmail.com,902-516-9148,M,1983-02-13,2020-06-21,45488 Rodriguez Pine Suite 457,Cardenasland,Louisiana,Marshall Islands,e397034e-bed8-44f6-89ce-8a59ca157c85,web
5e851ee1-5182-4694-b60e-5983dad55792,Kimberly,Bennett,kimberly.bennett833@yahoo.com,864.952.7080x542,F,1984-01-23,2018-10-06,634 Samuel Underpass Suite 711,North Kristina,Tennessee,Bulgaria,112d8af4-5bbf-4d5f-b3a8-f6f725be1324,referral
1053bfc6-41a7-435a-8a0e-38349148f420,MMaarrk,She5lton,mark.shelton692@gmail.com,5084777065,M,1975-05-17,2020-02-29,0640 Flynn Valley Apt. 771,West Tamarafort,Iowa,Kiribati,07ad0d70-cc25-4ea9-a280-d05c4dbef259,referral
3a20b34d-6cf1-4307-a834-dc41fc73f13e,jessica,Wallace!,jessica.wallace310@hotmail.com,167.686.2613x258,M,1966-05-01,2015-01-16,9733 Ryan Extension Suite 304,Port Kimberlyfort,Maryland,Swaziland,0f20f24e-dfde-4465-8023-17bfff97b06c,web
305be05e-e916-46f9-ad09-3148b730a32c,Susan,Ferguson,susan.ferguson479@gmail.com,001-248-774-7189x455,F,2004-04-18,2021-07-15,09548 Julia Ridges Suite 342,Johnsonborough,Nevada,Argentina,bf9920d5-6164-4f81-84e2-eada570e284a,app
30fda40a-9d95-4c04-84af-31b302372e21,Jeremy ,Cru9z,jeremy.cruz495@hotmail.com,+1-633-861-7853,F,2000-04-13,2020-10-26,6073 April Street,Danielsport,Pennsylvania,Samoa,3e7b3f2e-f849-40b6-a65c-f1b4f31b75ae,app
11839c0f-0383-4df3-b898-5d9484f502e7,Lucas,Watson,lucas.watson361@gmail.com,010.823.2368,M,1967-02-26,2013-12-31,580 Saunders Camp Apt. 732,Andersonview,Texas,Norfolk Island,b2b306d7-854b-4aaf-81af-720e84f8b3d3,app
75350c3d-5352-4e29-bf58-3c14118bb629,Cory,Chen,cory.chen260@yahoo.com,517-489-4821,M,1991-02-23,2014-01-02,800 Dennis Stravenue,Mauricehaven,Utah,Cook Islands,cc6de8da-3c59-415f-a589-434d23de82f7,web
f7b0427d-2acc-48fd-bbd6-cf474607e676,Elizabeth,Sims,elizabeth.sims125@hotmail.com,(195)529-9117x2348,F,2001-06-05,2020-05-29,5030 Jacob Island Apt. 209,Smithville,New Jersey,Venezuela,b7bb18ce-b0bc-410f-bdc2-6d9dfb99f247,referral
b393dfdf-fa96-4f87-b58b-a5e4423031e0,KIM,Lee@,kim.lee509@hotmail.com,382-016-6111x496,M,1965-08-26,2018-12-17,7466 Sandra Rue,Anthonybury,Pennsylvania,Macedonia,7311ce44-6d3f-40f3-82e1-cc21d1fe7da4,web
9b842f4b-9545-4899-ae0b-4456091186e5,Kara,Carter,kara.carter957@hotmail.com,001-139-037-7441x5853,M,1966-03-21,2022-09-19,90495 Madeline Hollow,East Juliaberg,Virginia,Qatar,65b9276a-18cb-4125-9804-4a3efc4413ba,app
52207d7e-c4d2-4dc5-895a-69afcc3e7bc4,Carolyn,Thomas,carolyn.thomas975@hotmail.com,365.525.4740,M,1997-09-22,2022-07-19,5971 Zavala Trace,Justinport,New York,Israel,d90d7eeb-42ac-4e3d-9992-32c2a858145a,referral
f0f40ea0-797d-40c7-a8b3-989d39466c46,Anna,Williams,anna.williams169@gmail.com,283-376-6803x2704,M,1981-08-24,2019-12-21,90411 Stewart Stream Suite 148,Porterside,New Jersey,Congo,99c3e0ab-87ae-4006-8cd4-e42378b1f37e,app
17a3a972-e123-4b4f-8e70-432acde6d6a9,JOHN,Rosario ,,5076296705,M,2001-10-29,2017-04-18,068 Hamilton Common,Barrburgh,Michigan,Senegal,97573646-2194-497a-a7a1-a288aa07c004,web
5953caae-c044-4db3-8e9a-a0c1f357330f,Kevin,Horton,kevin.horton225@gmail.com,(915)612-4302x49546,F,1980-12-09,2021-04-29,889 Paul Crescent Suite 856,Port Alexanderbury,Kentucky,Trinidad and Tobago,d47a17c1-a3d5-4cb9-ae23-5f3fcdb9176e,web
4f495eea-f923-46bc-89ed-12fec3cc236e,Donna,Garrett,donna.garrett326@hotmail.com,947-779-2316x1833,F,1987-05-04,2024-11-22,8913 Knapp Isle,East David,Montana,Sri Lanka,0c508c51-7e09-47ec-bf84-b09f53753408,referral
5aa5f9c1-d0b6-4bba-af4c-dbace5ab794a,John,Lane,,5632267564,F,1955-07-21,2020-08-27,3480 Stanley Ridge Apt. 490,East Jessica,Oklahoma,Ukraine,f052fb31-46ce-4f6d-adb6-179eb8c175ef,referral
fcacffa4-a4de-4b37-ab49-c4b11f4f3231, William,Rodriguez ,william.rodriguez202@yahoo.com,625.685.5324,F,2005-09-02,2014-12-10,77090 Evans Garden Apt. 722,Hamptonton,Illinois,Montserrat,36c56935-d795-49b8-90c0-93175e9ee465,app
c5c097c8-dd35-444b-9147-122e57c3bd83, Rebecca,JJaacckson,rebecca.jackson495@gmail.com,+1-301-265-0125x777,F,2001-07-09,2017-12-09,746 Castro Ramp Apt. 170,Jacquelineton,Delaware,Kazakhstan,fadfe27f-92bf-4dfd-a795-16421db944f6,web
2289c51a-d62b-4dc0-bb2f-03dd85acc1cd,Brandi,Greene,brandi.greene316@yahoo.com,0735759756,M,1998-03-19,2015-03-06,772 Bowen Extension,South Ryan,Arkansas,Bolivia,25a6250b-87b4-499d-b03a-8c62b136ba3d,app
1f7c922c-f565-4326-8493-1b7514363bd3,Nancy,Murphy,nancy.murphy847@gmail.com,330.095.1837,F,2000-01-25,2016-11-08,05667 Johnston Mount,Markton,New Jersey,San Marino,4c60893b-155f-490d-b03b-731de40f1185,web
5c531dca-5638-49db-985c-3c370db343d3,Christina,Ortega,christina.ortega376@hotmail.com,+1-550-664-2087x59836,F,1976-12-25,2025-03-09,64063 Johnathan Trail,Markbury,Iowa,Belarus,b6cd6ab2-d8b2-410a-81c2-4aceca1ba2e9,web
9b7e414b-60a7-4cd0-8d7e-c5197442f25d,CALEB,WWhhiite,caleb.white481@yahoo.com,(716)001-4930,M,1962-02-17,2021-01-24,413 Smith Plain,Danielland,Colorado,Tajikistan,13815bba-04f6-43e6-8276-8f225b1ea71e,app
e76db5ac-1b12-40da-8dde-9ced55348820,Tho6mas,tHOMPSON,thomas.thompson660@yahoo.com,5600254107,F,2005-06-09,2018-01-19,139 Vincent Curve Suite 429,West Sharonstad,Delaware,Macao,711c5192-24cf-4929-ae34-dc90715205fb,web
7bf55ba9-9df2-471f-b448-32385ee5b392,John,Vasquez,john.vasquez015@gmail.com,813.589.2928,M,1955-06-09,2016-06-06,243 Morales Court Apt. 475,West Stephaniemouth,Wyoming,Armenia,50884aba-9ca5-4b18-bb4d-fd60de211457,app
3f5ad3a2-00af-4d74-bd8e-5b58710918dc,Richard,Robinson,richard.robinson360@hotmail.com,(622)736-9183x207,M,2005-09-12,2022-12-21,134 Doyle Mountains,West Annettetown,Delaware,American Samoa,ee81a0c9-eef4-45a1-907c-dbc466a706ed,referral
dfc04319-0261-499e-b09a-2a460c7ac8b1,Kelsey,Hall,shared1192@gmail.com,+1-505-826-5693x8823,O,1984-03-12,2022-03-01,4199 David Loaf Suite 690,West Elizabeth,South Carolina,Angola,a2bafdf3-27b1-4622-a3dc-40a5fbaabdcd,app
9c3a5d27-5e75-4ea0-afc4-10858e36700d,Dominique,Shaw,dominique.shaw622@gmail.com,+1-833-627-4921x667,F,1973-01-05,2024-01-15,26468 Brandon Crossing Suite 199,Kruegermouth,Rhode Island,Bulgaria,2bd11794-f128-4f67-8641-50789edb0ee0,web
8b55e540-b4a8-401f-a147-7c52de18bbd3,Jason,Nolan,latasha.stout664@gmail.com,8486426703,F,2007-10-11,2020-01-01,869 Sharon Crescent Suite 264,Tarafurt,Louisiana,Netherlands,098c4346-c18b-4efa-b889-4449457feccf;087ac923-c297-486f-afac-e1605ce380be;43064fbf-2c3c-4a83-a950-92391bcdf817,referral
9e3ea244-1753-4b44-a3bc-43b8df0c3de2,Tyler,Brown,tyler.brown954@hotmail.com,(139)787-3544x76282,M,1967-09-19,2015-08-07,63743 Henry Route Suite 387,Hallshire,Wyoming,Malawi,7cf26c8e-c6f7-436c-be36-9d39f1b776a0,web
b25eb28c-19fd-402b-9682-acd98fe682cb,Latasha,Little,latasha.little937@gmail.com,(500)178-8667,M,1960-12-17,2018-12-15,68632 Montoya Tunnel Suite 918,Port Stephenbury,Iowa,Hungary,22f77c45-95f8-4693-a5cc-0f5f3f7f6881,app
744b0b6d-e6d5-4e54-bbb8-d68e543cd169,Dylan,Scott,,(230)312-7300x03055,M,1963-10-26,2022-09-14,9697 Ronald Garden Suite 838,East Dustintown,Colorado,Liechtenstein,17eca6c3-4dff-4ba2-b06f-2e4e46a113d2,web
5be7506c-f76b-4f1b-aad4-6b76ac7ba97d,Joshua,Stanley,michelle.griffin993@gmail.com,381-909-4058,M,1987-05-12,2018-05-21,8423 Michael Lakes Suite 394,Lake Michael,New York,Northern Mariana Islands,7dc857b2-2cd1-4e1c-a74e-ccc67821c58b,web
5d8b1920-4c17-498a-b405-a02324202abf,Lisa,Robinson,lisa.robinson964@hotmail.com,102.051.4073,F,1987-06-11,2023-07-30,7634 Jacqueline Square Suite 399,South Brianchester,Maryland,United States Minor Outlying Islands,27b70ed3-af6a-45f1-9ccf-005988e42e39,referral
a21ea2c2-9ae2-4723-9beb-51c94df72439,Lori,Chandler,lori.chandler277@yahoo.com,403.551.8817,M,1970-08-19,2020-11-03,04412 Amanda Wells Suite 137,Williamschester,Ohio,Peru,f2c34b61-6642-48b9-a457-77941bbf9c5f,referral
6343b8ca-0c5b-4cdb-b16f-704e28437524,Kelly ,Webb@,kelly.webb071@gmail.com,+1-774-335-6098,F,1959-04-05,2023-10-24,23582 Atkinson Motorway,West Andrewfort,Delaware,Mauritania,9ffe8b08-f3bb-4ad4-aa0d-a6bd99d401b8,web
6feb017e-47fc-4e71-90d0-a80fcecbe1ad,Charles,Brown,charles.brown372@hotmail.com,0705538218,O,1993-09-27,2021-07-22,4000 Lawrence Keys,Princetown,Kansas,Djibouti,8419ea78-3959-43a8-b219-fa98a94701f5,referral
102d9c80-4cab-4aea-a79b-e24230424821,Beverly,Rubio,beverly.rubio907@yahoo.com,(772)955-8397,F,1981-09-10,2021-04-03,0249 Winters Prairie,New Justinborough,Delaware,Hong Kong,5ef6de09-2a9d-4936-9f8a-01473d835468,web
ad62d547-cfd0-486b-afeb-23cbb45320f2,Lori,Newman,lori.newman666@hotmail.com,001-111-660-6268x77449,F,2003-02-10,2021-01-12,7358 Derrick Common,Lake Meganborough,Arkansas,Libyan Arab Jamahiriya,184ed72f-c743-4d53-814e-c8327dfd145a,referral
4a5fa250-ec80-43cc-a492-2daf9224c912,Christian,Quinn,christian.quinn530@hotmail.com,001-126-968-0535x154,M,1983-04-21,2016-07-10,398 Ruiz Summit,Jeremyview,Florida,Cameroon,e6d9af87-bfc9-470c-95a7-b7d456823a92,referral
61221290-0b30-45d9-a58c-5699c90bfb9d,Crystal,Young,crystal.young522@hotmail.com,802.466.4867,F,1985-04-26,2015-01-24,636 Meghan Point Apt. 741,East Joelborough,Rhode Island,Sweden,e4da4a6d-9119-447d-81df-f0d6d0cdb51f,app
78c87293-9c31-4761-8b4e-486246d6ff00,Paul,Porter,paul.porter577@hotmail.com,763.710.7439x968,O,1974-02-11,2016-12-27,73544 Landry Greens,Jamesborough,Virginia,Saint Kitts and Nevis,5e012de3-328a-450c-beb4-e61f8cd254fb,referral
f72b96cb-dff2-4e8c-a653-bed00f45bc40,Sandra,Cox,sandra.cox516@yahoo.com,+1-524-899-5704,M,1973-07-03,2016-12-05,013 Lori Stravenue,Hayesshire,Connecticut,Iraq,01ed0476-f309-42ee-9230-9efa71a41171,referral
ed27cd5d-e3bc-45be-a3c2-cfb93e9b5bef, Emily, Rodriguez,emily.rodriguez829@gmail.com,(200)764-6097,F,1999-03-15,2014-02-19,49291 Williams Oval,Cortezmouth,South Carolina,Fiji,18e9b9b6-446f-44c5-afab-34a3c2d041ea,referral
84dd2a02-a72b-44f1-9fab-cbb81003a37f,Sean,Rodriguez,debra.miller814@hotmail.com,972.754.2139,F,1980-05-05,2020-12-23,04093 William Island,Shaunfurt,Oregon,Qatar,c4f28b46-5189-48b1-9017-5c0007d1e5c4,web
df1f47ec-124c-484a-a8e7-004e9d1d32c8,Jamie,Forbes,jamie.forbes048@gmail.com,847.096.1764x78030,M,1980-09-08,2018-11-25,900 Nicole Knolls Suite 636,West Steven,Florida,Holy See (Vatican City State),629ff303-77fd-4d71-afe8-dd65ac0f1019,app
f7b4e2a9-e5e4-4436-87b1-2db34d7dcd13,Olivia,Lee,olivia.lee785@yahoo.com,(060)214-9370x1584,F,1992-08-30,2016-07-12,145 Watkins Knolls Suite 039,North Paulland,Maine,Guinea,aec1b4ae-2dc1-4936-b0be-4f530abeccc3,web
ffef3cc4-a780-4b7a-91e2-47248382062e,kAITLIN,lee,kaitlin.lee173@yahoo.com,(322)020-7970x171,M,1968-06-24,2025-09-02,25801 Christopher Neck,Farmerborough,Nebraska,Saint Pierre and Miquelon,82f8bcbe-8709-440c-8154-2751ecbb520d,referral
02f3328b-f143-48e0-a9c1-c6921b478715,Lindsey,Padilla,lindsey.padilla334@yahoo.com,280.727.5409,F,1984-09-13,2025-11-27,55444 Andrew Villages Suite 377,North Jennifershire,North Carolina,Kuwait,6611c81f-425e-4099-8ac3-f2e261f6f90a,web
6b09aab0-7f00-4344-89c0-ae9fb6b66fd1, Ashley,YYoouung,ashley.young202@yahoo.com,+1-577-701-9434x792,M,1985-12-20,2023-09-17,621 Mark Fort Apt. 353,West Hannahland,West Virginia,Libyan Arab Jamahiriya,8d2a96c4-d0c5-464f-9c29-fe9a495b7962,app
ec905a41-3688-4322-b41f-4d5c37c6321d,Jared,Stephens,jared.stephens867@hotmail.com,(169)705-2754x716,F,2003-01-02,2020-04-16,26421 Carter Plain Apt. 940,Nicoleview,Maine,Saint Martin,d7bf4601-3e14-480e-a093-6cb42d125231,app
7d48dac7-7f6a-47cf-8e62-4c229a4651f9,Miguel,Myers,miguel.myers628@gmail.com,001-949-121-9741x8084,F,1984-01-31,2016-11-11,7064 Walsh Mills Apt. 525,East Andrechester,Idaho,Suriname,25fc7944-8d55-4a78-84c1-995e34604aa6,web
234b4d6f-2ed7-42ae-8569-2f1b04793160,HOLLY, Holland,holly.holland921@hotmail.com,(515)249-4371x3479,F,1985-08-09,2021-12-04,89366 Barnes Canyon Suite 457,Morganport,Washington,Saint Helena,fccf44a6-86bf-4958-b38d-95fd1bcd5c45,app
6478d93a-70fe-4a5a-baed-0dd29fbaaded,Andrea,Jackson,andrea.jackson289@yahoo.com,+1-822-896-5388,M,1979-08-01,2016-05-20,972 Wood Rue Suite 180,Masonberg,Hawaii,Italy,221bf8d2-1259-490a-b80c-dce4b931b025,app
87770df2-3656-4452-8950-038974f124c6,Amanda,Ramirez,amanda.ramirez411@hotmail.com,531-839-2478,M,2001-10-23,2018-08-15,86571 Theresa Brook,Port Michealstad,North Carolina,Djibouti,74fc8c1e-265c-48d0-a37e-7d91664cbda2,referral
101ce6af-ca91-4be2-a5b1-ad8d1826086b,James@, Henry,james.henry539@hotmail.com,320-860-1747x2639,F,1989-05-24,2024-07-18,630 Martin Ferry Suite 606,Port Angelamouth,Alabama,Antarctica (the territory South of 60 deg S),472f3e51-648e-46dd-8fb1-1f5bd89083c5,web
005a7521-db6a-406e-b14e-97bf259f96fb,Alexandra,Ellison,alexandra.ellison003@yahoo.com,(543)768-3047x8198,M,2005-06-09,2018-04-29,427 Walton Canyon,Jamiechester,Arkansas,France,14edf41b-5067-45da-834f-7318116cc466,referral
9469e175-850a-4139-ac24-f67cbec159fd,Briana,Jones,briana.jones450@hotmail.com,001-537-381-8189x007,M,1986-05-23,2022-04-29,47250 Rodriguez Fields,West Kristaland,Virginia,Suriname,d0138d70-02a5-4824-aac7-d92776df73ae,app
dc2d7363-5f9a-4e7e-aa9a-8ec75b314908,Lori,Thomas,lori.thomas715@gmail.com,273.601.3271x793,M,1970-07-12,2014-09-26,2111 Kevin Land Apt. 063,New Garyberg,Arizona,Samoa,6d9faf23-92c0-4055-aeaf-ac5f5a0e3fc8,referral
c89799fe-f53f-4cc5-8344-e799fbae815d,Rober7t,rOJAS,robert.rojas848@gmail.com,001-688-948-8446,M,1957-01-24,2024-11-12,675 Figueroa Villages Suite 053,Lake Debbieborough,New York,Serbia,485d5612-50bf-49eb-b193-62d5467fec36,referral
340dc29f-8f9c-44e6-a8bf-ff78b28e5d19,Dustin,Young,dustin.young392@yahoo.com,716-192-9653,M,1967-04-11,2019-03-18,80688 Kim Rapid,Lake Jennifer,Delaware,Ireland,a17e3a72-9b9a-4b7f-a56d-9486e16c524e,web
0a4da877-66eb-4fbf-8be3-f265c370290b,Michael,Hogan,michael.hogan820@hotmail.com,0034333247,M,2000-11-04,2019-04-04,170 Brown Court Suite 197,Robertbury,Nebraska,Haiti,e44a68f0-8419-4041-b22d-aae6d48dbedb,referral
9fd7fdbf-2be3-4e30-8372-b5a2c173eee0,Lisa,Mccann,lisa.mccann896@gmail.com,1374211965,M,2002-09-12,2018-06-03,608 Mercer Greens,Coxstad,Ohio,Grenada,4dad0d35-2704-4ee6-abb7-3a630b88e3ae,web
0e78747f-cde2-4345-805e-48e42014165e,Anthony,Miller,anthony.miller494@hotmail.com,001-444-588-4552x8433,M,1956-06-24,2018-01-11,480 Williams Motorway,New Tylerland,Nebraska,Bolivia,03ff0722-143c-4cdd-b51c-b9760a211b7b,app
93a8c34e-2b35-4801-ae01-c65d31af2175,Thomas,Wright,thomas.wright597@hotmail.com,(584)582-3979x1554,F,2002-02-11,2014-10-02,73867 Russell Landing,Elliottside,Missouri,Libyan Arab Jamahiriya,20653cc1-2708-4f0c-b1cf-6fecdbb5e8f2,app
cb77c004-ab17-48ee-9dee-694467e206d8,tHOMAS, Jones,thomas.jones386@gmail.com,130.283.5878,M,1970-11-08,2023-08-03,050 Tara Cove Suite 655,New Jenniferport,Minnesota,Peru,d5ff30c4-2850-48d5-9083-d1a2c015e318,web
ca42d4f0-9d6d-4891-a3e2-ee8fc0b9bb77,Sherri,Ramsey,shared1380@yahoo.com,596.845.6549x80957,O,1961-11-05,2016-07-03,8865 James Estate Apt. 541,New Marilynview,Wisconsin,Chile,269100b5-fa6b-431d-949c-23d2dd7e8294,app
65e26f3e-d53b-4399-9c7b-66b9db3b0f40,THOMAS,GGrriiffin,thomas.griffin201@gmail.com,(982)147-6657x68614,O,1987-03-09,2021-01-11,42575 Aaron Fields Suite 760,Lake Douglas,Iowa,Holy See (Vatican City State),b7a68cfb-ff4b-4b0c-abef-bb11c86eaea7,web
0fa4098e-f996-491c-97b1-c4edd6f46506, Nicole,HANSON,nicole.hanson578@yahoo.com,001-046-344-8499x97398,F,1987-07-22,2014-07-04,973 Savannah Ranch,North Henry,Delaware,Croatia,77486923-5962-457e-a0f9-3766ab6c4573,web
257f5f81-be57-4669-85f8-920279426def,Denise,Taylor,denise.taylor234@yahoo.com,(199)787-6442x918,M,1976-09-20,2016-04-18,4109 Amber Cliffs Apt. 621,Port Brianborough,Nevada,New Caledonia,97e298fe-237d-40fd-beb2-0c44208b5574,referral
f72e6bde-26d2-4a67-8895-c6ec97d4c62e,Joan!, Webb,joan.webb035@gmail.com,540.758.7399x828,M,1988-04-30,2025-12-01,222 Brian Branch,New Michelle,Nevada,Cyprus,2a474834-6bc8-416c-9571-6f0d8e7c1952,web
6a1e3aea-6c33-4248-b5e1-d8c9ebba972f,Scott,Torres,christopher.nolan202@gmail.com,001-872-301-4630x5451,F,2006-01-03,2015-04-03,40708 Andrew Walk Suite 821,Lake Davidtown,Vermont,Georgia,3a5cda02-9a02-49d3-8a46-24e953da4a0d;fb072122-4c2e-4dfa-8b81-c894ed1bfc45;abc282be-8b80-437e-960d-ee8703c35976,web
eaae2c5a-67f5-4a48-87c3-d77109746646,JULIE,wILLIAMSON,brenda.patterson701@yahoo.com,001-723-875-8848x8305,F,1957-04-26,2019-12-28,0851 Thomas Village,Glennborough,Arkansas,Guernsey,5bafcc42-7da0-45ca-a4d9-db001d0a9247,app
c5ba5215-cb49-4b9f-82f8-dbb6fb3b9af0,Linda,Santos,linda.santos246@hotmail.com,2937343262,M,1969-06-11,2015-02-03,35674 Carl Parkways,Dudleyview,New York,Nauru,7a17e7ca-3f3b-47a0-bed8-a5e9b25b078c,web
402b38a8-877d-46e0-a199-37ab7894087c,Victor,Wood,victor.wood897@hotmail.com,+1-346-495-8709,F,1955-07-08,2024-07-31,9988 Peterson Ports,Morganfort,California,Norway,3353cf62-457b-4ffc-815e-907d91496253,referral
acaf3532-ef13-48ce-9b70-786b1b4b3917,Stephen,Greene,stephen.greene797@gmail.com,640.049.5914,M,1996-12-15,2020-09-28,37229 Kevin Fall Suite 837,Taylorside,Louisiana,Heard Island and McDonald Islands,6f08a4e6-1a06-482b-b1fa-f6b75a1df7c8,web
fa9d9a7c-c26e-44b8-ae3e-04087b0cf4f0,Christopher,Morales,christopher.morales919@yahoo.com,+1-511-612-9234x5007,F,1997-07-21,2019-11-16,4602 Austin Harbors,Lake Melissaburgh,West Virginia,Vanuatu,ef2b3c13-b69e-405c-bf9a-069106074005,app
6371b0e1-3c79-40de-ad5f-c8e11ddf1963,Maxwell,Pierce,maxwell.pierce039@hotmail.com,(698)700-2006,M,1977-07-16,2022-06-08,707 Huffman Tunnel Suite 807,Stevensonstad,Washington,Guyana,7d6c0a6a-7840-41f6-b51b-ab38f94ddc0c,referral
6ca2b4f8-974e-480f-b483-9daa57c1fe41,JJoosshua,leonard,joshua.leonard958@gmail.com,6110418292,F,1977-06-18,2015-04-28,124 Travis Parks,West Adamborough,Colorado,Cyprus,878dc29d-76fe-4053-88de-0af37ec7d1f9,app
750ba942-4c11-45ce-991b-5e5ee6fb68f3,Bradley ,Hammond ,bradley.hammond263@yahoo.com,879-395-8129,F,1982-11-29,2017-05-20,21198 Kathleen Point Suite 902,New Willie,South Carolina,Egypt,c6f87858-79be-4faa-bbf5-5041f1116873,referral
93253759-86b5-4e71-ae51-ba0c752b174b,Lance,Dunn,lance.dunn496@yahoo.com,732-477-9091x7953,M,1966-01-16,2017-01-26,373 Dillon Oval,Port Shannon,Colorado,Nigeria,80f1122a-5d96-455b-bf3c-d481e310fbd6,referral
cbdf08c1-b9de-4d97-bf38-842f68d9fdd5,Rose,Miller,rose.miller173@hotmail.com,+1-209-779-9484x7048,F,1990-12-09,2023-07-04,540 Mahoney Route Suite 854,West Paul,Virginia,Comoros,60ed5c0f-7a60-4b5a-a43c-3b04e49dadd8,web
cf0f047e-fe3d-4eb2-9bf4-0efb0a029d89,Courtney,Walls,courtney.walls088@gmail.com,158-145-8879x28398,F,1967-08-19,2025-08-14,8914 Teresa Corner Suite 130,East Michaelstad,Arkansas,Andorra,5ba4189c-129d-489a-a942-127873dee454,app
8de10887-3cef-4f6f-b039-6c35fd65b2f5,Stacy,Ingram,stacy.ingram646@gmail.com,(882)136-6484x6988,M,1989-09-30,2024-06-11,628 Amy Trace Suite 412,Ryanborough,Washington,Azerbaijan,999afd2c-1382-4acf-aa5b-bd75861550f3,referral
da02dd6a-9b13-4add-9784-09f739308285,David,Mcdaniel,david.mcdaniel609@gmail.com,163.111.2484,M,1996-09-12,2024-11-17,35673 Brian Coves Apt. 470,West Jade,Maryland,Svalbard & Jan Mayen Islands,7cd1519a-cdd2-4732-8140-5d9569bf6d13,web
75ed593c-ad16-465a-b653-a2ac43796297,Nicholas,Aguilar,nicholas.aguilar625@yahoo.com,(761)135-3718x68337,M,2001-06-23,2015-09-03,70149 Jodi Branch Apt. 587,Lake Adam,Illinois,Vanuatu,d2af07e4-05fd-44d9-9d0f-e299e4e37811,referral
235005a8-102a-4cd4-884e-34f4911d8d97,Joseph,Smith,joseph.smith892@hotmail.com,551-027-8156,F,2005-08-30,2018-05-07,26701 Anthony Trafficway Apt. 457,New Jimmyview,Washington,Argentina,4852e1d4-496f-4211-b476-0051425175e1,app
5b01b342-6058-433f-bb0a-80d0e20587e9,Richard,Serrano,richard.serrano936@yahoo.com,+1-618-328-6249x278,F,1990-01-13,2025-05-27,2271 Calvin Park,North Sandramouth,Wyoming,Morocco,e6d5c9bb-445e-4f61-9714-178a3b094332,referral
7b8e11b9-46aa-45f0-99f6-fce23ae41365,Kenneth,Deleon,sergio.thomas948@hotmail.com,859-075-3278x41428,O,1988-11-30,2022-08-12,934 Cochran Cove Apt. 257,East Marthastad,Maine,Saint Helena,df799dca-c473-41f6-94dd-8b2c54ec6de0;f66f3032-dd65-469e-85b9-fc6c04278f46,app
e0303c1a-391e-4e59-8c71-ef7eae60481f,Sarah,Wright,sarah.wright611@gmail.com,880.955.0452x7103,M,1996-02-27,2021-08-20,480 Kathryn Spur Apt. 728,South Katrina,California,Bermuda,f0485b08-ece5-4593-892c-5c56fd52b2c7,referral
45f870dd-647e-4a7c-b6c7-bd6c308fd089,Michael,Butler,louis.ellis676@hotmail.com,+1-396-991-5231,M,1987-08-14,2014-06-10,95755 LANE CENTERS,Philipview,South Dakota,Vanuatu,6c6c1051-74cc-4ae4-9545-3eebf4a6c281,app
cd306b75-a3c8-4953-8efd-fb374a3b5bea,Tammie,Evans,tammie.evans993@yahoo.com,908.147.5812,F,1997-09-07,2025-09-04,67928 Lisa Drives Apt. 247,Lake Kelly,North Dakota,Macao,69065e69-3340-4517-8d5a-43f3268933e9,web
fbcdff24-2d05-4960-8050-b003473c2793,JAMIE,SMITH,jamie.smith781@gmail.com,+1-075-459-3606x49349,M,1972-12-13,2014-11-29,63952 Danielle Plains,Kevinfurt,Maine,French Polynesia,686d4acc-6856-4e73-882d-296ba03fcd9b,web
9cc858a7-7430-4f1d-8720-c8ca8b2c7d2c,Adam ,Christian*,adam.christian909@yahoo.com,(843)839-4091,F,2003-11-15,2025-09-26,8509 Farmer Expressway,Hernandezmouth,West Virginia,Trinidad and Tobago,72ed249c-4b8a-4fe0-ae5f-fbb361770cf3,web
88f86f76-5f6e-400a-8955-550fc68ec32a,mICHAEL,GGoorrdon,michael.gordon919@gmail.com,+1-270-648-0316x0793,M,1990-01-21,2022-07-27,4291 Steven Creek Apt. 409,Huberberg,Illinois,Tuvalu,726d3d31-a6fd-420e-9d34-3238c6f59bc9,app
5560cc6a-7f85-4be2-b10b-b5c30013d76d, Marie,bARTON,erica.morgan452@gmail.com,001-410-683-0002x00555,F,2004-06-09,2021-05-18,20095 Ronald Manor Suite 159,Strongshire,Florida,Latvia,bf57e84f-82c1-467d-8399-7b3b68222168;2d0e1987-14c5-44a5-83bc-a38b50e8a209;7ba72c70-0bc8-4494-a4cb-60b4948fbb5e;884f607f-5a2d-44b7-a3e4-f5a64109e9df;57eea0d1-262f-4cb6-ada2-74c02d254854,app
08b3f685-563a-4ad1-898c-5a76e8b94074,Gary,Hansen,gary.hansen491@hotmail.com,302-037-9650,M,1980-08-21,2023-09-25,35589 Walker Plain Suite 333,West Danielle,California,France,1ae47a98-c3b7-4be1-93e1-1f4d90c5819e,web
982b45c5-78ed-405c-bbec-d6b157081987,Victoria,Chavez,victoria.chavez823@hotmail.com,648.453.1090,F,1988-12-27,2018-11-27,4458 Roberson Flat,Shafferton,Mississippi,Barbados,906a03c7-810f-44b5-b7fc-ad1e1ab359d8,referral
9cca53c2-5eda-442f-9bf2-d84341ccd796,Donna,Reyes,donna.reyes841@gmail.com,024-822-9122x77305,F,1963-03-30,2023-09-12,049 Brian Stream Suite 306,Antonioview,West Virginia,Tuvalu,0d2e4adb-dae7-49a0-b490-e09bfeba1279,referral
ce815388-3335-4190-9eb6-987ba2f82ad2,Chris,Santiago,chris.santiago990@yahoo.com,384-726-5361,M,1986-10-17,2018-10-18,096 Church Springs,New Williamfurt,Hawaii,Botswana,3b65f76e-80e0-4849-a52a-299637495a37,web
9bfa1dd7-98bd-4824-94fb-1cb6f8ce7d38,AAnnggela,Arellan6o,angela.arellano696@yahoo.com,8206343349,M,1979-07-16,2015-01-14,591 William Estate Suite 336,Stephenborough,Hawaii,Guam,4d912857-4f98-4fee-a7db-abaea1d825c9,web
d1381585-77e5-4263-81c5-f9d6c8f9c00d,Jennifer,Miller,jennifer.miller950@yahoo.com,001-509-235-1398x314,F,1993-03-18,2021-07-20,9409 Campbell Radial Suite 380,Lake Sylviatown,Hawaii,Netherlands,d0ba0493-8f0e-4ffc-992f-e40cec21ddd1,web
71114b8a-a20e-46dc-99a6-d828f38f1e3e,James,Morrow,eric.peterson997@hotmail.com,(204)525-2154x627,F,1973-09-13,2015-02-28,0198 Thomas Alley Apt. 126,Jillville,Kentucky,Israel,50f369b6-9570-4077-a9e0-65c743bed33c,web
fabc16e2-88b8-481e-ba92-eb5a9dbc2b36,Katherine!,benson,katherine.benson430@yahoo.com,+1-403-149-4742x177,M,1957-11-25,2016-10-09,71586 Anthony Hills Apt. 893,Oliverhaven,New Jersey,Suriname,a8e95e75-3807-4e7f-b3c0-21bb68f59ca2,app
db9c71d9-dcdc-4325-ac6d-545ff238d01a,MICHAEL,Gomez@,michael.gomez933@yahoo.com,001-044-593-5017,F,1954-12-24,2024-12-30,510 Donald Ridges,East Theresaview,Texas,Maldives,5c6fbbd6-8a6f-4251-b918-95ef74af2b8e,web
89d496a5-0809-4056-afb7-9872075b3c51,Matthew,Hess,matthew.hess494@yahoo.com,(640)747-5542,M,1969-04-22,2021-02-01,47537 Eric Forks,Lake Sara,Delaware,Lesotho,7701c62c-1c3f-4691-9dc4-f8ec4126e328,web
75f886ad-f7ea-424c-b847-4148d7bc5560,Krystal,Williams,krystal.williams693@gmail.com,(457)626-2885,F,1977-07-12,2024-11-22,4086 Williams Inlet Apt. 582,Jonathanmouth,Hawaii,Iran,5ad424df-04cc-4698-ad79-0c95b7d46358,app
e7bcc3ba-a954-4431-bb0c-492d49e0a606,Patrick,Obrien,patrick.obrien589@gmail.com,283-756-2864x111,F,1976-02-14,2024-08-02,313 Abigail Green Apt. 761,East Samanthaton,Florida,Rwanda,92424b61-6ecc-4982-8b41-bf6ac1029997,referral
1707130a-2d27-4345-8c36-bbefd5c247f6,Deborah,Johnson,deborah.johnson240@hotmail.com,(985)647-7415x50783,F,2003-11-17,2019-04-13,450 Danielle Mission Suite 962,Sellerston,Delaware,Niue,00e73a03-0428-4d06-a0bf-16891f48539f,app
ad915768-c869-4c10-871f-da3c0d22b3ef, Linda,fIGUEROA,linda.figueroa484@gmail.com,017-137-8679x51433,F,1958-08-19,2015-06-22,0748 Hall Via,Howardview,West Virginia,Bahamas,04109f70-da18-4518-b447-dd5864a46fb6,app
f4565d65-5d5d-402f-b3c2-981b4b334646,Tiffany,Thomas,tiffany.thomas562@gmail.com,9775786178,M,1955-10-20,2020-04-08,8441 Jones Canyon Suite 647,Hamptonport,Nebraska,Burundi,a460e409-1620-4ec4-9982-133f64580129,app
8758bdc1-608e-409c-b516-fd44796a1c13,TTrraaci, Green,traci.green010@yahoo.com,517.083.6897x51543,M,1976-08-01,2022-05-24,3920 Nelson Overpass,Sandrafurt,Tennessee,Ethiopia,89b2255a-1d7d-40be-aa6a-7e5ffa9f434c,referral
6f13574a-36be-4f89-ab16-e58c9846aac9,Kevin,Davis,kevin.davis611@gmail.com,+1-323-434-1564x4667,M,1967-11-27,2022-12-30,210 Mendez Passage Apt. 041,South Danielview,North Dakota,Haiti,f924536f-62ec-4e09-abde-5820c46b6636,referral
865e8fc7-e952-4008-8e0c-3072c488ccb1,Jeffery,Torres,jeffery.torres968@yahoo.com,942-394-0790x035,F,2005-11-03,2018-02-05,520 Avery Unions Suite 076,Campbellside,Indiana,Samoa,04d22183-465c-4ad4-af88-3d76100aaa1b,app
6f066686-43b9-43c0-bf6e-4eb1a4c10e37, Megan,WWeeeeks,megan.weeks770@yahoo.com,(077)663-5289,M,1994-06-06,2025-07-07,95226 Strickland Bypass,Danastad,Montana,Romania,7f3e41e4-a866-4314-9b79-7bd030602696,web
4f93babc-bbd8-44b6-9e73-764604b61b22,Jo8hn,Sin2gh,john.singh882@yahoo.com,001-119-156-7463,M,1984-04-17,2015-09-09,900 Robert Fall Suite 951,South John,Washington,Western Sahara,ed40d5ff-145a-4e83-bf13-b46afbbac202,app
d7a30901-8f8a-4f25-8abc-e7b1c6bd82e3,WWiillliam,dAVIS,william.davis049@hotmail.com,634-316-5111,M,1965-01-28,2025-06-07,281 Cruz Oval,Jimenezshire,Utah,Turks and Caicos Islands,e401d43c-d967-4182-a6f5-18d3046bb772,app
e15ab1b2-9f13-4262-94c2-dc2cf4dde1a0,Douglas,Hester,douglas.hester754@hotmail.com,562-336-8857,F,1997-01-13,2015-09-16,490 Farmer Brook,East Mollyfurt,Missouri,Botswana,284bb74d-a23c-4777-8db6-757692bc22ff,app
d14d2366-4555-41f4-8540-123d3f377996,Rhonda,Wiggins,rhonda.wiggins406@gmail.com,+1-935-195-2344x4579,M,1974-01-30,2024-04-04,782 Taylor Groves Apt. 371,Joseton,New Jersey,Kyrgyz Republic,c9aa1478-bf04-4836-b41e-c3636e28a56c,web
4c4a5554-3638-40f2-9b60-de3b29619bdc,Alison,Chambers,alison.chambers814@gmail.com,(849)462-2231x76617,M,2004-12-09,2018-11-01,918 Jacqueline Mills Suite 671,Taylorport,Vermont,Western Sahara,28d705a0-3a0a-4cb0-8854-4bbb175285ac,web
71f057f1-008f-4d30-a7b6-ff952189b7e5,Gina,Neal,gina.neal926@hotmail.com,306-231-6689,M,1969-07-10,2016-07-30,587 Rhodes Underpass,Port David,New Mexico,Guinea-Bissau,e8b91326-4d4a-436e-b449-926ba66cb8de,web
a3a08525-4f9c-46dd-a313-d5b0e1eb83e9,Lauren,Ramsey,lauren.ramsey428@yahoo.com,+1-508-523-1050x731,M,1991-08-08,2014-09-15,99760 Kyle Way Apt. 617,Mitchellhaven,Missouri,Netherlands Antilles,4ace4a20-06de-4de5-ab8b-d25ac662e934,app
203d7c8c-9d11-46c5-8458-aad9deb91a63,Erika,Lewis,erika.lewis622@yahoo.com,(974)431-6616x762,M,1998-07-08,2017-02-24,77312 Tyrone Locks,Sarahshire,Idaho,Greenland,1f7a86a0-2a83-430b-85c1-ff6751fe9933,web
4632c5f7-28d8-45a7-aeb9-ab53adb98c96,Carolyn,Potter,carolyn.potter243@hotmail.com,075-454-4865x6736,F,1993-08-02,2021-09-01,46715 Melton Pine,Gatestown,Texas,Marshall Islands,4363a715-c023-4529-a5d9-a8af838f08c5,referral
e34e91a6-e6de-4fd6-86ea-450d631d7544,Margaret,Rowland,margaret.rowland762@gmail.com,073-437-8497,M,1960-07-04,2020-10-12,7672 Thompson Ville,Jeffreyport,New Jersey,Zimbabwe,b1ad3dfd-5a3e-43db-8958-d6ae33f99b46,web
13c667e4-e2dd-45b2-ad9b-d702ff165f63,Robyn,Miranda,robyn.miranda053@gmail.com,856.775.0655x62753,M,1960-02-24,2024-09-11,7260 Stephanie Forks,North Jaredport,Alaska,Spain,1ef0e67c-5ab4-4ed8-b332-62f834855ceb,app
d49c6553-9660-4141-a10b-dfb78b40f055, Michael, Cortez,cassie.gregory101@hotmail.com,232-225-5248x115,F,2006-03-29,2015-09-02,54424 Bailey Knoll Apt. 025,West Jaclyn,Oregon,Brazil,20ecab21-43a7-4399-a3e9-df75f3b14089,app
b70b981d-61e5-43fc-a729-efbdebf3722d,Jessica,Russell,jessica.russell270@yahoo.com,+1-600-584-2057x75496,F,1995-03-03,2015-11-22,151 Brown Court,East Jerryland,Arkansas,Bosnia and Herzegovina,5aaaa08b-c146-44dd-a4bb-dee6afa0e848,referral
1a8641ea-7333-4184-bbf9-9c432a8c4ce3,Cassandra,Bradley,cassandra.bradley570@gmail.com,862-284-1050x4066,F,1961-12-16,2022-08-03,49963 Mcdonald Lodge,South Matthewchester,Connecticut,Kuwait,585a8ca3-871f-4fba-850c-5f6520361611,web
73759167-0c54-4f05-9a32-550862f5ed49,Amanda ,GREGORY,amanda.gregory939@yahoo.com,001-660-740-8178x265,M,1976-08-19,2017-08-29,4429 Cox Stravenue,Lake Elizabethstad,Georgia,Rwanda,466c73e4-399c-4047-af3d-540a3b429e91,web
cc0f1236-bb93-4add-b52b-c07c096a3980,Angela,Lewis,angela.lewis467@hotmail.com,+1-851-808-2294,F,1999-05-01,2018-02-23,0507 Little Mews,South Jenniferview,New Jersey,Sweden,0054ecb9-05e6-46e1-9bf1-05546df3487e,referral
c2588c92-4b1a-48e7-b33e-51ffd44bbda0,Jeff,Young,shared1174@gmail.com,001-752-608-2285x02904,F,1987-07-03,2021-03-06,55099 Lopez Lock Suite 858,Christinetown,Arkansas,Belize,2a56e8eb-491b-41cb-8fbb-85ef0ccce001,web
df3f462b-a097-4a45-a759-06b79769b1eb,Carly,Andrews,carly.andrews386@yahoo.com,001-486-993-4487x637,M,1990-03-23,2025-04-20,1891 Megan Village Suite 346,New Laura,New Jersey,Hungary,1af7c617-7647-4319-b9fc-b6567c53bb41,web
b912090c-5a1b-4ee8-87e8-b7d29454c481,Paula,Shah,paula.shah779@hotmail.com,+1-746-940-6947,F,1958-12-27,2016-03-10,162 Joyce Station Suite 477,Carriemouth,West Virginia,Kuwait,6987f45e-107d-42c4-9f60-728a06d730fe,app
114865b5-cbf6-4afe-a711-ae7b0aba967d,Willie*,MCKENZIE,willie.mckenzie606@yahoo.com,693-742-1064x876,M,1961-08-19,2023-11-06,948 Aaron Stream,West Jackberg,Texas,Portugal,1066b814-d9a0-41dc-9a2e-29959115fda7,web
ab31bba7-fb37-4fd9-b3c4-9c0a07f14177,Gary ,Brown ,gary.brown117@gmail.com,818-928-5174x52725,F,1983-02-23,2017-08-02,98398 Erica Trail Suite 299,North Christopher,Washington,Djibouti,1df84829-e119-4391-8890-75c9b3f7e7c7,web
bf4e3ff5-40dd-43c5-bf72-db106d1bfb3e,Duane,Russell,duane.russell233@yahoo.com,5411363101,M,1955-09-25,2014-03-07,66247 Kelly Valleys,West Melissamouth,Alabama,Saint Kitts and Nevis,0dc84040-5ec9-41d6-8291-3179ccd3356d,referral
900a86ec-af12-4de4-a8c2-2f55388ac80d,Darryl,Williams,darryl.williams706@hotmail.com,824-703-8098,O,2004-05-27,2016-03-03,029 Aaron Roads Suite 137,Mendezborough,Texas,Senegal,49734377-7e37-4f41-85bd-92659c5d1764,referral
f4932a2a-84a6-4e12-84c3-0cc786a3a464,P3aul,DICKERSON,paul.dickerson599@hotmail.com,525.135.9497x17202,F,1979-01-01,2022-04-05,4936 Rodriguez Parkways,Melissabury,Wisconsin,Jordan,cbe1ad64-077f-4a9a-94c7-ada6c4e05bb5,app
63178742-c79e-4986-a2db-62517f4e5b0b,Angela,Shea,angela.shea556@hotmail.com,(507)258-1441,M,1955-03-20,2020-10-09,18662 Jacqueline Inlet,Lewismouth,New Jersey,Dominica,95142223-1103-4274-ae42-6c96d273915e,app
9a9daa8f-d9b4-4013-b516-96c803ac5307,Rebecca,Scott,rebecca.scott460@hotmail.com,006.712.7142,M,1989-11-09,2018-11-26,82941 Rebekah Fields,East Samuel,New Hampshire,Fiji,db9c2004-b9b2-438a-a730-8175a70f72a5,web
ca16a7a4-fffe-46eb-add2-1c65a00c8037,Marc , Saunders,marc.saunders128@hotmail.com,849-937-4542,F,1987-10-10,2014-05-18,8302 Christopher Track,North Kimberly,Alaska,Armenia,886a6518-0f46-438d-9fe3-5ace9f839886,web
4e6f08e9-867f-41ac-bc4c-112afaed5794,Matthew,Kim,matthew.kim116@hotmail.com,(924)861-2838,F,1972-12-20,2021-05-13,52640 Jessica Extension Suite 268,Roweland,Nevada,Belize,e716568d-dabf-49a4-9b83-d0b19ab1a693,app
86d9747f-3508-4f99-8003-d282ea22cb1e,Mark,Taylor,mark.taylor568@gmail.com,737.934.2678x4815,M,1965-10-20,2021-01-04,327 Julia Mount,Vegafurt,New Mexico,Honduras,2957b852-9e7e-40d2-ba82-de92ff0d6c05,app
12f3315f-89ab-4f68-85cc-61cc7060dd80,Matthew ,Wil0kerson,matthew.wilkerson659@yahoo.com,(283)794-0179,F,2000-11-11,2022-06-02,4726 Shannon Forges,West Elizabethfurt,New Jersey,Portugal,3bcd3b0a-148c-4d47-86ff-5fb72bad62ea,referral
b8bf82bb-6f06-4a16-a06c-530d083b2b15,Jonathan,Matthews,jonathan.matthews038@yahoo.com,1208006502,F,1984-01-15,2016-07-30,2787 David Plains,Carolview,Minnesota,Qatar,42ed7edf-d071-4b2e-8a14-75f74cfafe32,web
394c6a54-6ebb-4aed-ab1d-23db077b2e61,Patricia,Olsen,patricia.olsen357@yahoo.com,001-285-784-8148x30149,F,1979-07-28,2024-11-19,02635 Martin Street,Ericksonmouth,Massachusetts,Ireland,b899f544-8c30-44d3-9ddb-e4766be68e9a,web
b0003829-27f3-438b-a350-3954256d4d4a,Debbie@, Oneal,debbie.oneal376@hotmail.com,+1-087-585-2646x73918,F,1983-07-07,2018-09-21,10615 Sarah Hill,Mckinneyview,Massachusetts,Puerto Rico,0c7e32fd-844e-4ac0-b100-1f63c76de52b,web
bb7ef857-5f08-4cf4-b5af-97cb2c0050b8,Andrew,Lowe,,+1-124-108-6262x797,O,1961-01-25,2024-12-06,60815 Jennifer Pike,Millerview,Texas,Costa Rica,e35d1aaf-2b3e-4610-9065-dd86e802e387,referral
9420c3fe-cf03-46ec-927e-b86dd9ea775e,Amanda,Khan,amanda.khan977@gmail.com,001-518-425-8846,F,1963-03-02,2020-07-01,956 Olson Gateway Suite 740,Lake Scottmouth,Iowa,Liechtenstein,5f94fac7-b2e6-4228-a297-4a8705a25a2f,referral
30cc52eb-07e8-40cc-b7a0-e33070da80ab,Sheila ,SMITH,sheila.smith057@gmail.com,(608)539-9655,M,1957-12-29,2017-02-07,018 Blackwell Curve Suite 918,South Diana,Nebraska,Monaco,86460748-4731-4746-8aa6-c67ef5fb2738,app
384e8dc1-12b6-47cf-be4d-938d92b2e0b1,Elizabeth,Miller,elizabeth.miller403@yahoo.com,512-309-3203,F,1974-08-02,2018-09-23,99787 French Fields Suite 062,Justinview,Louisiana,Bahrain,51ae68f8-0df9-4f49-a32f-82b35c16dc50,web
01d32d12-4626-45f0-bd5d-85746f49ca4e,KKiimm,wallace,kim.wallace703@yahoo.com,(154)529-5800x139,M,1972-04-26,2022-12-05,614 Daniel Square Suite 216,Danielstad,Wyoming,Portugal,5247309d-7c54-41ab-88b4-1e8ae7533018,web
4ca1ff3e-46cf-41eb-b610-d45696b51957,Amy,Adkins,amy.adkins729@yahoo.com,(703)226-5824x53506,O,1971-09-02,2019-08-01,48118 Wright Bridge Apt. 382,Hollyfurt,Texas,Bahamas,bdbb14ea-4315-40fc-919d-507d9badbe69,app
e15b6b26-09e7-40c9-baf9-085e421abdcc,Mark,Robbins,mark.robbins235@gmail.com,(738)022-4091,F,1967-10-10,2019-06-06,2266 Jared Lake,Cherylbury,New York,Syrian Arab Republic,1000643f-84b7-4bda-9190-98a17a833f69,referral
fbb68013-16de-45a7-bdde-16e450f77c08,Rachel,Gutierrez,rachel.gutierrez913@gmail.com,423.203.4982,M,1961-03-02,2024-09-22,4612 Samantha Field,South Madison,Hawaii,Israel,d4db9f40-0405-416a-92d9-f6d7e45d2f44,web
1abbdb87-4bc2-4913-9264-6adc15c3fd43,Amy,Davis,amy.davis528@gmail.com,(148)159-5179x1682,M,1976-06-25,2020-06-07,99237 Carla Canyon Apt. 923,Lake Cynthiashire,New Mexico,Angola,230ee1cf-0ccb-4bc5-9a08-7ed53fa5b8a6,app
1694abb8-4726-4bdf-9ad7-8d3bfa0b3a5c,John,Farley,john.farley116@gmail.com,(336)354-9465x46826,M,1978-01-14,2020-07-25,81392 Hamilton Tunnel Apt. 078,Romeroshire,Oregon,Hungary,bafb92e0-e20d-40b1-8dbc-c32ffe56ad1c,app
6970ab99-78ab-4be7-b635-83ce4ee76e52,Julie,Hernandez,,+1-564-579-1204x69301,O,1968-12-04,2018-04-12,32925 Lee Overpass,Joelborough,Nebraska,Tajikistan,6c37ce54-d284-474f-a99f-9e95a348a3dd,web
b00c8e14-9006-4fb7-9fdd-0b5a6bd400d7,Kimberly,Tyler,kimberly.tyler125@gmail.com,(341)806-5243x770,M,1961-01-07,2015-05-25,325 Logan Highway Apt. 365,Spencerberg,Alaska,Timor-Leste,3342b416-bb5f-4ecb-948f-6f9b04b00d07,app
c5ec07ad-757f-40b6-8516-be4c84224a32,Alejandro,Rodriguez,pamela.moses348@gmail.com,(487)969-9655,O,1968-11-23,2019-07-11,5028 CAMPBELL LAKES,Brendaton,Virginia,India,149495bf-a174-43bd-b05e-8f3829fd2698,app
ba089281-c333-455f-a781-539403493418,SShhaawn,Chavez@,shawn.chavez857@hotmail.com,758-609-7268,F,1988-01-19,2022-04-19,95229 James Estates Suite 725,Laneport,Vermont,Bangladesh,b9cd176f-cf44-44b2-a51f-7d50e580ef00,referral
ff8a3c40-2c25-4537-80c5-82587c610fb5,TTeerrrance,Anderson ,terrance.anderson984@yahoo.com,(086)853-5001x6256,M,1961-06-04,2014-05-01,71682 Garcia Orchard Apt. 667,Joshuaburgh,Arizona,Germany,bd095ed5-593e-4417-97e6-897d02f8027b,referral
589cd870-64f8-4ace-bac0-fd342023eac7,David,Garcia,david.garcia893@yahoo.com,979-858-6948x476,M,1997-12-21,2019-09-02,3338 Henry Rest Suite 854,Calderonbury,Idaho,Albania,d905e275-d78e-4b99-a997-ebffc804923c,referral
888f9099-8ffa-4c41-a47a-76a5db3b7ab2,Derek,Carter,derek.carter474@hotmail.com,001-899-336-7224,F,1971-02-14,2019-11-20,10261 Drew Stream Suite 303,Seanberg,Tennessee,United States Minor Outlying Islands,62ae1a65-83ac-4627-ab61-1541e88411db,web
daf7f6e8-ad60-41e4-88ee-2c9f961b653e,Michele,Holt,michele.holt667@yahoo.com,561.264.4889x638,F,1960-12-18,2019-08-12,819 Branch Rue Apt. 620,Rodriguezhaven,Washington,Azerbaijan,908e1f91-8995-4ec4-8f11-312a66a79d87,referral
0bb12c8d-4849-4b4c-980b-e540d494677d,Monica,Bridges,patricia.mcconnell653@gmail.com,562.109.4357,M,1959-09-13,2014-04-03,629 Bryant Oval Apt. 186,Westville,Wyoming,British Virgin Islands,cc61c14b-de34-4831-b325-dd487a5f03e1,app
f14ee1bc-24aa-4c4f-aa52-5a12ef0ef010,Kelsey,Lee,kelsey.lee936@gmail.com,001-367-222-3098,F,1987-06-25,2015-01-31,70368 Aguirre Isle,Frankshire,New Jersey,Gabon,7f33bfa2-d222-4d3d-80fb-25bf1d29b78a,referral
b2baa1fc-c5fc-4503-a0d1-bcddcc2d10a7,Matthew,Morton,matthew.morton363@yahoo.com,603-081-6949x478,M,1989-01-30,2016-04-07,0602 Edwards Forest Suite 390,South Michael,New Jersey,Ghana,047b07c1-012e-4266-b63c-e1d2807adfde,web
28fd9981-98ae-4b07-bf21-63d6c400a078,Patricia,Ruiz,laurie.logan786@gmail.com,5117526408,F,2000-10-30,2014-08-25,201 English Rapid Apt. 507,Hunterville,New York,South Africa,06559b80-f946-4442-901c-216d4f82c750;f90f5f87-03b0-4643-a62c-3fd50254de89;45282d52-c7bb-436f-aa64-16fe6104d045,app
d49faac7-cdda-4b6e-8b5b-6ee23059744d,Allen,Arroyo,allen.arroyo187@yahoo.com,+1-551-670-3700x870,F,1986-09-10,2022-11-22,765 Lisa Falls Suite 700,Klineburgh,New York,Panama,f4420f76-f611-46d3-8cf1-9f112ae17db2,app
108aea29-8722-424a-9277-b8fce02db13e,Alice,Smith,alice.smith555@gmail.com,940-627-7560,F,1984-08-11,2024-10-12,844 Kelly Centers,Jeremystad,Kentucky,Japan,03f8b32e-9654-46c9-9007-815c23fd2231,app
55afb15e-e1c9-4e15-a19d-94064bf81b6a,APRIL,CANTRELL,april.cantrell060@gmail.com,+1-730-590-5245x495,F,1997-09-24,2025-02-27,16386 Amy Mill Apt. 807,South Samantha,Michigan,Greece,34d88ff9-72e5-4c37-8f0e-660179cac4fb,referral
c65ce7e1-0f82-4e46-86bb-ac2d2f473fec, Brian,Ward ,brian.ward968@gmail.com,(149)159-5040x5995,F,1991-03-06,2017-09-19,6957 Gibson Circles,East Davidbury,Tennessee,Armenia,3cf7510f-c825-4833-bd32-22cacb42fbda,web
78d77a07-1b1f-4f9a-9ff3-b441bb7702a7,Jennifer,Meyers,jennifer.meyers246@yahoo.com,+1-876-465-0068x85119,M,1980-04-01,2018-09-16,8008 Brown Key Suite 988,Edwardmouth,Tennessee,Christmas Island,1932d490-ae0c-4c53-b1f9-683c3c7615cc,referral
b9cc7fd0-a3cc-4657-bb41-d5d86830ef46,Brandon,Kennedy,brandon.kennedy515@yahoo.com,001-786-543-6196,M,1987-02-12,2021-10-04,707 Jason Avenue,West Peter,Florida,Spain,7cbb34bb-a0f6-4813-b677-b129f6ff89f6,referral
87e12365-ec19-4456-956c-7798f9c92608,Brian,White,shared1579@yahoo.com,017-902-7283,M,2000-01-05,2016-09-04,424 Mcclure Stream Apt. 831,Simpsonchester,Colorado,Cyprus,6e3e79e2-193e-4cd0-b140-0c7ad892c459,app
5597f4bf-f15c-4026-a6a8-93fe6ca57e96,Adam,Ryan,adam.ryan774@hotmail.com,7257916610,F,2006-11-20,2023-12-26,5985 James Orchard,Zunigamouth,Kansas,Kiribati,a80b72b8-d98e-4518-a505-2bb8c2fea4a4,app
242306f5-a7e6-49a9-900e-4ae55e9a2bc4,Ashley,Martin,ashley.martin660@hotmail.com,505.326.6345x39976,F,1957-01-08,2021-11-25,592 Roberts Rest Apt. 031,Morganland,Alabama,Saint Pierre and Miquelon,a2958597-1584-4d03-a0ad-4c7abd14f31f,app
7e72c94f-ff6b-4192-a95e-182e9db17901,Ann,Bauer,ann.bauer005@yahoo.com,001-090-303-2055x5455,M,1985-02-20,2024-07-24,4056 Barnes Flats Apt. 339,Jordanmouth,New Mexico,Libyan Arab Jamahiriya,b488c0c2-9259-44fe-bd45-59a448dae0b3,app
0c2d159d-07e2-472c-ac86-158de7d65cc7,Sara,Pacheco,sara.pacheco345@yahoo.com,001-862-346-8838x601,F,1981-03-31,2019-12-04,10449 Tracy Landing Apt. 123,Angelastad,Michigan,Tonga,49eb1dbf-8730-4d18-bdb6-2fa3cc133d37,app
3c7650f9-a04a-4eac-a77b-613d5e63b716,Donna,Hendricks,donna.hendricks612@yahoo.com,046.499.5893x391,F,1975-12-08,2022-11-15,7253 Manuel Valley,Christianhaven,Nevada,Botswana,2af8460a-3c03-441e-bc76-cf5b82a00b94,app
f618610f-13cb-43b9-b399-0f20c922e5cd,Jeremy,Morrison,jeremy.morrison600@gmail.com,275-545-0238x7390,M,1972-09-05,2022-02-21,1247 Tyler Lodge,West Brianna,New York,Tanzania,121a1cf8-27f9-4da7-a757-67236164928d,referral
0bdd9f97-0573-4d19-a2d3-8cac4d044dfc,Michelle,Jackson,michelle.jackson071@yahoo.com,(660)894-1128x63556,O,1963-09-03,2018-11-08,24121 Anderson Mill,Gordonside,Arizona,Japan,b7e67852-ff46-4304-9836-a870188e5bf1,web
1fd5937f-e782-4321-aaba-1b78c9802526,C3ourtney,wilson,courtney.wilson545@hotmail.com,159-598-7100x5880,M,1960-10-27,2017-06-09,746 Jennifer Rapid Suite 077,Kelseyville,Utah,Kuwait,29cfa969-3052-4ded-9864-51f5d46871d8,web
4ea36aed-cc94-4e35-9dc5-ef855db0d4b1,Theresa,Fields,theresa.fields903@hotmail.com,034-167-0844x673,F,2002-09-24,2018-07-09,82801 Michele Passage,Port David,Connecticut,Uganda,a84ddf7b-0815-4971-b911-0e9db98d14af,referral
b0229a28-c544-4c12-9dbc-99bd20a732d2,Jesus,Archer,jesus.archer438@gmail.com,001-563-359-8379x54456,M,1956-12-31,2024-07-07,453 Jackson Mission,Jessicabury,Oklahoma,Belize,914c09c0-ced7-4459-b07d-03a4040a8e59,app
90e424c6-bf41-45e7-bfb7-87f9c2f64ea0,Peter,Young,peter.young345@hotmail.com,763-997-2453x229,M,1959-06-08,2017-11-13,870 Burns Vista,East Lawrenceshire,Maryland,Botswana,2d012cdb-61c7-4347-bd92-3e20300d6583,referral
d78a3693-8003-4495-a207-9f5c6990f990, Christopher,Anderson*,christopher.anderson297@yahoo.com,(273)354-6892,F,1981-12-18,2016-12-14,5982 Bruce Fork,Crystalfurt,Arizona,Korea,5100f5e3-02cb-4eec-a4b0-b00dbb857f2c,referral
16d47682-a218-4eb1-aaa2-f1ba784e9be4,Samantha ,Keller!,samantha.keller850@yahoo.com,(614)602-3228x0982,M,2003-05-24,2018-08-05,074 Lee Gardens Apt. 056,Mollyfurt,Delaware,Bolivia,e7a4a916-bbea-4a3a-999e-132b39d2ed9b,web
959e12fa-0de2-4c9a-ae70-5174f1bd9159,RICKY,WAGNER,ricky.wagner457@gmail.com,+1-571-747-8403x92784,M,1982-04-12,2021-06-05,2482 Burton Circle Suite 383,North Donnachester,Vermont,Uzbekistan,7890b287-ac67-40f7-bd3a-75eebad015e7,web
a0a2d7c9-2052-4ee4-90d7-135e7ec8ab0b,Christine,Stewart,,001-585-626-4025x641,M,1995-10-22,2020-01-27,4080 Cabrera Shore Suite 071,Ericfurt,Arizona,Dominica,70d0bf6b-c8ae-4e7f-ac7c-f2fcadc5b2ac,web
e6a098ec-4663-4d00-a0fd-962802f18491,Kyle ,O6rtega,kyle.ortega686@yahoo.com,001-709-623-7516x08883,F,2006-08-07,2023-08-04,71666 Williams Fort Apt. 674,Dyershire,Delaware,Austria,00bcf255-9877-4509-ace8-d32b3449f81c,referral
2a314e99-1807-4fcd-8831-b1e57d1d6ffb,Katie,Mclean,katie.mclean373@yahoo.com,697.649.4574,F,1966-07-22,2016-12-25,12938 Gilbert Trail Apt. 224,Carlosport,Virginia,Tajikistan,1e8d1c5d-8d91-4c8c-a036-cfd5992c6f8d,app
83500c1b-6f2b-4814-b64d-5349455b0b79,Bryan,Foster,bryan.foster124@hotmail.com,001-499-173-2737x559,F,1972-05-16,2023-04-17,570 Timothy Shores,Lopezside,Maryland,Bosnia and Herzegovina,a11c82e8-1fb9-4c57-8f5d-1eb8e39aa892,app
1f7b34f1-cae3-42f8-ac7f-e3238bf821a0,Tiffany,Miller,tiffany.miller495@gmail.com,(064)787-2844,F,1979-01-01,2014-10-29,25888 Adams Spring,Taylorfort,Rhode Island,Zambia,2ae2c2e5-29ab-4b9a-9c98-60908a3a16d8,web
83d1e89b-4e93-4293-ba12-4766902a7166,Drew,Medina,drew.medina835@hotmail.com,+1-946-252-6243x45623,M,1964-05-05,2015-04-14,5591 Pollard Pines,Donaldshire,Florida,Slovakia (Slovak Republic),2810ac0d-1f37-46a3-8fab-ed8f6ec2e2d2,web
894c31f0-0b60-496e-a2ca-a190ffe84e52,Vanessa,Matthews,vanessa.matthews356@yahoo.com,512.578.0772,M,2004-02-20,2017-06-27,75632 Griffin Trafficway,Jessicahaven,Idaho,American Samoa,63b09fd4-9f9e-4501-bff3-be90287f2859,web
731495e1-0192-4d08-a1c7-e4e6831cf081,Jimmy,Ball,,438.210.8664x47624,M,1989-07-12,2023-01-04,4095 Barrett Tunnel Suite 537,North Jeremyside,West Virginia,Kiribati,7b2b5f1d-895e-498b-9cd2-d4df201cbd8f,referral
6a462f4f-9e47-4eb9-b74c-f817697f1c81,Cynthia,Lopez,cynthia.lopez161@gmail.com,001-924-721-0718,F,1999-04-12,2016-11-24,3936 Lewis Prairie,Griffinstad,Pennsylvania,Svalbard & Jan Mayen Islands,a6a9ea47-1982-45b2-b71a-d4e0cca8e479,app
caea954d-2eec-47da-8ef9-71a4ec746fd7,juan,Robin1son,juan.robinson268@hotmail.com,761.864.8264x16065,M,1979-01-28,2015-02-27,2588 Christopher Place Apt. 380,North Colleenmouth,Maine,Lao People's Democratic Republic,baa9ccea-b2b1-42b1-9d9d-1d966231896e,app
6c97d2c3-44f2-4bbd-8c91-41aba72ffdee,Donna,Harper,frank.robinson771@yahoo.com,001-445-425-5173,O,1964-03-31,2023-11-11,72351 Hardy Manors,Mercadomouth,Idaho,Marshall Islands,4a5ae0d1-a136-46c8-bc75-8d69379a4adf,web
b01077fa-2c0b-46ad-be36-d8eb003c0002,Kelly,Mack,kelly.mack296@gmail.com,406-522-9165,F,1959-09-18,2023-03-15,276 David Common,Jillianbury,Tennessee,China,b032a22b-7912-4636-80b5-7cd5b44e848a,referral
15678850-3269-4cfa-95bb-58e65acb0c27,Gabriela ,evans,gabriela.evans319@yahoo.com,001-872-227-7239,M,2002-05-25,2020-11-30,39522 Tracy Knoll,North Rebecca,West Virginia,Tunisia,34b54bb9-4823-4d94-a845-22cbf4e41e8c,referral
6a63621a-2ea8-46a7-a484-610f3688945d,Robin,Browning,robin.browning076@yahoo.com,(473)523-0754,F,1971-09-21,2015-06-16,55508 Cruz Springs Apt. 778,Jacobfort,Ohio,Netherlands Antilles,ca27720a-e234-48bb-9f11-282c14ca0570,web
f051ba33-2980-4ed2-bc86-776d20bfc1f7,John,Travis,john.travis460@hotmail.com,220.792.7763x259,M,1956-10-17,2017-01-20,112 Huber Spring,Gomezport,Colorado,Israel,f203dc80-0259-4bc6-8f80-c8e440131f86,web
1b869c0d-f23f-43ae-98b4-79a497c9e523,Angela,Lawson,angela.lawson045@gmail.com,+1-378-416-2943x1921,F,1980-03-27,2018-05-25,435 Christine Underpass Suite 487,West Cameron,Washington,Colombia,87e2e92c-ccf0-4cf4-b212-f94d86636c65,app
21a1b1c8-7ebb-4546-a2c0-08d535d5a135, Joseph,GEORGE,joseph.george334@hotmail.com,+1-726-307-8067x6051,O,1998-09-27,2022-12-15,1511 Holt Street Apt. 730,Lake Sydney,Arizona,Kuwait,41ff884a-ba3d-4eb3-b9a1-ba35019fe878,app
f63ea0b8-3df8-49c5-a6e4-212405d90578,Robert,Powell,robert.powell370@gmail.com,001-079-963-8454x748,F,1971-05-22,2023-05-12,330 Glenn Track Apt. 667,New Jose,Maryland,Malta,248bfe01-6aaf-4f97-bd48-4022ce39d4d3,app
40526d33-57b6-470c-88cb-11af2d119b75,Charles,Conway,charles.conway388@hotmail.com,(168)931-1681,F,1967-08-27,2024-07-17,462 Jennifer Divide Apt. 274,East Sarahmouth,Georgia,Mayotte,714faf39-9810-48eb-b02d-c598fd2c4061,app
992ae8b5-68fb-4b41-a9ad-51467518ea33,REBECCA,Stevens ,rebecca.stevens002@yahoo.com,715-740-5109x05164,M,2006-07-22,2019-05-26,759 Williams Viaduct Apt. 428,Richardview,Mississippi,Bosnia and Herzegovina,d8a3a999-e956-45a5-8308-aab4ff7a6d6b,web
7d87a56e-71a2-44e0-888e-e5ce51435737,Jason,Mendoza,jason.mendoza872@hotmail.com,+1-332-531-5017,M,2000-08-14,2016-11-05,95758 Carlos Union,Marthafurt,Ohio,Israel,a9e837c3-632c-49e0-a680-de3de9ebccce,referral
23ee443d-8f0e-4217-bd0a-c15739f53c0c,Jennifer,Gonzalez,jennifer.gonzalez267@yahoo.com,(486)562-4477x893,M,1974-10-10,2022-12-24,883 Kathryn Summit,New Alejandroville,North Carolina,Saint Kitts and Nevis,ea6d4b22-a7e6-4048-93b7-6984bdf7fcac,web
167481c7-2310-4de0-8940-33c19e22df01, Michelle,Smi9th,michelle.smith498@hotmail.com,001-315-823-9442x78476,F,1970-12-04,2020-12-16,6957 Brenda Centers Suite 713,New Alison,Washington,Cocos (Keeling) Islands,6ec70cbd-40b3-4df1-a0f0-8ec5648c61d5,app
814297cb-1636-485d-a9df-3aa8a20ad9cc,Jeffrey,Johnson,jeffrey.johnson750@gmail.com,403.849.0890x596,M,1993-11-23,2014-09-08,3316 Denise Summit,Lake Kellytown,Louisiana,Belgium,c64d60ce-df93-4396-99a7-85b9618dceb5,web
447e1b41-7ec8-45d5-a82e-8e7c00208afd,Tonya,Mcguire,tonya.mcguire466@gmail.com,+1-044-766-6447x133,M,1970-07-28,2024-11-23,91464 Ryan Light Suite 608,Jenkinsshire,Michigan,Iceland,aac8c3c2-03ee-49ef-9c4d-f3424b680f07,web
0fbcb794-7762-41dd-85a4-abbfcac087c3,Sally,Carter,sally.carter385@hotmail.com,072-946-8447,M,1991-12-31,2023-09-19,96482 Greer Fords Apt. 564,South Hector,Wisconsin,Egypt,7d9ccb35-bfd6-4ffb-a1cc-85be3dd50ac4,referral
93282a74-7b84-4551-8248-4a2e4008727b,CCaassey,Da9vis,casey.davis639@hotmail.com,753.101.3908x99590,F,1982-02-28,2014-10-30,8382 Gilbert Spur Apt. 431,Bowersshire,New Jersey,Algeria,85adeb8c-dfc4-43bc-a57e-9f1a7b1b67d0,app
3b1d531a-05f5-4205-9e15-39caee3f2d62,Robert,Henderson,robert.henderson460@gmail.com,(792)445-3077,M,1959-05-20,2014-12-07,7039 Joseph Via,North Joseville,Pennsylvania,Cameroon,5b228591-997d-4ed3-8dad-d114c05eb86b,web
792fd1e4-1182-425b-9177-7014f6899c2d,James,Bowman,james.bowman001@yahoo.com,(039)670-4401,F,1989-04-11,2023-05-14,911 Grant Inlet,South Josephport,West Virginia,Cote d'Ivoire,695e7cff-02d7-4ef6-bf90-6aae8d617a2e,referral
cb3d277a-d9ae-4773-82ec-cbee5706a44e,darrell,Riv8era,shared1333@gmail.com,532-382-2149x694,M,2003-09-02,2022-03-01,277 Martinez Rue Suite 690,West Bradley,South Carolina,Brunei Darussalam,fd1123b7-c3d4-4ceb-9715-c035a90391a8,web
783a6595-860e-4bb2-b2e5-fcb481f3f4fd,Diana,Frank,diana.frank899@hotmail.com,(838)952-2357,F,2000-09-16,2017-10-06,433 William Branch Suite 129,Tanyamouth,Texas,Argentina,332fd01b-7591-4ade-9bf3-c030e74e5a60,app
8b9809f7-e96f-4a0d-ac42-0731880dffa5,ALAN,PPaallmer,alan.palmer518@yahoo.com,001-833-099-8558x444,F,1973-09-09,2021-11-17,75092 David Knoll,Port Derek,Washington,Tonga,261cc15c-2808-4f67-9582-4d0cc4ba433b,app
5cf49c95-5b53-42ca-97cf-5c660daca039,Candace,Parker,candace.parker794@yahoo.com,+1-526-857-7997,M,1964-11-02,2019-12-22,750 Perkins Islands,South Teresa,Arizona,Togo,18f77081-9f62-476e-845f-5fd8612afed7,referral
121d2ede-2832-4d52-aad4-e3967fd35c54,Anthony,Trevino,anthony.trevino123@yahoo.com,(799)217-6957x60158,F,1984-06-02,2023-05-22,35685 Clark Harbors,South Cindyside,New York,Bulgaria,d1f85ed0-e9d8-483e-8b1e-569a87d7bdd7,app
73ad7cf2-6867-457c-99ca-03891c612a2b,Daniel,Serrano,daniel.serrano314@yahoo.com,4761327114,M,1981-04-22,2014-02-27,7757 Phillip Point Suite 059,Johnbury,Arkansas,Guinea,80ccc560-f47d-4088-a372-d1e598e63220,web
3d833ba5-1bea-4af9-b4a8-fe93264db22b,Robert,Long,robert.long670@yahoo.com,+1-569-740-8068x02720,F,1980-09-04,2019-09-06,2903 Mary Passage Apt. 760,Donnaport,Wyoming,Myanmar,4ef481cb-d6a3-489b-9178-7f2503f6f6a6,referral
cc101730-411f-4328-ab0e-19caa85bb1d5,Mark,Rodriguez,mark.rodriguez467@gmail.com,330.794.5791,F,1993-11-18,2019-05-08,660 Tricia Place,Riosstad,Mississippi,Panama,f90d28f5-54c6-40c4-81b2-3f70dc4736a8,referral
75f1ad18-e5f9-49cc-9758-b9a6106a86c1,Daniel,Scott,daniel.scott260@hotmail.com,(317)955-0973,F,1992-02-01,2016-05-08,1193 Martinez Bypass Suite 902,Harrisstad,Missouri,Benin,f82aba42-596f-4a19-a00b-2728d757ce00,web
5373e454-308c-4871-8ee9-6ba7d744a8e7,Cassidy,Taylor,shared1188@gmail.com,995.943.6304x785,O,1962-11-24,2024-10-27,772 Debbie Underpass,Wellstown,Utah,China,1a3ced93-d5fc-4c7e-b2dc-cfe1bf229872,referral
45683750-1b17-4ac7-b6d0-d2f6e3975071,Alexander,Hall,alexander.hall398@gmail.com,839.753.7981x45823,F,1982-07-21,2021-03-06,867 Edwards Cliffs Apt. 892,New Jason,Michigan,Serbia,0eec02c1-6f3c-45ea-b417-fb2af33468f1,app
52192e97-8c8a-4f85-8e2a-e4b0c8375849,Aaron,Franco,aaron.franco054@gmail.com,(345)845-5627x136,F,1997-11-11,2024-05-02,763 Amy Circles,Port Zachary,Utah,Belarus,67cc9a76-b8e5-4c1e-a127-4d04d0d7bfde,web
d6d50570-a046-4e94-8285-1634d9793bc0,Frank,Wong,frank.wong943@yahoo.com,(246)285-7381x386,M,1972-04-14,2021-09-14,639 Garcia Pine,East Jessica,Illinois,United States of America,18fae4bf-9ac4-4066-a720-653579977014,referral
4fee6dcf-f8e8-4b31-a4d6-1c85d1225ac8,Andrew,Ray,andrew.ray151@gmail.com,+1-936-601-0338x2157,M,1966-06-29,2020-02-08,792 Sanchez Locks Suite 834,Stephenbury,Delaware,Haiti,741e0647-4a9d-4750-a35c-c6bb434e5442,app
c15bdb8f-8a0d-44c1-b563-62357c9f5250,Lydia,Webb,lydia.webb401@yahoo.com,8952170887,M,1983-01-01,2022-11-13,243 Chapman Via Apt. 240,New Julie,Oklahoma,British Virgin Islands,c8936506-dabc-45b0-8468-3a101497c284,referral
7bab46bd-63b5-43d1-8126-8d971f99214d,TTiimmothy, Yates,timothy.yates838@yahoo.com,(433)768-0824x4031,M,1974-11-08,2019-03-29,2520 Robert Orchard,Chelseahaven,New York,Moldova,000aa534-132f-4b73-9a79-7184fc390367,web
0ee3e50c-8979-4f90-8d77-4f41f946b7ad,Andrea,Brown,andrea.brown537@yahoo.com,(333)579-1460,M,1958-06-26,2025-07-07,024 Jennifer Mountain Suite 678,North Benjaminfurt,North Dakota,Lithuania,c8e80b96-f37d-48cc-a4d2-249170307888,referral
4c161ccb-6421-43a3-a28e-f4c56e311c59,Hunter,Morrison,hunter.morrison831@hotmail.com,856-705-7782x67415,M,1969-03-06,2022-06-01,48255 Hawkins Circle Apt. 919,Martinborough,Michigan,Serbia,a2a4bb58-71d4-4b18-a881-4a50753f0e2e,referral
702ba3d6-28b6-40db-849b-452471e98d4d,Cathy,Santos,jonathan.henry898@yahoo.com,+1-431-667-8195x58451,F,1973-04-24,2014-10-02,19369 Lawrence Ways,North Richardchester,New Hampshire,Sierra Leone,843326b2-745b-4208-b9bc-97be0f5c991f,app
a182736b-e571-42eb-ab66-7d5004b40bd6,dREW,Lowery*,marvin.hoffman131@hotmail.com,516.203.1893x7376,F,2004-11-26,2018-07-07,435 Parker Green Suite 512,Johnstad,Ohio,South Georgia and the South Sandwich Islands,3af98399-ed63-4258-b559-eee0768f8faf;7f71746f-a3bb-46ee-a149-0e83860348dd;f48b9587-d2c6-4522-8543-e1b4725c3012,referral
3d41591c-8517-41e9-b8dd-82460b10165a,Don,Daniels,don.daniels293@gmail.com,888.278.3861,M,2007-09-30,2025-06-21,52684 Victoria Well,Christinechester,Pennsylvania,Saint Pierre and Miquelon,8d311468-977a-4d78-b81b-cef1ed57ee02,referral
f9017f0b-5fa9-4c15-bb4d-62e87e9a1f94,Michael,Gonzalez,michael.gonzalez179@gmail.com,001-567-474-5495x3599,F,1976-11-06,2020-07-22,6818 Peck Pine Suite 352,North Brianhaven,Arkansas,Germany,6670bde4-be73-42fa-8412-bf938adffe70,web
f4b36c56-c77a-475c-a924-4f0b54f3db26, Matthew,rODRIGUEZ,matthew.rodriguez950@hotmail.com,197-958-3850x01771,M,2006-08-16,2024-04-22,02916 Adams Circle Apt. 420,Kaylamouth,New Mexico,Marshall Islands,40dba101-0f23-4008-b5c2-5161960c56ea,referral
998ba594-c95d-4cb1-b873-ba36b03ea40e,Karen,Cole,karen.cole953@yahoo.com,003.419.6116x891,M,1998-02-19,2019-01-02,87991 Brooke Avenue,West Carolmouth,New Hampshire,Eritrea,e1cd4001-60bd-4cb6-852e-1b278d9516aa,app
3983e4c1-a7be-42e0-882f-8cec28aa9be8, Andrew,nicholson,andrew.nicholson713@hotmail.com,001-566-371-4044,M,1999-12-07,2014-10-02,1161 Bonilla Ville Apt. 121,New Morgan,Tennessee,Ukraine,9327b404-766b-4d32-af85-ddd7013ffeb1,web
000eaccb-7874-4602-b407-621cf436edd1,Jos6e,bowman,jose.bowman073@yahoo.com,716.378.1523,M,2001-12-06,2024-02-06,89081 Kelley Landing Apt. 575,Jeremyview,North Carolina,Saint Helena,ddddaa24-be46-42eb-b980-e96e4afb158b,referral
d280a693-185b-4d1e-8e18-09fa60b21dc8,David,Parks,david.parks673@hotmail.com,001-223-346-3194x803,F,2003-08-31,2023-03-03,3020 Erin Shoals Suite 807,Robertchester,Arizona,Georgia,6486a26e-dd86-46b7-a75c-aeed2ee11427,referral
a129674a-98ac-4f43-9f4b-fe42cbea3abe,Christopher*,Thom1pson,christopher.thompson872@yahoo.com,655-858-8448x522,F,1962-08-03,2025-08-13,846 Kline Inlet,Meredithfurt,California,Mozambique,f16131e4-5b63-4132-9873-8fefeff07df0,app
429f1845-c3e3-4149-a6e3-8cd4fb73f193,Brandon,Stephens,brandon.stephens214@yahoo.com,001-205-408-8331x39248,F,1972-07-24,2021-02-23,413 Timothy Mountain Apt. 138,Julieview,Pennsylvania,Tunisia,c60bc082-9905-431f-96b2-f011aac0b904,web
616c9e53-07d6-446f-adeb-b978efed0a22,CCaatthy,Perez!,cathy.perez289@hotmail.com,001-532-827-5957x65730,M,1981-12-25,2018-12-13,843 Ryan Stream,Stevenburgh,Massachusetts,Bhutan,e1b29cfa-71be-47e0-ac6b-0fb7c4665e1d,app
27f6f19d-158d-46de-9350-d3fea49b5acd,Dana,Thomas,dana.thomas774@gmail.com,430-321-9764x88649,M,1964-07-08,2022-12-29,0543 Jenkins Mission Apt. 011,Thompsonberg,Massachusetts,Suriname,4d40bddb-3520-4ec0-b72f-a6a1d11ae506,web
2a6efd7b-d32e-457f-b717-1aa5d4a4293f,Jennifer,Armstrong,jennifer.armstrong009@gmail.com,+1-729-105-7500x17382,M,1969-04-06,2016-02-12,48595 Larry Bypass,West Paul,Louisiana,Ukraine,9ec7587a-c402-4068-9821-68057d68eb72,web
160efcb2-33ca-41b1-b968-a2725b47c3d1,Teresa ,MERRITT,,311.876.7507x3144,O,1961-10-30,2021-01-01,6211 Stephens Skyway Apt. 901,New Sonya,Arizona,Lithuania,697190dd-8872-4697-9356-2b079ee4faa1,web
6e3ad8bb-769b-4a9d-858b-d6240c68c22a,Nicole,Martin,nicole.martin247@gmail.com,001-729-291-1199x646,F,1977-06-13,2015-08-21,86423 Love Turnpike Suite 389,Victoriastad,South Carolina,Guam,cc9ce90e-bfe6-44a4-b715-a2ae0a8d9ecb,web
f700c472-2e5c-4a73-a364-abc59088c6c9,Scott,Williams,scott.williams872@gmail.com,(831)500-0184,M,1968-11-02,2025-08-02,87267 Michael Lock,East Rebecca,Oklahoma,Cuba,71f0be41-eef7-4672-baec-d291e8ef00d1,app
de7c7881-de6e-487f-a83c-bdbcda3337a2,rose,WAGNER,rose.wagner698@hotmail.com,262.865.0699x721,M,1997-01-11,2018-03-25,02144 Deanna Underpass Suite 607,West Lindachester,Maryland,Albania,0a333909-0fdb-4bd0-a641-0130f0132d4b,web
8c72060c-2889-427d-8198-7684218dc969,Jennifer,Garcia,jennifer.garcia455@hotmail.com,9968575423,M,1967-07-29,2019-03-05,0650 Martin Pine Apt. 553,Bradmouth,Michigan,French Guiana,09f4d142-6879-4154-99e5-c54cc40e71c9,app
aca5da04-fc67-4481-b4d4-2ca2630b15f9,Jason,Miller,jason.miller568@yahoo.com,954-162-0879x4623,F,1997-07-10,2025-05-26,9881 Lopez Stream,Port Catherine,Maine,Senegal,83b3c068-58cb-42b7-b5da-73520a5a62ef,web
ac1a2e64-a54b-46c1-83f6-2f7a1c0380b6,Jeffr6ey,FFrraank,jeffrey.frank284@hotmail.com,646-921-7505x741,M,1995-08-26,2022-07-14,497 Amanda Village Apt. 403,Jeffville,Colorado,Grenada,ce0c457b-efaa-4670-a1e8-316c8d873a25,web
b654cddc-d317-4102-bb9b-96fc5ba40ee6,Cynthia,Gomez,cynthia.gomez989@yahoo.com,001-484-461-5333x091,F,1972-04-11,2023-04-29,2489 Andrew Junctions Suite 419,West Peggy,North Dakota,Turkey,4ca584fe-ea7f-4885-8097-a91609d5fe0d,referral
93acc9a8-6f10-4b4a-8665-7c8d1d57c702,Wendy,Williams,wendy.williams969@hotmail.com,195.454.0633x5256,M,1965-03-05,2014-12-02,06019 Warner Cliffs,Allenport,Washington,Guatemala,b0cb9421-0ca7-4e91-a786-6b00d257dc6d,referral
2ad6c2e2-6d87-49da-9152-94924217433c,Kristine,Campbell,kristine.campbell352@yahoo.com,349-532-0856x14790,F,1984-04-08,2025-04-01,1774 Rodriguez Glens Apt. 137,Emilyburgh,Hawaii,British Indian Ocean Territory (Chagos Archipelago),230be201-82a0-4c5c-9b3f-7486ddf9e831,web
326c19e1-2c75-48f0-be94-05cd078b4789,Trevor,Peterson,brian.malone880@hotmail.com,(388)235-7610x561,F,1980-02-03,2015-02-26,4142 Weaver Extensions Suite 744,Mitchellland,Hawaii,Belarus,bf6ed65d-84fa-469b-8127-18b3320484fc,app
9a481523-a0c0-40d8-ac85-00b7af1a07ab,JJoonn,Davis ,,(660)844-2985x557,M,1995-07-05,2015-09-29,54477 Camacho Islands,Lake Laurenton,South Carolina,Nepal,ab9116b0-0a3a-40c5-997b-855d2717dec8,referral
09aab594-12b4-40c7-b250-bb9104fb7783,Whitney,Jenkins,whitney.jenkins420@gmail.com,5634848568,M,1998-09-10,2015-02-07,29164 Bruce Rest Suite 812,West Timothy,Oklahoma,Nauru,3f24cf1f-ac00-4fe6-ba5b-8bdbf165975e,web
e503c512-2473-4724-8fa8-44142ac4977e,Jason,Jones,jason.jones644@hotmail.com,227-680-9417x833,M,2001-07-22,2021-04-20,7257 Garcia Station Apt. 021,Kellyberg,North Carolina,Cambodia,20592c80-7903-42ff-8f77-f466efe0855d,app
99c29fce-7de5-4b0f-acee-67665366cd2e,Jonathan,Hernandez,jonathan.hernandez703@yahoo.com,001-014-833-2514x024,M,1990-06-07,2023-04-06,1836 Tommy Plaza,New Ianland,Arkansas,Saint Lucia,c506880d-141a-4423-82db-47b1e98c140a,web
73304e9b-a4bd-418a-962c-da5e569edbe0,Jessica,Miller,jessica.miller310@gmail.com,3518833067,M,1981-08-18,2013-12-08,7082 Norman Knoll Apt. 051,Nathanland,Maine,Costa Rica,72edddd6-4d74-4f31-bd07-6b9b0baec348,web
0c7d56a7-3658-485b-a780-331e44b0ca82,Joseph,Orozco,joseph.orozco249@yahoo.com,001-193-572-2679x5376,F,2005-05-08,2017-12-31,93483 Lisa Unions,North Brian,Wisconsin,Bermuda,42ec5c5f-7352-446d-8834-b9a55bf0e2fa,app
a568eca3-2c45-4352-93f1-dd2dfa76d4f4,Mark,Riley,mark.riley286@gmail.com,(377)986-3527,O,1989-01-16,2020-11-29,5163 Lisa Alley,East Nicole,South Dakota,Libyan Arab Jamahiriya,5f9fd966-4303-427d-a134-d8a1d034279e,app
a9806dd8-832d-465d-ae4b-496e0c8e847e,James,Hall,aaron.petersen272@hotmail.com,575-095-9720x42796,M,1972-03-25,2016-06-10,82745 Spencer Run Suite 495,Georgemouth,Kansas,Denmark,6b8c17ae-bc12-4124-a5ea-83ab0bd66f93,app
a4f55745-e7b9-4d93-a16e-dfc2c741777f,Thomas,Russell,,001-951-304-0780x365,O,1988-10-11,2023-06-05,41189 Juan Mission,East Shawn,New Hampshire,Saint Martin,c2e1f7da-9993-45dd-8321-82be2a209882,web
d153e18d-97b3-40b7-97e0-f5a6a4d0ba9d,Madeline@,hall,madeline.hall469@hotmail.com,731.095.8896,M,1956-06-22,2025-05-19,3700 Clark Land Suite 267,Lake Dominique,Illinois,Saint Kitts and Nevis,19af6648-c071-45fd-bbe4-3ad96fb7dd58,app
dfa3e1ed-bdce-4848-9e84-b3061673a5b5,Paul,Choi,paul.choi106@yahoo.com,873-452-6479x5485,F,1975-12-29,2024-01-24,88005 Erik Park,East Donald,Massachusetts,Turkmenistan,01be799f-3c19-4c94-bcf4-05e0d2826958,referral
e61ed302-f3c3-47fd-b670-f948362596bd,Katherine,Moses,katherine.moses530@yahoo.com,+1-768-553-1279x5940,F,1965-08-28,2017-08-06,21256 Moreno Junctions,Guzmanfurt,Rhode Island,Anguilla,9dd5fcfd-a02d-4443-941b-19d2286935b7,web
1b4b177a-2cd2-44bc-b701-f97d5b3276e3,Ashley,Davis,ashley.davis661@hotmail.com,001-493-963-6712,F,1990-11-23,2014-12-08,32511 Hannah Park Suite 076,Douglasstad,Iowa,Burundi,7e005729-5262-40d3-b41f-4369d433eb07,referral
8cddce48-a580-4f21-82ab-3b326506a127,lori,mELTON,lori.melton899@yahoo.com,933.975.2376,F,1975-09-10,2024-12-23,3036 John Meadow,Vincentside,Indiana,Myanmar,7b14a80d-df60-41bb-a297-76cb7b8dbde3,app
08deef5b-7af7-4165-8cff-a2eb2cbe553d,John,West,john.west215@hotmail.com,(558)364-8174x371,M,1970-09-23,2015-02-18,8187 Bernard Trace Apt. 933,Valerieville,North Carolina,Maldives,646092f3-9e9f-488b-b2e3-c67cb1cbb6bc,app
75fdf7b2-f2f8-4df9-9ad0-7694f39db727,David,Reyes,david.reyes616@hotmail.com,(562)402-6719x75544,F,1998-12-28,2019-10-04,91165 Kara Road,Cristinashire,North Carolina,Cayman Islands,76dfe911-eae3-4257-b637-390207a02ec7,web
f46c5b89-9e71-4446-a02f-a5f8480dccd9, Tammy, Smith,tammy.smith392@gmail.com,001-521-497-7624x2516,F,1999-04-22,2018-01-12,594 Montes Mountain Suite 733,Barrstad,Ohio,Guinea-Bissau,4570dee7-bc28-42bd-a0df-1c20a57e3956,referral
fcf83649-2698-4e11-8926-26c2294b52b4,Brandon,Lamb,brandon.lamb569@hotmail.com,001-731-075-7695x0624,F,1960-03-16,2015-11-27,8404 Jeremy Trace,Mcmahonville,Utah,Papua New Guinea,19611fcd-c119-4c0a-8d37-b1313f018ce4,web
0aa0fb37-3c2d-4672-9fce-00a505ec4e19,Michael,Taylor,michael.taylor589@yahoo.com,992.752.5344,M,1995-01-03,2018-02-15,6034 Brenda Gardens,New Cody,Virginia,Hong Kong,163c55bc-6209-4af4-bd82-c656254975f3,referral
7104b5a8-9cd7-4f4c-a5ca-c8840345595f,Betty,Wolfe,betty.wolfe631@hotmail.com,+1-082-672-6806x18335,M,1956-10-23,2015-01-20,009 Soto Isle,East Thomas,South Carolina,Saint Kitts and Nevis,e5c3bdb7-0a82-44a0-ac6c-f4cc4b2eaa5b,app
7806d9c2-4cd7-4ba2-9cfe-beca9557afbc,Katherine,Taylor,,(546)357-2204x355,M,1983-09-02,2017-02-17,01321 Mccormick Port,Gilbertborough,Pennsylvania,Belize,90b6b6db-0971-4f19-bf18-4b67615a95de,referral
32ad18c1-573d-4ab8-8b6e-04b4b7859d44,Carl,Monroe,carl.monroe575@yahoo.com,+1-749-420-0360x3007,F,2005-09-23,2020-12-26,9840 Benson Fork,Mejiatown,Massachusetts,Yemen,dc84145c-656c-4f33-b87d-7be037ffa5e5,app
053df7e1-3fb8-4922-95df-0b5daa639f1a,philip,mEDINA,philip.medina875@hotmail.com,269.834.7950x94772,M,1975-01-21,2020-09-26,7551 Brown Points,New Wendy,California,Costa Rica,428142ac-d39e-4331-bd37-b72549bd8c92,referral
4110af7b-6a25-4855-91d5-2ee96bc45836,Deborah,Reynolds,deborah.reynolds053@gmail.com,001-300-279-5018x255,M,1990-05-03,2019-12-21,008 Courtney Street,Bernardhaven,Florida,Malawi,2c478e25-2ff1-4482-808f-4cf959a84416,web
5c364a22-3966-40b0-98f4-bee6b252d176,Michael!,Burton!,michael.burton510@gmail.com,822.355.3840,F,2007-08-26,2025-06-30,0453 Ashley Unions,Brendaton,South Carolina,Poland,e95eee3d-6d3d-4035-8fbf-1af6a9a920f3,app
d4249328-a7a3-4e1b-a032-af18c59b662a,diana,Garcia!,diana.garcia874@yahoo.com,472.546.8024,M,1993-08-13,2017-08-24,019 Haas Crescent Apt. 310,East Briannafort,Rhode Island,Saint Pierre and Miquelon,0ef9458d-6b16-476f-8b28-5bdb7d1edb0e,app
e88fbf89-94b6-43ef-9e3f-8739aaca47cb,Richard,Delgado,richard.delgado777@hotmail.com,985.031.2505x581,M,1983-09-07,2014-10-26,1650 Bowen Glen,East Erinstad,Maine,Bouvet Island (Bouvetoya),b9dec835-b1b5-491d-9f86-33aefd868475,app
d2c34f6e-7ce0-444c-af91-608f43fac309,Alison,Humphrey,alison.humphrey163@yahoo.com,(948)807-0081x236,M,2003-06-11,2014-03-26,7205 Garcia Circle,East Debbie,Nebraska,Nauru,cb6f1371-c687-4bf8-9717-8a6229a62259,web
42db5b03-91d1-4cb9-a334-8e491896c088,alexander, Ferguson,alexander.ferguson935@gmail.com,+1-268-203-5069,F,1980-01-22,2015-10-09,918 Robinson Glen,Walterside,Wyoming,Saint Kitts and Nevis,c5dd04b9-53e6-4211-a2b8-3a0ebc20dd6b,web
9f408ae9-a4eb-46ff-8e99-3978e72cf7a9,Aimee,Luna,aimee.luna535@gmail.com,314.810.1349x297,F,2007-07-20,2015-06-15,7876 Jones Ports Apt. 430,Gibsonmouth,North Dakota,French Southern Territories,493a424c-f4b2-4996-a406-5181d7bff2e8,web
f7dbf5f1-05b6-4600-8036-9bac5249d0e6,Kelly,Williams,kelly.williams360@gmail.com,001-047-070-3529x94315,M,1999-07-05,2015-08-19,263 Owens Pass Apt. 286,Jeffreychester,Oregon,Netherlands,99951adc-100f-4172-a300-ef28ddf19728,referral
1ecb2ad0-5993-4f44-bb0c-4adfd4b98ac3,Deanna,Gonzalez,deanna.gonzalez410@yahoo.com,903-169-3009,F,1974-11-29,2017-04-20,07099 Gabrielle Loaf,Garciaport,Texas,Guam,08b6172a-3702-4489-8a1e-ae6aa44cdf2e,app
d6b78ce5-2ae4-4434-b8a9-b6afac995408,Susan,Tran,susan.tran379@hotmail.com,968.157.0722,F,1967-07-02,2023-03-03,5727 Velez Rue Apt. 036,East Steven,Montana,Samoa,cfb8c138-2444-4a90-aeba-8fbdc109aa08,app
d54003f7-7bb4-4715-b420-c044757aeade,EElliizabeth,guerrero,elizabeth.guerrero674@gmail.com,+1-411-617-5449x6862,F,1967-01-24,2024-08-23,0003 Peterson Points,Briggschester,New Hampshire,Guinea,2a144301-8979-4174-8c05-496a73a1c2b6,app
452f5dec-5849-4921-a26b-8b9dbcfdfbec,Theresa,Wu,taylor.quinn145@hotmail.com,972-668-1231x4036,M,1957-12-08,2023-11-10,4030 Anthony Harbors,Cookburgh,Colorado,Suriname,efd720c2-8104-4a1e-9448-cbdec7ea99ca;57a02279-1e9d-4915-a17a-4640208f0c85;4d576854-c1cd-48f7-8d59-4f4f0bf74246,web
1a0b5f98-b6ca-4c19-b472-3a0d2c2dff4b,Ryan,Powell,ryan.powell609@gmail.com,7693822325,F,1974-08-06,2022-02-04,731 Katie Walk Apt. 569,Lake Sarah,Arkansas,Benin,78ca0655-765f-4c13-9286-e7099b6a5611,app
b61bdd18-9f87-4237-896f-fa3424c7c09b,David,Malone,david.malone868@yahoo.com,(193)182-9769x92241,M,2005-06-15,2014-06-24,7026 Hines Shoals,Dayland,New York,New Zealand,b2c13ff8-1ce9-4e0b-a41c-45d024f17d24,referral
c838b919-fbb9-415d-bdc6-d8af01ea1ed0,Brett,Cooke,brett.cooke118@yahoo.com,801-076-7239,M,1985-08-13,2015-05-22,50462 Nash Burgs,Lake Victoriastad,Illinois,Qatar,2e47cf7e-939f-447b-996b-e2c3f9f05157,web
e1d923b9-db83-43ac-88a5-80c2988f2a21,Miguel,Williams,miguel.williams661@hotmail.com,6305637603,F,1956-05-02,2024-01-31,755 Christopher Valleys,Lake Michael,Kentucky,Zimbabwe,7f0bb610-b7c3-4ae0-8925-fd49fca79c9d,web
e73b6c40-f37e-4ae8-866b-1bbc9f9e70a7,Javier,Fitzgerald,javier.fitzgerald807@gmail.com,+1-512-386-3939,F,1957-12-24,2014-07-25,91520 Salas Union,West Abigailberg,Arkansas,San Marino,148fff27-cc02-4662-a774-c69fce67a5bd,app
6324d940-fc15-459d-95da-adfee1d72b94,Angelica,Velazquez,angelica.velazquez147@gmail.com,4388875663,F,1973-07-08,2025-08-06,278 Ruiz Point,West Jenniferstad,Virginia,Argentina,1d28b7f2-f372-440b-8fe7-46269e5409c3,app
50f96a42-f97d-4b79-a5e1-b70c72ffdf90,Brian,Thompson,shared1790@hotmail.com,159.669.5849,M,1955-12-15,2025-07-12,2322 Steve Square,West Davidburgh,Nebraska,Pitcairn Islands,8d55bc17-da77-4ac4-9de0-f61e91695536,referral
4bcc801f-ef9e-4642-960f-3d71d77e8f24, Curtis,BBaannks,curtis.banks251@hotmail.com,001-825-846-4597x0314,M,1960-02-03,2020-07-21,20000 Garcia Squares,Danielton,Hawaii,Ireland,5df8b934-ee69-48d2-90c3-81d7c9da8b83,web
a3688b64-18ac-40c3-b8eb-0604fc74f424,William*, Gonzales,william.gonzales141@yahoo.com,484-578-9440x1012,M,2002-07-16,2024-08-04,97923 Salinas River Apt. 197,New Emilyfurt,Rhode Island,Ecuador,8da7ffbd-6efc-4c11-9963-963238c480a2,app
5e54836d-4b2c-40da-8423-429a9bec3e7d,Rachel,Vargas,rachel.vargas601@hotmail.com,931-668-1803,F,1985-12-17,2016-01-23,6722 Chavez Mountains Suite 323,South Brian,Nevada,Burundi,2a56a4dd-9436-4adb-b831-67c134765435,web
a15a72bb-c4c1-4b9c-a852-c5d7718015cc,Nathaniel,Griffin,nathaniel.griffin362@gmail.com,426-027-9140,O,1986-02-10,2023-04-14,454 White Courts,Travischester,Nevada,Bangladesh,f19aea4e-d4b4-47f0-be1d-96b37b08e638,app
7313068f-5088-4360-888c-d2126e952325,Janet,Wilson,janet.wilson606@hotmail.com,583.446.0286,F,1959-10-22,2016-04-30,0326 Patel Light,Lake Andreville,Florida,Venezuela,13003099-9735-4cd5-b5d9-8ca087b20228,referral
d8837737-be05-4e4e-b960-452ce0369d53,Sue,Martin,duane.martin952@gmail.com,(213)381-0374x44214,O,1958-09-23,2024-10-25,40880 Mark Isle,Hooperland,Nevada,Albania,6f29fe88-e3af-4849-bbff-26727486a1a3,web
3846dbb9-c9c8-4cf3-9528-efe55739c1af,Julie,Diaz,julie.diaz914@hotmail.com,(509)512-0816x78381,M,2004-04-13,2015-07-02,71839 Torres Coves,New Melissa,Missouri,Malta,26124c4e-2602-4109-9c77-344da512b195,referral
e9b9dc1b-b210-450a-a589-d0a494946439,Mark,Whitehead,mark.whitehead130@gmail.com,532-299-9366,M,1979-09-09,2024-08-24,128 Adrian Radial Apt. 029,East Matthewland,New Hampshire,Northern Mariana Islands,bd372503-b03b-4c85-9a62-0dd9d614cece,referral
bf78784b-6985-48d7-8665-e4d06642b0bd,david,Williams@,shared1659@hotmail.com,+1-410-576-2327,O,1967-08-02,2021-12-24,83936 Pearson Summit Suite 621,North Kim,Massachusetts,Oman,0792e8a3-ce57-40b8-ac14-9c598e2cbe6c,web
a8bc5b91-848e-415d-adbe-44bcbc8bf9f5,Mark,Miller,mark.miller064@gmail.com,5198592542,F,1989-08-13,2017-06-09,509 Michelle Knoll,South Amandaside,Ohio,Vanuatu,87c3f4ca-622c-4686-a03b-40c0b1c06994,app
deeaaec2-3785-4b1d-a110-0d926e671154,stephen,cortez,stephen.cortez711@yahoo.com,+1-523-115-9057,F,1956-05-21,2019-02-15,051 Patricia Street,North Jeffreyfurt,Vermont,Burundi,31ee83c4-91ec-4838-ab19-55fc7b9eb03c,referral
27eab796-c153-455b-9b7f-d0f3a8e74dcb,Melissa,Rose,melissa.rose602@hotmail.com,001-288-953-7127x1211,F,1996-10-22,2023-03-05,8671 Wheeler Way,South Angelaside,Nebraska,Germany,93115f05-d060-4c51-9bb3-66cd50e18a4a,referral
4da9ffb1-7405-45c9-986c-525e4b4b2339,Meghan,Schmidt,meghan.schmidt828@hotmail.com,001-190-637-3235x032,F,1991-09-05,2015-07-29,62544 Smith Union Suite 816,Lisaport,Tennessee,British Indian Ocean Territory (Chagos Archipelago),a042f656-09d6-443b-9458-bec79b9f2669,app
83863425-92cf-42c7-adf9-344c5700987d,Ashley,Tyler,ashley.tyler285@hotmail.com,(955)958-6790,M,1995-07-06,2015-01-07,130 Cindy Dale Apt. 417,New Jocelynland,Kansas,Bahamas,cc4cceba-e969-404b-bc6b-0df6e0d047ca,app
c1e7fec6-7028-4fe4-8609-1bd4b8c96074,Brandon,Hanson,brandon.hanson465@gmail.com,(318)874-8138,F,1975-10-17,2025-06-01,93416 William Mission Apt. 811,West Matthew,Alaska,Latvia,472a4a3f-17c4-4fa6-b5a3-76f625010d63,web
6b3a3750-278c-46f1-a57a-0aee073c3da3,Stephanie,Ellis,stephanie.ellis902@gmail.com,001-014-100-0103,M,1958-07-06,2022-04-10,37990 Eric Neck Suite 201,Jeanetteborough,Texas,Italy,07980d28-73e5-4329-9a18-b439909f60ca,web
c795d1ea-7a05-4ee5-9e65-b28d94d7fba7,Jennifer,Castro,,001-468-860-5136x904,F,1992-09-19,2024-08-04,2171 Campbell Springs,Nancyville,New Mexico,Senegal,7b5c797e-73a4-46ed-905f-49a4614a14fc,web
a1ed4a30-a7d8-411e-a9d5-ef68efcba804, Amy, Hill,amy.hill724@hotmail.com,063.621.2715x497,M,1985-07-19,2015-06-13,888 Moran Plaza Apt. 981,Muellerbury,Nevada,French Guiana,232a07ed-a621-4731-b116-2d4384187d5c,web
baf9a68b-a15b-460b-85cf-68b992e699bd,Destiny,Cowan,destiny.cowan447@yahoo.com,(075)068-4599x736,M,1957-09-02,2014-10-11,608 Carroll Crescent Apt. 482,North Jason,Ohio,Aruba,2e7bb6e5-81cd-4b76-8b81-9b613d53ba04,app
980f9fe1-df10-4443-b099-bd737bf47716,Edward,Chapman,edward.chapman485@hotmail.com,805-358-1565,F,1970-08-05,2023-10-04,15059 Robert Creek,North Linda,Kentucky,Germany,b8323c10-e996-4fff-ac52-9e03339451b0,web
e4639c58-28d3-4ada-9500-d4c0356191c6,Benjamin,Hernandez,benjamin.hernandez868@hotmail.com,922.734.6772x78509,O,1963-12-17,2024-03-05,61250 Sara Pines,Port Brittany,Ohio,Somalia,0dc0edbc-3afd-4703-8517-d82697ae0c72,web
517ad124-978a-4d26-bfc8-0824eb9ea482,Matthew,Dunn,matthew.dunn655@hotmail.com,4801198805,O,1970-08-12,2022-11-21,7815 Williams Views,Matthewmouth,Kentucky,Saudi Arabia,0c2fc7c0-6328-4067-b02b-90161cb13d5f,referral
27922d22-3277-4851-ae8f-592f03d9497a,Lindsey,Stewart,lindsey.stewart385@hotmail.com,+1-730-572-8634x2146,M,1985-05-19,2017-11-15,38777 Curtis Crossroad,Mariastad,Arizona,Congo,77146de7-c077-462e-9ec5-18ea63a522ad,web
ba76860c-67dd-42ad-a902-c4852595d69b,Gregory,Harrison,gregory.harrison311@gmail.com,448.846.7102,M,1999-09-02,2023-09-11,5579 White Mews,Carrillomouth,Missouri,Monaco,2c5a7c74-2f77-48d4-840a-2086083f99e7,web
7e0e6b7c-6a2f-4dc5-8621-38e8b3904e9f,William,Martinez,william.martinez095@hotmail.com,656.616.9580x7307,M,1987-03-17,2017-07-31,81942 Garcia Village Apt. 623,West Mandy,West Virginia,Palau,153914aa-b3cc-422b-96ae-559117a90c1d,app
a2223f6b-b25b-471d-86af-8274d381ddc6,Katie,Hernandez,katie.hernandez527@hotmail.com,001-434-906-1534x63657,F,1959-12-15,2014-08-25,87594 David Mountain Suite 011,Dayport,New York,Jamaica,b281b7eb-948a-4342-91d6-5b47df31eb4f,referral
d5102456-f2b1-49f0-bf97-82537001885e,Linda,Brown,linda.brown848@yahoo.com,001-574-650-3839x14647,F,2004-10-15,2023-04-10,58090 Matthew Cape,South Melissaside,Rhode Island,Mali,0955e011-72fd-4c63-b4c0-edd338c0e397,referral
cf7eca72-3c56-4993-b4f6-b5f16051ae25,Lisa,Shaw,christopher.maynard466@yahoo.com,8219367263,M,1961-02-26,2014-07-14,80151 HART PASS,West Michaelburgh,Washington,Thailand,e10ae52b-505c-465c-b996-fe23583dbe77,referral
0c9419aa-cdce-4c13-b805-9ba8698b7d14,Linda,Baker,linda.baker602@gmail.com,(461)254-9803x281,F,1999-01-07,2021-12-17,5001 Matthew Ville,South Johnhaven,Oklahoma,Liechtenstein,c18ca406-249d-4a5e-9d67-9e7230cc5fbd,referral
88eadcf8-1176-448c-ac23-6c4b89f19cf5,William,Chen,william.chen749@yahoo.com,(807)967-5749,M,1979-02-18,2025-02-27,269 Aaron Haven,West Mariahberg,Wyoming,Serbia,c6c428af-ff9f-43db-9a10-6709ce8aed3b,app
8b2eebcf-7489-464a-b78e-739b1479b5d8,Gregory,Wilson,gregory.wilson245@yahoo.com,(403)291-3572x9860,F,1992-02-10,2025-05-19,594 Carolyn Forks,Gibbsburgh,Virginia,Palau,d8fd0fc9-40e8-48c3-9146-68d64a1a5c5e,web
95efc495-186f-4302-b6c8-684dd56cd2a5,Kelly,Anderson,adam.hood850@yahoo.com,(158)699-5710x783,O,1962-11-15,2025-04-10,03311 Lindsey Street,Colleenborough,Colorado,Djibouti,d598869b-f799-4ccf-a11d-2aec6f761d7d;16c7ab66-07a6-473a-9946-e6bfaa264bbc,app
e14d9b94-e7d1-48d9-a1fb-4a7c3e12b60b,Joseph,Sutton,joseph.sutton312@gmail.com,(295)580-6841x8697,M,1979-03-04,2015-11-30,648 Andrew Ford Suite 304,Duaneberg,Minnesota,Yemen,06acea7b-b9a4-4be3-ae87-69c959f4c1e0,referral
7d71b72c-c03b-4149-becf-ae3f4c9d45ef,Amanda,Brown,amanda.brown237@yahoo.com,(730)772-2961,F,2006-01-29,2017-08-23,0353 Duncan Tunnel,Marcusmouth,Arkansas,Tuvalu,2106283e-1b14-4329-a81b-7b22033c6d9c,web
010075b7-82bb-48f2-8a99-d955b8553080,Michael,Davis,michael.davis450@hotmail.com,015.124.6493,M,1971-01-23,2022-08-21,028 Gary Gardens,Port Sandyton,Kansas,Saint Barthelemy,4109b3b0-63b8-457c-ae0b-05c4f9630446,web
75d93908-4510-4e24-8eba-7b00e27f1350,jason,MCGEE,jason.mcgee894@gmail.com,893.787.4072,F,1986-10-22,2022-12-15,332 Williams Glen Suite 652,Michaelburgh,North Dakota,Saint Helena,85e4a2d1-ed9d-46da-8178-4ea11f2dbf51,referral
183fe69a-088d-4025-9823-9a97506337f2,JOSE,EVANS,jose.evans202@yahoo.com,683.093.6473x82288,F,1958-09-21,2019-12-08,55867 Campos Ridge Apt. 797,Taylortown,New York,Turks and Caicos Islands,47a072d7-e841-4012-9f70-41ef7fb5f7bf,app
73763c64-e488-40ce-a3f0-c630d9e79b55,Joann,May,joann.may379@hotmail.com,+1-523-644-6735x4392,M,1997-07-27,2019-03-03,8917 Dana Ways Apt. 737,Brittanyberg,Nevada,Serbia,52bb05cb-6a8d-443a-8368-be1e03145583,app
0e981fcd-fca8-4982-a771-f2922e28ca02,TONY,MARTIN,tony.martin317@yahoo.com,+1-706-169-6749x68362,F,1997-10-23,2025-11-02,768 Norris Fall,Lake Kevinton,Alaska,Brazil,a82402b5-c938-4a71-8f87-38c25ba2ed64,referral
ae04b7b6-efec-47e6-a7dd-3081dd91097a, Jillian,W3ard,jillian.ward229@yahoo.com,(588)331-3590x13072,F,1979-04-05,2022-05-15,1837 Chelsea Curve Apt. 955,Dianeville,Oklahoma,Bahamas,d1a06645-88cc-44da-86d5-ae20be7b290a,web
86677f82-a14d-4d1c-af1d-8b806d58a37e,Amber,Ortiz,amber.ortiz531@yahoo.com,(652)056-6795x666,M,1983-05-28,2021-05-07,373 Michelle Stravenue Apt. 034,Jamiebury,Michigan,Sri Lanka,101b6e64-f20a-4880-b209-adeecdf48f50,referral
2c307fe2-dcca-4bbd-91ad-6c4f10b2f58c,Tiffany,Fowler,tiffany.fowler144@hotmail.com,4898515225,M,1987-01-13,2017-05-26,002 Rodriguez Roads,Fosterton,New Hampshire,Zambia,a21fab5f-1a61-469e-a0fd-0578a122e823,referral
bf8bd242-5c17-4de9-b359-e93b3bad1b42,Zachary!,Olson@,zachary.olson253@hotmail.com,410-366-5143,F,1978-10-06,2014-03-30,07785 Jordan Plaza,Christopherfort,Oklahoma,Tajikistan,920b6c22-0499-45cc-96f9-a1c24f98f249,web
4d551040-d181-4b0b-bf6c-9dcb2903fa67,Benjamin,Ramirez,benjamin.ramirez981@gmail.com,(682)946-3439,F,2005-12-28,2018-04-19,6730 Steven Village,North Jenniferside,Massachusetts,Guam,4bb302c1-2f91-4600-bea3-e868393c2e81,web
1012b19a-34f2-4899-91b4-abd6da29a63d,Gina,Ballard,gina.ballard128@gmail.com,539.668.0429,M,1972-05-17,2017-08-07,4064 Robert Inlet Apt. 081,Hillport,Rhode Island,Panama,e166697d-619a-4760-a833-752bd199cc30,web
abb07e67-972f-4f85-82c5-2b296d5fd707,Paula,King,paula.king655@gmail.com,001-149-775-5676x4885,F,2000-07-01,2015-04-24,3115 Thomas Crossing,Melendeztown,South Dakota,Australia,8836de8b-ef06-4b96-a232-c9be6c568768,web
f5697ac1-6964-486b-bdc5-23c3036161fa,Toni,Lawson,toni.lawson692@yahoo.com,(104)685-6527x8389,M,2001-11-18,2020-09-26,486 Frost River Suite 364,South Christinefurt,North Carolina,United States of America,ded63dc0-330a-45d3-8a03-444ea9b8c92c,app
aa02a4f2-79fc-4507-b62a-fce17e1dbef6,john, Bennett,john.bennett443@gmail.com,(795)256-1996x826,F,1967-08-27,2016-12-12,809 Watson Ferry Apt. 386,Port Danny,Virginia,Iceland,cc1ce8f4-23d1-45e6-9daa-c9ed7bf8a0bd,app
4053c8a0-e7c5-4894-be5a-ad7549442943,Ashley,Myers,ashley.myers337@hotmail.com,015.350.8316x478,F,2004-12-12,2022-10-18,9571 Cheryl Brooks Suite 822,South Valeriebury,California,United States Virgin Islands,03a23d28-c8e7-4428-a048-a40373980ada,referral
b555f024-54d9-4ba4-a044-c09f3bf1d893,Jessica ,roach,jessica.roach724@gmail.com,(341)577-7788,M,1955-08-19,2017-06-17,5845 Chase Loaf Suite 282,Romeroshire,Iowa,Sao Tome and Principe,dee713e7-2add-4503-bcbc-65798524ab26,app
693002fb-320e-4dc8-abe7-9408fb123ebe,William,Rollins,william.rollins221@yahoo.com,+1-558-623-1605x352,F,1988-04-24,2022-01-18,675 King Tunnel Suite 049,Sarachester,Alaska,Sweden,c681edf5-6c54-41ed-a165-f9f8b8385cbb,web
d66dbce3-a153-441d-a83b-ae5265bee818,Kristin,Nielsen,kristin.nielsen994@hotmail.com,+1-870-936-3349x05508,F,1970-05-07,2019-07-08,540 Fleming Summit Suite 950,New Julie,Tennessee,Barbados,e46fdd8b-6b50-4aaa-8a0c-0ee16c58051f,app
9745b650-00da-414b-8fd4-05796a245c85,Travis,Cruz,travis.cruz666@yahoo.com,517.668.4784,F,1991-11-15,2014-01-23,495 Alvarez Center,Blevinsbury,Georgia,Tajikistan,9ec39e05-d8e4-4a3f-ad91-eca47f061332,referral
984d3aff-6ce7-44a0-b79a-35f54238a751,Joshua,Greene,joshua.greene253@gmail.com,2632668628,F,2007-10-22,2019-04-02,62719 Sarah Center Suite 911,Annport,Oregon,Lithuania,b0938e19-3c8e-487d-aa94-f1d4243d4028,web
372237a0-ab3e-4ac8-a56e-b9b542836188,William ,lOPEZ,carrie.miller333@hotmail.com,920.231.2656,O,1971-02-19,2014-07-04,89828 Parker Greens Apt. 159,East Janethaven,Ohio,Cameroon,c0587a7c-3751-453d-9059-91b65cd53121,app
bf2cf1f5-edeb-4619-b8c8-ac24fbbf6f3e,Rhonda,Munoz,rhonda.munoz616@gmail.com,+1-189-515-4021x1205,M,2001-06-11,2024-10-07,06996 Zamora Coves Suite 363,West Kaitlynstad,California,Malta,75a6e58b-26ae-4041-86cc-2bdc71e3d217,referral
c4e97ca4-f461-4ce4-a11e-b2bb484fdb7f,Amy,Fletcher,amy.fletcher052@yahoo.com,382-168-4540,F,2007-12-02,2023-08-24,294 Cruz Extension,New Clifford,Alaska,Palau,d6763c56-848b-4899-88ed-9ef95ccb865e,web
fc93a391-82f1-4b0d-9f48-771e2e5fb86b,Jimmy,Wright,jimmy.wright155@hotmail.com,099-550-4844x6235,F,1960-03-22,2019-03-18,8983 Michelle Brooks Apt. 983,North Jamesmouth,West Virginia,Christmas Island,419bd409-308c-47f6-add4-ce35e6d6bd13,referral
0d63e577-5fe7-4110-814d-cd761a73cc75,Aaron,Elliott,aaron.elliott665@hotmail.com,540-116-4239,M,1990-06-12,2023-03-07,64811 Page Throughway Apt. 799,East Brittanyburgh,Louisiana,Greece,4f77691a-472b-4788-9094-6610a3402755,referral
96238eb0-4091-48c4-881a-e0edda7d8985,PPaauula,flores,paula.flores335@yahoo.com,860.783.6414,F,2002-11-14,2016-03-23,344 Thomas Rapids,South Brucestad,Georgia,Solomon Islands,f632d2c5-876a-472e-9034-da4e1368a44a,web
4fe70b67-2a25-488d-9620-c7555dd6b88a,Thomas,Jones,thomas.jones660@hotmail.com,001-816-013-9611x73290,M,1976-02-17,2015-03-13,226 Paul Inlet,Andersonland,Rhode Island,Togo,92b366a6-38fb-40d6-a16c-a90b27a0f6e0,web
6a5dfc32-d1fe-4cb2-b876-b12bbd9b69e5,Jonathan,Hamilton,jonathan.hamilton305@yahoo.com,001-485-532-0041x627,F,1975-05-25,2019-01-31,6027 Sierra Fort,Seantown,Iowa,Cuba,d1ddc568-7ff8-4bb4-84bd-eacb37af554d,app
21e47bf4-f434-421c-a65b-8d826ccfcdb4,Todd,Cox,todd.cox043@hotmail.com,+1-150-424-5047x771,F,1983-04-20,2023-12-06,75382 Jessica Rapids,North Bill,North Carolina,Marshall Islands,d3fda1dc-d4f9-49e1-83e5-537eaa80bd53,web
ee3698d1-add2-449b-9ca9-277db0d3deb6,Jared*,Harris@,jared.harris162@hotmail.com,048-678-8139,F,1994-09-25,2022-02-17,72248 David Villages Apt. 902,Nicholasberg,Oklahoma,Croatia,209107ba-298b-47a9-91b2-76ca742ff2c4,web
1ec1592e-c23e-44a4-b22e-eec0f2e4f24d,Christopher,Cole,christopher.cole707@gmail.com,610.994.1225,M,1989-01-17,2019-05-25,4716 Mcdonald Key Apt. 996,Jacksonstad,Ohio,Jordan,4650a489-b521-4537-911f-37b9f0ef7117,app
1ab3b0ea-9da3-492d-8aad-32c9cce4fb2a,Ronald,Robbins,ronald.robbins492@hotmail.com,(732)765-9891x57794,M,1973-05-17,2016-07-08,157 Jonathan Mountains Suite 680,Palmertown,Texas,French Southern Territories,d206bb5c-3081-4650-9242-43bd8502b564,web
bc75de62-dd8a-494f-a20a-18b4706b6b92,Chad*,FORD,chad.ford152@yahoo.com,194-972-0859x04157,F,1961-06-30,2025-01-24,03921 Mason Lights,Aaronburgh,Florida,Chile,5c2c8618-2d5e-459a-a990-29d88e5ca38f,app
cb0ad6ac-4aca-4e9e-8c44-928ea899a614,Amy,Mayer,amy.mayer373@yahoo.com,331-152-7444,F,1957-02-26,2020-10-11,89152 Eric Club,New Ashleytown,New York,Greece,d84ba5b9-a7e1-4352-9842-a73c1be99442,app
9476ff41-0784-49d9-9eab-bad3b4aa52f1,amy,smith,amy.smith788@hotmail.com,877-116-4783,F,1993-07-29,2015-11-05,67696 Kelley Mews Suite 279,East Larrytown,North Carolina,Saint Pierre and Miquelon,68f2c7b8-3f5d-4c31-8777-5c9e1d46fe0c,web
aae3f0c4-5749-4651-b1df-386be07952d3,Rachel,Moore,rachel.moore678@hotmail.com,030.185.4440,M,1984-02-19,2017-08-08,4783 Cooper Gateway,Johnsontown,Utah,Jamaica,e0283644-251e-45fb-bba2-8bbfb5000b20,app
301858d8-4337-4702-8459-bd750294e2f0,Keith,Koch,keith.koch299@hotmail.com,251-635-4052x538,M,1996-09-28,2014-04-22,09967 Christopher Ports Apt. 061,Gloriastad,Massachusetts,Turkmenistan,d3f422ee-def9-44a7-872e-6efd7b0e48d7,referral
c65f9c45-2164-4667-acc6-c6ca93423ed9,tamara,PPaattterson,tamara.patterson141@gmail.com,(814)350-6381x638,F,1996-01-18,2019-12-12,04726 Tyler Radial,Potterbury,Florida,United States Minor Outlying Islands,4f119a9a-a806-4eff-bc78-b33cb999b959,referral
531e62a6-f74a-4147-b3d7-56f07c10dc0b,Jonathan,Stephenson,jonathan.stephenson259@yahoo.com,(968)668-9135x71210,M,1976-11-10,2014-03-17,59901 Tammy Forks Apt. 130,Amberland,Connecticut,Montserrat,552a0acd-55b4-4ac9-9536-745e29386546,app
baa5bb00-8c33-42df-82f9-baeb06ee63bd,David,Davis,david.davis821@gmail.com,709-111-3463x1931,F,1963-01-21,2021-03-09,34475 David Lock Suite 182,Davidtown,Pennsylvania,Timor-Leste,82bd6dda-e98d-4af0-bc44-75d3663f4145,app
48864fc4-363d-4ccc-95d5-730e5f8547c4,David,Obrien,kristin.stewart533@hotmail.com,275.276.5852x01711,F,1978-02-12,2023-10-03,57544 Davis Fort,South Johnbury,Hawaii,Cayman Islands,018ea542-0f7a-42e6-a3b5-6df38b69d125,web
b46cbd18-6316-4dc0-b9fd-51b9b70fb3e6,Kayla,Hooper,kayla.hooper071@hotmail.com,001-596-069-8431x2294,F,1995-11-09,2022-07-11,520 Karen Prairie,Carrollmouth,Iowa,Slovenia,a53f58e0-6f17-4eb7-9bc8-177a83cb3bd8,app
3b307f4f-0a9d-47a3-b804-694cc5a594fd,Jennifer@,CRANE,jennifer.crane072@hotmail.com,408.124.3449x7759,M,1978-04-09,2016-12-08,63602 Michael Walks Apt. 974,West Karen,Kentucky,Bolivia,75a1dad9-7e72-4e77-b20d-61938c756ba6,app
84bd9dcc-8369-4822-8438-097b38127fb8,Margaret,Smith,margaret.smith911@gmail.com,722-873-0633,F,1997-11-17,2023-05-11,873 Olivia Mills,North Nicholasmouth,Georgia,Belize,94cd8922-899e-4a96-97b8-0dfd317aea62,web
8448e3bb-1f09-4ddd-9b9e-4a1128d8d56f,Robert,Bauer,robert.bauer371@yahoo.com,001-690-009-2579x501,F,2003-08-06,2022-11-07,97765 Barron Squares,Albertchester,Montana,Ethiopia,ba733a08-c5e9-43da-b298-0a7bb747510b,app
60239b8d-ebda-4a95-b7b5-295328afcf05,Sonya,Jordan,sonya.jordan112@gmail.com,001-335-529-1557x0886,M,1963-10-30,2015-03-01,82308 Butler Road,Lake Raymond,Tennessee,Seychelles,95f0d251-64c8-495c-a28b-bf55f8406328,referral
c6e767d1-f45f-44b7-b814-b18cfbd90d99,Amy,Smith,amy.smith283@yahoo.com,(869)577-0594x9735,F,1990-10-25,2020-10-05,25464 Allen Drive,Billymouth,Idaho,Greenland,c18f9ee9-e0d6-4feb-a76d-a8fcaf0fe3a8,referral
c4e18c3d-ff45-4edf-80be-f71abbd82b61,Patricia,Estes,patricia.estes500@hotmail.com,398.903.7901x39216,F,1968-11-30,2019-05-16,2940 Olson Club Apt. 877,Port Kimview,Georgia,Vietnam,3529f589-feaf-4bd5-87a4-fafa590c39df,referral
57e0e3a3-97fe-4d6a-8b82-b2da21b3a57d, Elizabeth,Pe8rez,elizabeth.perez087@hotmail.com,730-659-1616x397,M,1976-05-09,2015-05-26,71891 Coleman Burgs Apt. 268,East Jill,Nebraska,Bouvet Island (Bouvetoya),d8923a12-44e8-4e92-9a66-4db9e9d5c543,web
c555f33b-ac3a-4f70-ab74-e5064d5274a1,Jason,Parker,jason.parker965@hotmail.com,(700)645-3682x13472,M,1974-06-05,2024-12-15,40281 Richardson Meadows,North Tinastad,Washington,Puerto Rico,2f834503-60c7-40c8-9dbf-fbc6d316510f,web
657ebc24-1826-46f0-9c47-b957bc4d781b,Kathy,Wilson,kathy.wilson479@gmail.com,230-718-6287x481,M,1959-04-27,2014-06-14,3266 Wilson Harbors,Frymouth,Indiana,Vanuatu,59c8988f-ec7c-4966-9ada-28b7e763d438,referral
bd9a3771-b355-4817-96e9-1e506a17f38d,Stacy,Saunders,stacy.saunders825@gmail.com,131-803-6802,F,1984-01-16,2018-06-02,371 Jackson Roads Suite 227,West Scott,New Mexico,Singapore,0ec71925-9080-4fcf-ba6c-8e46ca60a83f,referral
3e7611a3-92cb-4f94-90ce-1da97bc3b0a9,Thomas,Smith,thomas.smith082@gmail.com,(959)253-1662x8125,F,1993-04-05,2024-11-08,522 Nathan Villages,Tonyaview,Mississippi,Sri Lanka,6d6818a2-d98a-4140-8dd1-fbc17266d07b,referral
be62b14e-796b-470c-88c5-94cf0f24e363,Jonathon,Richards,jonathon.richards795@hotmail.com,001-525-754-6256,M,1956-09-14,2016-08-20,9876 Wong Forge,South Teresamouth,South Dakota,Guam,607bc7ee-72fd-4d3e-82d8-58d2e06b688c,referral
857e5dd3-6930-4c2e-85f4-af81b714a866,Carl,Copeland,carl.copeland663@yahoo.com,216-465-3299,M,1983-02-16,2015-06-24,7105 Wu Crossing Suite 745,Wilkersonland,Nevada,Jamaica,cc2f8854-099a-4545-aa51-da8ca1829794,web
235c2317-f554-437c-b468-2cf804aae6e6,John,Oconnell,john.oconnell441@yahoo.com,+1-183-283-9285x981,F,1989-09-20,2014-11-29,54168 Gates Forges Apt. 889,Robleshaven,Hawaii,Grenada,2f24c4f0-f7eb-4b8f-9a8e-22edcfeedd5d,web
168dd0ce-ebbf-4038-b71a-84b7c5401f57,Kelly,Smith,,982.260.8390x885,F,1966-10-20,2021-05-28,17262 Allison Pines,South Paulaborough,Alaska,Russian Federation,4f721e99-f9fa-4596-ac9c-c0d95a05ee7a,referral
bf16c90b-e1e8-4333-8567-f11b54adcf66,ryan,Pa1tel,douglas.williams100@gmail.com,586-049-5136,M,2005-07-18,2018-09-04,45812 Michael Estate Apt. 693,Patrickchester,Texas,Cuba,ee9b245a-21c1-44ae-a8ba-a805b99250ed,web
4310a76b-f4df-4143-b3d5-85197ff45565,aUSTIN,CONTRERAS,austin.contreras375@hotmail.com,001-193-880-4283x1131,F,1994-09-08,2014-08-10,915 Kimberly Springs,East Russellport,North Carolina,British Indian Ocean Territory (Chagos Archipelago),9f6ad1a2-6845-43ff-9d74-43fdc8c31f27,web
f3303539-c392-4d41-b175-51d753739ba5,Antonio,Baker,antonio.baker580@gmail.com,+1-958-295-5250x0380,F,1958-05-02,2024-05-10,71517 Samuel Underpass Apt. 694,South Sarah,Louisiana,Serbia,43ceeb4d-51be-49da-b6b6-9a4529309b34,referral
911f5952-0cde-4861-ad9f-cc819f60fdaf,Ellen ,pearson,ellen.pearson601@gmail.com,+1-023-421-7574x971,M,1997-07-24,2023-06-18,816 Sydney Estates Apt. 585,East Calvin,Minnesota,India,067cadad-c5e2-4870-b8e7-050beecbce44,app
775c92ee-ca71-4846-b711-6484d61d27bc,Joseph ,Brooks ,joseph.brooks927@yahoo.com,7926410054,M,1980-11-19,2015-02-10,69595 Newman Road,Lewisborough,Georgia,Cape Verde,0777a7e2-5146-4d3f-844f-07be9845e8b5,web
0a8a91ae-5f7d-4e28-ac39-9c3219112eae,Janet,Patterson,janet.patterson131@gmail.com,371.811.5297x04079,F,1996-02-16,2014-03-02,6162 Darren Lake,Tylerland,Vermont,Malaysia,7b22cbcf-1c5f-400e-97d6-b31e1355c4d5,web
f2cf38bd-6ad2-4942-a11d-36d21deec4ce,jacob,JJoohhnson,jacob.johnson793@gmail.com,001-177-968-6022x2646,M,1963-09-21,2015-11-21,24194 Benjamin Gardens,Walshville,Vermont,Wallis and Futuna,45c2cbf4-ad4d-474c-aeee-18879af1fb4d,web
5866dd1a-9ffd-4a04-be0a-51438616aed2,Kenneth,Foster,kenneth.foster144@gmail.com,001-003-644-9368x4185,M,1957-09-05,2018-11-11,9303 Taylor Stravenue Suite 020,South Joseph,Pennsylvania,Bosnia and Herzegovina,e58206c8-d562-417a-b397-9a01b775e6cb,web
bd9990b4-29de-4fbd-809d-00bda0937597,Brooke,Pennington,brooke.pennington262@gmail.com,001-888-206-1782,F,1977-07-14,2022-06-14,618 Wilson Inlet Suite 710,Krystalport,Louisiana,Saint Lucia,1e8cd66a-0031-492c-80b9-091c670b7824,web
075dfc87-26c0-4736-b242-832019d95aac,JJeefffrey,schmitt,jeffrey.schmitt810@hotmail.com,001-272-008-1019,F,1967-07-22,2016-05-21,5541 Lee Motorway,East Jessicastad,Delaware,Reunion,7f9df2b1-a447-468f-918b-d3712457fd63,app
dc812e5b-352d-4f09-8028-20deed5973ce,Keith,Alvarez,keith.alvarez470@hotmail.com,+1-091-857-8441x7677,M,1994-12-10,2016-06-09,10460 Martinez Manor,Port Sean,Kentucky,Gambia,c1bca07f-9d62-4112-884d-d00c6632bf64,referral
c57eaf20-1b8d-44c5-a5a9-d2b8a32d5c1e,Philip,Griffin,michelle.lewis310@hotmail.com,098-983-2927x37643,F,1991-10-17,2023-10-12,5038 Chapman Shoals Apt. 324,Burketon,Florida,Christmas Island,19fe6588-fcbb-4c69-b5a8-5e4ce2ec4c76;3d391f57-8acc-462e-851b-a6c341dd104b;6d960849-1a94-4c0d-aac3-560e1776f888;1856ff74-9e76-41d0-8464-9e6050abb7a7,referral
33de728c-1085-4e54-824c-cf0903dbb9db,Matthew,Adams,matthew.adams050@yahoo.com,(455)901-2191x167,F,1965-12-06,2025-03-05,698 Laura Islands,South Danielport,Maryland,Nepal,17defd80-927f-4ccf-bda0-5d5ecf6e4396,referral
e4efd622-4831-4f16-a96b-48a5a4a52ff5,Paul!,Carter ,kylie.payne143@yahoo.com,+1-958-769-1449x471,F,2002-12-26,2019-03-10,818 Tyrone Valley,Kevinberg,West Virginia,Serbia,774c5813-62d0-480e-b0e8-822314640b1c,app
b547c8b1-f187-42de-9852-53312222249d,Christina,Hutchinson,christina.hutchinson055@gmail.com,001-530-531-5726x170,M,1996-12-29,2020-05-24,1777 Greene Locks Apt. 666,Zacharyshire,Georgia,Georgia,3674491c-0f7a-47b5-aab8-4331ba7caa1d,referral
2282cf0a-0ffd-41a9-aa99-0c651b9e7fa0,dENNIS,strong,dennis.strong535@yahoo.com,2275775533,F,1997-08-19,2016-07-01,515 Michelle Lakes,Christineport,New York,Wallis and Futuna,ebebb26f-b17f-42a3-b68d-4037b7264909,app
a4f80bd6-cd35-4e06-808e-65a5ca15d02c,Stephanie,Roth,stephanie.roth885@yahoo.com,166-776-8264,M,1979-12-01,2018-12-30,047 Underwood Skyway Apt. 472,Johnsonberg,West Virginia,Syrian Arab Republic,6c7963a9-557e-461d-a003-5be8e3b51189,app
fae6d4ef-4be4-4012-973a-0164b71633c4,Angela,Thompson,angela.thompson147@hotmail.com,001-712-405-1160x2298,F,1957-01-28,2023-11-22,5543 Katherine Ville Suite 991,Tiffanyfort,Illinois,Egypt,c6320b89-4939-4d6f-91c1-187d5ca669d0,referral
6862ae50-ecb4-491a-a078-e4c43064f0f1,Mary,Cook,mary.cook044@yahoo.com,(950)010-8488x266,F,1957-09-12,2017-06-19,766 Thompson Port Suite 441,South Brianburgh,Michigan,Luxembourg,e43348e2-7c6e-4956-9e48-39f81cdb4bd5,web
08d21608-ef57-4692-a16a-3b79ca5a5d1c, Travis,bREWER,travis.brewer876@gmail.com,(163)860-4257x138,O,1990-04-04,2021-09-16,16844 Matthew Bridge,New Phillip,North Carolina,Guam,515408b2-2016-4fb3-8cd5-9b5a3b448a53,web
62c74a0d-a765-456f-9a85-55105fd398b5,jonathan,smith,shared1153@yahoo.com,351.431.4386,F,1988-07-05,2017-03-23,4577 Robert Ville Apt. 299,South Danamouth,Missouri,Gabon,c8c77eaa-0228-461d-9e5d-bc62f6bd5fde,referral
3d880602-5343-44a5-bca1-883fe3b7aebf,Nathaniel,Elliott,nathan.deleon534@yahoo.com,001-820-271-5327x0329,O,1998-10-30,2017-07-02,884 LORI VALLEYS,North Cathyburgh,Montana,Afghanistan,0b8e16c8-030d-4f9d-bd1e-5fe7e48de5c1,app
901e37cf-e1ca-4816-b26f-b63da961d0ac,Paul!,Donaldson@,paul.donaldson765@gmail.com,8403638125,F,1972-12-21,2022-10-24,9631 Palmer Highway,Riveramouth,Mississippi,Australia,b53c442f-d757-48d1-98f0-b788d225c00b,web
1b033bbd-63b5-40ae-ab7e-07d148659573,Brian,Jones,brian.jones366@yahoo.com,001-697-440-3363x0005,M,1961-07-03,2016-10-14,320 Roger Motorway Suite 034,Richardshaven,Iowa,Afghanistan,35fa8be9-4564-4d9f-891e-9e486287beb9,app
213c0972-9492-4245-917a-a540aef32912,KENDRA,M1oore,kendra.moore195@gmail.com,+1-744-897-1904,M,2000-06-16,2024-11-18,7545 Joe Manor Suite 352,New Samantha,Connecticut,Philippines,4fe8c27e-9bb5-4b2f-83ca-79d1d7d903cf,app
8bbfb51a-209e-4810-910b-83697b94ace0,Pamela,Hill,pamela.hill137@yahoo.com,855.888.2372x109,M,1981-06-11,2025-06-09,74342 James Dam Suite 151,West Justinville,Illinois,Iran,52d9322a-3ede-437a-90f2-260691a142d8,app
b18f58a0-adef-49a2-9a81-ea870bc82086, Zachary,garcia,zachary.garcia598@yahoo.com,+1-672-208-7609x120,M,1971-05-02,2017-03-03,36196 Allen Rue Apt. 834,Heidiside,Florida,Ghana,0bbbd074-54d5-4306-9745-de1e26f8a333,web
7b2d2c53-27c8-44c4-a02f-03799ab93872,Laura,Hawkins,lindsey.jones958@yahoo.com,+1-036-140-3029,F,1994-07-24,2013-12-28,9849 Martin Crossroad Apt. 635,South Nicoleberg,New Jersey,Mali,e02b2cc8-cad5-42fa-99cc-621ff4aa5d6d,app
824c5b2f-e850-4a75-99a7-19761db85b0d,Benjamin,Rogers,benjamin.rogers577@gmail.com,(339)214-5203x29556,F,1990-01-29,2024-07-27,5217 Flores Knolls,East Kevin,Missouri,Equatorial Guinea,0ea85259-1eec-4c84-b327-e8685e6f62ff,app
54a7d965-0048-4fef-9d2e-34bdab14520b,Miguel,Abbott,miguel.abbott598@yahoo.com,564.311.3660x29508,F,2001-10-31,2015-05-29,43176 Williams Meadows,Underwoodshire,Florida,American Samoa,b7a74208-bb56-4ae8-ab2b-f24c50215e3a,app
bb3f3c6c-3dfb-4d70-aee0-0e476f79c06d,Tracey,Sanchez,tracey.sanchez758@hotmail.com,1415679171,F,2000-01-18,2024-09-20,38607 Brian Freeway,South Loretta,Alabama,Antarctica (the territory South of 60 deg S),6d1e37b5-ceeb-408b-8cbc-2552cc5a3011,web
dafb601e-26b2-4a56-b727-5469584399a2,Joshua,Mitchell,joshua.mitchell090@gmail.com,5954513313,M,1999-05-20,2025-02-28,088 Samantha Route,Schultzborough,Michigan,Yemen,eb5eebb4-094e-4ded-977d-74c6e7610e17,referral
6e762ae5-3dab-4171-bbfc-917f3b5fb81c,Jonathan,Walker,jonathan.walker311@gmail.com,(658)435-5559x05905,F,1974-04-20,2016-09-26,604 Zachary Path,Duranshire,New Mexico,Malaysia,58e2391e-bf3f-4427-ba4f-6b1eb8274457,referral
bbc9efda-dc63-4a63-8896-be369f927937,Kathleen,Mcclain,kathleen.mcclain349@gmail.com,828-284-0238,O,1994-09-29,2021-07-11,213 Taylor Place Suite 690,Port Kendraside,Mississippi,Suriname,ce9b8f04-42f3-4e1a-a2e8-3889c1a8fa31,web
65b34f7b-2a55-451c-b9dd-7c8c1fe4a1ec,David,Johnson,david.johnson834@hotmail.com,001-764-252-3076x9693,F,1961-06-05,2014-09-15,09706 Jacob Ridge Suite 473,South Mathewshire,Maryland,Liberia,7d0cd55a-c70a-4fce-9d25-890fa8aad090,web
4d57cb59-cfb1-4375-b6f1-17c5ac263362,Adrian,Williams,adrian.williams893@yahoo.com,5127076103,M,1999-12-01,2018-03-06,33673 Price Spur,Greenborough,California,Zambia,fea879ee-892f-4d19-8970-f896fbcc8b28,web
f81a1df8-413e-44a4-804f-70eef9554120,Alyssa,Mercado,alyssa.mercado012@gmail.com,(452)485-7587x633,F,1980-11-05,2022-08-26,4976 Mercado Place Suite 715,Port Sandraside,Missouri,Qatar,f8c2adb9-60af-4500-98d6-a2e36ec33bc1,app
37d71572-5963-4c8a-801d-c671bad7ea08,MMiicchael,Serr2ano,michael.serrano049@gmail.com,9928247054,F,1995-12-09,2017-06-13,1894 Nathan Passage,Dennisshire,Vermont,Nauru,be391a8e-e5c7-4cb2-9e68-2826676d01e6,referral
a51f17db-9674-43b7-a591-fde425c27cc1,Loretta,Williams,loretta.williams213@gmail.com,(402)052-9251x13737,F,1992-12-04,2025-11-03,66862 Gutierrez Crossing Suite 665,South Emilyhaven,Kansas,Romania,cf2ea6a0-4802-406c-96f6-1657634a8085,app
db656d5c-547a-40bf-b646-80dd23f26bae,Michelle,Rogers,michelle.rogers079@hotmail.com,9443505555,F,1981-09-15,2021-09-25,332 Douglas Parkways Apt. 519,Hernandezfurt,Kentucky,Timor-Leste,c00777e9-31d9-4037-a402-75bc23806c34,app
d24b218d-f45a-4ef3-aa3e-7cc64f5c0c60,Jennifer,Poole,jennifer.poole908@gmail.com,(868)452-4482x3743,F,1994-12-17,2023-06-30,1242 Roberts Valleys Suite 861,Hendersontown,Montana,Venezuela,b3f1efef-11a2-4f30-bcb5-05fa778536d7,app
3a97b037-533d-41b4-b2c8-94a403781183,JORDAN,Dominguez ,jordan.dominguez825@yahoo.com,8047032036,F,1998-02-24,2021-05-12,831 Ellis Mountain,Port Denisebury,California,Cuba,b07d5658-1e65-4a72-aa74-6f95b6bfe504,app
14840412-e60b-44a9-9efd-87c7f0f3c821,James,Bailey,james.bailey217@gmail.com,878-583-6620,F,1957-03-23,2019-10-14,366 Martin Village,Lake Casey,Georgia,Northern Mariana Islands,6e9bb908-9623-4bd4-a037-0e9a6a794ca1,app
d3a61725-be8b-457c-a0e3-6de3c0297eb3,Stephen,Myers,stephen.myers065@hotmail.com,001-884-945-5719x12520,F,1975-05-01,2017-05-13,056 Brown Street,Douglasshire,North Carolina,French Southern Territories,2aa32e7f-791a-4522-a5b7-ec1fde575c89,referral
dc629e45-d2ef-463d-a92e-ae75d62dfd6a,Victoria,Winters,victoria.winters061@yahoo.com,(626)578-5834x46043,O,1964-03-19,2014-11-17,22152 Karen Roads Apt. 318,Murphymouth,Ohio,Romania,4ae90af1-b213-4471-892f-fc8ba8b8d516,web
79e03e1f-8d30-4f64-8518-464505c84c84,Whitney,Kennedy,whitney.kennedy083@yahoo.com,+1-159-434-0224x9507,F,1961-01-06,2020-04-26,5391 Anthony Track,Evanland,Iowa,Mozambique,4df16e85-f16b-47f5-a0e8-082c6440f7f8,web
f2406c2d-7131-4627-a385-765628898cc4,Kathy,Ray,kathy.ray548@hotmail.com,+1-253-674-7883x7596,F,2003-12-18,2016-12-29,4844 Powers Court,New Alisonchester,California,Switzerland,f6883f9f-9ec0-4760-9e3c-e948740c31ab,web
0e09ffb6-0876-4039-a1a0-12c4d70c3a56,Jonathan,Estes,jonathan.estes399@yahoo.com,001-109-227-4523x0972,M,1990-03-26,2020-05-26,17575 Martinez Rest Apt. 166,Warnerburgh,Michigan,Colombia,12fa7433-79f4-412d-b8ce-d809513175e3,referral
5363ff4e-6781-4038-8295-f95744094ba4,Matthew,Stanley,matthew.stanley175@hotmail.com,775.432.0216x567,M,1962-05-31,2024-02-11,6010 Peterson Shores Apt. 535,East Michael,California,Antarctica (the territory South of 60 deg S),bbb7fabf-563d-4546-a46b-6c797a345250,referral
4e0f6e70-8dca-43f4-af74-48802edd6edf,Brittany,Gonzales,brittany.gonzales574@yahoo.com,001-661-506-7788x20044,M,1967-11-13,2023-10-20,9743 Austin Inlet Suite 264,Orrside,Indiana,New Zealand,21dc926a-03ed-4034-adf3-76db2735a420,app
f530487b-6052-4f04-9435-dcf51892083a,Thomas*,dONALDSON,thomas.donaldson057@hotmail.com,093.737.7687,M,1982-01-03,2023-04-15,4425 Strickland Shores,East Johnfort,Colorado,Guernsey,31e27726-b165-4801-bf67-d30ced70b007,web
3879c9b5-9163-4471-bd6a-864142faa45e,Tina,Daniel,tina.daniel296@yahoo.com,7458425084,M,1991-02-06,2015-05-29,33751 Hughes Walk Suite 397,New Brittany,Nebraska,Serbia,9bc0eab0-b746-4796-8166-58b62546830a,referral
07a06814-a5c5-4701-b8d5-f5bb885389ba,Victoria ,GGaarrcia,victoria.garcia217@gmail.com,5948323437,M,1995-05-03,2018-10-22,378 Marc Wall,Mccoytown,Connecticut,Turkmenistan,f941bcda-e3df-488a-ae32-e6a250472702,referral
5793c81d-c301-47ae-b9c0-010578a9fe7c,Stephen,Campbell,stephen.campbell379@gmail.com,255.830.2220,F,1986-07-08,2021-08-26,5767 Donna Glens Apt. 939,Montgomerymouth,South Dakota,Kiribati,c5f7b03a-6e43-40fd-9167-ec10887c704b,web
b77e0ce7-ffca-4992-836b-8c6ad2d22a07,B9rian,BBaannks,carmen.richardson742@yahoo.com,0222985912,F,2001-06-24,2018-07-23,7839 Hughes Field Suite 414,Lake Brooke,Idaho,Vietnam,250aa9ca-f543-44be-94e1-23731196b04c,web
d62a2fae-7b9f-4447-9cb5-43b1d4da9153,Curtis,Powell,curtis.powell882@gmail.com,(672)979-5202,F,1971-05-03,2019-04-06,687 Mckinney Village Suite 887,North Kimberly,Vermont,Libyan Arab Jamahiriya,134fd32b-1d5b-42ff-8b5d-967d5b1d55a9,web
d597a135-328f-42bc-90d6-3ca6fd698982,Kelly,Davis,kelly.davis279@yahoo.com,665-725-4558x318,M,1987-05-17,2021-12-05,4189 Tucker Dale Suite 715,Reyesfurt,Vermont,Venezuela,ff575601-da0b-45bd-824f-5478ad5fa10e,referral
6b07ccf3-3ffc-483a-bad0-fe180cb5fbeb,Austin,Smith,austin.smith790@gmail.com,001-236-772-9508,F,1973-10-09,2020-04-09,90716 Roman Vista Apt. 206,Port Kathryn,Washington,Saudi Arabia,b2ce9307-bfcb-497e-ad63-b7e33121f91c,app
c60c510d-409b-44e4-90d8-f039089ff2c0,Brenda,Sweeney,brenda.sweeney181@gmail.com,(892)022-9408,M,1980-09-24,2014-01-20,299 Chase Haven Suite 389,West Alisha,Maine,Monaco,2150f9ea-fe21-483e-99f9-2a4ccefc3079,referral
66436706-f8dc-4417-b659-12fc58a77b89,Karen,Rangel,karen.rangel614@hotmail.com,546.795.3564x35739,M,2004-06-28,2019-05-06,491 Daniel Passage,South Nicoleburgh,New Mexico,South Africa,9b43b046-689a-457c-a2e0-5968c6008a38,referral
0b2caebf-9e6e-4b4f-a5ee-82d9cc6b4a52,Holly,Silva,holly.silva257@gmail.com,(605)175-0029,F,1965-12-04,2014-03-01,1735 Camacho Pass Suite 198,New Alyssastad,Alaska,Croatia,b30604e6-9378-4e9f-ade4-8cd7876b7c87,referral
60530086-e8e4-49df-a1a2-55ccb313757e,Derek,Jackson,derek.jackson774@hotmail.com,901.477.5275,M,2001-12-08,2014-03-18,786 Banks Cliff,South Cathychester,Connecticut,Vietnam,9b9fa610-0e34-4271-a9d7-3b962717932a,app
0eca4625-db92-417e-afc1-b947cf232a89,Ana,Parker,ana.parker107@gmail.com,001-914-936-2333,F,1970-11-25,2019-02-18,8962 Ramos Valley Suite 766,Hernandezberg,West Virginia,Guyana,4995c482-1105-4d06-87f5-8fe432c26368,referral
e9120b37-4341-4d64-9cbb-2a54a3f4610a,Shannon,Decker,shannon.decker824@gmail.com,0554456426,F,1973-08-24,2015-04-09,6750 Contreras Locks,Adamhaven,Alaska,Malaysia,eb9a4038-4e16-4b95-93e2-29d441fd5f25,app
9685e5ef-c43f-4229-84dc-c7ede8ee50ed,Angela,Hines,angela.hines403@gmail.com,900-122-9604x27840,F,2007-09-13,2024-05-03,490 Gabriella Divide,Johnsonmouth,Florida,Australia,c20e9e97-4c17-4772-a70a-ce7ab8ab01d2,app
38f32b92-744a-40cd-a913-902a698bf711,Kimberly@, Williams,kimberly.williams194@hotmail.com,969-863-4702x28669,M,1983-03-26,2025-03-16,07652 Mcmahon Well,Port Jillianside,Maine,Jersey,d8339a1e-a71a-467b-854b-0c2249810f05,web
efaa294f-7ea9-4291-b53e-3211701921a9,Dalton ,sALAZAR,dalton.salazar954@gmail.com,261.178.0239x9595,F,1960-01-24,2023-03-24,32807 Davis Shores Suite 912,Greenstad,North Dakota,Guinea,ff97fa89-0e96-4635-b4bf-c0e108b6db2a,app
6b84df5a-c8dc-4249-be56-767e843513c0,Craig,Turner,shared1364@gmail.com,001-037-467-3562x5918,F,1980-09-10,2017-10-04,3418 Christopher Via Apt. 097,Hancockmouth,Louisiana,Afghanistan,167cf05d-d541-4e0c-8436-ec1d3cde2c57,referral
c5e05b0c-2a2d-452a-8b00-5f746d21e6bc,Margaret,Ortiz,margaret.ortiz919@yahoo.com,091.668.9112x92718,M,1970-07-09,2022-05-26,5086 Sampson Creek Suite 618,Wadebury,Montana,Madagascar,bb3efe25-b0a9-4c11-afc8-eb4318188336,app
af9ff971-70a2-45cf-af9b-ea7b69a91a87,Andrew,Chapman,shared1567@hotmail.com,260.640.9232,O,1980-07-24,2018-11-13,304 Lamb Brook,New Bobby,Georgia,United States Virgin Islands,9a74474d-0e60-4be6-af18-97d942713004,app
69c7b949-b350-4c33-85a5-f1178cfaffe7,Amy,Villanueva,amy.villanueva478@hotmail.com,(187)807-7883x1790,F,1967-08-06,2025-05-07,636 Short Ridge,Brandonton,Oregon,French Guiana,5c26530a-7af6-46c3-8fba-5295b2fbacb2,referral
0160f69c-1013-48de-9e32-48e9f2aa8502,Peter,Johnson,peter.johnson739@gmail.com,001-000-817-3418x015,M,1991-05-27,2024-03-29,8241 Bryan Fords,West Dawn,Oregon,Jordan,d1c397ad-d57b-42e0-a834-e45cec88a407,web
db94337c-4115-4e59-aa6e-79598d516b33,Melissa,Walker,melissa.walker341@yahoo.com,740.381.0836,M,1983-03-08,2016-10-23,293 Cindy Passage,Tranbury,Iowa,Saint Kitts and Nevis,af279ad5-88b7-4463-b283-19f41e608266,app
bfb2dbd4-db43-4578-b5a6-c25a4b079d6f,Barry,Martinez,barry.martinez545@yahoo.com,001-230-335-2389x7188,M,1960-05-17,2025-11-09,1461 Peterson Walk,Heathertown,Texas,Serbia,81c4d344-1d6b-4d21-ada2-70db196035e1,referral
5ef66fa4-7e59-4b72-b7ed-13236f7fdd27,Yvette,Smith,yvette.smith953@hotmail.com,922.499.1062,F,1989-12-26,2023-10-12,00921 Megan Mountains Apt. 211,Whitemouth,New Jersey,Netherlands,9be3b03d-47f1-4189-9852-7d50e47e1583,app
24e9ea33-7e64-40a6-ac39-4ea3d9884f4f,Jeffery,Singleton,jeffery.singleton117@yahoo.com,(771)004-0389x7071,F,2000-09-20,2024-11-08,45790 Jones Junctions Apt. 972,Danatown,New Hampshire,Bhutan,8dae127d-d8cd-464f-b13f-b0fef35f2891,web
b2709f81-3e1d-417f-b347-b01276174216,Rober7t,mURRAY,robert.murray094@gmail.com,(188)938-5329,M,1963-01-02,2025-11-02,98197 Veronica Way Suite 432,Williamland,New Jersey,Israel,35e9e793-7238-454f-a173-bfbe8406e00d,referral
1f56f60c-58b6-4423-8e69-77bc73d04bdc,Amanda,Norman,amanda.norman391@hotmail.com,264.194.9825x636,F,1955-04-20,2014-07-24,6190 Jacob Pines,Carterview,Pennsylvania,Tanzania,8dff2dc5-81b9-4be8-8aef-e969f7319ebd,referral
644751ac-132e-4b12-820f-53ef2ca05413,Benjamin,Miller,benjamin.miller255@hotmail.com,411-426-5571,M,1981-12-04,2018-09-08,22963 Payne Falls Suite 008,East Paul,Massachusetts,Argentina,7139bd28-fd69-4648-9af9-6e7dc7689e6a,web
bf9e65d0-0298-4afc-be5f-f0f94fa851ab,Jennifer,Sanchez,jennifer.sanchez390@gmail.com,(791)206-7350,F,1988-10-07,2016-01-30,218 Elizabeth Springs,West Marissa,Indiana,Israel,91b67dd2-7299-490d-af7b-9b647c431191,web
ef206977-2ac4-46e8-bd99-03f82bcc812f,Patricia,Cohen,patricia.cohen806@yahoo.com,+1-820-043-7393x9039,F,1972-04-19,2023-04-05,707 Garcia Road,Randyport,Utah,Armenia,ae2b7a8e-1b10-4ec7-a539-ab3604cc156c,referral
2ea770e2-e405-48d2-8139-c64c75ba3de3,Crystal,Weaver,crystal.weaver469@gmail.com,+1-369-161-5812x65144,M,2005-11-13,2025-01-02,5705 Megan Via,Petersonhaven,Illinois,Estonia,2fc10cee-fb3c-479c-b616-7f3ffe64a727,referral
71fd4a58-d611-41cf-9f70-e3e27dcc9fdc,Kenneth,Levine,kenneth.levine508@gmail.com,(618)792-1486x2069,M,1968-10-18,2024-03-13,96723 Eugene Street,Leslieburgh,South Carolina,Armenia,5177ef19-5300-4f23-9f68-40a2f1f1535a,app
3b5e0f43-13d5-4073-bc41-1150b554f420,rEGINA, Reyes,regina.reyes261@gmail.com,+1-041-499-9904x1643,F,1959-09-05,2014-09-01,4939 Jessica Fork,South Matthewhaven,Alaska,Saint Kitts and Nevis,b5f43850-8655-4bc9-b089-6ed4e9f91150,referral
4f4080d7-0a46-42b0-96ce-b9ba4426db38,Joe,Bryant,joe.bryant049@gmail.com,479-898-8604,F,1965-09-19,2022-09-30,378 Lori Overpass Apt. 008,Kimberlyton,Illinois,Tanzania,a3277437-7092-45ea-b68d-23dd4104133e,referral
ea7b30e4-76b0-4232-9329-1beb412549b9,Ethan,Brown,ethan.brown556@yahoo.com,(834)142-4055,F,1962-06-18,2021-11-27,615 Alexander Mountains Suite 911,Nancyville,Louisiana,Palau,ab705065-4edd-4754-a78d-ea57bbda1b10,referral
d8334e0a-7266-4538-baeb-b3845674dc13,Brian,Carter,brian.carter578@gmail.com,618-677-5125x914,F,1984-12-12,2016-07-26,0406 Kyle Run Suite 174,Wadeport,Connecticut,Slovenia,d92859f7-ad6e-4310-bd83-080bb18df3c8,web
c69cf0d8-579d-4e47-bc6e-b957db3668c5,Daniel,Wilson,daniel.wilson660@yahoo.com,922-526-4357x273,M,1995-11-05,2014-08-31,0144 Thomas Spur,North Laura,Kansas,Honduras,8a06780f-b438-4518-a440-bd40fc0c75a7,web
eba4bfcc-2211-4644-a2b8-4bff701da404,Parker,Moran,parker.moran146@gmail.com,001-278-307-5794,F,1984-02-11,2023-05-16,5088 Little Meadows,South Leah,Kentucky,Brazil,da9104ee-da3f-4611-b0cc-31060ff49887,web
17f91ab6-0294-42ac-9cac-c2ccb9cc4cff,Zachary,Serrano,zachary.serrano808@yahoo.com,960.196.4060x4305,F,1998-05-11,2021-01-23,3008 Acevedo Bridge,Martinezshire,Oklahoma,Svalbard & Jan Mayen Islands,ada94327-86bf-43d1-9f45-8262fc964bdc,referral
06c8e9e8-7d39-412c-9f84-ea6ffdc8fb0a,Benjamin,Guerra,benjamin.guerra880@hotmail.com,(292)980-2184x353,M,1984-09-17,2016-12-10,468 Stark Coves,North Natalie,Wisconsin,Cook Islands,db518e22-83a0-4779-9c94-235431100551,web
e64168ec-41c3-4ea5-9df1-3c170addeedc,Susan,Avila,susan.avila719@hotmail.com,219-658-6730x559,F,1981-07-11,2015-06-06,5666 Cooper Mission Suite 522,Muellerburgh,Rhode Island,Morocco,ec7c17bf-4aab-430c-a3f1-c6323a658389,app
0dd9b44d-891f-442f-97be-8f6c8eb04cc4,Alexis,Mendoza,alexis.mendoza603@gmail.com,001-946-653-7955,F,1959-06-02,2024-09-08,346 Rachel Spur Apt. 111,North Annamouth,Wisconsin,Mauritania,b8cb421f-4d02-4a49-85a3-af38f9fbcbb9,referral
3bfc14cd-1e2d-4bd2-8ddf-626e851ffdb0,Kelli,Rollins,kelli.rollins257@hotmail.com,7687554208,M,1971-01-26,2015-06-21,77300 Smith Mill,Briannaview,Mississippi,Ukraine,50c2bd5e-7c45-4d56-86f1-ad6ca4838437,referral
208b352a-edc8-40d4-b88e-57617b832e43,lisa,beard,lisa.beard890@hotmail.com,001-755-622-0684,F,2003-02-05,2016-07-27,5493 Ray Mount Suite 118,North Shaunville,New Mexico,Namibia,dca1ed37-843f-48fa-b390-b006e3b7dfe7,app
2f9c1aef-4744-4d5f-8963-b68b6bf5fb8a,James,Watson,james.watson822@yahoo.com,(739)117-5404x521,F,1995-07-06,2020-02-07,8010 Haas Pines,Phillipshaven,Pennsylvania,Aruba,3f195bb2-d7d5-46ee-8d5d-66515cdee58c,web
81a28cc0-22a6-46df-a45a-962fc04e033a,John,Garza,john.garza528@hotmail.com,001-938-573-2866x8283,F,1975-06-06,2024-11-29,9397 Kristi Curve,Harrisstad,Mississippi,Mayotte,c0ff91ce-8d23-45c8-84f2-be0ef28f3b26,app
ee3fa8b4-e555-4410-bcba-b0b881f2aae1,Breanna,Ortiz,breanna.ortiz140@hotmail.com,619-392-6075x9172,F,1995-03-27,2022-12-29,66259 Andre Glen,New Carolynland,New Mexico,Aruba,7406e2ca-a6eb-4d7e-b611-74128074a9de,app
a204d05c-dc16-4d33-9d09-83115b949ecb, Scott,wilson,scott.wilson596@gmail.com,(223)326-3529,F,1969-10-14,2019-12-09,383 Jackson Pine,Lake Kimberlyborough,North Dakota,Germany,4c8b3fb9-e8b8-48ab-8fa9-b9e247f35f7a,web
b2b94e06-815b-4d63-bf90-4ec9123e3ee7,Ashley,Patton,ashley.patton684@yahoo.com,+1-116-601-6923x0645,M,1962-10-22,2015-12-24,8204 Boyer Harbor Suite 822,West Sophiabury,Virginia,Iceland,ddb66640-872d-432c-aecd-c6217246392d,referral
281d1271-529f-421e-ae00-e398b98e64fd,Amanda,Stewart,amanda.stewart124@yahoo.com,097.559.2108x11254,F,1972-08-18,2016-07-10,1207 Eddie Lane Apt. 496,West Benjaminhaven,Hawaii,Hong Kong,0e459ae3-323e-42b3-a660-69faaef7b7da,referral
bc72f013-8189-470a-8f79-9d56a79432ad,Andrea,Horne,andrea.horne003@gmail.com,600.300.0150x0179,F,1988-04-20,2014-01-19,2123 Myers Field,West Aaronville,Pennsylvania,Bermuda,45106086-ea60-4ee1-b598-13b37c8e6aec,referral
eb929dc5-c68b-4402-878e-8cbf0f6292da,Meghan,Frost,sean.robbins535@hotmail.com,275.276.5852x01711,O,1987-05-02,2015-05-27,74224 Paul Parkway Apt. 602,West Claudiafurt,Texas,Romania,98b12ef5-486e-48fb-9531-992621f92965,referral
d2c0bbb1-828b-4ac7-94f8-02790af2cac7,katherine,AAddaams,katherine.adams289@yahoo.com,733-392-8948,F,1969-04-14,2023-12-26,031 Vargas Hollow Suite 731,West Kimberly,New York,Taiwan,2677cddd-ae9c-4763-b6b3-98c04e04ef01,referral
28cda5f4-e2cf-43d2-a36b-09167f596ba2,Annette,Stokes,annette.stokes652@yahoo.com,+1-453-334-7401x3836,F,1956-03-20,2023-12-04,0981 Padilla Street Apt. 619,Lake Evelynchester,Ohio,Guam,6b626d3a-04f4-4b07-a611-fc4fc1911340,app
7c72661b-b2da-4b22-889b-4194a3318af7, Tyler,PPoowwell,tyler.powell133@yahoo.com,6303284823,M,1986-12-29,2016-03-04,815 Sarah Center,Kimberlystad,Massachusetts,Norfolk Island,00c894cb-aece-4d1d-9dea-f9daf945b03c,app
1ea00ff1-7799-4950-afa6-769589df962c,Emily,Flores,julia.mathis955@hotmail.com,+1-447-729-3858x1704,F,1958-04-13,2017-06-19,059 JACOB GLEN SUITE 314,Jonberg,Connecticut,Canada,0785ab3b-c25a-483b-8407-c9e67ccccbd8,app
94e94578-aaa5-46bc-911f-5a7a7668e3d8,Christina!,jACKSON,christina.jackson420@yahoo.com,018-016-9438x156,F,1970-10-20,2021-03-02,180 Warner Canyon,Bowentown,Wisconsin,Comoros,c10780af-7079-45e3-8d3f-f90a63ff04e9,app
15da168b-b5ab-40c7-ae17-4c2e28cdeb76,Matthew,White,matthew.white399@yahoo.com,(394)597-7924x199,F,1978-11-18,2014-08-01,463 Wilson Mill,Camachofort,Florida,Chile,de47001e-72bb-436d-a769-247fd90fe8ea,web
4ade0a23-bdfd-42f6-acc0-230f53b21444,Whitney,Frazier,whitney.frazier101@yahoo.com,915.233.3309x1804,F,2005-04-28,2025-11-10,061 Madeline Rapids,Washingtonton,Oklahoma,Uruguay,37647231-743c-459c-9cad-30249101a82a,app
342ceded-8e60-4b9f-abe4-0d73b2aff6a1,Dominic,Macdonald,dominic.macdonald667@yahoo.com,(963)338-6727x18556,M,1991-12-26,2017-01-06,60449 Sheila Ports,Lopezchester,New York,Lesotho,8b57d547-d6c7-47f7-b7ac-2a9a894c3cfd,referral
0a7ac4e7-bdae-4c24-aeb0-db5584c43fe5,Sharon,Morrow,sharon.morrow502@yahoo.com,044-017-8221,F,1981-07-04,2016-05-11,5085 Jennifer Canyon,West Adrienne,Massachusetts,British Indian Ocean Territory (Chagos Archipelago),160a5b94-1a93-4618-81d1-729f23a00db2,app
e6b6c934-e966-48fb-aef0-2c8c9291747a,Debbie,Valdez,debbie.valdez506@gmail.com,(899)349-4974x21326,F,2003-05-24,2020-03-01,31089 Barron River,Michelletown,Maine,Uzbekistan,f9974a67-5938-44da-be69-124ab7d18ebf,app
5c8f9b7e-a6ad-49eb-95ed-15e6efbf01be, Tammy, Sanders,tammy.sanders354@gmail.com,+1-855-060-4557,M,1979-08-18,2024-11-06,46311 Caldwell Hill,Davidport,Georgia,Belarus,5ca61c58-48ed-4aa0-8029-1c87ae10db85,referral
4f5733ff-627b-45c7-81e0-4a0ddd932eb0,Amanda,Lee,amanda.lee215@gmail.com,137.228.9413,F,1955-03-12,2014-07-05,627 Lewis Square,Lake Kevin,Ohio,Vietnam,97bc9eb8-a9b6-4779-9a2d-96997cc956f7,referral
991dc3d3-a7fe-4807-a329-50ba3d20bcb2,Ralph,Stevens,shared1290@yahoo.com,4546822927,O,2004-09-08,2020-02-16,453 Richardson Land Apt. 019,Joshuashire,Vermont,San Marino,bf1abf1a-c7f3-48df-8207-703156760780,referral
60777db5-90e1-40cc-94e3-f7e3ea6ca939,megan,simmons,amanda.bullock420@hotmail.com,083.070.1147x81615,F,1958-12-21,2021-07-10,33159 Martinez Canyon,Nunezside,Kentucky,El Salvador,14de06e7-818e-4f86-8094-7de9c2105704,referral
18c0edb2-589c-428d-b93b-62099f4af467,Samu8el,white,samuel.white820@hotmail.com,001-393-247-3059,F,1986-04-17,2018-03-26,133 Olsen Lodge,East Joseph,Maine,Suriname,871f6fd6-8df6-42fd-a45b-f581ccf0bf7b,app
0ff6ada5-6b00-423a-a46a-0b0057b1b742,Eric,Smith,tammy.gutierrez164@hotmail.com,001-845-604-9230x13024,O,1960-12-19,2023-03-10,2235 STEPHANIE MOUNTAIN,Fernandezfurt,Alabama,Jersey,a3e8e5fb-d026-4b81-96f5-5a44253d2f90,web
6bf76de6-06f0-4b0a-9631-44d4ffba0d62,Christopher,Huerta,christopher.huerta851@yahoo.com,(962)059-8434x507,F,1971-12-25,2018-05-07,135 Mahoney Prairie Suite 736,Wheelerport,Louisiana,Mauritius,4721e0f9-99c8-4ba6-ba2c-746285269f4a,web
0c87570e-0ffd-4d96-84c0-4d7468f5723e,Steven,Bryant,steven.bryant332@gmail.com,001-655-876-2476x671,F,1970-07-07,2021-08-27,5887 Rogers River Suite 380,New Marthaville,Ohio,Sao Tome and Principe,e3570708-b261-4f76-90e2-2c594f1c6db5,web
22938031-a101-4e36-b118-9a550de16d5d,Jay,Merritt,jay.merritt708@yahoo.com,9135961783,M,1963-10-23,2014-09-25,101 Cassandra Prairie Suite 986,Paulabury,Maryland,Saint Helena,f88764fe-2d31-462f-b4d7-60f055d53d78,app
99d62538-d196-4c6c-9a00-4e4aa181c5eb,Jared,Andrews,jared.andrews483@hotmail.com,001-840-939-3625x5454,F,1979-01-12,2021-07-27,3434 Jamie Terrace,East Alexanderborough,Vermont,Chad,e641a7d2-9b1d-4e88-90b6-222daeb941d2,app
5dfc32ef-1de6-447e-ae71-999fa2fa5148,Mary,Warner,mary.warner027@yahoo.com,001-755-911-5555x27951,M,2004-09-30,2023-03-25,5355 Hansen Courts Suite 792,Harrisburgh,Nevada,Heard Island and McDonald Islands,bc7990e4-0b27-4c26-ae0b-3054e7e98677,referral
4e28e07f-9760-42e8-9a0d-62c9769241f8,Brian,Clark,brian.clark476@hotmail.com,402.155.0128,F,1998-11-28,2018-04-04,57658 Mitchell Way,Robertfort,Washington,Mozambique,aa7f8feb-86bd-4238-b6aa-c26a790b8448,referral
213b58cf-4d53-4dc5-9dd4-93ae64838877,Maria*,wILSON,maria.wilson120@yahoo.com,+1-423-485-5985,M,2004-03-20,2024-09-18,4399 Jared Center Apt. 890,Port Sierrachester,Colorado,Burkina Faso,d2ec14e6-ce66-4acc-9ebf-05a03351cc57,web
a708d9df-40b9-4f38-93a5-0bfdc725d4a3,tINA,BBaalllard,tina.ballard005@yahoo.com,+1-753-433-5237x6563,M,1977-08-11,2016-10-12,2288 Norris Shore,Liuville,Arizona,Reunion,76111f77-9b36-4a90-a246-4687fb32ab40,app
65b1a0e8-ddf9-46a4-978f-fd5dcc0cc702,Bobby,Brown,bobby.brown456@hotmail.com,028.526.4859x0732,M,1966-09-18,2014-05-05,409 Elizabeth Greens,Fisherview,Oregon,Brazil,d3aeff2a-10a7-44e3-824f-fb29c53cb52c,web
39be997c-6ea1-448e-acef-5d3deb633278,rachel,Leonard ,rachel.leonard297@gmail.com,272.677.3085x572,M,1985-01-27,2021-08-17,82815 Maria Rue Apt. 225,East Cherylbury,Nebraska,Lao People's Democratic Republic,12090cd3-4575-4807-abcf-98e2097cf3e9,web
66954447-bf5b-4c66-a1df-4d81ddd75b5a,Anita,Sparks,anita.sparks070@hotmail.com,165.024.2533x2745,M,2007-10-23,2025-03-13,99382 Aaron Plains Apt. 717,East Heather,South Dakota,Qatar,5c352f7c-7a22-493c-91aa-385029e74199,app
785e3afe-4a13-4374-8124-1d4e266cb42c,Zachary,James,zachary.james800@hotmail.com,+1-877-941-8158x20139,F,1994-12-25,2023-06-04,93201 Matthew Ridge,New Wayne,Wyoming,Northern Mariana Islands,5e936c6f-bb8b-41e9-879d-6e0ded80e696,referral
cba8efb2-59b2-48ee-82e2-541f29e95405,Elizabeth,Carter,elizabeth.carter539@yahoo.com,001-715-899-9961x533,F,1962-04-29,2022-10-08,927 Leslie Center Suite 565,North Amanda,Virginia,Tunisia,85fb0942-ae49-4dfc-b172-f90897abeffb,referral
32a3d75f-af45-49b4-82eb-71c01b11f8cf,Gary,Williams,gary.williams872@gmail.com,(223)000-5910x7601,O,1971-04-17,2020-11-18,19729 Victor Mews,Hernandezfort,Montana,Cameroon,f3d19e65-6b8c-4a1b-872c-7c20daf3c8a4,app
17ae7cf1-c171-4dc6-aa64-71ba9f2435c4,Charles,Hendrix,charles.hendrix185@yahoo.com,(780)078-9233x9781,M,1979-02-15,2021-04-19,5277 Michael Harbor Suite 105,Holdenton,Vermont,Nepal,b438d325-90b1-44b2-a248-a81005d56bbe,web
06345279-6eb7-4680-8a78-48c0a86bb816,Julie,Holmes,julie.holmes393@hotmail.com,(314)702-2443x52292,M,1959-07-24,2016-11-01,56252 Sullivan Way,Cynthiahaven,New Jersey,Congo,fc032a11-dd75-465b-b85d-1c13888549ea,app
58e70d03-b2dc-4eb3-8aaf-ce3014bb8a8c,Jodi,Navarro,jodi.navarro504@hotmail.com,600-366-9985,M,1956-05-17,2019-12-04,3878 Graham Squares,Hoffmanville,Rhode Island,Puerto Rico,2f13da35-0f77-4b77-9c41-4ff25b8ebc01,referral
ab16b162-f005-40c1-89df-47fe2aa36750,Amanda,Miller,shared1703@gmail.com,657.934.4813x51448,M,1978-04-28,2015-05-06,6178 Medina Well,South Howardside,Arkansas,Jersey,44fc809a-e148-42e6-b5c6-72cd856a458f,app
2d2dc5e7-a293-4238-b01b-9404727c891b,Timothy,Carpenter,timothy.carpenter225@hotmail.com,896-840-8047x0020,M,1978-07-15,2019-12-14,78178 Henderson Crossroad Suite 065,West Deborahtown,Maine,Iceland,2ac76702-b6fe-4eac-8472-a0041b556633,app
877367c0-4fcb-4ac4-97d0-a05b0c9ab61d,Lisa,Rodriguez,lisa.rodriguez396@gmail.com,001-921-401-8487,F,2005-05-12,2014-08-15,7633 James Islands,Lake Jamie,Nebraska,Japan,ac28cc51-fab2-4a26-8f67-e0f58ae88898,app
8e366c9d-f152-43d7-b69f-be4d5898b121,David,Barron,david.barron872@gmail.com,(592)215-7697x91912,M,1986-09-03,2024-02-14,613 Hamilton Valley,Port Desireechester,Washington,Maldives,237ca1cd-81e3-4e29-a851-50dc50389f4d,referral
75794483-cb82-4fb6-8562-76b615d5c1e9,Becky,Kelly,becky.kelly103@hotmail.com,259-189-2346,F,2003-09-10,2017-04-08,9642 Park Expressway,Port Jamesshire,Nevada,Honduras,a017dde2-1242-4b27-b78d-11670fadd908,referral
e45b7998-349e-4079-8738-a0d409cd4293,Timothy,Wright,timothy.wright077@gmail.com,(915)683-0287x44462,F,1986-08-14,2022-05-21,69988 Arias Mountains,New Shannon,Georgia,Switzerland,6bd61659-95f5-4aca-9031-4698504674aa,app
b78cc66c-2033-4422-a13a-a8970b93146d,chad,johnson,chad.johnson837@yahoo.com,(295)426-3883x8117,F,1959-09-23,2020-10-16,94614 Kristi Squares,East Christopher,Georgia,Moldova,8924c48e-f28f-4982-af9b-803e89a80f4a,app
d5c90198-d2b2-4707-8d12-5e82860214be,Gregory,Jackson,gregory.jackson626@hotmail.com,4150330685,F,1958-04-03,2022-04-11,0705 Melanie Neck Apt. 379,Jonesburgh,Oklahoma,Suriname,d83d04f6-ce88-4457-bc15-90c8040fc8e6,app
818e7020-c8b8-45d4-a1ac-eed8bbbb2ba0,Larry,Shea,larry.shea080@yahoo.com,817.472.5940,F,2003-05-09,2025-11-30,307 Anne Crossroad Suite 124,Christinamouth,Virginia,Christmas Island,199eb5f4-740c-4e54-8655-be9e2820c13a,web
202f6005-d6de-4cbb-898c-bd53a5ee631f,Robert,Newman,robert.newman686@gmail.com,376-382-3879x32636,M,1957-11-29,2014-02-13,695 Gary Mission Apt. 863,Burtonchester,Maine,Antarctica (the territory South of 60 deg S),68b1bb7c-75bf-4900-b9d2-105bdd95e444,web
57d288f1-393c-41db-bed4-c25a053ad323,Michael,Taylor,michael.taylor886@gmail.com,365.784.4331x541,M,1975-10-17,2021-06-11,77352 Heather Way,Adamsmouth,North Dakota,Brazil,762c5cb4-ce4a-4482-ac82-890220618a41,app
d9a8cd98-a1f7-41e5-a5a8-86720433e876,John,Hunter,john.hunter079@yahoo.com,(709)767-0983x7018,M,1977-02-01,2020-12-12,62219 Hooper Canyon,Port Angela,Montana,Timor-Leste,f0193109-7c0c-4b1f-a422-4cff2df0f6b6,app
a5ba78bc-3e77-4ed3-a048-3440ee8a5fc1,mEGAN,higgins,megan.higgins516@hotmail.com,956-693-6873x4774,F,1996-07-10,2018-12-19,4180 Sandra Spur Apt. 588,South Lauraside,Maine,Gambia,401bc43f-d270-4783-8e98-5544719a7376,app
6ef01243-18ef-40a9-8ff3-3e1920685ea5,Regina,Kelly,regina.kelly727@gmail.com,001-354-096-9490x54801,M,1994-01-12,2019-04-08,050 Brett Trafficway Suite 188,Lake Evan,Nevada,American Samoa,c4e6017c-7bbc-47da-8b45-9aa5ac1464ce,app
e21a2a00-4abf-4801-878e-99c52810f340,Spencer,Hudson,spencer.hudson259@gmail.com,+1-975-056-0009x1539,M,1992-02-28,2023-04-30,86525 Gilbert Oval,South Desireetown,Ohio,Israel,4d2b5209-88ae-4c77-b374-12699cffa19a,referral
b1e11865-c722-4803-9026-3d3cad8f0feb,Shannon,Smith,shannon.smith298@hotmail.com,393-138-0156x22188,O,1965-02-09,2025-06-19,481 Natalie Ferry Suite 884,Francisstad,Oregon,Tunisia,b0580ca8-07b2-4cfb-acb5-4454f619a1e7,web
73944de3-dbac-4ffd-bc85-041fe3b831aa,Patricia,Mitchell,patricia.mitchell999@yahoo.com,433.412.4043x141,M,1998-04-15,2024-09-01,496 Rogers Hill Suite 184,Lake Rhonda,Oregon,Honduras,22f11cd4-e09e-47aa-9cb9-25648873705f,web
96fcfa41-0173-427c-8809-05d0d70de8db,michael,WWiillson,michael.wilson741@yahoo.com,3893316577,F,1959-12-16,2021-01-28,4995 Smith Row,Mendezchester,Kansas,Cambodia,cf0f4697-0338-41a2-8eae-492b831c1507,web
2b94cf4f-87a8-476c-8da8-b52b24472450,Jerry,Jackson,jerry.jackson971@hotmail.com,+1-721-797-6048x6756,M,1987-08-22,2015-07-03,08974 Robert Mount Suite 336,South Ryan,South Dakota,Luxembourg,c269af31-83af-4692-98b2-cd7c3151026e,referral
8c382640-902c-4d4e-8c66-c92bae4036c0,James,Harvey,james.harvey293@yahoo.com,221-363-1120x213,F,1976-03-04,2019-09-19,2430 Sheila Flat,Lake Donald,Nevada,Czech Republic,a5b96ba4-568e-440a-af6e-5e3094e0ee44,app
fa13bc35-2f67-43af-b483-1dc510ea90f5,Cynthia,Stark,cynthia.stark376@hotmail.com,001-189-607-6343,F,1973-02-21,2016-03-02,8277 Villanueva Dale Apt. 735,Jennifertown,Nevada,Western Sahara,877b150d-f109-4066-b829-8405a3b88055,app
3cf1f564-6bf1-41a6-a98b-283ef68b0c89,Mary,Jones,mary.jones664@hotmail.com,(154)482-4338,F,1963-09-15,2016-03-14,33275 Jennings Meadow,Williamsport,New Mexico,Mexico,4be7679a-f949-4626-85e0-8e3084958aee,web
f457cb0d-ffc3-47aa-bd68-7e9e3dc8c599,David,Taylor,david.taylor133@hotmail.com,141.116.6920x89491,F,1990-10-04,2021-08-04,9187 Benjamin Lake Suite 600,Hopkinsborough,New Mexico,Bosnia and Herzegovina,e0f4e6d6-2df2-45b8-b48f-380dbf4a905e,app
3d612a2a-810d-4358-83a6-eeabf317c539,Ryan,Hill,ryan.hill549@yahoo.com,204-854-0618,M,2006-07-09,2025-03-22,74391 Sharp Islands,Guerrerohaven,Maine,Paraguay,8547c157-4a8b-42d7-8d4e-71459e750f15,app
d61d5c83-0dfc-4f40-a25e-eeadf95594a3,jeremy,MILLER,jeremy.miller517@gmail.com,001-908-910-7235,M,1959-10-12,2020-07-17,8943 May Squares,East Rogerbury,Rhode Island,Cape Verde,0b4f443b-a7b7-4b2e-ba0d-5c1385374bbe,app
80b1e375-a6b2-44d4-9d96-12b60f335b9e,Paula,Wang,paula.wang232@gmail.com,292.311.6987x33869,M,1961-11-10,2017-08-06,9020 Shannon Fort,Tylerburgh,Nebraska,Switzerland,c8c69496-bd54-4e28-bc1f-44053aa0a9dd,app
9f275d01-f8b4-4fac-b009-0e7575b6f5e4,John,Hardy,john.hardy286@gmail.com,001-925-109-7826x493,M,1966-05-24,2018-12-09,56488 John Crescent,Robersonfort,Arizona,Congo,90bfe8a6-a482-483d-9d32-3d24b0c61170,web
3e6d66a9-5844-40a9-b516-015bbaaf8ec1,LISA,Blai5r,lisa.blair085@hotmail.com,+1-894-490-9607,F,1995-01-12,2019-01-02,75239 Mark Centers Apt. 023,Lake Dennisberg,New Mexico,Honduras,ff2e3244-d384-425b-964b-705ba806e92f,referral
44c6c096-32a7-464d-b3ae-d78aa10e2d2f,Stev4en,FREEMAN,john.carrillo434@hotmail.com,(349)386-3010x188,M,2004-01-13,2017-08-25,89697 Wang Fort Apt. 792,Cordovaberg,Wisconsin,Liechtenstein,86ebe8ef-556d-480b-a37c-84623d6a7bc8,web
88e65145-fb80-430c-bd0d-0da778c0b3da,Caleb,Perez,caleb.perez191@hotmail.com,(845)383-2621,F,1989-07-14,2022-11-13,1312 Smith Motorway Apt. 512,West Jose,South Dakota,United States of America,b5140082-7c67-42fd-8c2a-e9089fb3b4ea,referral
8a9382ac-e8c6-4d56-8354-bee26715814e,Gregory,Moore,gregory.moore254@yahoo.com,(076)810-8131x750,M,1970-11-04,2019-02-08,26838 Heather Walks,Russoborough,Washington,Tajikistan,84eb8caf-fb40-49a7-91d7-5b4db4004661,web
64a3b9bd-ff24-4736-8e6d-d88029ff46d9,Frank,Hernandez,frank.hernandez293@hotmail.com,+1-649-945-9153x772,F,2005-02-22,2015-02-27,0816 Cox Station Suite 987,Denniston,Massachusetts,Equatorial Guinea,2816d4ad-4d8c-4577-9e96-0ec6bd54bdeb,web
5dff1c1c-8fb4-47cf-99af-6c95912d89be,Caitlin,Gregory,caitlin.gregory778@yahoo.com,343.077.9630x9220,M,1973-12-22,2021-06-16,5285 Daniels Drive Suite 290,West Melissa,Tennessee,Palestinian Territory,adcce1fc-bd9f-41ab-8506-667d11f64fbc,app
64893ff2-491a-4571-8046-8fd3ad6124d1,Samantha,Harrison,shared1300@gmail.com,763-276-9037x880,O,1976-06-09,2024-01-05,1570 Patricia Landing,Burkeside,Alabama,United Kingdom,d8d1cf09-3e64-43a5-b35f-c46816fdb394,referral
87198824-e85b-4e56-bdf6-795b433166e3,Amy,George,amy.george319@yahoo.com,899.917.6444x966,M,1960-08-13,2023-04-07,0460 Mccormick Manors,Danielleborough,Alabama,Bahamas,0685578c-63e9-4939-848a-0f393b597095,web
60b53078-eff2-434e-bab6-5656c688e0bc,Cody,Wise,cody.wise753@hotmail.com,991-916-0578x0708,M,1957-02-20,2015-01-11,237 Mackenzie Trail Apt. 887,East Randallstad,Rhode Island,Slovenia,473e1fcc-8a2b-499c-b998-e186e9ed2336,app
49dedc4f-2abd-4ed4-a575-eb44f18f5cca,oscar, Wolf,oscar.wolf385@yahoo.com,(494)646-0112x74427,F,1964-12-04,2018-07-16,20685 Burch Cove,Beardport,Oklahoma,Niger,982cde3c-1219-4016-91ff-0001d8506ebb,app
81008699-c0d9-4e96-aeed-b4d13b53e10d,RReebbecca,JENSEN,rebecca.jensen304@gmail.com,217-570-0748x551,F,1975-07-05,2024-04-23,014 Cristina Trace Apt. 161,Dennistown,Alabama,Mauritania,8f1b377b-dd0e-4fb7-8939-56013ade17c0,referral
ae5bd24b-00a5-4da0-a2c0-d0d10be7fed4,TTiimmothy,LLuuccas,timothy.lucas060@gmail.com,361-431-9417x602,M,1970-12-16,2022-06-25,1788 Nelson River,New Luisborough,Ohio,Holy See (Vatican City State),a73ac6ee-305c-4b2e-90d8-d572ed9370d4,web
2c98dc6b-7f96-4c4a-84e1-4a330095a0a2,Ju0stin,Allen ,justin.allen547@hotmail.com,6143484264,F,1989-08-20,2020-08-15,83399 Lawrence Coves,Tommystad,Delaware,Ireland,f0c9f562-a603-4e40-a85f-3d404460c41f,app
0a4d621c-b80b-4a8f-a7c8-400159621b1b,Tanya,Miller,tanya.miller338@yahoo.com,614.081.1145x25534,M,2003-10-15,2015-04-20,892 Timothy Union Suite 700,North Jonathanside,Alabama,Antarctica (the territory South of 60 deg S),c3d54225-4e75-4aa5-8454-ffe3a274a31c,web
69ef5d0c-5a2f-4abd-9cf9-189930f1601f,William,Dixon,william.dixon552@hotmail.com,+1-390-324-2760x547,F,1958-11-08,2016-04-10,0507 Knight Cliffs Suite 000,North Kristiview,Hawaii,Northern Mariana Islands,b9d99e31-dc29-440b-878e-2c689d1d3518,web
d2f05957-5a8f-4c1c-aea2-b7a04906b579,Michelle,Taylor,michelle.taylor897@yahoo.com,001-315-389-4450x050,F,1964-08-19,2018-11-19,70562 Boyle Dale,West Hollyville,Oregon,Pitcairn Islands,6614306c-9e48-4b11-b8cc-c1d93839315e,app
fffe23af-9929-486c-88b4-4b62e2433502,Tyler,Obrien,tyler.obrien191@hotmail.com,+1-627-803-6863,M,1990-02-06,2023-08-07,308 Christine Rue Apt. 470,Collinsburgh,Texas,Sri Lanka,983a594c-ff8b-47ca-81d5-f657f3a02ff5,app
eb10f807-ba43-44e1-a760-f3853bbf3006,ASHLEE,Phillips ,ashlee.phillips081@gmail.com,551.730.4919,F,1976-12-30,2023-09-29,36534 Erica Springs,Raymondborough,Georgia,Trinidad and Tobago,74c268e0-7193-41eb-a9b5-4c5774257e15,web
58548a07-d0d1-4636-925c-83597f6a25e5,Douglas,Lewis,douglas.lewis835@hotmail.com,938.949.9816x478,M,1995-02-02,2017-10-12,56566 White Heights,Matthewmouth,Arkansas,Anguilla,3660ddef-29aa-487a-aa86-c94c141d0d70,referral
fccc3f41-9576-43d9-9b5c-95b73d5a4e71,SCOTT,Lo9pez,scott.lopez040@yahoo.com,(619)680-8388x82073,M,1963-06-30,2017-09-09,44361 Williams Prairie Suite 889,Lawrenceville,Tennessee,Saint Helena,0f63d420-b6aa-4b73-b413-b1a960418459,web
3622fcb4-b301-488b-8f8a-54aad05af7ec,Wesley,Paul,wesley.paul796@yahoo.com,001-663-470-9907x772,F,1971-06-08,2016-02-29,85355 Castaneda Lodge,Port Maryhaven,Virginia,South Africa,1899c127-12af-472a-b6c2-2f6eb821ef56,referral
36a300df-166f-49b8-a797-f8c7e91c54fc,Timothy,Davis,timothy.davis525@yahoo.com,910-763-8352,M,1995-12-17,2023-09-30,002 Thompson Skyway,Perezfort,Hawaii,India,ee088a82-e351-45e1-8fe0-05e3d47847b7,referral
135fc039-398b-4639-a8cb-a0a6ce19e0a4,William,Day,william.day606@hotmail.com,001-603-415-7879x6227,M,1966-05-04,2024-04-14,36840 Tyler Springs,Kaylashire,Alaska,Cameroon,25dd8e70-1c6c-40b3-bc48-ab2702d2d78f,app
df8a55ec-3a13-4e85-9ab6-2074cdab540c,Susan,Lambert,susan.lambert334@yahoo.com,178.580.3052x449,M,1966-08-07,2024-02-01,071 Caitlin Mall Suite 212,North Jill,Mississippi,Benin,f4741b25-2870-4846-b3cf-099c8a34f743,referral
47cf3036-ed7c-4259-bc9b-92fcad598203,Penny,Hayes,penny.hayes654@gmail.com,215-996-6078x03624,M,1985-10-20,2021-01-19,31895 Alvarez Islands,Lauraview,Florida,Saint Pierre and Miquelon,fc8dd44c-5af0-44f9-804a-fded366ca4da,app
abf9f5a4-18de-49e7-8989-97cdd149c09d,Christina,Mccarthy,christina.mccarthy217@yahoo.com,001-863-248-6545,M,1956-12-17,2020-07-31,355 Christopher Falls Suite 782,Cristianburgh,Iowa,Bhutan,1e28803e-296a-4740-878d-85c9fb02f5d4,web
73af1809-fc84-4635-bfb5-2e2912074e1d,Jessica,Smith,jessica.smith827@yahoo.com,430-891-4625x24728,O,2003-11-14,2016-07-01,10533 Timothy Square,Davidhaven,New Jersey,Azerbaijan,7d01dfdd-9508-4a7e-94c6-9cf363c4f1b9,web
1d5a3844-f2c2-4e51-b99c-102f2ec1c9d2,Daniel,Gibson,daniel.gibson998@hotmail.com,001-101-699-6014x1873,F,1956-01-10,2014-08-20,6347 Matthew Brook,Port Kellyport,Michigan,Uganda,9619b862-eb6c-43ee-ab3f-9a2d9319c992,web
5b185bdf-cb1b-4821-8dd8-92276fec26c2,Jason,Stewart,jason.stewart223@hotmail.com,(152)920-6703x081,F,2006-02-28,2018-05-10,489 Smith Village Suite 430,Matthewland,Vermont,United Kingdom,05020c07-4026-4963-a46a-3ebcb8a61ef3,web
71f8d9e8-6588-4511-bb6a-77bec5002ca9,Makayla ,PPhhiillips,makayla.phillips518@hotmail.com,+1-981-782-6416x368,M,1968-04-18,2024-08-06,350 Keith Ford Suite 125,Villanuevaberg,Georgia,Slovenia,0013ceb5-1f12-4a68-9778-b8334d58e979,app
8c99cdf7-9963-4dc4-8698-eaff9d4af4cf,Christine,Booth,christine.booth417@hotmail.com,001-989-177-0192x843,O,1963-07-15,2014-07-30,089 John Garden Apt. 141,South Johnland,Nebraska,Peru,4ac25448-428c-4704-ad06-2f3d693068d6,referral
16f505ed-a3ba-4e50-9d19-abb3b9ceddab,NATALIE,ruiz,natalie.ruiz281@hotmail.com,901-086-9046,O,1994-06-10,2019-08-14,77126 Richard Stream Apt. 465,Jacquelineport,New Mexico,Central African Republic,62210a6f-bb1a-48e8-a62d-c3adaa2f463b,referral
94a383ca-7010-4607-8212-ee8153d08ccd,Michael,Walters,michael.walters064@yahoo.com,001-496-565-3460,F,1994-04-23,2019-09-21,7134 Lynn Stream Suite 975,Shawburgh,Louisiana,Armenia,8878536d-269d-46db-9993-9f434efb3067,referral
cb544719-a2f1-4e4a-b3ad-ccfa685b69f4,Jennifer,Jackson,jennifer.jackson238@hotmail.com,420-149-6603,F,1956-12-01,2022-08-27,04089 Patricia Parks Apt. 817,New Nicoleview,New Mexico,Saudi Arabia,5c242fae-7abe-4bbc-9958-b7c8d2879736,app
4c0ca53b-a9e2-4393-81e7-c9c21d39ace8,kyle,SSaauunders,kyle.saunders276@gmail.com,+1-642-757-2069x14115,F,1986-07-16,2019-05-12,91652 Teresa Walks Apt. 037,Michaelton,Alabama,Slovakia (Slovak Republic),44cbf6d8-0fd9-45f7-a8c4-07e805ce1fc1,referral
25d2b5e7-3e1a-45dc-8284-5bdc0575fdea,Jeffery,Lewis,jeffery.lewis766@yahoo.com,(264)606-7056,F,1961-02-15,2016-01-17,1132 Davis Landing,Port Joshua,New York,Georgia,a6d582e8-9ffc-4cf8-85f3-39712fcef012,app
619801bf-24cb-43d8-a08f-14329c98fadc,JJaammes,GGeeoorge,james.george743@gmail.com,708.982.8426,F,1976-05-24,2020-04-04,44926 Kara Coves,Davisview,Arkansas,Albania,b9ad83a5-8eeb-433e-a39f-c96b03c089db,referral
16f17dab-6064-4907-8307-23294c6c0466,Brooke,Brown,brooke.brown225@hotmail.com,+1-794-018-8757,F,2003-06-14,2014-09-11,8990 Megan Cliffs,Cervantesbury,Washington,Chad,cc79e294-833e-485c-810b-42aec0f4e65d,app
cce5a4b3-f2f9-440e-bd8b-df37f1e2b332,Cody,King,cody.king403@hotmail.com,001-592-418-6585,F,1983-06-12,2018-07-13,577 Edward Path Suite 525,Ritabury,Maine,Hungary,fa37b2ce-c6e3-4218-9c38-08cb0cd868db,app
128079e6-2e4d-4a31-baf4-ca6c7cce2b1b,Mark,Tran,mark.tran514@hotmail.com,+1-870-192-4667x530,M,2001-05-12,2024-07-25,2360 Samuel Cape,West Patriciabury,Louisiana,Cyprus,40dc5600-7af9-4400-85ca-b95bfc48efb6,web
ac1bcb83-133c-4f0e-939e-1a67c09fc4b4,Laura,Brown,laura.brown277@yahoo.com,098.487.6679x16131,F,1992-01-12,2025-05-25,5543 Mueller Forges,West Kimberly,Montana,Saint Helena,e96124bd-f406-4b05-89b3-8166bdfa3085,app
fb06c9fc-8014-4807-ab1e-4fcc73e19ff7,Cindy,Mack,cindy.mack021@yahoo.com,191-506-0432x50926,F,1985-04-03,2022-11-11,3220 Blake Glen Suite 572,Stephanieview,Connecticut,Burundi,396204d2-65eb-4415-85e0-4f81f14a87f6,web
c1220b98-9aab-491e-aeb9-94645cd1a071, Jermaine,sHAFFER,jermaine.shaffer813@yahoo.com,(319)438-0465x7099,M,1978-10-15,2014-06-05,4614 Cervantes Curve,Andrewmouth,California,Comoros,65a531c5-2d5b-4b76-a719-c6d5e2a3035f,referral
4244c20a-eb62-4957-9bf6-0afeb7182d95,Brandon,Fernandez,brandon.fernandez371@gmail.com,+1-115-133-9134x9264,F,1962-03-13,2025-08-08,0969 Bethany Parkways Suite 076,Gutierrezburgh,Pennsylvania,Norfolk Island,22cea71c-6bc7-4275-b00b-a556fffe5cb6,app
9c7ccc94-74bd-4f14-aab9-844354d22419,Larry,Gonzalez,larry.gonzalez198@gmail.com,420.651.6383x25426,F,1975-04-21,2019-04-12,80631 Molly Meadow Apt. 064,Halechester,Washington,Moldova,8e2bb302-1742-42bc-b8ec-d390a7c63776,web
6745d1fa-0518-4fe2-bc3d-b60c51d3caf4,Christina,Lynch,christina.lynch932@hotmail.com,+1-627-009-4968x68972,F,1965-11-27,2018-05-21,07504 Evans Squares Apt. 432,Port Crystalmouth,Texas,Liechtenstein,05b8132e-a851-4936-8ed8-17e7e59f9440,app
798808fd-a1ba-47ca-b33f-5db222fe0b79,Rachel,Shaw,rachel.shaw262@gmail.com,(392)343-0594,M,1982-04-09,2023-10-28,915 Wilson Burgs Apt. 031,Lindatown,Nebraska,Anguilla,b63f2a54-8e22-485f-beac-ff88ed884474,referral
8a53c279-920d-4b92-aa53-f8670e9f050f,Stephanie,Johns,stephanie.johns047@gmail.com,(335)196-5339,F,2003-12-29,2017-03-19,64761 Baird Fords,Austinville,Utah,Nepal,1dd862ff-979b-4b58-8378-f6a598801750,referral
536370b4-264f-49d9-9421-a0a29df3c406,Charlene,Pierce,charlene.pierce995@gmail.com,437-723-6211,F,2006-12-28,2014-02-01,208 Turner Glen Suite 325,New Christopher,Texas,Macedonia,9245121f-386c-4d3f-a1ff-061d7fe8b397,referral
43d4b3a7-1be1-48c2-ae1c-80456cc3c1f8,Aaron,Sanchez,aaron.sanchez135@hotmail.com,131.277.1652,M,1983-07-14,2019-08-19,5326 Jennifer Center,Patricktown,Hawaii,Kuwait,ac8bcd22-24a2-4549-946d-22763328fe5d,referral
c079451c-d333-43a5-a7e3-74b9f21adffd,Natalie,King,natalie.king132@gmail.com,001-807-970-0198x0443,O,2006-02-03,2017-07-09,23524 Charles Street,Deborahfurt,North Carolina,Guinea,ae5daefb-c09f-4535-bbee-c608759b5926,referral
b1c4d053-391b-439a-b3fd-8457d1b27fb0,Kim,Sloan,kim.sloan985@gmail.com,242.444.9146x46178,F,1979-03-02,2023-01-23,980 Berry Crescent,Stephaniemouth,Louisiana,Papua New Guinea,4860e497-2192-466e-ab9f-80322a584f0b,web
bb7006b7-acd4-4c15-958c-955533f27ea3,Edward,Pratt,,735.921.6513x683,M,1985-11-14,2016-08-24,00066 Wanda Mountains,North Ronaldburgh,Nevada,Colombia,a4b26e49-9a1f-47cb-85dc-433b1e0c2ee3,app
2abe8dbd-86b4-4ef7-ae3a-3aeeef668880,VANESSA, Garcia,vanessa.garcia135@hotmail.com,+1-153-722-9998,F,1967-08-19,2022-05-17,179 Alexis River Suite 099,West Laurenside,Utah,Liberia,f99d7802-9647-475c-add1-759a3f4b11ab,referral
5db28ea7-5e58-4d82-9d3b-c68eea68abfe,Kat6ie, Collins,katie.collins134@gmail.com,123-265-8727,O,1971-01-18,2015-10-27,8562 Timothy Inlet,Mathishaven,Wisconsin,Guinea,0c69256e-8a86-424f-8e9c-1870f02f0a06,app
19e96757-bb33-453c-a56b-4fd9f76a8836,Gina,Garner,gina.garner128@gmail.com,(103)066-3553x77683,O,1978-11-15,2023-12-18,18135 Christina Key Apt. 523,East Jessicaton,Delaware,Anguilla,950f6e5e-d5c1-4515-88c5-f88fd9d37f2d,referral
255c476d-74ae-47d5-a5ef-0d843052ef01,Theresa,Miller,theresa.miller225@hotmail.com,077-767-3017,M,2005-07-26,2014-03-22,2305 Collins Square Suite 961,South Kelly,Alaska,Canada,15973562-45b2-42ce-a1ad-a4e54f2769cc,web
0c07a98a-fc16-4900-8523-46e451078454,David,Fisher,david.fisher878@yahoo.com,662.981.3916,F,2001-09-20,2022-07-15,69782 Michelle Summit Suite 981,Morrisview,Massachusetts,Mongolia,31ec7d07-5e35-47a3-b7cf-ff6205818a24,referral
4f6167e3-795c-4c8c-935b-4277b6b5ab51,Steven,Russo,steven.russo187@hotmail.com,+1-479-730-2171,M,1973-07-15,2023-04-22,137 Huff Heights,Whitneyfurt,Connecticut,Australia,4c59ffdc-25bb-4a07-a391-87bb173697f1,app
2911f6c0-0779-4585-a7b7-8a827137a962,Brandon,Alexander,brandon.alexander119@hotmail.com,265.892.8122,M,1965-12-01,2024-02-03,9497 Jennifer Grove Suite 813,West Christopher,Nevada,American Samoa,40144226-f7aa-4147-a78f-2275975d53bd,app
8a21fa97-b5f5-40ca-99c3-37e5045df07f,Lauren,Graham,lauren.graham091@gmail.com,577.664.6989x076,M,1993-07-19,2016-10-17,177 Debbie Forest,West James,Texas,Italy,61696ed1-1a47-40ab-b7fc-61d5b64f8892,app
ef723789-19e9-4392-b2c0-09df4a1b4262,John,Jackson,john.jackson649@gmail.com,945.803.2295,M,2005-02-16,2015-11-21,44926 Richard Spring Apt. 148,South Jillbury,Montana,Korea,bc4ccba5-0945-4352-baf0-9874e8123000,app
6037bd0c-f2a5-4288-b3e4-ac8afcd80022,Joshua,Sanchez,erin.burns810@gmail.com,(207)770-4757,M,1984-05-14,2015-09-22,71706 Ward Oval Suite 959,New Curtisland,Rhode Island,Saint Martin,23df3ba3-decd-4f1b-a3d4-6311f3f4a8e6,app
d25e0264-e5a2-480f-93a1-96a27496c0d6,Preston,Perry,preston.perry213@gmail.com,2356304329,F,1977-07-05,2020-06-03,136 Chloe Gateway Apt. 811,Port Christopher,Texas,Vanuatu,e716fd35-cc3b-4af4-a5e8-0026ff5ebcb3,web
9366e47f-b958-463d-be9c-79a33541a961,William,Johnson,william.johnson626@yahoo.com,001-545-838-1207,O,1971-11-26,2017-03-30,00176 Taylor Ramp,East Jessicaburgh,Maine,Thailand,c85463f1-934d-47f9-beb6-cfb73e309d29,web
a2aa61a2-a48b-4b16-903e-beb85b9ec1ec,Joshua,Wade,joshua.wade915@gmail.com,001-829-306-9772x52693,F,1961-06-10,2023-09-20,886 Shelby Lock Apt. 438,Kellychester,Tennessee,Macedonia,d4075ed7-4339-4aa3-90d8-48e25d85ce16,app
0f0154f3-7ce4-4a71-993d-636bb8d9eb23,Joseph,Gates,joseph.gates251@gmail.com,+1-061-175-3559x7355,M,2003-08-23,2018-06-04,1872 Beck Islands,Harmonstad,Kentucky,Colombia,5224c460-ba63-481d-a82d-8a72125acf33,web
aaa59138-0259-4f28-8668-b8cabbaa0435,AAmmaanda,wOODS,amanda.woods136@yahoo.com,(863)571-3185,F,1960-02-20,2023-03-26,68843 Chase Tunnel,Lake Thomasmouth,Michigan,Puerto Rico,3fec6bad-2506-43ca-b1c5-be1666597358,web
5b63cac3-f185-43bc-a2c2-0e585f7b8121,Derek,Hudson,derek.hudson534@yahoo.com,362.745.4386,F,2007-06-22,2022-07-10,628 Scott Mill,Amandastad,North Carolina,Palau,900b2127-e973-4755-b340-a1136a9b9ae5,app
031993f7-479b-4631-8cfd-440e989974f8,Michael,Barrera,michael.barrera372@gmail.com,001-691-742-2143x913,F,2002-03-28,2018-12-08,1781 Phillips Mall,New Adam,Ohio,Falkland Islands (Malvinas),0ea0bba2-2d83-4874-87d1-b0b86a3020f5,referral
c21132bd-4895-4b55-b9dc-016586646b84,dANIEL,dAVIS,daniel.davis609@hotmail.com,096.973.0457x5088,M,1989-10-31,2020-04-28,5419 Jeanette Stravenue Apt. 707,Juliestad,Delaware,Mauritius,53e87ef2-a84c-429f-a84c-579df574aef4,app
dfe11b4f-bc8f-49e5-8a16-3a59401de960,Mary,Russell,mary.russell249@hotmail.com,001-109-979-6246x38843,M,1989-02-12,2016-04-13,036 Miller Drive,Port Jordan,Ohio,South Africa,c488d654-50cd-4d9a-bca2-eb5f6fc903aa,referral
ecc43041-c1ea-4415-ab85-da41add89cb6,Damon,Parsons,damon.parsons881@yahoo.com,489.393.8255x1890,F,1998-11-27,2023-03-27,0198 Jessica Grove,Charlesborough,Idaho,Anguilla,1bf57327-bc64-4111-b99f-400ba89d8557,referral
46264527-c3ef-4b2e-96d5-e004dabf8a29,Michael,Lee,michael.lee335@yahoo.com,001-465-950-4105x68644,F,2001-06-12,2020-08-05,413 Connie Fords Apt. 008,South Lisahaven,Wyoming,Cocos (Keeling) Islands,12d82a13-2dd3-4a84-b4c7-65e3cec09b54,referral
5a3951d3-7312-4be5-a994-9d0325b158ad,Steven,Thomas,steven.thomas028@yahoo.com,957.813.0110x7107,F,1970-10-06,2015-02-26,5368 Rachel Ranch,Parrishton,New York,Libyan Arab Jamahiriya,f4a6b53c-f22a-433d-a98b-baf1550e73c8,web
10587f41-57f4-4c2c-898c-e9bbf8bcf8bf,JACLYN,Decker ,jaclyn.decker023@yahoo.com,490.830.1571x719,F,1986-10-27,2021-07-19,3823 Kaiser View Apt. 655,West Amber,Oregon,Tunisia,09cabf68-a8df-48ae-ac4b-c2058badb3c0,web
895de0a7-f776-4a90-a03d-1f49caf33466,Benj0amin,BBoowwen,benjamin.bowen902@hotmail.com,+1-044-199-4638x4498,M,1964-03-02,2016-10-17,8190 Jefferson Highway,Robinstad,Iowa,Senegal,c9bf56a8-cb96-422a-a00c-5500c826ac04,app
037d2680-06e5-4c48-8437-98e66ff96e53,Jessica,Thompson,dylan.norris884@yahoo.com,(292)241-4763,F,1991-02-06,2017-09-04,526 GREER BYPASS APT. 205,Amberland,New Hampshire,Antarctica (the territory South of 60 deg S),12689949-099a-4510-9467-d6d66d318ac5,referral
416e55c6-7a99-4118-8fba-08eec821de21,Deanna,Singh,deanna.singh683@hotmail.com,7941700500,M,1986-02-26,2021-10-10,84429 Thomas Court Suite 510,Lake Joannaborough,New York,Hong Kong,9fb6e5ef-9392-415f-b658-55fa9fbc7fed,web
366fb50d-4bb6-490e-8ff6-3c1c5d243c4f,George,Jones,george.jones349@hotmail.com,231-134-9468x065,F,1960-12-08,2021-01-05,586 Castillo Gateway Suite 137,Coreychester,Kentucky,France,3fe05a31-d094-4cf0-8c18-0c5e66cb2a51,referral
82172f80-5f70-435c-96a7-7bd17661a4b5,J2uan,lEWIS,juan.lewis241@gmail.com,(520)754-2555x901,F,1985-10-21,2014-12-14,5135 Johnson Terrace,Alexaville,California,Seychelles,719fe2ea-07cd-4d0f-91a6-c808eb1d79b5,referral
101117d9-fb2a-4ed5-9e73-13e660e2debb,Jessica,Baker,jessica.baker931@hotmail.com,343.334.1117x991,F,1998-12-03,2023-03-19,5852 Rodriguez Viaduct Apt. 590,Lake Michellestad,Utah,Algeria,b8321bde-cb76-44a3-a3fe-e2acebeced27,referral
ad7ddbe2-da23-4e02-a1a6-39dae9027911,Mark,Gordon,mark.gordon788@gmail.com,(300)839-3298,F,1998-04-11,2018-02-18,229 Samantha Pike,Bennettville,Louisiana,Heard Island and McDonald Islands,af0e9569-69d2-4b3e-a6c1-8746487ab61c,app
0e816fb4-7d4b-4fff-b392-97252e99ad6b, Lance, Schultz,lance.schultz392@hotmail.com,949.296.1525,F,1984-08-24,2020-03-23,778 Joseph Lakes,Nicholschester,Kentucky,Sierra Leone,1a25c3a8-745d-46f7-81eb-0b9d64ae7812,web
ff699c6a-5e99-446a-b99a-921a3fb05151,Sarah*,jIMENEZ,sarah.jimenez929@hotmail.com,001-390-654-5227x9611,M,1957-04-10,2017-10-05,1017 Webster Mountains Apt. 616,Penaburgh,North Carolina,Palau,4f23e5f9-09c7-4dce-8577-461961794860,referral
ca7c431c-561d-48e2-96a9-5bac92e6df21,Austin,Chase,austin.chase260@hotmail.com,001-789-971-3580x3509,F,1975-01-14,2025-01-19,1298 Jonathan Courts,Mcintoshport,Illinois,Iran,e1dc6a7c-c719-462e-af8b-7a628023875e,app
98562d50-2d68-4657-8db2-4ecb70817aa4,Kimberly,Lambert,kimberly.lambert724@gmail.com,+1-544-052-6112,M,1986-03-10,2015-07-29,47131 Austin Club,Hernandezburgh,South Carolina,United Kingdom,44d8140c-3c4f-40aa-8254-b3853841b403,app
e4fcd1ad-b3f7-40f0-ba27-39ef3c9da0de,Julia,Bush,julia.bush228@hotmail.com,001-104-096-4094x6743,F,1969-04-19,2018-02-09,969 Hutchinson Greens Apt. 458,New Brooke,Hawaii,Zambia,9893198d-65f4-49d7-910f-bb4b46187998,web
5c517e34-0837-4370-bc69-7313bd3cccab,Cesar,Walker,cesar.walker275@hotmail.com,+1-205-139-4570x31037,F,1956-11-02,2018-06-12,484 Foster Grove,Rogerberg,Oregon,Belize,66957d25-a1b8-4289-8f26-8bf396c184a2,app
e1a585f1-7f06-4150-b1a0-94cf0cd22661,Ann ,Hopk6ins,ann.hopkins499@yahoo.com,829-574-7041,F,1971-08-15,2015-11-01,27486 Brenda Causeway,Kanefurt,Arkansas,Niger,c192a03f-161f-49dc-9d79-ffed2dde1ca9,app
ecf78deb-2981-4432-a7f8-7e9ccb4a5689,jOHN,SStteewart,john.stewart938@gmail.com,645.311.2805x07648,M,2007-02-28,2022-11-19,70588 Adams Divide,Smithfort,Kentucky,Sierra Leone,ea0c05de-829e-40d7-bf86-23cf807af8dc,web
8dc9808b-a443-4028-8a22-a9be13d9f3b6,Mark,Morales,mark.morales251@hotmail.com,+1-034-326-0762x79232,M,1975-05-25,2024-09-27,82117 Jason Estates Apt. 622,North Terri,Maine,Sao Tome and Principe,c7880612-9335-4d1f-bde1-c6ca90e5174f,web
cacc2479-447c-4f41-be7d-b9aca1ab1f4f,Jeremiah,Cooley,jeremiah.cooley179@gmail.com,230-024-6844x5252,F,1976-10-22,2020-12-14,83376 Patrick Rue Suite 127,Ambershire,Nebraska,Panama,6e3f864c-b74d-4c3c-8fe6-562952183a1a,app
afda458c-668e-4120-98d9-9021e5d958f0,JJaarred,Gonzalez*,jared.gonzalez343@hotmail.com,001-646-513-7708,F,1988-01-14,2020-09-10,0316 Ryan Ridges Apt. 126,Jennystad,Kansas,Netherlands,ee73b83d-6e7b-4a6a-bf69-ad879b7c476e,referral
54fcb8ff-ce04-4a2c-b2f0-3b1127482c9b,Cassie,Hill,cassie.hill519@hotmail.com,3840483773,M,1988-04-02,2020-10-23,530 Valentine Estate Apt. 559,Danielberg,Nevada,Martinique,a0860968-1fee-4fcd-b0f6-c8bf0b0e94ac,referral
a8e12f27-c472-4564-b278-75e822e67b70,Jason,Robertson,jason.robertson875@gmail.com,001-145-903-7039,F,1974-02-06,2018-02-10,2752 Susan Village,Harrisstad,Georgia,Mongolia,270cb8ee-7eb3-414c-b270-298cca7c9bd6,referral
899442f6-2379-4ed8-a8d9-872ed5d881bd,Angie,Perkins,angie.perkins432@hotmail.com,(894)769-6474x119,M,1984-01-13,2019-03-18,1127 Kendra Cape,Carolineton,Nebraska,Christmas Island,aa5fe90b-3df4-4ec2-b057-5c13af69785b,referral
782a3c29-edd9-4c14-852a-1453364c407f,Todd,Austin,todd.austin133@yahoo.com,+1-241-982-4302x55756,F,1968-11-24,2016-02-25,936 Morrow Row,Alexanderbury,Alabama,Honduras,46f6b172-569f-4e50-8aec-6597380066b2,web
095e7958-a771-4697-80a6-067eb4bf913d,Courtney,Juarez,courtney.juarez614@yahoo.com,+1-556-365-4327x908,O,1958-05-30,2014-06-11,2807 Amy Inlet,New Davidville,New Jersey,Qatar,ddad2ba5-1dfa-4dd7-96ed-dd8183477af2,web
6155f556-3c92-4f40-b14b-4ee0548d5ba6,William,Alexander,william.alexander876@hotmail.com,249.848.8294x06825,M,1985-12-12,2022-01-14,216 Laurie Cliffs,Ginaport,Iowa,China,6e508cc5-2e0b-4a02-8f6a-9ea47c2833aa,referral
569c95b7-b874-4d4f-9dd5-11ae05f4a6ec,Gary,Collins,gary.collins177@yahoo.com,289-299-4456x24750,M,1992-04-01,2020-03-18,140 Amanda Divide,Emilyhaven,Rhode Island,Panama,0acaa068-23d1-4758-b072-1f95fc852794,app
56fb3f65-d84c-4cf5-8acd-e0fb39209ab7,Allen,Boyer,allen.boyer773@gmail.com,(067)277-9516x16174,O,2004-07-28,2014-01-13,6491 Shepherd Lodge,Lake Kristopherberg,New Jersey,Korea,907aabb4-a242-4c15-94c6-6032113764a4,referral
ec1dd693-9545-4bf6-bcc6-f9d2c120a399,Jesus,Estes,jesus.estes080@yahoo.com,6179946624,M,1957-10-17,2025-07-21,919 Austin Parkways,Lewisview,Michigan,South Georgia and the South Sandwich Islands,bf46450c-1009-44f2-bdfc-23607a72980f,web
514c8b84-cef3-4629-89ff-eba8de7fbaab,Nicole,Miller,nicole.miller954@hotmail.com,001-349-643-8839,M,1974-10-04,2019-08-07,9494 Blackwell Harbors,Michaelfort,Nevada,Gabon,caf10cc9-e86b-47fe-bd3c-c551cef84f54,app
