order_id,customer_id,product_id,order_amount,order_date,payment_method,status,quantity
06b5aa88-f86f-4e07-8e4b-6df36402c209,0a331d4c-a73d-4271-83ac-2f6726635495,PROD-0060,473.82,2025-07-29,wall-et,success,1
5b10b856-e084-471c-bc16-8dbab95e3f33,9e48263f-7923-4cb9-8138-b9da8eb85619,PROD-0393,17796.32,2024/31/01,card,success,1
88706122-160e-4721-b537-73cee232fcd5,245fac1f-5ac1-4448-acc9-70ff980a4e9b,PROD-0332,31201.75,2024-03-02,wallet,success,2
c6ae75af-0313-4194-a788-8802515af2e4,abfda25e-6a38-4aa8-be24-cd22f371b2b0,PROD-0059,42282.89,,wallet,refunded,2
032ab1c7-8882-47d8-a2ac-fbefc1cfb2eb,e0010492-b072-4f48-abd6-8a87938fad24,PROD-0342,27100.3 ,2024-02-11,wallet,success,1
0f2433b5-1f67-4446-9849-edff493026c2,bdf18b4d-db9f-46f0-8758-44a938529a49,PROD-0297,2393.67,2025-11-09,card,success,4
71223631-9926-4ced-b994-60a6d97d1001,5380805b-1e8f-434c-a898-bfe678c2ea7a,PROD-0137,12532.69,2025-12-01,upi,success,5
4acbdb89-3acd-40ff-ab86-87af982fcca8,a4bc8fc9-f452-43b3-a4c1-eaf7cec182ae,PROD-0010,47079.63,2025-08-20,card,success,2
cc6dcafa-a53f-4be5-aee3-ec29d5994f0d,d7e5abd4-33ab-404f-adc1-de28fb6756ae,PROD-0243,32901.99,2025-02-27,upi, FAILED,5
184ee64a-b795-4137-868f-9a90c6580ba2,b6a71ba1-8f4b-4f82-a131-c987879c104d,PROD-0084,3858.55,2023-12-30,upi,success,3
2ec9aced-a816-43b7-b4df-d27b8897f3a4,48608d73-d5fc-4c66-a43b-9dfc6e67e203,PROD-0490,26531.19,2025-05-07,cash,success,4
9cd401b4-4a78-476b-906d-b15ffe5910b0,4111ec1f-523e-44ab-905c-df3d4f13f112,PROD-0340, 40344.97,2025-05-24,upi,suc, 
8fc20b6f-fbd2-4d34-b935-ae0e375aad80,9186ed0d-0297-4355-ae7f-a332ce8fd46f,PROD-0399,41711.08 ,2025/01/10 12:00,card,SUCCESS,3
9b1262e3-96a0-4aa8-9721-babbd152901d,a802e40f-7a9f-45ee-a2f3-badd3ed1fe46,PROD-0175,29184.75,2024-02-17,CRAD,success,4
41565f0b-d0b8-4b2b-b7f5-f6f32d0d190e,b0664d8e-a592-41e7-8a5a-41a46eb9cb38,PROD-0452,8581.57 ,2025-07-20,wallet,success,1
4b5d74d1-91f1-47e8-b0d2-9a68fe92341e,5b8f9a1d-b658-400d-b96a-271150f6c8bf,PROD-0214,-50,2026-12-20T15:18:00.441995,card,refunded, 
f2c4328c-a2b6-4714-9e98-8aace7189533,26392abf-8cc1-4288-b0f8-eba720f7bff3,PROD-0193,40904.93,2024-06-03,cash,success,0
7d0f581d-dfbc-49ac-b0f7-ad7a6ed6b7ef,486810a0-2f8f-43c9-ae73-1c0bd9a9815e,PROD-0360,35036.68,2023-12-16,upi,success,3
84a34bc6-02af-4949-ac03-1f72731f7881,a58d0abc-c79e-4a7d-8b55-95eca158e786,PROD-0435,-50,2024/31/01,cash,success,4
c799fc4a-b269-47c7-85f8-295a19f7a975,9a845211-d346-4e65-ac7c-9fb6f91a72dc,PROD-0037,4016.76,,upi,success,3
f96cc758-ee08-48c0-82bb-3b11313afd3e,e4212166-be18-4b65-81c8-8b772e624208,PROD-0113,25385.07,31-12-2023,card,refunded ,3
a025a60c-13bc-40b6-ac66-2f656328fe8a,88468d69-d883-49b3-ae7f-32eeb20c81aa,PROD-0484,,2024-08-27,CRAD,success,4
d3eace5e-c606-4bea-891f-8e7ebf73680d,ec1c37ed-a259-432b-9c95-b8b01ea78698,PROD-0052,19892.67,2025/01/10 12:00,wallet, FAILED,3
e9c0175d-608c-4e16-a59b-0cb481558e54,22f916ad-e4d9-486f-842f-9cc86e04c923,PROD-0264,44494.78 ,2025-03-31,wallet,success,5
eca176df-4bad-4fac-ae27-22fcfc667ba1,dea3e352-ff34-404c-9f9a-b545b4e784ee,PROD-0155,-50,2024/31/01,cash,SUCCESS,4
1e06a8d6-727d-4457-9964-2b1f057b7862,056aca7a-22be-470e-ba30-8249fad83998,PROD-0242,16754.52,2024/31/01,upi,success,2
a8c2c699-53e9-4844-acb1-38a7f258046f,d6d784cf-b1ff-4b71-b0e2-a5c0ee396efc,PROD-0432,"1,200",2024-11-27,cash,success,1
3f730584-137d-4a7c-a9ec-24c76424fd5e,c974a971-2856-4b04-a766-5f08da78acdd,PROD-0045,37919.65,2024-03-27,upi,refunded,five
28ebda82-9f2c-45c4-b869-b707d9909589,f0f3f6bf-b9a0-4e4a-acbc-0fb00717d825,PROD-0201,36862.57,2024-02-11,upi,failed,4
d5c64588-8aa0-42ed-9273-4a0f1c0c4636,c296994a-45b4-4f2d-b754-331374011d5f,PROD-0276,31629.08,2026-10-25T15:18:00.713029,cash,success,5
22937309-97fa-483a-98e8-1631bd0611fa,f49df79b-d21a-4987-aa9e-559319332227,PROD-0430,26678.72,2025-06-09,cash,success,4
c4e7f68f-8253-4411-9a96-08a69ee37514,382c87fe-09d6-455f-a5b0-d292796c3a0d,PROD-0142,26337.45,2024-02-29,wallet,REF,3
6a36a183-7803-47e0-be37-09ee275863a2,c49c0330-1eda-40bc-bdcc-0ad86fc8ddda,PROD-0429,29416.72,2025/01/10 12:00,card,suc,4
7bf02768-7096-41a3-b42a-4dc675497f9b,eb1f6590-b608-460f-93dd-0aeae2ab9c4e,PROD-0398,"1,200",2023-12-14,UPI ,success,1
35a7d35d-9998-411e-9663-a794e08d3971,cac39caf-175a-41da-8f14-606eee96dd19,PROD-0203,14991.21,2026-02-10T15:18:02.953186,wallet,Success,4
c6887c12-89f8-4ecc-920a-d3b967bcae05,9bc80a14-6919-496b-8154-081cf41ab21b,PROD-0145,29615.98,2024-12-15,cd,SUCCESS,0
f833258c-c478-4316-99fe-5e9491de9d91,6ed274d7-d2aa-4ff6-84e4-80cecb4667a2,PROD-0235,40208.72,2025/01/10 12:00,wallet,success, 
ac941687-f113-4c50-8e91-1d8e080a46d0,11fe5a9a-06c6-48ce-a453-5bf2051ddc43,PROD-0410,-50,2024-06-14,UPI ,suc,2.0
e99d8583-1324-4d35-a01e-e8b1cb4759c7,654d9af4-07a1-412f-90a6-a11c793d9854,PROD-0470,7086.88,,cash,failed,3
a2376264-d6be-45d2-b2e2-8b41e0ea824a,141ad63a-c1a9-43ad-8ff1-b36f167080d5,PROD-0349, 34334.22,2025-05-04,c@rd,fail,3
e7fa1cd5-c1e3-471c-8f82-ba452054ce01,46b65227-230e-4128-9b1b-593a9c21df85,PROD-0100,25507.16,2025-01-26,cash,fail,5
a6b00ae2-57f8-439d-9730-c844c7a1d6d6,c05f8972-df76-4bd8-aa95-500bf30125b9,PROD-0174,25562.55,2025-11-10,cash,success,five
cd5d1374-9c67-4af5-9db7-2d1b286cc2ff,994518ad-85e0-4520-93cf-49ddd4d5368a,PROD-0270,29502.56,2024-11-28,card,success,3
ff59e27d-fb55-440a-bab0-f84b66cca463,f763c6db-4ff0-4075-9707-6e06899151a4,PROD-0071,43541.61,, upi,success,1
6b74d27f-9c82-4492-aca4-ca5cceec53e6,b0784514-87da-4206-885f-0c9900f40eca,PROD-0342,7824.98,2025-03-14,cash,refunded ,2.0
cdf39e31-0fa4-463b-8c9d-de486e7bbb76,af197364-9271-43f9-a003-fb122066b96d,PROD-0465,3542.94,2024/31/01,cash,suc,4
57870561-66c0-4418-a4b2-f6f4973f4392,4ba33e85-2f6c-4f72-a3ce-78ecca60c8d6,PROD-0113, 17452.58,2024-02-10,card,fail,1
8ce241ff-adb4-4ae3-b475-d02a53478760,75d45486-96d4-4dca-a9e2-ebb2adb903a5,PROD-0300,-50,2025-01-06,CRAD,success,4
4679b4fe-fd77-4f53-8fb0-13ad78cdafb8,0d49dd3b-8a70-4cba-98ea-0106343f9b62,PROD-0482,33820.84,2025-02-24,upi,refunded,5
e5900855-461a-4488-9e08-c3a553045b9a,2613d5d8-efc3-41b9-90e3-6d4b1cec2105,PROD-0035,-50,2024-01-07,WALLET,suc,5
d7785fba-f179-45db-b460-3d288b395176,8ab5bb34-da80-49f2-bcf2-72d2ffdc967f,PROD-0259,34598.28,2024-06-29,wallet,success,3
8284693a-416d-4320-837e-8afe55c5fcd7,168b72ae-05d8-4f34-aeff-8372984b7661,PROD-0363,49991.22,2025-09-03,wallet,success,1
78bc5c3b-6aaa-4631-aee6-3e70d6a7cac1,e9a198e1-d807-43ce-84c6-cc4dc1b81225,PROD-0391,42042.48,,wallet,refunded,5
924e7444-f535-413b-b5ef-51911035509a,c6fc677c-e288-42cc-b4a1-d39da404cb99,PROD-0037,15776.48,2024-01-20,upi,success,5
6e25d3a3-bf4e-4b12-9928-586e762ffcc4,e47bdfc7-cfc4-4bf9-a391-85bb37e41366,PROD-0394,696397.36,2025-04-16,wallet,failed,1
c341e859-92f5-4a62-93be-be9cb34f6a1d,6f38f29a-a92d-4b33-b4e8-9adc4e2b3600,PROD-0413,"1,200",2024/31/01,UPI ,Success, 
a14937bf-1680-4a35-a341-a58105f9a095,cfe17da1-2e94-4702-8da8-ce6dd95899c0,PROD-0249,33878.18,2024-12-10,upi,REF,1
973aa866-dddc-41ae-b7b6-ea8eb8074252,26b07ee0-1fb6-4a1d-9cbc-e3fd0b2b477e,PROD-0183,29612.58,2025-09-23,wallet,success,1
2452c622-e852-41c3-a4bd-8b641db25911,38c416a8-6e4f-4788-b77c-6a85aee77332,PROD-0397, 9902.83,2025/01/10 12:00,upi,success,2
a5182f2e-eae5-415c-b4b7-9474f97cce8c,2dfe11e3-7190-47e9-8bbf-8f4a509be3f9,PROD-0467,12810.96,2024-06-26,card,refunded,0
35656b02-741b-4462-93c9-c23a97ac6d42,20dde646-3d7f-4b73-8298-1278dafdcb35,PROD-0186,29928.21,31-12-2023,cash,refunded ,0
bca8e264-808b-4eb9-9603-090c5be93f3d,2d1bb9fc-edf4-432c-bcaf-7465e193f569,PROD-0120,14334.98,2024/31/01,cash,SUCCESS,3
c4d43eda-5d6a-453a-b517-9705fa15f2e0,5a584a6f-b9eb-4b77-beb4-aaa1035bb3f5,PROD-0279,30035.29,2025-11-27,upi,refunded ,5
66dc71b0-e4d5-4d45-b182-02a6524a79b8,7ddd54fe-9d60-45ef-add4-6560ea3f65f1,PROD-0276,9276.56,31-12-2023,WALLET,REF,3
58a537e2-ce24-4d31-864c-86130d07cb58,99b6cf28-389e-468f-8b64-02a5edb77f39,PROD-0356,0,2024-11-19,wallet,failed,2
34d2abd2-ecad-46b8-861f-7dc2566b2894,fb458935-2431-4665-bfaf-2520940693a2,PROD-0496,48635.04,2025-10-13,cd,success,4
9c18edcd-baea-4106-8a73-9f5e2a79595c,a513f8b3-7b43-4b79-af5e-26ca9e7673fb,PROD-0427,43398.34,,upi,success,5
a73b6763-def6-46d9-8abc-cb210a762cb1,10948e50-d917-4ba3-810f-0d39c53a5220,PROD-0272,816458.15,2025-05-02,wallet,success,5
b05c45b2-e393-4b2a-a071-eb683667eb21,a28f3ed6-51f4-45db-bc70-7408d1ba77c2,PROD-0371,36547.44,2023-12-17,cash,success,-3
5cc38665-71e5-44ce-a42e-0421eb9e66db,f7b5d913-9741-47e9-9339-edaa5314c370,PROD-0428,29045.22,2024-12-31,card,success, 
96d9069b-8b7f-43a5-9c4a-66e12368f020,076258d9-489b-4c76-abab-f960a5197912,PROD-0280,27930.19,2024-01-26,cash,success,1
968fd442-0334-4872-ba7a-fe9a5b18b98d,20aa0d9d-1490-4982-8799-aae8d0e830d2,PROD-0201,-50,2023-12-07,cash,success,2.0
ae3913a2-6a77-47bf-8566-c08b8f426afb,17f4ba8b-f77f-4c76-89ee-7e86be2b7df5,PROD-0243,33819.63,2024/31/01,wallet,success,4
24a6589d-98f1-44be-a046-b40e4e7bcf27,44566e80-a901-45e5-bc42-c022bc607c9c,PROD-0056,27004.56,2024-03-23,wallet,success,2
521b704f-0d06-4f0b-a898-50334186cb0b,51cfc362-adb6-42ad-b44d-d33a098a1ab7,PROD-0312,44873.76,2025-06-06,upi,success,2.0
2d2a4888-28a9-4dc3-97b3-b7ce60775ead,88964cd7-67e4-4555-9dfb-21ab136dc2f0,PROD-0016, 7991.92,2024-12-04,cash, FAILED,1
6507a57a-cd7c-4f18-bc1b-495d85aed72f,46111f4f-89ac-4a93-bf85-cdcc9ba58f01,PROD-0414,-50,2025-04-26,wallet,success,3
37bdfb17-f409-4775-8aa5-f6ecc0e33d0c,4cef38f5-3941-4e4b-86b8-30c9d22a15c8,PROD-0476,21743.53,2024-09-21,upi,success,4
05772aaa-f149-4a12-827c-b77dfe25515a,fa7503e7-3395-41af-8d65-e34e1666cff6,PROD-0149,29870.32,2024-04-10,cash,refunded ,3
06126852-892c-45b7-a666-2aea9b66f702,15d5251f-7fa6-4d5b-ac54-74cdc9e702a3,PROD-0128,7888.59,2024-01-14,upi,success,2.0
21d1e5c9-6266-4a91-b728-db827cf93c9c,12ac898b-6dc6-4c94-9a39-db4bca506e3e,PROD-0214,25141.94,2024/31/01,cash,success,4
b6c18f8e-f2b2-4535-be57-e2ea1b38ac6e,a1fcab3d-a7f4-48af-bb33-f92c4abffaf4,PROD-0133,34309.37,2025-03-03,wallet,success,3
0263b0ad-63aa-49c8-9663-54e9afc6dcd4,ead2e6f8-52bc-4621-995f-2c022f98807d,PROD-0497,8279.23,2024-12-22,wallet,Success,2
87fea634-c9ec-4b86-8181-43ca8f804ed8,0b41cd47-b9f4-4871-ae16-c1ac9ab428ec,PROD-0491,27303.79,2024/31/01,cash,success, 
14d13fde-ae2b-486e-94dd-4c3061617df5,7c7344fa-5927-48fd-96c3-e7c7b339a5c6,PROD-0471,22269.03,2024-01-30,wallet,success,1
9b811854-3cf5-47d1-82c1-47fc6989c984,1fe47dac-e804-4bc5-95b3-7d49ae6246aa,PROD-0418,12295.54,2025-02-07,wallet,success,4
a2b532fa-f805-4c5d-a6ee-10fc7e7100be,78784b3b-9163-4d1d-9a36-0b9b3b36272b,PROD-0400,-50,2024-05-18,upi,success,5
ff70a55d-a3b5-4b15-b3ae-f33a52c7131c,45fd0c64-f2df-4ced-a17d-24dfb7b84410,PROD-0495,40891.48,2024-03-24,cd,success,1
f9fcebd0-3a56-4756-a626-e6a220678c11,c221c81b-7ce3-480f-a25e-f92376bee078,PROD-0414,38527.51,2023-12-24,upi,refunded ,4
e4c4f080-ae39-482b-9f65-785e3f23e881,ea3c9e15-7ca8-4fbe-9ecf-7e1538e076d9,PROD-0091,26424.07,2025-11-30,cash,success,5
418a8dcd-0c30-419b-b2f8-836154d4f1a2,6f293a2f-d0f9-4270-b79a-587c76821389,PROD-0308,6764.42,2024-08-27, upi,success,4
cd73f8c2-8ca5-488b-8f55-e8dbe1cb6eb7,c4d8301f-5d7d-44f7-b73b-61256eae6960,PROD-0447,15842.01,2025-07-23,card,Success,2
d959707e-4865-4a36-8c3e-6b43dd9dc0fd,2fef9247-ac00-46a2-bc2f-f14a991038d1,PROD-0128, 37722.14,2024/31/01,cash,success,5
83d4e983-ed07-4b16-b8c1-c9d3fc523384,a9555f78-aa03-4280-a5c7-575c40c1c28d,PROD-0075,-50,2024/31/01,upi,success,5
630cce0f-2c2b-4874-ac1a-cfb907a489be,c7ad3aad-bc14-414a-811a-bf69fb366d38,PROD-0472,0,2024-03-21,wallet,success,5
97187668-1f34-446c-b5f9-da599ef86bef,a3bfebaf-e72e-4a69-946d-32a4e1551596,PROD-0452,9646.28,,upi,refunded ,1
731cfb42-54f0-4967-86a8-21219cd095a2,809c888b-0fa0-430c-8700-8719acffa340,PROD-0450, 18222.23,2024-07-27,wallet,success,2.0
9ecca26e-37ce-4d87-9ba4-b58fdc90761f,458511cf-48f9-46b9-aaf4-64bdd4af2a39,PROD-0217,24889.86,2024-11-19,cash,REF,5
dd7509f1-511c-4b6e-a782-310cc90dbfc3,977e8a1b-2faa-4f1a-8721-46d8be000a23,PROD-0128,37876.69,2024/31/01, upi,success,5
79db8626-94da-4ea8-a06b-94f7bfe6f1be,24370a9d-d5a6-45f2-9983-a29065deff47,PROD-0011,14674.91,2024-10-21,card,refunded,4
840facbe-feaa-42f2-9bbd-36af81166b93,c05dfa53-3ffe-493f-81f1-64c0bc084965,PROD-0439, 37986.22,2024-07-04, upi,fail,1
c3b7c57e-4105-43a8-8f71-453e40b0637b,99f11a8b-3916-423a-93ef-1f3a3086948e,PROD-0201,5665.0,2026-11-16T15:17:59.679270,wallet,success,2
397e332d-df28-47c5-be39-29e2dfabc02b,a84365f2-8162-415a-89cd-3e7b608981dc,PROD-0038, 45634.42,2025-08-20,cash,success,2
6f77d9c5-b850-4fb2-8677-9b78eed6e4e5,54969321-560d-414d-86aa-a36b3451bddf,PROD-0263,19058.49,2024-01-03,upi,success,-3
4617ef3f-5cc0-49bf-b79b-0f08076fec15,73944de3-dbac-4ffd-bc85-041fe3b831aa,PROD-0177,25469.88,2024/31/01,cash,success,2.0
d41aa3ac-53d8-4c44-b660-0f4f2a74dc68,5d93570f-0456-4042-8b5c-5ec1105b3200,PROD-0211,47349.91,2025/01/10 12:00,card,success,2.0
66480c35-1f0e-4a4b-b2ad-36f777c63e77,e0f75ed8-5442-4a8b-b339-91df2284e27a,PROD-0119,775197.14,2026-10-26T15:18:00.341175,wallet,success,3
5b5c7af4-f493-46d5-b396-d2d7886d674b,133e115a-0acb-45e3-8021-28d89635b78e,PROD-0229,"1,200",2026-11-17T15:18:01.564286,cash,success,3
3966e2aa-932b-425e-9afc-fd7589a81d2f,3d100e99-aa92-4a1e-820a-2088aba49771,PROD-0458,575.81,2024/31/01,cash,REF,3
49d85432-3510-41b5-989a-338845743cc2,b4d7f97a-1ec3-495f-988e-4600570e0cc9,PROD-0305,10334.38,2024-04-01,CRAD,success,3
890db12d-91a9-49ad-8942-03c25bf24e5c,129c4007-06f5-4f4d-ad80-b9ded6363f72,PROD-0379,30344.55,2025-07-30,card,success,4
58c2ed73-1357-4ed1-8dff-febee22155ff,abeb07ee-2f9b-4510-92c4-ef2ee5900229,PROD-0174,,2025-09-10,card,failed,1
cff506f7-47c6-43ef-9102-c7577ec47699,4b505045-b088-4e6e-9d61-5e79e19446d7,PROD-0376, 21007.57,2024-11-27,cash,failed,5
90dff427-9e33-417a-a802-336c29244ff5,075e480c-1559-4ec9-9344-bdb48c4adae4,PROD-0338,40087.08,2024-01-03,wallet,success,4
01ea6969-cb6e-4ec0-8aa1-5e6b23e0efac,f132ad2e-f48a-4f09-923f-ef7ee5759f85,PROD-0285,45057.13,31-12-2023,cash,success,5
99ff7e01-48f6-429a-97f2-d6420d854815,45a82e1f-b3e9-4f54-a29d-945234080ed3,PROD-0098,32801.1,2024-09-27,card,success,3
f064e513-af49-4f66-98f1-b2a90add9f5b,5b77b3f6-f69c-411c-8880-6c6bf2195a73,PROD-0263,6357.67,2025-07-18,card, FAILED,2.0
69a24e57-c595-419b-be42-7343ba445375,476f971c-7871-4853-a8cc-8035a529e6bc,PROD-0428,30733.27,2026-01-15T15:18:03.200248,cash,REF,five
0e4b9238-e3f1-4cfa-9cc0-c3ede6ce9c22,97421f16-7410-4aae-a996-1f09a37e0558,PROD-0468,30175.83,2024-12-22,card,success,5
e83bbeb3-85d6-4a0c-96f3-f87cbcd11044,142df004-ac5f-4222-bf37-f772ddbbcc6a,PROD-0111,5485.05,31-12-2023,wall-et,success,2
4e23d348-cdf9-4f4a-af50-a1c48af9163c,859d6cab-edca-42f5-9d22-b6c1fadbcde8,PROD-0022,13415.44,2025-02-27,wallet,success,5
a0b7b12f-1c44-46d2-9646-8d4da4cb80ca,48b127df-7fe5-4e66-b3d4-d638ccbc972e,PROD-0340,28683.74,2025-08-28,cash,success,3
a89e5e2e-cad1-4f4a-825f-87d7f5fd33ec,332bb466-b414-4cb8-9156-32464e7b7d76,PROD-0109,4485.36,2026-06-28T15:18:00.536834, upi,refunded, 
4d8cb7c1-98d0-49bf-82a7-c7e5fb647c2b,1535ea2c-8eed-4be3-a86c-99347d38372c,PROD-0035,4298.06,2024-12-06,CRAD, FAILED,five
83cc3b61-048f-4766-8108-12e7e6f83be7,39d18a5a-d34b-4ee4-bd9b-dfad33670184,PROD-0349,31538.23,2024-01-07,wallet,success,1
e3b56895-2679-4a6f-87d4-b1f1ac211df0,0d339e23-52fd-43e3-9a41-d11818fd939b,PROD-0234, 4469.83,2025-08-02,card,success,3
be8a2c71-2a1e-4b75-bb87-bf6cc0af96d2,2b8adb23-d7d7-460f-852c-55220a20a4c8,PROD-0199,17817.5,31-12-2023,c@rd,success,-3
6b906713-06bc-4e15-b876-fcbec15878a7,57eb7dc8-4b30-4e81-ba93-3bc7b70f0035,PROD-0184,872971.27,2024-12-02,upi,refunded ,3
5971088f-ccf4-46f3-8720-c00611879248,0b389fa3-01b3-4e6b-a44a-55d8285b82c6,PROD-0082,1677.26,2025-10-08,cash,Success,4
e3d503fa-36cb-45d7-bdca-b4ee3e546510,86ad6beb-476d-4d79-bfb6-0f989b8c2c8a,PROD-0043,25206.65,2026-03-13T15:18:00.599863,wallet,fail,1
bf10c41d-084a-4645-bfb5-bcd8dd4923f4,29251de7-1a93-4549-ad1b-de802e608ab9,PROD-0469,15812.13,2025-03-09,upi,success,5
c7d63b1a-a25f-46c2-9647-80973990d45a,c0bcdcaa-4688-4d7f-9794-d9b60f4bdf95,PROD-0363,21227.02,2025-10-17,wallet,refunded , 
4c7fccf0-b65a-47ac-a985-93b8162788e6,44bd2090-f73b-45a2-8166-9258dd0e7a8e,PROD-0257,33345.25 ,2024-04-13,UPI ,success,3
1b7fca7c-8a89-417d-913a-ec7a46e1414b,efce7887-23ab-4d31-8d6d-748660401ec4,PROD-0074,17953.16,2024/31/01,cash,success,2
bc495c52-3c47-4eef-8958-8a4da32350d9,de05aa36-726a-49f0-9bab-4d4d8054777c,PROD-0086,7833.61,2025/01/10 12:00,wallet,fail,4
ec70711d-595a-4183-a11b-3d69aafd3210,27091e32-14d4-4399-a346-37851a978145,PROD-0444,-50,2025-07-31,cash,success,1
efcbf2a7-bacc-4e41-8b2f-dd588d02b1e0,42e7f5ce-8c61-4222-add0-edfc787bcce9,PROD-0020,268321.58,2025-01-09,wall-et,success,4
36f35fb5-d906-42d1-b4a6-59c262089eb6,5c534768-d662-4dec-84c9-fd649a2bae8a,PROD-0452,33849.45,2025-08-26,WALLET,success,five
019fe22f-8134-4b34-a2b7-79bcff0944fd,8e93fba2-549c-4dec-80f1-a88d0c47dfde,PROD-0213,13713.79,2024-11-07,wallet,success,five
84fffd0e-23fe-4fb4-8379-d6db1bb1afb4,fd70b434-7f1e-49e0-977a-e805005f9881,PROD-0324,"1,200",2024/31/01,cash,success,3
3c251557-0f52-4779-a537-1b82ec948662,35e9d9af-69dd-4e1a-bd9f-71618f031749,PROD-0207,"1,200",2024-07-03,WALLET,refunded ,4
6ece1766-904a-4e51-bd6d-7d1e6001f75c,ff005d97-896f-4bb2-8c8c-dfaac7782bd3,PROD-0346,14162.3,2024-03-08,CRAD,success,3
d8d8c924-fd0d-4e15-8e17-c4d2a4948883,7fdffcb9-8665-4cfe-9f29-b6b400da84d0,PROD-0261,34429.72,2024/31/01,UPI ,Success,5
ae3dde12-d3ba-4bfd-9c48-8c6a2a322470,26fd2ee1-dc2d-4056-aa03-0ecd1f502616,PROD-0300,45928.1,2024/31/01,upi,success,3
16bc1fb3-6425-40bf-912b-3e2d89986b38,161733db-9842-41e4-ac47-d52da5aef9df,PROD-0211,46520.03,,cash,success,5
f36b5846-d698-4f52-bd7e-465bc41f70c8,e451d3d9-2ec8-44fb-8d44-2d9d98720461,PROD-0456,15757.52,2024-11-05,card,success,-3
5b07ad2a-5049-4071-a56b-957001f77efd,132b3f00-7152-46fd-bf99-67aca7d7a5fa,PROD-0422,0,2026-04-30T15:18:01.386597,upi,fail,3
9ea1fa57-4064-457e-9560-573fa12c3804,ea08f560-1bbf-4d53-ba06-deff990406d4,PROD-0142,22587.7,2024-03-04,c@rd,success,4
59eb27f7-2f34-4fd8-af91-a6ba1a616951,d5b621d5-71d1-4e50-8a0a-7cae8d83c938,PROD-0354, 42276.3,2025-12-01,card,refunded ,2
6531f273-210f-4cf7-93ea-09c75fdfef41,8102aac6-0aca-4be7-a597-a58877721168,PROD-0068,20618.89,2025-01-17,card,success,0
34e59d7e-f9b1-45ec-8e41-16adbcdc3f8e,d4f28d83-1459-48f6-8849-3e9ccf9c355b,PROD-0448,14645.4,2026-07-24T15:18:00.743830,wallet,success,1
f884ea12-91bd-4631-9c3f-49e0f69d3fb4,1ecce5af-7b4b-4aa8-a6bf-b238a61d7b24,PROD-0295,28977.44,2025-09-07,wallet,failed,1
7c5f6f83-9aca-4327-9647-5b6a83e173de,ca79e2e9-44a4-4ec3-8f87-73de4e9153ca,PROD-0499,30418.93 ,2025-09-15,card,success,five
db131689-fdb9-4ab0-bb34-a5aa0083260b,6ff059f0-2356-43d0-94ea-539c93665a5a,PROD-0064,23612.12,2024-12-13,card,refunded,1
3c3930f0-37c7-40ac-a9e8-4f61d296918a,d1ef56a7-32ff-4494-b408-a7e419f6f902,PROD-0400,49648.81,2025/01/10 12:00,upi,success,2.0
32480864-244a-48f7-b89e-b5c6b72f05a9,62574dd3-f587-4641-8ffa-1b9547c09f36,PROD-0465,36487.15,2025-08-29,cash,success,4
ba03a2b5-7e36-44af-a43c-62ca8de90e53,f7766ebf-7f84-4bfc-af7d-34da60280ce9,PROD-0033,15752.21,2025-08-28,upi,success,4
fe531305-f743-40cd-931d-2b28c265529f,7d283c18-b0bf-4c93-a651-3f4bcab03854,PROD-0192,49220.53,2025-04-25,wallet,success,3
6ebfa231-a847-441f-965b-238d6552b324,1f56f60c-58b6-4423-8e69-77bc73d04bdc,PROD-0086,9335.7,2024-06-18,card,success, 
da65ffe6-dda3-47e2-9355-d3cd2c18cd9a,2c204392-3e39-44fc-9f3b-aa7478d2f254,PROD-0169,577851.92,2025-04-13, upi,refunded ,4
d37bc222-0bdb-49ee-af63-9479ab2cc8bd,4376ab24-b6f8-4fd7-96b4-322d27119d19,PROD-0389,33108.96,2025/01/10 12:00,wallet,REF,-3
5a899f66-87d9-468b-bb39-871c4df270d7,660712ff-b4bc-422f-8041-827149a004fb,PROD-0166,"1,200",,cd,success,1
34fd6941-d6be-4a91-9a3a-b2bc52534a68,4257f65d-82a9-4e75-ac93-c6d8006dc3cf,PROD-0004,20382.83,2024-02-25,wall-et,success,0
1c0bda0e-7a1c-41a1-b241-d07ed907b1e2,a8d5f4cd-fb45-4ae3-962b-e8f56d42aa95,PROD-0285,39222.17,2025-05-31,card,fail,5
5713f131-5cc6-4b24-b962-27d6b7a5fa7a,11bc7c77-488c-4102-943c-ce5e88ed7fc1,PROD-0187,35886.45,2025/01/10 12:00,wallet,success,1
ceb8cf5d-c787-49c8-bd8e-d2cc7bdb055d,399487d1-f9c0-4ae2-9227-300ae3eec148,PROD-0350, 41158.74,2025-08-23,CRAD,success,1
8fe4f485-af28-42d6-9c2d-94b6bb18a2f4,7f9e718b-7bc9-4956-b622-f75fc18fee1b,PROD-0143,25364.18,2024-04-03,c@rd,success,3
86262f74-631d-41e2-bbd4-3dfdf9f2cafe,cfe8d1a0-12e2-4ca9-b1a6-44516b9ca088,PROD-0405,31823.62,2025-02-25,card,success,3
63ced9cc-4e20-438e-bbd4-6562f2127eef,394e4f41-be77-4c87-a5c5-05134913c4ba,PROD-0344,43006.63,2025-11-07,wallet,success,1
7cbafe62-f26a-4c0e-bcc2-c38875a7e67d,43b471bb-d09a-453b-83a7-28ebf834d6d1,PROD-0214,27070.41,2024-06-29,cash,success,five
a4938816-3eee-4b09-ac96-6196a860d364,6def3a4d-fa47-4d15-b1af-d9ff2b5bb5ed,PROD-0372,-50,2024-04-01,cd,success,4
ae19930b-1933-45c5-8b8a-bdee66db3966,e197b96f-1a19-43e1-9bfc-86e5ff3f375e,PROD-0486, 32069.47,2024/31/01,wallet,success,0
b08ec8c1-2fae-495a-9952-e5cecb3aa7ee,f5000102-7f82-440f-bdbe-9d4fe1528fca,PROD-0008,0,2025-09-15,card,REF,0
b1fa4693-1fee-4302-877d-9ce993614d4c,df4216ca-6207-4a4c-a6d2-c00750f5ecf9,PROD-0086,-50,2025-06-14,wallet,REF,2
cdf38a86-d52a-4fe0-aa5f-7687d01a69b9,ce6e1480-a47b-48f8-9bb4-35e15b84bcaf,PROD-0020,11407.37,,card,success,-3
3612586b-2900-4b52-96d0-8735572aac8c,fa47970a-0646-4955-a8d5-7b812a2206cd,PROD-0311,20045.86,2025/01/10 12:00,wallet,success,1
384fbfcb-d4a3-4cf5-a2e0-136a4c0d635b,300a3028-13d7-42ec-a3ee-19ea4adf3872,PROD-0332,7229.46,,card,success,5
d297ef35-cd06-4154-8f36-fae8ea2d8ec4,1b028514-830a-4d08-a18c-fd869166bb58,PROD-0048,5905.05,2024-11-13,WALLET,success,2
398e13fa-b3e1-4f8a-bbb4-466656fe2e5e,13f39626-7d80-4ff7-a00f-45f3d7eb5949,PROD-0331,19914.03,2025-06-14,upi,success,5
e571c6fd-7f8b-46f0-b779-d30794665dab,1a508152-9f93-42aa-ad89-41495fd3c2b6,PROD-0030, 3170.37,2025/01/10 12:00,cd,success,4
4266cff4-0496-47dd-a792-1082126ec454,c7edbde6-e9e2-49ec-b466-39414cd37a50,PROD-0115,22286.3,2024-02-01,wallet,success, 
6510d1e0-9b7d-43bd-b81d-fe2a2f8515cb,04666bff-0d40-475d-9969-d8aa5ca8184f,PROD-0325,47517.26,2024-10-04,cash,success,5
bf7fd920-2796-4c8c-b25e-a43196dcf568,06740047-4ece-426e-92b7-e8764de324f2,PROD-0250,0,2024-05-17,cash,success,-3
84d6b3b3-6a7c-4b64-83a0-00bbcf09d50a,d1753dbf-b0e8-4452-b6c5-18d1d941de70,PROD-0498,5362.07,2024-01-09,cd,failed,1
f29959f6-1a36-4944-ad20-67f06d87e7f3,34a5f23b-a411-4cc4-84e9-6b08cc3171f5,PROD-0211,42779.81,31-12-2023,wallet,success,5
f1fd3f80-f8ff-49c3-9061-2a7861dfbfcf,4d791a8d-7d7e-40cb-91b7-bb5dd1501069,PROD-0140,4551.08,2025/01/10 12:00,WALLET,REF,3
6626a3bc-3583-44e9-97aa-9772cde7fde4,00f34b60-ef48-48a3-84b0-5c227f020519,PROD-0272,,2025-08-18,wall-et,success,2
b5448e27-6c69-4104-bb7a-7173e9db4e50,a403c282-2d3e-4c30-8990-0a2c1e86d501,PROD-0050,19994.63,2026-12-16T15:18:02.053345,cd,success,five
c0700ae1-4b7a-4b38-835b-056f97fe6e7f,f25a5b52-e064-4f4b-8ab6-a1fa23ba0602,PROD-0412,13678.48,2025/01/10 12:00,UPI ,success,5
12bc6aa8-9de5-4b2b-9723-1695945b69d5,508ca586-ce6d-4ca1-81b0-6b1e52995476,PROD-0392,"1,200",2024/31/01,c@rd,success,5
9a0c04e1-4f7d-4f50-9a08-13f0ca945f6f,7aa62466-529b-427f-aa44-3f46803a0449,PROD-0248,2132.15,2025-09-07,UPI ,REF,4
40aafb5c-1d14-4856-825f-34bece37f00f,f530487b-6052-4f04-9435-dcf51892083a,PROD-0101,5651.26,2024-02-09,cash,success,5
15ba8167-1dd6-4ba7-8dab-93dfbf1de15f,591af79d-e1f8-4634-b62e-749d75c9848a,PROD-0220,40271.34,2025-08-09, upi,success,1
4925fac8-3b72-445f-8146-86a0b5f53b7e,080b6fc9-2f1e-4db2-a26a-b45cb8de4251,PROD-0498, 42489.07,31-12-2023,upi,success,five
1a3289a7-934c-4ded-8f67-67280317f19f,385187f6-b98a-4276-9dac-d2e61ef49680,PROD-0302,5749.4,2025-12-01,wallet,success,3
89d9a2d8-4808-4a7b-8343-d805a38eb754,bfb77565-a13f-47d0-8d7d-91d3367fb55a,PROD-0038,21035.71,2025-05-29,upi,fail,5
b69c4c53-a5f6-4042-9be5-30dd99e9fbf4,3e5f5257-a9f6-4fe1-a100-0ec2a9b92ba6,PROD-0158,32310.73,31-12-2023,upi,success,4
eef69af8-46bf-4a90-90a1-638eaa082fe5,dc76558f-7fdc-48fa-a587-8594fec57891,PROD-0476,859664.11,2024-07-27,cash,failed,five
e945422e-f526-4c53-8790-f04f2bab69a3,b5ea194a-2895-4903-9b39-a83d9db97fa2,PROD-0271,27067.82 ,2024/31/01,card,refunded ,2.0
d019bbfa-bcd9-489e-9c22-32529d09181a,54ca2618-0947-443b-9e0f-53f2b5b4ec9c,PROD-0468, 38964.64,2024-01-23,upi,success,5
a879402b-00b5-44b8-9de1-f98c8d09f91c,ff507a81-24b8-4437-b415-e457616f85db,PROD-0199,"1,200",2025-03-01,wallet,refunded,five
27ad71ce-d974-4b45-8658-d4f9809ca7fa,d2ff8d9a-8cbf-4f12-a15b-2464843da483,PROD-0098,9816.62,2024-06-19,upi,refunded, 
272ddb8e-b1f2-499a-9aba-db928917984d,1d18b103-e203-4975-a7a4-cd0d07135cd2,PROD-0155,13887.82,,upi,suc,5
7452b43e-211a-4f1c-98c1-22ee62986bbc,0c2a8ea8-0ba3-435e-a639-8cff0530d919,PROD-0152,19517.65,2024-01-28,CRAD,success,2
1d98faf8-1888-48ac-8fdf-3d9efe444393,3e32b202-969a-484f-bd41-e2eebafbe9d1,PROD-0075,27305.38,2025-05-21,wallet,success,3
cc5f53cf-2624-4269-9528-5702aec457b9,227238ba-34a3-436c-9161-de9b5e8400d6,PROD-0071, 24739.95,2024-10-29,wallet,success,2
d0c6a841-7736-490d-a7d1-fcf3b8ba21f1,ee1af5f6-bae7-49c2-8b1c-2d52dd55ad8b,PROD-0108,5672.01,2024-05-07,cash,suc,2.0
07cc26dc-eabf-4184-a4cc-440680f2cfa9,9bf67b33-f8a3-44f9-84b9-1814753499a0,PROD-0448,14292.61,2025/01/10 12:00,wallet,success,4
11f25c34-36fe-42f8-9e74-ee3bcd8ee502,7979e5c1-8cce-4638-948e-de9edbcc774d,PROD-0204,"1,200",2024/31/01,UPI ,success,3
6a7a260f-9e30-4363-a4e6-63c68cb8038f,853e9722-3e8f-4127-b464-302fe354cfbd,PROD-0085,6894.37,2026-11-29T15:18:02.066012,c@rd,success,3
8edca5bb-21d6-430c-a388-fbfb7e821f41,c4fd8038-6a4f-48b2-824b-8cf4d42f2466,PROD-0234,13726.98,2025-06-02,upi,success,4
c6b385dc-e0a3-429b-a441-0bf364df9a94,8100704d-0194-4aba-aa1d-827edd51c5d1,PROD-0036,15788.82,,card,REF,1
23c26026-7341-4dca-b830-aaf7fb0b233c,39210c6a-fbea-4522-b9a0-037b9cd1a17a,PROD-0012,-50,,cash,success,2
4d36c2a5-a1b6-4943-a5be-e09e680e6262,6f8b91a2-fd86-4790-8fb5-a3f46b7d7e06,PROD-0357, 31272.71,31-12-2023,card,SUCCESS,3
de36b725-dfd1-4398-9323-0843bb28abd2,e7fe729c-d961-4390-8960-9c996204645b,PROD-0016,18402.38 ,2024-12-25,upi,success,5
b54d0c58-2c04-4ac5-9d60-f3cf4a5c19d2,9e48263f-7923-4cb9-8138-b9da8eb85619,PROD-0491,38353.32,2024-06-03,wallet,success,2
dc75a865-4f77-4abb-a153-36265c519bfa,ddecbb5a-b9fb-48af-b189-5e3ab2e9578a,PROD-0379,25918.99 ,2025/01/10 12:00,upi,fail,5
ff4a5e3c-66ad-4ae5-b368-e84830fcd187,ba089281-c333-455f-a781-539403493418,PROD-0411,334452.89,2025-08-13,WALLET,success,five
74ceea07-8922-4159-a871-06d351ed4d81,185ca76f-65c6-4220-87f3-2905d438ce22,PROD-0178,17849.52,31-12-2023,c@rd,suc,2
51f2179d-048c-4c19-98c3-d91500f0e692,35272e51-5b96-4cf9-b841-d21ab0e6b1d4,PROD-0498,7519.76,2024/31/01,upi,success,1
d892354e-c54f-4f9d-9c52-bf0444114f21,8dd05b92-13bd-4739-ba4e-aaf5d3bb94de,PROD-0436,16979.39,2025-09-29,wallet,success,3
f27f944c-0efc-4ad5-96e5-49e2bc139955,9f4c04ee-23bf-41f9-a17b-6607dce8c839,PROD-0352,31330.24,2026-08-24T15:18:01.118460,cash,success,2
153da68e-576d-40eb-a4a7-725c986c0cbd,fec12f8e-742f-4973-8f8f-e1a2dca33963,PROD-0017,12342.33,2025/01/10 12:00,upi,success,1
96991664-e3c6-44f9-83b0-ede665deca9a,15d5251f-7fa6-4d5b-ac54-74cdc9e702a3,PROD-0078,4880.05,2025-10-24,UPI ,success,3
956e8743-32c1-41d9-a402-be0f6297b6aa,1d78f071-9504-4287-9a77-3422a6e6a7eb,PROD-0172,42039.55,2025-05-31,wallet,success,4
1789eb39-6b00-4ce5-8543-03106d922f7e,ebc6977d-069e-4462-b604-13f6501311c3,PROD-0161,34325.48,2024-10-25,wall-et,refunded ,3
819d6393-c71d-4d24-90dd-4ce529ff2e3e,c775f2f7-9624-4467-ac8a-f7fcef195d15,PROD-0230,4740.29,2026-11-13T15:18:02.777670,cash,SUCCESS,4
87dd1ed7-3082-4c50-9ae8-8ce9b453d6d7,7cc2504b-edce-4751-8aa5-fe2a3abc83c9,PROD-0475,30404.26,2024/31/01,upi, FAILED,5
e8c00a5d-d309-42e4-9c48-46c3b1f9add6,a7a09614-6684-4601-87d4-6c4e95b4717a,PROD-0201,49667.42,2024-05-08,cash,success,1
0bec43dc-8ebd-49b8-868b-50e38c0ce21a,bfdb73a2-d3e2-4325-bc17-32f844c2da55,PROD-0420,44066.06,2024/31/01,wallet,success,0
ad85f489-a884-496a-abb9-1d76124819ab,381a6da5-b0cc-4862-96b6-4c7c7c50dfd0,PROD-0457,0,2024-01-18,cash,refunded ,1
d9fd790e-f45b-491e-b8a4-c1c999d0be6c,34dc61c8-5bf6-4fd6-ab51-361d18af7997,PROD-0371,0,2025-08-25,cash,success,5
65be6cef-c196-42ed-bdd2-70a92c8f39ff,0e0d3f36-96b3-45f3-82f5-730ab4c2c055,PROD-0256,8570.84,2024-09-01,upi,suc,5
4580f5d9-017a-46bb-b75a-566250fb1b65,237d96bb-17dc-43f4-8b4f-52befc7f183c,PROD-0195,35042.32,2025-01-21,WALLET,refunded,1
1c4f04b7-8aa8-4b37-b526-7bbcf497fcfb,3fae31c9-987e-4710-a1df-f778edd8aed1,PROD-0434, 29095.95,2024-03-30,cash,success,4
ed111c84-623f-43fd-b2b2-c0f6b390a20c,450e2bb8-fc75-4dfa-abcb-98a3102d34ad,PROD-0233,854363.9,2024-12-25,card, FAILED,5
43a283f9-a869-4334-abc1-fe402d3744e6,4badda87-83f9-4b2a-98cd-0d7c09817d28,PROD-0062,-50,2025-11-06,cash,success,0
5f733d43-f724-4bc8-a4fe-1738d7b76e50,bf14ab2c-de04-4141-894d-f9538c71a8f6,PROD-0017,34699.93,2025-07-25,wall-et,Success,3
5858c10e-1966-4b4e-975e-e267ffee0fe8,417bf2c1-343e-4a84-9847-80727a6a186e,PROD-0268,19975.93,2025-02-01, upi,SUCCESS,2
9095da63-9f90-4e12-9c94-6250c41cef3b,03f6c1cc-a8d7-48ff-a61f-f2460a1c9345,PROD-0406,845.39,31-12-2023,wallet,success,-3
60b6e20e-0e91-4d44-ba42-c0b7149be52b,cd3da3af-0dd4-4837-b08d-89ce1119ebe1,PROD-0300,17184.86,2024-08-18,cash,success,3
c557bd9f-b5d2-4f79-8b3e-04774e21b803,1943b426-c07d-45a6-9a50-ce05af1ba083,PROD-0371,-50,2027-01-06T15:18:03.056107,c@rd,refunded,2.0
c533d9fc-1ffd-4a5b-8b08-e67a7cbd427c,3b342cbf-757c-4df1-8a4a-a24714234ac6,PROD-0442,34993.38 ,2024/31/01,upi,refunded,2.0
a79d524a-0b91-4d5d-8359-427a2828fc8a,8fd35024-c5b3-439e-8a1f-aea5ff9af8f4,PROD-0162,29643.73,2026-02-13T15:18:00.841813,card,refunded ,5
fef77455-3c94-48e4-b903-29219d312c9b,74c22b7b-c910-4ea2-abbd-80e5ef452dbc,PROD-0280,31819.49,2025/01/10 12:00,wallet,success,1
478a97ee-8f0b-452a-ac37-b4493987684a,310aeebd-896a-4cdb-9b14-1fbc418c8eff,PROD-0211,20205.22,,wallet,success,3
2d38f2a9-24b1-44da-95eb-8cc8b86daf36,ccfe3a08-6cdc-49b5-ab58-a44d7ead0d6c,PROD-0417,-50,2025-11-20,cash,success,1
b7be8275-2ad3-4c27-aea0-7ef3b1b16ae4,3b4ca621-3010-423f-80c6-247acb8e017e,PROD-0095, 1070.75,2024-03-24,WALLET,success,1
404819de-d6e1-4554-a73e-e916c141241f,bb636057-6b5f-4afd-b93d-c592fb133ede,PROD-0282,40076.18,2025-09-17,wallet, FAILED,0
99a2c44e-495c-45dd-b274-6a446dabe2cd,f85dff21-6421-4d83-af0f-65728ae5e053,PROD-0488,0,2025-01-30,upi,Success,-3
5cae6bd9-7114-4447-a008-032cf067287a,b495067f-792f-4bbe-98af-07ff4385fc9a,PROD-0334,,2024-01-26,card,success,2.0
1eff3fc0-eb2b-4ddc-88bf-a34a5d698522,83d42c1d-c951-4a89-8eac-ed669b004630,PROD-0028,14876.13,2025-06-09,cash,success,4
2aeed8da-a9be-4dd8-b9c7-690d2bf9a334,f10f7f53-e83b-4d3f-9ed4-20db0ee070c9,PROD-0257,0,31-12-2023,wallet,success,4
44e52e3d-06d7-47ad-abb8-c6b5c25a8bdd,de74e75d-2bac-4baa-867b-079ab671df30,PROD-0250,13335.83,2024/31/01,wallet,success,0
2cd9ea63-6943-4221-9d13-6e7dd3b63e60,58ac1f09-1eb1-4e8c-a0b6-9be9f98cd3c0,PROD-0018,19972.94,2023-12-04,card,success,2.0
be24ff06-baf8-4c56-b938-bfd1f38063bb,d031b011-921f-4f85-8cd5-ba42591505dd,PROD-0338,12896.66,2025-05-05,wallet,refunded,2
cc325f9c-0aa4-4472-a5e3-66c62ebea7e8,dedacf52-b844-4ce0-bd67-ae48fcc37052,PROD-0166,1603.29,,upi,success,-3
74cce7d2-9528-4dbf-adca-adeae634b768,bf691302-b128-4f57-aa91-f0c167ebca39,PROD-0438,26607.22,2024-01-19,cd,success,2
9638ddea-595f-486e-9c24-a23dc1460dd8,d6a5dc62-5034-42ba-af2e-a59e1b089cba,PROD-0320,"1,200",2025-04-11,c@rd,failed,3
a3ec969f-00b7-41d3-98d4-c9a953f95eb0,77d38a0a-5321-4cbe-a074-97ae3b4ee015,PROD-0292,39882.89,2024-02-09,card,success,2.0
2b8ba4e1-aac8-4937-bf71-f918df073213,86f47cde-cbcc-4fef-a1db-1e3d1b68dd16,PROD-0016,2410.75,,upi, FAILED,-3
51f6ddac-2cc0-4d5b-84bf-7c5d8277956a,8b93d6ae-91f5-4f09-97a2-c9ca53dfb857,PROD-0435,33896.7,2025-08-09,cash,success,2
dde2e8e9-e4db-4a35-8fa6-821db9ca1f87,8eab9bf2-2e74-4201-9b1e-5da022f43426,PROD-0078,34438.71,2024-03-27,cash,success,3
8b8eb2ef-4b8c-464b-9ff3-730734d43606,0dc98dbb-6a3d-4386-a18a-24a02c7a6e1c,PROD-0363,34247.66,2025-12-26T15:18:02.407144,cash,SUCCESS, 
03958500-c0a1-4d6d-bdcd-4a53343013e4,974868f3-03be-4550-96ed-a8177a5e81db,PROD-0137,49009.38 ,2024/31/01,cd,success,-3
c035617d-531c-4448-8aac-41a2341f618b,bf5f67b8-8820-41be-94fe-8838ad352a72,PROD-0136,48044.57,2024-01-03,cash,success,5
f5a09c4a-999c-4310-a435-144796b75404,e534fb90-60a5-483e-9555-9b2f0d5af20e,PROD-0248,48827.16,,cash,success,5
67aeefa5-586b-4666-b590-02afaa6d2f41,738c0540-29c4-4587-bf4a-e5c0406251b1,PROD-0024,29245.66,2024-10-02,upi,Success,1
36b4d351-eda5-45c3-9238-2d5d650583b3,aa6b3d0a-2c06-4ee7-ada5-9e306d08ac99,PROD-0441,15935.38,2025-06-27,card,suc,0
707d0b2c-c2c6-48c1-a84e-0aa5b8071ea1,aa663ea7-f9f7-44f2-88fb-4f62d0f1a9f1,PROD-0178,13243.67,2024-08-10,cash,refunded,5
c14e8f80-8598-4d83-99a9-39065e2f3c5a,d6eed84b-6308-47fe-98b2-eeed73a42315,PROD-0403,19579.6,2024-05-11,card,success,5
20d84758-05be-45b6-af6a-61c038c54427,a88e46b7-cc78-48b7-98ae-df06059e0c51,PROD-0259,26379.49 ,2024/31/01,upi,success,4
9e5413b7-8ff1-4c97-9f47-abfffa556b79,83eb6047-79d4-4893-82d2-126e0d356ae3,PROD-0499,40198.47,2026-08-29T15:18:02.473666,upi,fail,0
f1812614-40e1-44bc-8404-6bbe50b836c8,874b9774-4d83-454e-84cf-f27059f575e7,PROD-0397,30053.67,,cd,success,-3
2fe2ba76-bc54-46bc-b607-01eaaaeff1de,43390251-bd82-4136-a43e-e8f94cbbed84,PROD-0104,664.68,2025-11-29,cd,success,2
03a6ae22-0ef6-430b-9a7b-04d6533d63da,cea64edc-522b-422b-80b7-b2f289343b9d,PROD-0333,25460.46,2025-10-12,card,success,1
12489953-7edb-42e4-b8ee-65bb0e10901f,851b28e0-ec9d-4ce3-8e76-5403d8b939a6,PROD-0428,,2026-08-08T15:18:02.406487,upi,SUCCESS,-3
67575c79-c18f-4bc6-9003-84cd11ec6e04,6360a5f4-8e29-4343-9845-569a9b595508,PROD-0212,3699.87,2024-07-07,upi,success,2.0
e35892d2-c2d9-4202-8141-1f0038f96f5b,f21837d9-299a-41d5-99c4-fada491bae90,PROD-0136,38461.8,2025-01-23,upi,success,1
3c361081-1412-44cd-a613-682d6daff6d7,ada2cc34-035e-476f-b2d3-b48c10456ca6,PROD-0410,14677.44 ,2025-04-06,card,success,5
9bd4865f-84be-4fdd-8929-42823dd955c9,5c97066b-deb9-4f03-aa49-00bdcaf417f7,PROD-0346,21515.38,2025-11-17,cash,SUCCESS,-3
0703402b-17f2-4a1f-b976-6a43d0b1de89,11b968fb-ea36-4cc2-9014-6700fc3232aa,PROD-0427,5497.36,2024-07-26,c@rd,success,4
6c533497-a094-49e0-aba6-3f52adea5b60,1e0de89b-cc84-4504-b9b0-9e1e3d725499,PROD-0143,28937.87,2026-05-19T15:18:00.117962,upi,success,2
f4a0bce5-f71d-4fe1-9309-00dc44fc1740,cbb98d8f-a85f-4219-9519-8492ef2c9d4d,PROD-0394,26442.28,2024-08-06,wallet,success,-3
7294acb4-1b7a-4764-8763-007b58617093,ce1fb4fe-e372-4f01-b505-ede8a06dcc4c,PROD-0196,1829.6,2025-05-18,c@rd,SUCCESS,2.0
f5c850ad-7e91-43d7-a61d-939979d0d5e4,5aa3eb34-53e1-48b8-8729-2ef7f92a87ac,PROD-0450,19399.63,2025-02-23,cash,success,0
57ce05bb-0d8d-4a85-bd59-2c6b2c5a24f4,b417e207-104c-452b-80a2-aa2a54b634ce,PROD-0153,8981.01,2025-09-20,cash,SUCCESS,2
708b4ca6-aed8-492b-bd79-58aba59fe4cc,099e1292-f0ce-44d1-bbca-22ac1c5c1d23,PROD-0263,45545.65,2025/01/10 12:00,upi,success,1
565ec62c-1fc6-4579-bdd7-ab78bce857f3,223cbe82-e3bc-423e-8921-f470afe011af,PROD-0295,12763.32,2025/01/10 12:00,cash,success, 
d1591e69-866b-4106-b648-9ec7752c3e48,548d0bf1-3bba-411e-81e4-0460c2047ddd,PROD-0403,16990.66 ,2025-01-19, upi,Success,2
ae2f3095-d2dc-4c41-836f-857499b722ec,7a73ef3d-01a4-4d1a-b0b4-d347fc6904ed,PROD-0362,32049.3,2024-02-13,card,success,3
5a8148aa-3436-43a5-af8b-a00b5d52c4d0,f203c2c9-8ce1-4016-9da7-423249e8870b,PROD-0250,9385.35,2025-07-18,CRAD,success,1
0bc4c633-5588-4109-a3c2-e7f6934f86ba,453b5904-ea25-4c2b-8ee9-a4ee48ad19a6,PROD-0434, 1802.64,2024-06-22,wallet,success,-3
f08ce7cb-0e68-40e7-8069-1f0105a01ce6,a25916e3-6790-480e-95ea-d566f59388e0,PROD-0368, 30336.92,2025/01/10 12:00,upi,success, 
5c8ef7cb-8973-4af8-969e-e62668c7620b,71c7c6ec-df39-4d46-a6f7-3d5a5cf16f2a,PROD-0071,25076.29,2025/01/10 12:00,wallet,success,5
ec650695-f227-4025-95e6-a62d15329d96,bc9f9d23-806c-49fc-8208-e73684cd12ba,PROD-0261,,2024/31/01,upi,SUCCESS,0
ec95ba70-dc34-4a62-a299-5972f2571051,dc23b2e5-667e-4755-84a1-ea401accc632,PROD-0329,12219.96,2025-12-18T15:18:00.381522, upi,refunded ,2.0
607e7670-59f5-4183-b79c-64ab94748b94,c437192d-c45c-4612-86dc-6fc98419bbf9,PROD-0033,34799.63,2026-03-13T15:18:00.132744,card,success,5
0c1c85fb-9978-4821-a1e4-4074ef058898,0ce4a1d9-8ab6-49bc-96a9-5a2663e3831b,PROD-0315,45155.73,2024-07-04,wallet,success,1
f279161d-cda0-471e-9f2e-bcbb23f5a372,c9e2ec32-a213-4984-88da-416c7370b22e,PROD-0154,32677.82,2025-01-14,card,success,2
d1225db1-18b9-4654-b7c5-f0dda821c0b2,09d8a464-4b86-4cfd-a366-16fecd18e304,PROD-0258,35704.71,2024-02-29,cash,success,1
d2c241db-8ef8-4c03-be7d-e008d47d73fe,a3b95145-8a67-4233-9392-4892625b73f6,PROD-0269,25411.6,2025-05-30,card,success,1
cdeb5ae1-e469-4588-9e26-48dbbd183440,7c35aa8d-4f43-44b8-9ef8-c6db5caef52a,PROD-0250,18659.11,2024-09-19,upi,success,3
b2b10190-80e1-472e-86bd-62843474a1ec,f347c1ff-71f0-4a38-827a-c417796a9441,PROD-0077,2216.47,2026-03-24T15:18:03.024222,c@rd,success,2
3e6e10ed-3976-4542-96c7-a8894b75c803,5dac4714-2975-4be6-8ffd-ad51e1175673,PROD-0143,14535.67,2024-05-17,upi,REF,0
25d350a6-aca4-4706-8bbb-a55262b6ad02,64790758-335a-413c-bddb-3472c01b4617,PROD-0234,45025.64,2024/31/01,card,success,1
5262435c-2275-4c62-9076-022d47821120,b8f30050-bf45-4a74-94af-d3c600eff07a,PROD-0392,42606.74,2025-06-11,cd,refunded,4
fbcd50a3-3731-4c38-a9bc-d9b308c52b99,43092fdb-2f4a-4e09-9049-5512e9c16710,PROD-0171,10123.34,2025-09-13,upi,success,3
71528a5e-89c0-41ed-a575-5e7df60e15ec,64f5ce70-04ff-4787-ad16-eb5935899067,PROD-0329,364830.8,31-12-2023,cash,success,4
30b6c014-b40b-4e6f-8e01-f78db5f54ce9,7cab9508-6bf0-41b9-9050-7e84e283a953,PROD-0268,15017.62,2024-10-07,wallet,success,3
f62ebaef-a108-4a9a-8c7f-131c2a028d06,bbf9cdff-63a2-4e92-902b-af305c53e457,PROD-0292,46462.42,2024-01-12,UPI ,success,4
8bec71b5-3373-49f7-977b-f96bfdc32dbd,8d409f37-d4c1-4deb-8d99-10c382878349,PROD-0341,44848.75,2024-08-30,upi, FAILED,5
76b7e17d-0bc6-46bd-b2ed-3de9fee47708,49904dbc-035d-483b-b9dc-3105f4a63bbf,PROD-0140,26345.69,31-12-2023,cash,SUCCESS,2
bd0a1828-219a-4c4c-896b-7d598a36e40a,08523126-e4eb-41e6-8fd4-f8d8a428325e,PROD-0173,13828.4,2025-09-11,upi,success,1
e5eb25bd-d66c-49a9-87f6-470879506b28,41fbfb54-d0e4-4a55-b3c4-1d037dcd3e75,PROD-0293,24583.85,2024-11-09,cd,success,-3
559d27b9-988c-49a0-a218-e0de16e5f39c,ecd664d0-303f-4d34-978a-ff778523a4f3,PROD-0009,40585.51 ,2024-05-31,cash,success,2
9b69b43b-1cc0-4de3-909a-1e259441539d,c396221a-d739-4878-9445-89402fb68fe2,PROD-0440,37167.48 ,2025-07-28,card,success,3
d6d70de4-82fd-4d9a-8062-610d09885967,4f8872b9-13c6-4536-b5be-77324c15c501,PROD-0492,41811.7,2024-12-17,WALLET,success,-3
43baefc3-b5d8-48fb-902e-e5057a311b7d,2e64b397-545b-465b-a1fe-6671d6709581,PROD-0485,6417.21,2024-04-09,upi,success,3
d1dc33ac-d6c0-4e8c-a0ae-a64cbdda01ce,2adc0759-4b58-460a-a06c-730b7529a6b4,PROD-0399, 20181.65,2024-09-23,card,fail,5
ec22f28a-1447-41f5-96f8-4af4eca18f7f,4572adcc-a857-4afb-a68a-1662384c57dc,PROD-0463, 48453.39,2024/31/01,UPI ,Success,4
007d2e33-5de1-4c90-bd3d-c1298caf6163,24da0860-c892-483e-a480-2549ec37a934,PROD-0010,26200.96,2023-12-04,upi,success,3
ba1c8858-cd80-4c97-854e-a6c22964b81e,1a65a66f-af19-4410-8d37-83fc9c9b2e8b,PROD-0327,14875.98,2024-01-28,card,refunded,2
bd2a2d96-9529-458e-b652-85ef5569f4c2,dbe70301-c414-4619-ba3f-b6b42419b371,PROD-0192,48744.31,2024-12-09,card,success,5
0b64cfcb-c2eb-476d-ba6b-ee54dea6a2ef,d98dcfc7-6ea4-45eb-a8aa-7240cfc85c72,PROD-0195,0,2024-10-04,upi,success,1
53ebd85e-d58d-4d91-ae3a-142818beb077,8313adb5-f1c3-47c7-a0ae-7d352341ebad,PROD-0459,10232.33,2024/31/01,wallet,fail,1
49f1c855-2288-4950-bfe8-277b61e79e37,072d7d7a-995e-4a69-b237-06b74ee1ab15,PROD-0031,47825.03,2024-10-31,card,success,3
e31ac6bd-033a-431d-a472-1aa3b3e7475e,d6c916f9-aa4b-4079-bb1a-9e0e9f65ffd7,PROD-0028,"1,200",2025/01/10 12:00,wallet,Success,4
dfd2241d-8a5d-496d-b1bd-dcb24772648f,2a579d90-b30f-4176-81f4-e1575cec6a62,PROD-0397,0,2025-05-16,card,fail,0
a9e91a6c-faf3-47b4-821b-702ea8ad32ea,9106c9a2-8e4a-4659-8aae-37d775f9b116,PROD-0062,0,2025/01/10 12:00,cd,success,4
7e67aee4-fe7f-4a68-8ef6-ba33ebb1040b,39a73076-4c99-4905-b943-ab8a0085f5af,PROD-0012,49196.88,2025/01/10 12:00,WALLET,Success,1
13b89055-07b0-4f2c-86aa-62ba43748fde,bf0bcd09-edac-45fe-8639-c9e300c221f5,PROD-0291, 38790.24,,wallet,Success,3
994e86ff-73f3-4b49-922e-dee5ed44461d,02fb043e-7305-4d8e-8729-29e0d75f5775,PROD-0298,30822.65,2024-10-09,upi,Success,3
778cc334-348b-40ea-8ae0-72bef87810cc,b9859d08-1e01-4211-b427-5a41c59e26d2,PROD-0396,377.4,,wallet,success,five
9b49c19d-de41-47b0-8d5e-381d7184cd83,3fed4139-56fe-49ed-9274-2045f096021e,PROD-0389,14272.89,2024/31/01,card,success,0
b39299fe-8e66-4adb-90fc-a2ffc54157f2,008ce710-5671-41ea-8b86-e009f66cc226,PROD-0388,8313.89,2024-04-03,CRAD, FAILED,3
603180aa-b249-46a3-a09c-56daf2b61337,ad514fbb-5bf2-4a2b-827b-6a8ba1b6e709,PROD-0169,14606.62,2024-07-08,cash,REF,five
d1aefdc6-5a2f-4a2e-aded-c0640480a7f0,f8779bc7-b8fb-47e9-b617-c9a54d1a6257,PROD-0226,34565.18,2025-03-06,wall-et,success,4
75b26f63-34d7-475e-ad59-8105f95a83fd,6308f612-9a26-4e56-ae8e-0c25893d49c3,PROD-0345,47827.59,2024-09-15,WALLET,failed,5
60a5ce01-ba3f-40d3-a8ca-2f30a7090c67,59e3ecf4-5364-4a96-a140-30f4c27cb2bd,PROD-0438,38946.13,2025-04-24,cash,success,five
7dfcb088-30f3-4b64-8d2c-08b0f72a24f1,237c1852-6dfc-48d9-8aad-3c5944264eca,PROD-0260,-50,2025-03-13,WALLET,refunded ,1
2e674064-e105-4451-8f56-7626f4eb6ffb,eabb1db1-b298-4df3-83f4-846dfa8a9200,PROD-0212,46382.69,,upi,success,1
cb616ec3-95fa-4953-875f-396e3d33ad96,9168307d-1c42-4be9-b8a1-9e75b4940e3b,PROD-0101,21113.68,2024-05-11,WALLET,success,1
8752e57d-cd0f-4746-ad83-0d2b8665aead,07f420df-069f-459b-be59-013d60203ad7,PROD-0164,-50,2024-04-12,card,success,3
19f0ea2b-760b-4141-bb40-89e7b74e95c8,f4facba2-2cd9-4df5-aa99-10b8b1e2c6fb,PROD-0086,24218.93,2025-01-09,upi,SUCCESS,2
022e206a-6131-43b8-a8c4-51a9d841b04c,72be7d58-8666-47f6-bf67-d66480eb919c,PROD-0192,11424.72,2025-11-24,CRAD,Success,3
5ec678da-e379-46b0-b795-c08b9e780ef5,73d67b5c-6168-42d7-a8d1-69e87c195f84,PROD-0249,35093.7,31-12-2023,cash,success,3
570dbe13-2da5-4184-a3d0-149df70b5726,c321f985-18ae-4c1e-8df9-159ab2624910,PROD-0090,29591.17,2024-11-22,cd, FAILED,1
4f426973-db2b-4237-93c9-033165cf8ccc,7193e9b6-a100-4710-bb9c-edf1e7aee5d7,PROD-0189,11078.92,2025-08-18,WALLET,success,3
af5e692a-03a1-4bbe-929a-c56568536c80,3d7f0d3c-f62d-4bac-9f96-5a41677311b2,PROD-0272,27460.81,2025-05-05,cash,SUCCESS, 
ec9b5da0-ddf7-4fcc-92e5-236b852a6185,53b87af2-4801-496f-bd41-805ea26cfeb1,PROD-0025,23228.17,2025/01/10 12:00,cash,success,1
b1024f55-f7ec-41a4-b733-f7b83670f520,39ed53f9-b6c3-45ff-9f67-9d2df9e2a972,PROD-0209,38588.27,2025-04-28,cd,fail,3
851d945f-7eca-437c-a679-15521ed0b923,68874214-cc61-4e0b-b9d7-abc4d3263075,PROD-0066,29502.02,2023-12-24,wallet,success,1
f0ec8da1-0fb6-4737-89b4-0223a279d9b8,6ab183ea-e334-4f3b-9c9f-05885c260c90,PROD-0371,5763.69,2025/01/10 12:00,wall-et,refunded,4
381981fa-fcf0-42d2-895b-912162b5aade,201d2270-0747-4225-a2df-f96d16c49e04,PROD-0287,31809.62,2025-08-11,card,success,0
2637206b-92ea-45aa-b924-a291d026dba3,a76d672a-9a75-46df-8cd2-34659c5c9296,PROD-0015,0,2025-06-18,cash,REF,five
85e36c09-c208-49a5-9674-647835e0baef,a188e95b-411d-4131-bcd8-b39615a7f00b,PROD-0430,,2024-11-30,UPI ,success,-3
eb97774c-f389-4461-8135-db46f0b0a5d8,514fad8a-3330-4b37-af40-dcbf06ae6a58,PROD-0220,,2025-04-29,wallet,failed,4
f2d5ac38-bd11-48e2-97e5-ab0bfe437903,9000fd41-4ef9-4997-b46b-ecce25612503,PROD-0068, 7359.1,2025-08-14,cash,success, 
26cff856-6d62-452b-99c7-ad83ba4765c1,3d76f608-6871-4121-9e2a-ebba6f946af4,PROD-0016,37952.98,2024-02-21,card,success,2
50895002-decc-478e-b322-dcc4d733b02d,906d8dee-5360-439c-a0fc-d1e64e53278e,PROD-0360,13269.35,2023-12-23,card,success,3
8a48c454-4153-481f-90f3-5e6837f36602,b49df7fb-82bb-4ce2-a7f4-3b386322eacd,PROD-0107,31715.47,2024-09-12,card,success,2.0
46b26ad0-59fe-4728-a069-25f05f0b8cd7,e210cd7d-d2dc-4409-a3de-0ea34416d702,PROD-0042,49981.62,,cd,success,1
5b5a859a-6904-4ea8-aebb-0ad9a263abac,8c172aa1-f3a1-4aeb-8502-0d7986995ce3,PROD-0483,-50,2024-12-06,card,success,five
0d43c8c0-b55a-4254-8e36-84809fff6ee4,53ae1c5f-4ab0-4c51-9fe7-8c32b12e3076,PROD-0202,31584.74 ,2026-09-09T15:18:01.276710,upi,success,3
a670b42f-c5e3-404a-9a14-27ff22113f3a,92d93e16-f404-4892-9d33-709c94c5ead0,PROD-0316,0,2025-11-13,card,success,2.0
ead3e992-bb11-467c-914b-a284838fe2ab,9441385f-7870-4f86-9c76-828690266152,PROD-0102,16687.4,2024-03-20,card,success,2
dae2fb40-6d5b-4445-a7cc-5e397b62fd6e,fc9baace-4866-4261-a348-eca80fdeba15,PROD-0065, 24778.92,2025/01/10 12:00,wallet,refunded , 
8319e1b4-b08a-43e0-9b2e-29ed1c3b2b37,54264321-0242-438e-9fbb-d335aea30232,PROD-0186,12837.29,2025-11-05,wallet,success,5
9d37ab56-e873-4f0b-99ac-134cbed8a0c5,35c0441f-ba6e-48fc-bed0-e922a943870f,PROD-0440,21487.48,2025-10-28,wallet,success,2.0
4333b2d4-cee3-4fd3-9cba-a7533c2d5f1a,225a179a-054e-4f9b-a143-cd0dbf59e513,PROD-0430,23781.06,2025-03-03,upi,refunded,4
cc13fa2c-0c1a-451e-a55d-cb925357d8f9,febb86ae-e179-45e4-8f36-b30698e2d2ed,PROD-0185,16444.22,2024-08-16,cash,success, 
266ff2a8-4127-4629-9f56-af8b581619d9,68ae0ab5-e3fd-4d6f-a207-c966a7b56e2e,PROD-0147,2126.31,2024/31/01,cash,REF,5
57c8d02e-94db-4517-aef3-dd68ba48da24,ab93acc4-2714-451b-bfd0-408e598be25c,PROD-0399,31200.91,2025-07-10,upi,success,five
b32643e0-e61e-43be-9405-98f352f849c6,1380b551-fe48-4748-9e0f-d1772888a3ca,PROD-0458,22622.08,2025-07-09,upi,SUCCESS,4
4d900879-c196-49d7-bf2f-37dfdf32db5d,fe523c86-7f81-43e1-b2bc-e57bc8a70cf3,PROD-0007,22380.45,2024-07-14,card,refunded,1
250e9cf7-d0b8-4cfe-a11a-ebfa9653b103,3da543f8-7551-4785-b603-20e79bc16939,PROD-0340,45541.73,31-12-2023,wallet,Success,5
834966d1-8343-4d8e-a2f3-ab01e6621e77,7ad62ad0-cad0-4795-87fd-d6eee911d6e3,PROD-0025,45680.69,2025-05-15,UPI ,success,1
dfe9877f-d4d9-4762-85b7-f60eeedc82c1,9e89c6c1-77c0-42d5-a6c4-24b4adeb1908,PROD-0268,38919.6,2025-05-18,wall-et,Success,5
f978c654-e4e7-4d44-bc5e-5663ca75bbc2,155db77e-9381-4354-98ec-00acfaa5229b,PROD-0244,36969.97,2025-02-27,wallet,fail,2
f2bc9f42-be5f-484f-bdd4-bc0663fe1b24,eadce00a-1003-415f-9ffb-040295dc61b3,PROD-0257,-50,2024-08-15,card,success,4
e553a8c8-4742-4cf7-8170-5eb326e35d5a,65c2c167-a17c-4a9b-8f03-32b2a8c01f15,PROD-0018,15890.59,2025-02-12,UPI ,SUCCESS,2
a7896736-d083-4875-8fc9-ded38d541808,55b6cdce-f460-4ebc-b306-c96859b67c36,PROD-0413,21036.33,2024-07-18,CRAD,success,0
02908e97-4203-4ae2-8275-816ca0bc8ab0,32cf21d0-7443-4a3f-ae65-ad9d9865cea2,PROD-0274,20964.97,2025-02-11,wallet,success,3
8c6a64d1-172f-48b5-bfd6-46f51d2a779f,149d47db-7298-476b-81f0-bfa226920977,PROD-0290,3145.01,2024-05-02,cash,success,1
be19fa2d-7a85-4934-9987-c0b1bf024edd,98189f38-a250-4ac6-ba51-199af1ef004b,PROD-0081,2461.16,2025-01-01,upi,REF,5
e27b73d8-79e0-40d4-b9c8-18f6370c5ac0,4b727a8b-3e45-463e-945b-d1eb47cfb21b,PROD-0452,43610.4,2025-08-26,upi,success,-3
24eca5fb-0171-4e0b-b070-e9e28846f05f,56f6aaf1-927d-45c0-9037-ddf0ef17e2d6,PROD-0228,38317.38,2026-03-29T15:18:02.119463,wallet,refunded,1
4852094e-6e77-4026-87a1-33a360d26392,464fc492-5ddb-405a-872e-507774af9e88,PROD-0024,36761.96,2024-07-06,upi,success,2
eb86d1c4-09e0-438a-96d8-bd9120b5b1bf,a2833844-0b6f-4475-b121-aeef012a06b1,PROD-0077,"1,200",2024-01-28,wallet,success,five
0e698bf9-1d6e-4284-b2df-c02561714f60,68fe7de2-b327-46b9-a7af-cdafbba7a551,PROD-0460,46065.17 ,31-12-2023,upi,suc,1
fc1eeac6-3bfd-4762-b7d8-817552425b5f,65f3cfeb-c098-49c1-93a0-7b4181887588,PROD-0215,0,2025-05-24,cash,success,2
8726b9e8-1aa4-4dc0-a2a8-5a9590bff7f5,d0c834d1-3cff-47d4-9655-0ff0647791f8,PROD-0197,12889.04,2024/31/01,upi,refunded ,2
ab750c66-7a8e-4a78-a916-8c44c2c887d7,17c58df5-66c1-41d0-9f78-bf95c294c6b7,PROD-0332, 48449.82,2024/31/01,wallet,Success,3
1f2f2947-56a5-49ec-aea3-f9432e546b0a,cd65d27b-32da-433b-8683-294c3158ce85,PROD-0280,27841.54,2024-08-22,upi,success,five
f6b7cd96-7469-442f-ad89-01c5c876683c,a7d75dbf-9242-45a5-883e-f654ef57d0a0,PROD-0420,-50,2025-01-02,card,success,-3
e0d69b1a-b583-40bd-ad29-cdd3fa634ba3,07291792-b8c1-410f-a5a5-d0463a65deb8,PROD-0122,"1,200",2024-08-18,wallet,suc,5
6796817e-e9b9-47b3-882e-dd46c1acd2d7,9d90df4a-95b0-407a-818d-9b20aeebaf9c,PROD-0305,43314.13,2025-11-11,cash,refunded , 
d1e0c7ec-23db-43c6-a520-61762265f173,8b40750c-6335-44c5-866d-9b218212baa1,PROD-0212,9486.76,2024-08-08, upi,success,five
667979ea-a0c5-424c-9008-2c47058737eb,5bfa787b-a440-4b55-a6ee-93f7758e13c2,PROD-0093,18032.38,2025-12-18T15:18:00.851970,UPI ,refunded,1
6af648da-8d5d-4909-8c3f-1441ede8e004,96f7f6f9-22ea-4290-8816-5e3d1af123bc,PROD-0157,2575.88 ,2024-06-27,wallet,success,5
3168430d-dffe-4a52-a27c-d9c6deb4d92b,2708fdc2-8340-4fc5-b56c-0852fe4becd4,PROD-0332,34796.89,2026-03-25T15:18:00.356205, upi,fail,1
783df161-3a73-4383-a50e-de76b8860932,c0e1db53-8633-48d0-abbc-47dd1d214ddc,PROD-0460,26780.62,2025-07-15,upi,success,1
ccfb9bd9-ce6f-4520-a0ac-5e2f22f3a7b4,e451d3d9-2ec8-44fb-8d44-2d9d98720461,PROD-0255,28553.31,2025-01-15,wall-et,success,5
9a45afd9-3f8e-4f16-badd-db9b07772e0e,511b06d3-7ade-4bd7-b76d-bdb77739e601,PROD-0273,30301.02,2025-03-04,wallet,failed,3
9e36bf63-d215-4e1f-8e29-d21fb4a1bffe,8f049bb9-6f51-4611-a8c7-c30e77abb914,PROD-0013,24081.85,31-12-2023,card,success,2.0
47934b76-4a62-4fcb-beb7-8380575ff743,28910b8e-73a8-4f3e-8449-ee10935d7e75,PROD-0359,41218.89,2025-01-31,card,success,4
5715943f-cd9f-4535-8263-05e54e0163f1,c1966d63-c8a0-4901-a9b4-cb78a66e4f5e,PROD-0393,-50,2024-03-04,wallet,refunded,5
9a41af35-e219-4661-bd4d-0ed1e61a2bff,225c1505-d490-4057-980f-03c49d4e5f55,PROD-0169, 40713.68,,wallet,success,5
9d62283b-f6d0-471a-9c38-4f1e5b08dfb3,4a29fe26-eff7-4c58-895f-b7abbf037395,PROD-0265,37238.55,2024-06-10,wallet,success,0
adc23c03-7ce2-47ad-996a-6b3655c9f353,16a3bc75-c849-410c-a50a-a2e1dc025367,PROD-0228,4325.25,2024-06-19,card,success,3
558af485-5c91-4265-a095-9b4bc974808d,a0dcaf7e-a794-4505-8bc6-0dde96f8d8d0,PROD-0100,29401.99,2026-04-10T15:18:01.697694,cash,suc,0
6b262e28-271a-4278-b6b3-cb2b04dc8ee1,bee9e921-fdd7-4f31-8e94-ddbcaa978615,PROD-0300,14086.88,2024-03-18,upi,success,1
b903751e-7b06-44c6-ae4f-d38e4807d497,54dd6de6-1a6b-44be-a388-41d552fcf340,PROD-0370,39633.51,2025-10-09,UPI ,success,5
2b9aaf3e-5870-4449-8f62-e84cb3b10323,436aecd7-a43f-436c-b0b7-f94ff5a8f65a,PROD-0265, 41585.09,2023-12-25,wallet,success,5
2ad592e2-42ed-461a-96ef-5f76d506efcf,1ddfc66b-5237-43b0-a5d1-84e2d49e8a68,PROD-0276,33183.85,2024-10-04,cash,REF,5
8563602e-5691-43bd-905b-cd1bdcae296a,036e3625-a8a6-4efb-89d0-0d4fd3a7cfe7,PROD-0195, 46165.08,31-12-2023,upi,success,five
1c02cd34-6dc7-44d7-bf6a-1d17d55d3b71,bb2bcfa7-b383-460e-a56b-554848fc4ec8,PROD-0342,7763.64,2025-05-02,card,Success,4
29ba9680-1495-4e90-9158-db8f8a1b728e,1e47b09a-6dc7-4e70-babd-db15f1612df3,PROD-0273,17169.5,2024-01-06,cash,failed,3
edd1ffb6-ea88-44d0-9cd9-4ae230cf0d0e,583ab477-2388-4faf-9a33-e87db8e06f99,PROD-0144,15931.32,2024/31/01,WALLET,fail,4
5002f1d2-56e6-4bb1-9381-becf93b7cbff,ddd24c6a-09e1-450e-b451-b5a8ff5b7a08,PROD-0397,26319.18,2025-05-03,wallet,SUCCESS,5
bfb61cd4-779e-47b6-8acc-b7bbf8c19328,770d401d-6d32-4a36-8038-911829c72205,PROD-0455,-50,2024-04-01,WALLET,success,5
aa1fb24f-be46-4440-b606-4ee1e39c5fee,f28a0128-f423-453e-91ec-e33ffab078e1,PROD-0195,7093.92,2024-08-02,upi,success,5
bc0a31db-6dac-4d85-bbdc-0dfb7d54485f,6b0ff494-6ff6-4df0-b26b-e71640bc1ac7,PROD-0270,15733.31,2024/31/01,cd,success,4
b5da9d08-9298-43ed-8b47-ad73b2f056a9,ade65ccd-2336-4185-bcd8-e8094006e6bd,PROD-0136,43918.47,2024-09-04,c@rd,refunded,5
2e2a9b89-29f0-492c-ba9a-5748461877ae,96eff66d-5e3e-4cd3-a9bf-0c1bed2f8a46,PROD-0236,"1,200",2024-11-04,card,success,4
637994c0-e6ad-4b00-96ee-c30b84731057,074a6094-5c16-450e-80e9-f5a8fb3fe0b2,PROD-0071,45473.9,2025-11-07,wallet,Success,4
14309bcc-3f4f-4e8e-87aa-b06407fd9339,fa52e528-2140-4243-9497-37dcdf390d65,PROD-0047,27832.17,2025/01/10 12:00,upi,fail,2
af8b91c7-aff6-416a-870e-e6d70001c4c9,f7b6d999-ed14-42ac-87c6-9324cb182242,PROD-0433,38682.84,2025-11-06,upi,suc,4
5e82ab13-9fc6-4825-9101-82d4b365e695,994082da-66b9-41dd-9a65-8901ffefffc4,PROD-0191,28639.08,2026-11-21T15:18:03.254843,cash,success,4
9802194d-6936-4a6c-9cbb-fce720db250d,d3a71997-e706-4b2d-80fa-236f520d05ea,PROD-0026,32545.47,2025/01/10 12:00,wallet,success,3
24eac1eb-76e5-44c4-bb12-987acd6671c4,16b8b8d5-7053-4b40-98b4-3d10fc1589dd,PROD-0319,39103.22,2025/01/10 12:00,UPI ,success,1
8b0b62a6-45c1-411f-a4aa-23e58c7edb9f,5e78e77f-a6d1-4d4e-b366-0016275d4e33,PROD-0456,27049.38,2024-07-27,upi, FAILED,1
2381642a-2cae-4025-900a-dc74cc5ee7d1,83bc20c5-5f82-4cb8-b7e3-05a3b0cb01c1,PROD-0373,33913.5,31-12-2023,cash,success,3
6e12b6b7-6d38-41de-88b8-43bc3fad220f,7cab15c5-63c5-4f3f-9d83-128252aa98d1,PROD-0484,22151.59,2025-05-28,cash,success,2
6a75f9c0-f6c2-4a35-bf25-7b24c7db64c0,62b5c011-c51b-4f93-b823-638fd47dbb18,PROD-0057,3687.53,2024-12-14,c@rd,SUCCESS,1
36cfc8b6-bb6d-41a5-8886-593a5a5d2077,a1214093-6b1a-4292-a926-d22dedc7cc89,PROD-0025,49339.42 ,2025-11-08,c@rd,SUCCESS,3
646ce3f8-c90e-41b8-888c-f67968fd2429,2657c2ed-c555-465c-8f37-30f90b110140,PROD-0475,48381.94,2025-02-25,card,success,2
be22b8a2-0ee6-40bc-85ec-325c89535d9e,a3e2388c-6dd2-4b26-9e7e-f8e09b9715b1,PROD-0482,20209.07,2024-05-21,CRAD,success,2
2a0aaf68-db23-41e2-8b89-2dc037a7b422,8d9bf1ad-c882-4470-ad0f-bc37e982ee00,PROD-0038,12517.65,31-12-2023,card,refunded, 
61ce3825-c0b2-4b1a-aae1-f9e8ff80be7b,a115cee3-87fa-4182-b1ea-d583606e3018,PROD-0349,26838.23,2024/31/01,UPI , FAILED,2
ee20c88a-f443-4c04-a7fb-a03770e154ff,025c1ac9-3ca0-4fb7-b978-b14ee472474e,PROD-0349,"1,200",2024-02-05,upi,success,five
9a06f701-6789-43ab-8f5d-064088ffa656,dee69a42-f3bc-4488-8691-f24d33df3031,PROD-0099,29473.46,2025-04-23,card,success,3
2721d641-ed25-4f36-aa85-154a0f352c1d,2773099b-137d-4a1e-911d-9ab2ff7db81e,PROD-0281,0,2025/01/10 12:00,wall-et, FAILED,2.0
ea850530-fc93-4d12-aa46-283eb679c388,c880dbb1-cfa1-47fe-a52e-6e33a52503b1,PROD-0335,48622.62,2025-08-23,card,success,3
9d654f53-a12e-49b6-8b99-883e48e58634,9b144a4f-30a3-4c91-89d3-0d20e407c3c4,PROD-0400,35571.05,2023-12-17,wallet,success,3
c556c583-e763-47f8-97b9-a47b7b514459,4dcc7972-810e-455f-864e-b51138545377,PROD-0254,17565.36,2025-05-16,card,success,1
6c7c9461-c7b5-4a11-8a8f-714ac3db19a0,6bd40746-50c1-4984-85b9-e27ec0fa6b71,PROD-0407,10304.08,2025-03-01,wallet,success,2
e4877c6f-d552-467c-8c81-b98e9917f74d,286ab509-db70-493a-898e-56eb62b222b2,PROD-0385,6571.2,2024-08-16,cash,failed,3
ed70e02f-1ad2-440f-a9cc-8950afab60cc,31b5e93c-e7bb-4c0a-b8a7-5aa4c3789ee2,PROD-0155, 9560.17,2025-10-02,cash,success,2
0c2967d6-8d86-4430-aa81-0028d174e451,08ef6f81-fd6b-4e9a-a9ca-602e20eed59b,PROD-0021,27683.2,2025-02-13,upi,success,4
525cc194-8429-4c06-88d4-d453362fc8c6,ee65aeed-3636-41a8-a287-41057803bb05,PROD-0120,46767.53,2024-05-29,wallet,refunded,4
7d2b656d-60a0-41bc-a545-0052a477de75,db837bef-8c00-4cda-aa39-1da117d84351,PROD-0420,45937.6,2026-03-16T15:18:01.222383,wallet,success,0
f15a98a9-f96c-43fb-b8d3-8ac6e9b70c2a,6173b98b-8de4-453c-9067-a9b3b3beeb48,PROD-0297,38424.92,2024-12-08,card,success,1
69f1d2e9-3fb1-420c-b9f4-7bb298b16a3d,f009f9d2-93c9-4932-9d8c-20ec70406387,PROD-0167,16685.56,2024/31/01,c@rd,success,five
5e77298b-441c-469d-b667-026effec4f82,15df6556-c03c-4a4a-9746-e7b433355055,PROD-0310,23626.82,2025/01/10 12:00,upi,success,2.0
9608f2ff-d251-4a88-9b80-55dba8f8f242,e039c1ef-cd77-4630-aac0-480cc4383c9b,PROD-0402,28547.05,2025-05-10,wallet,success,5
9b683f90-b66a-416c-b683-efbcc7e5493e,422a4aa6-c1f3-482e-9cc5-e2de7fe2248a,PROD-0143,44181.34,2026-05-29T15:18:02.549331,cash,success,4
d0b73a9f-24f8-4600-8981-0b03aad9e54b,d2b5fcf8-ab57-490b-8210-c8fb5488412d,PROD-0248,563952.69,2025-10-14,WALLET,success,0
1cae83d8-d25b-4a35-ae91-b2acd1efa668,a517004d-1615-4715-9b4a-43f9d40c29d5,PROD-0024,33014.37,2025-01-19,cash,success,4
7aaf18c1-6f74-41e5-b4ec-300288fb32a0,b7b64b19-6deb-4681-a5c7-32e33f750e76,PROD-0288,-50,2025-03-30,wall-et,success,1
583a4585-189e-4e10-b712-1378f4f36ee2,8685c2be-7c4f-4125-8519-05341dde384a,PROD-0078,19035.78,2026-08-19T15:18:00.361598,upi,success,3
1f050c21-4c57-476d-845f-bb5ff2b969ba,271bd9fb-179a-45bb-af6c-3dc87bddd756,PROD-0351,40546.63,2026-01-10T15:18:01.021631,wallet,success,2
89c0e3c2-39f5-4048-a790-480b4bb13bab,74e4df31-0f98-4ace-819b-1498e87cc8f2,PROD-0068,35419.24,2024-03-25, upi, FAILED,4
7364842e-d864-4b77-baf8-863e3fa67431,fd5818bf-78d7-487c-ad75-0da8bc1ab674,PROD-0039,,2026-05-25T15:18:00.814487,card,success,2
4f4962ac-893d-409d-a39f-283e63ca2a57,ba089281-c333-455f-a781-539403493418,PROD-0161,14356.25,31-12-2023,cd,success,5
37a50539-9018-4ee2-a74f-819aa07b0f22,45498a8d-335b-4c91-adee-1fae698bf4bc,PROD-0011,2581.34,,upi,SUCCESS,4
422aba31-310d-4602-8a44-da014e735620,4e521e1f-4da0-4aeb-83af-b088223fddbe,PROD-0172,,2025-05-20,wallet,success,1
fd38fb37-0221-4c9c-b4d3-80b2be520b4b,b1455b94-f62c-43bf-b611-d3f7caa1b4ef,PROD-0276,2736.97,2024-04-08, upi,refunded,4
a572893f-42b9-4d6f-8b6a-c66e00dd70e7,54162cdb-baa1-4523-893a-685fd7762d79,PROD-0407,12893.42,2025-11-11,upi,success,3
2545a815-203f-45c8-9e82-a29d5e968a2d,d14eaf5d-3894-47ba-8e43-525ed87fea3a,PROD-0103,18821.98,2024-12-30,wallet,success,4
2bdb7c65-4142-4c29-9ad0-6879597437d8,62476a4f-559d-4f1a-a28b-46e554ce49ce,PROD-0089,2641.23,2024/31/01,cash,success,5
84e9042c-94d4-48b7-ba59-19265aa77b87,2590d2b7-8f38-4724-86f3-19530369b179,PROD-0382,4398.09,2024-12-29,wallet,refunded ,five
2751edce-63f6-45c7-9764-a4ebf0c83c89,a3364681-0529-43a4-9db0-96bafc80591a,PROD-0453,20928.19,,card,success,5
4d211758-c87a-4347-846c-b7120d7fab36,106f7ab3-7ecc-40b8-a077-8428065248d4,PROD-0254,37713.77,,cash,success,1
dcacd68d-5746-474e-a2ea-197c67b3ec48,78a32981-974a-4c7f-ac02-b2d4bf79a927,PROD-0055,46799.2,,card,success,5
ce0fba43-0e38-42af-8c31-6c3c9da81e29,40e647f4-78dd-4d24-90c1-dcc270967288,PROD-0176,26901.77,2025-09-25,c@rd, FAILED,5
310d3e58-f8ff-4902-b617-a901edebf6f9,1d5d285a-1a3a-44f5-8b41-722b1e7b5c32,PROD-0381,23628.18,2025-09-14,upi,success,1
8f8a7b89-baf9-4b99-9b5a-218f08d83ba5,d1c5fa58-83b8-4ab8-89bd-fbd0721dd2d1,PROD-0492,,2024/31/01,wallet,suc,5
3a314b35-fc05-4597-9232-fc60fbd58a69,bb848031-9968-4888-928a-ece3918599ad,PROD-0004,595180.97,,CRAD,success,1
9f6ef47a-46c1-4bcf-97b0-8cff28018af9,f3e06735-8722-4ccc-a54f-f7be7a6c9035,PROD-0127,47417.26,2025/01/10 12:00,cd,success,4
8dc09187-29d2-465d-acd0-88e085cded93,6622e0ca-cf11-434a-b99a-f9ac096735c9,PROD-0033,32553.15,2025-02-11,wall-et,REF,0
2d3a512a-2ac5-498c-a823-a3866f4e62a5,86d5cca1-3948-4f62-9dd9-98080fe13e77,PROD-0274,48165.15,2024/31/01,wallet,Success,4
9742e7e3-4a5a-4280-9a4a-fc26bf1fc625,2508bc34-be00-4aec-a01a-2a7c4c7da2e5,PROD-0442,38592.42,2025-01-21,card,REF,4
504ba055-477e-4c34-93c5-54633b43e3d2,41bc515e-b6c6-4ce9-8d13-c91cc4815ddb,PROD-0045,49945.93,2025-03-20,cash,success,2
3c5ce3d9-4707-4790-8491-92a63421bea8,af31d2b5-4916-4738-b5eb-d32f7b35e1d4,PROD-0066,29647.07,31-12-2023,upi,success,2.0
e42fe01c-ec16-4750-9f9e-6210d4a00c2f,a8d8b6e4-c0a3-4633-8380-85dab82fbf6b,PROD-0356,6948.15 ,2025-09-18,wallet,success,2
00fcc422-114e-42ad-a6aa-f267904917fe,6428a948-f9a1-48c5-ba82-cd2ec0511d61,PROD-0327,23713.27,2024-11-13,CRAD,success,five
cbb8b2b5-a66d-4485-a022-370bd25c11be,8ffc11cb-908d-484d-8996-d0e5420c0923,PROD-0144, 8667.66,2024-01-03,card,success, 
b33f2765-958f-4635-afe3-f7dfa9476509,14425cee-6549-4381-955f-8fd33156b783,PROD-0002,"1,200",31-12-2023,card,success,5
dd76c73f-78e5-4503-bdba-50cd6826fc30,5ce337d5-bd35-4db9-b569-44b1ac95e66a,PROD-0266,-50,2024-01-25,card,success,2
522239db-fc38-41e2-b5e8-6538636e75f8,672b05e3-df98-49c8-a920-a18dad96da8c,PROD-0417,"1,200",2025-11-24,c@rd,suc,5
d8d9292d-7bc7-4667-94e5-934a9fca3832,fe848b69-15ac-43c9-9a12-3d2674dd7d2e,PROD-0040,30864.49,2024-09-14,card,REF,4
146337ff-29dd-4f99-bfb6-99db9e987dc8,bbe03590-b3ec-48ca-a10f-31e9f2ea1986,PROD-0260,39206.15,2025-07-17,CRAD,fail,five
ed839151-a204-4327-b46a-305f91e2819c,090c3f23-cdde-4eac-b9d0-abe2bb83e8cf,PROD-0152, 29062.39,2025-09-15,WALLET,success,-3
5b2d0e39-d75d-4a99-8bd1-08601b18f4cc,b28519ed-193e-4ae2-8870-b9b7bcc48abc,PROD-0143,,2026-06-26T15:18:00.537860,upi,success, 
03766280-5123-4479-9acf-4a98846046db,49d230e1-0932-49c9-bc40-9044fff036ce,PROD-0490,29808.98,2024-10-15, upi,success,0
6245a78e-f8ac-4071-8444-fd2fe8fcddd1,ce122a3b-4364-4d5c-8b7c-82a6375c9bda,PROD-0132,0,2024/31/01,upi,failed,1
9f8e1c1f-bd0a-43e0-8f67-606567b8ad37,48024a36-74c5-4aaf-afa7-1deb8c05e0f9,PROD-0418,32371.94,2024-01-06,upi,success,1
15ceac3b-d660-440c-9c57-1241882ec0f5,5596a8f1-a390-41c2-9617-451224ab7bb5,PROD-0487,40227.17,2025-03-16,c@rd,success,5
48dbd9a1-cb16-482f-8213-a1c8d36d9932,77d6956a-a7c8-4e55-938a-36e491aba929,PROD-0114,29535.07,2026-11-15T15:17:59.664903,c@rd,success,0
857f62c0-f6b5-4072-9ea2-3cdb26bba3c0,a8e24922-bcc5-4123-81a3-74e2581f95e7,PROD-0122,47745.99,2024-01-27,cash,success,1
ac322f72-fa8d-4420-a222-c2fba061c77e,82cff166-3d05-4b14-83e2-4f892574ab1a,PROD-0476,34036.72,2024-08-03,card,success,3
6b683f7b-0aec-41a7-bfe5-e6deb7384ee9,f3df0d98-2a66-43ac-853c-1db93bae55b1,PROD-0488,40953.22,2024-05-28,cd,suc,5
173fb557-7abd-4e51-84db-8d533e2109ba,3a207d6b-4681-4252-a9af-574be34dcc46,PROD-0255,,2025-03-31,wallet,success,-3
cc19c04d-8339-4a7c-a98e-479982cce9bc,0baa78c5-fc29-4c55-a6ae-a9ca97543ee6,PROD-0082,17808.53,2025-08-17,wall-et,SUCCESS,1
09aba604-4078-43f4-9467-ff67520dfb32,07c2e4cb-e3e8-446b-ac32-7418f1a13532,PROD-0411,38077.97,2025/01/10 12:00,wallet,success,2
e8bb71fc-6281-42b1-8dc4-393e1f881db6,5be69f0d-e1d5-4447-b313-d1a7ed2a25a0,PROD-0362,-50,2024-08-27,cash,success,1
dba316a4-9e73-4439-94db-7b78f580c22b,8504c32c-baf6-42f6-b0ae-c9b79b7f32ba,PROD-0032,431.83,2025/01/10 12:00,card,success,4
eb358ffd-a5bb-4482-b45c-bd9dd57f5351,7a40366e-0c71-493d-9bbc-17c96ce9990f,PROD-0475,864.11,2025-12-01,upi,failed,2
1e7fafff-179c-4939-85d6-e5717abde548,baeb4f8d-5ab8-4391-968e-6dd1ad3b2f86,PROD-0273,8676.69,2025/01/10 12:00,upi,success,3
637a1bd7-70a7-42c3-869a-299f9bf3b638,8c0946f8-e82f-4307-b66c-222498ec0af7,PROD-0463,261.1,2025-05-21,card,success,5
9dd9418b-709d-4a1a-bcab-e0d6a24284fc,4504b6d1-3221-428a-abb8-dae1867c9efd,PROD-0418,31946.65,2025-07-22,cash,success,five
6ab457e8-4a43-4cb0-9a7e-b145f20d1d7d,7abe9b2d-e84b-43e8-a4c7-b27b2ef123fe,PROD-0004,37320.07,2024-09-22,card,success,2.0
508de5ed-ac7a-4af4-94cc-e4e3ccc20e1b,89cd679f-89a1-47ce-963f-e67057c27b94,PROD-0060,14625.13,2025-03-05,CRAD,SUCCESS,5
43855ce5-0ebe-46ec-b31e-0584d30fbc42,f661576e-8416-4874-b0e1-4f063a219e8a,PROD-0475,0,2024-12-19,cd,success,4
955373c5-8601-4675-ac9a-b11c1b8c7df3,f31450a1-a935-4453-84b8-b308f7a4b8dd,PROD-0129,27828.62,2024-01-12,cash,success,5
4e9f216f-36c4-4bc6-bbbe-8e7769000d45,4252102f-6738-42fb-b477-eba032652f7e,PROD-0135,45432.84,2023-12-26,UPI ,success,4
7a8fb23d-a961-4fa0-aeb1-9c37606b89cc,af400414-6476-482d-bb5d-ba11741b7ff5,PROD-0310,4200.57,,upi,refunded ,2
c1561f1c-62f2-4cd3-bacb-5965733444b6,4b66e44f-e5ba-4e1f-a5f2-cc73d31dea51,PROD-0158,-50,2024/31/01,wall-et, FAILED,4
10c9bbf6-31ba-4ee0-8b07-8bb279ffd8cd,7a82defc-2689-4467-958a-d63b4fec7cf0,PROD-0355,10091.89,2025/01/10 12:00,upi,failed,3
360c3da8-1a9e-46dc-ad70-8e02a270ec04,d3196815-3c34-4c1b-ac8e-565a876000d3,PROD-0340,17502.1 ,2025-09-06,cash,Success,2
66aaa976-5b46-4cd6-abff-93217a504930,c273a44d-68f7-4a35-b3b2-44a7b35d5702,PROD-0405,35636.25,2024-07-17,UPI ,success,3
bc8773af-2b97-4583-bc07-cf3b4b71022c,182b44cb-c680-4953-aeb0-97a1dcb6e665,PROD-0283,35584.31,2024-10-29,wallet,success,1
71c92875-cc97-4537-acef-8a99b6a7bdfe,620f8e47-2bf3-4f36-8aa9-f0cda711e52e,PROD-0323,955325.01,2025-11-23,cash,success,1
e383db0d-40d9-43f1-ac3c-ffbf5eac5f6a,6d935cb7-25d4-43fa-a163-7bc0b1f1b616,PROD-0419,29249.16,2025/01/10 12:00,card,success,3
bafa4c32-faf5-4a82-a84a-4582a8d79ed1,8200ffe6-0ef0-4826-b3d0-2d0f9376fb7b,PROD-0039,32691.99,2024/31/01,card,success,4
e54fc0bc-268d-492e-a61b-ccad50befb6a,f28549da-57af-4a0e-a726-9feee02986fd,PROD-0043,2236.46,2024-12-14,cash,refunded,3
2b455bbe-26a8-4782-906c-b611d67f8886,fd4f75b9-d983-47bb-b672-2ce04a933e01,PROD-0081,20989.52,31-12-2023,wallet,success,1
d129f762-25b3-49d3-ba61-5e3e47bb6446,188d6a6c-97bb-4250-ab25-5313641101aa,PROD-0186,36811.33,, upi,success,2
5e3cd2ee-cfa6-4db9-bb28-93c8cc6b759b,4df346b8-26d4-41d8-bf0b-acf10d75edb9,PROD-0105,21340.24,2025-04-21, upi,suc,5
75dcf59f-883f-4727-a15a-e32926549693,609baf00-10da-4555-bdbc-7326bdd1a843,PROD-0475,26214.98,2024/31/01,wallet,success,2
1de54980-4905-414e-9633-a9ea63fa8e2b,09233151-376b-4332-b3a7-0e8c7e138a82,PROD-0234,616420.23,2024/31/01,upi,success,4
dce47d51-9c48-42af-a624-2fc9db6f5307,f544d510-2603-4ea6-af3c-494c6e3d8ab1,PROD-0241,8059.52,2025-08-11,card,fail,3
652c0634-ad04-4515-b21e-151d3b579ec8,3f6daafc-0168-44f6-8257-67b5919d6a8a,PROD-0435,-50,2024/31/01,card,fail,five
45ccd947-44ce-4835-a82a-d1c7f9d5df19,2e3979da-91b9-4212-b89b-95f05b4430be,PROD-0409,377174.55,2025-10-04,cash,refunded,4
c2f8fd99-ba9d-43c8-8fb6-9f7004ead29f,ee608153-d642-48e1-a8aa-9c081d325411,PROD-0167,29845.4,31-12-2023,wall-et,success,4
4b2dadf8-e003-4a5f-8a3c-a2db29721f49,22144b65-262c-40b5-b735-c4bbd61d89ba,PROD-0072,"1,200",2024-09-04,wallet,success,4
4ad2d12f-cb03-4200-973a-04a867fa4ed0,f15eba56-9d63-4e47-8b4d-40264c1c0ab3,PROD-0048,"1,200",31-12-2023,WALLET,REF, 
6ce4fef3-8b94-4fed-bd74-1413bbe2c669,40336b0d-9c49-41d6-b13e-d5556a84792b,PROD-0063,2190.43,2024-09-16,wallet,refunded,4
5c356f9b-fef3-4458-8e6e-6cc501581c04,51af1afc-3365-4287-84e8-25b9de477b28,PROD-0481,14720.92,2024-10-20,wallet,failed,4
57e19ed0-37b8-4ec2-adf0-7f3d7f2ab4be,53935897-0650-4a8c-91b4-f182599fafbb,PROD-0395,23420.28,2024-04-16,upi,success, 
a4d3dd4a-8a66-47f3-92da-433e7e244aa9,cc6be144-aa1f-4446-80ce-ab74ca7e6afd,PROD-0070,-50,2024-01-29,card,Success,2
32e279f1-b244-45e7-b2e2-b210c69e875f,b975cd5c-f01b-41ba-8866-176f0e882942,PROD-0450,5794.87,,CRAD,success,2
b4dd47d7-44cb-4d38-95b3-0d175aa1c3ab,6343b8ca-0c5b-4cdb-b16f-704e28437524,PROD-0198,43957.62,2023-12-16,upi,SUCCESS,1
02f9e803-08e0-445d-87d2-05dc3d7fa226,0bfb4a85-1eda-4f92-a2a6-8bf514973de6,PROD-0137,811006.41,2024/31/01,card, FAILED,1
c62b2688-5a12-4315-9a6e-baaf537c5e08,fd62c782-ec70-4349-9df4-a454e6f3659e,PROD-0179,48753.45,2025-07-27,cash,success,1
fd8685ba-f826-4afa-833b-38201b5be070,8711e395-0a49-4602-a631-3f3952c00d7b,PROD-0400,25239.74,,upi,fail,1
f3217f47-fc84-4e9d-b951-47fc9c4bdbb5,8664d3d2-2926-4b08-b368-0d9f7eb9b93b,PROD-0453,12257.19,2025-09-11,wallet,success,2
4ac510f4-a2bf-41c4-84f0-651b294c7a13,2707a3d2-824f-4991-8673-e911cb6f57cd,PROD-0402,13750.8,2025-03-17,card,success,5
1997d9bf-1235-461b-a2b5-164cb94863b3,b0e30a3e-bbc8-425c-870c-b39a2724e51c,PROD-0134,22078.24,2025-03-28,upi,fail,2
bb06d2ca-220c-4169-aab5-ebe68597c437,f3ebd178-98b9-4c72-98e9-c0b6035b0ad4,PROD-0169,16855.94,2025/01/10 12:00,cash,suc,4
c58786f8-e807-42fe-b335-882dcb4eb03e,a6f8db7d-8aa9-4174-b452-c8d196bd734d,PROD-0436,11876.18,2025-06-22, upi,SUCCESS,2
29cd614d-2208-4507-955f-d93f2f2cb7cb,06eecbca-d41f-4f16-b362-c871709da513,PROD-0017,838679.39,2026-02-01T15:18:00.193640,wallet,success,1
1affe8e5-d9b5-4f8f-9742-80e2cdd56bf6,11cb6941-05cd-4f2b-8f24-6aac1572c6fb,PROD-0318,881116.16,2024-12-26,wallet,success,3
72f870a3-196d-4f4f-ba24-e6aa702743ba,d49e6d5e-17b9-4b93-8e60-b3f8ea89a4db,PROD-0366, 28472.51,2024-03-14,card,success,3
2c214f2f-c7eb-4b15-84e2-91faf6f383b7,07a16df4-0e72-468a-9102-ddb87f546e6d,PROD-0096,26325.5,2025-05-09,upi,success,1
a2a78a4d-b494-47b5-97ad-58adcf505721,2fb63332-62d4-434a-90cb-fa491fea6f06,PROD-0313,,2025-11-08,cash,SUCCESS,4
70243307-3c7d-460f-907f-839c97dc7638,a7976e29-f45e-4e27-92f3-59e60d772bc8,PROD-0438,4097.04,2024-06-17,wallet,Success,5
bfbab230-5715-403c-a18e-0684052e2dbc,35643e14-5be3-48ea-b8d0-87d63057065a,PROD-0164,43301.54,2025-04-21,upi,refunded, 
3f9252c6-3c9b-4df6-ab21-27eeab349496,1da943d4-4f61-4e23-830c-56c2b22ab4c4,PROD-0031,10306.19,2025-07-02,card,success,five
7bd87b38-7c7e-4a1d-b93f-db91ce7e6fa2,fa5ebe2f-6563-4a78-9c1b-da69169737a8,PROD-0229,19672.37,2024-01-10,wallet,success,4
0091bc0e-9642-4df9-abf4-01aac288c223,486dbb08-b354-49a7-9f95-a11e0063641f,PROD-0283,12433.02,2025-11-30,wall-et,success,3
8cc0d313-025c-470e-bcc8-3f9bf19c4f2c,b9b77c50-6a92-4a4c-a0bb-4dd450c3ce18,PROD-0474,8862.82,2026-01-12T15:17:59.809286,cash,success,1
affc8529-c92c-46c2-a888-2df61cbaa4e1,739b7173-2766-45b1-9b82-03efd193ec40,PROD-0443,-50,2025-03-12,wallet,failed,3
d80bb7ea-beee-416c-ada7-0622819c1b23,32a27e3b-648e-4067-83b6-491bb6b89765,PROD-0003,6443.52,2024-11-30,upi,Success,4
ba309eac-523b-4aff-973f-e5829a91358c,6ae38862-6503-4c6c-abff-b143dd2b65ef,PROD-0230,44376.28,2024-09-08,card,success,2
192dcaa8-9521-4d32-a8d2-af34a68a2c8e,a2ab4666-89b3-415a-a4de-fcbe89a49a51,PROD-0350,47952.14,2025-03-11,upi,success,4
21be8718-3162-4d4d-a84c-4e7e3b84446d,5fc22193-1d57-4b10-8342-dabf87a32711,PROD-0216,44904.68,2025-06-21,upi,success,5
1706934e-3c13-4a83-afad-e24d484714c0,5a2183f6-b451-484c-9374-0266fb8c6d30,PROD-0347,11346.88,31-12-2023,wallet,suc,1
cb217725-b7bf-41bc-be27-374ecaa39d81,4b869dcd-7e9b-446b-b6d8-e2e1c2f8b4e8,PROD-0093,18925.96,2024-07-14,upi,success,2
6328cb61-f818-45c4-82bb-b557609558c1,9c43b1fb-d399-42a6-a9dc-ed57bedcef70,PROD-0386,15203.64,2024-10-06,cash,success,5
64dc6580-c3bf-4db3-9d1d-f8551911752b,035fd0ca-5ef3-4e04-9ac9-02950b9bcc7f,PROD-0147,48348.3 ,31-12-2023,card,success,-3
880e73dc-f121-4bf5-b612-32e78aec9318,3047ae8e-3404-4ff2-b39d-cbdf61512d79,PROD-0484,,2024/31/01,card,Success,1
7df2c620-3111-4bd7-b409-1cde23a6b559,20c5723e-212e-42c7-9ccd-2c8158875fce,PROD-0178,32879.74,2024-09-13,wallet,refunded ,2
241babec-0cce-4e9e-8ae0-2e65563f7018,9686c199-f447-4050-83bf-3c6d39c4fc53,PROD-0289,-50,2024-06-01,wallet,Success,1
d35e157e-c694-4c0d-a4d8-ee4faffa2f06,3b5e8448-c3b8-468c-bd9d-5af27dfba2ba,PROD-0070,40734.73,2024-07-11, upi,SUCCESS,0
1b8a0ba2-8b89-4b89-9858-89955fd4a1e3,67497702-de36-4350-a07d-5eade6203dcf,PROD-0046,-50,2023-12-09,card,success,1
e32d28bc-aede-40dd-a898-e18264646544,47c4ce0a-a6b8-487c-a502-b83ae844102e,PROD-0210,36168.23,2026-12-21T15:18:02.694992,card,failed,2
0c132680-d5b2-4557-baa4-4bcf2910902f,f171c7cd-1d86-4f28-b1d3-25326a1c9011,PROD-0031,43214.56 ,2024-08-01,CRAD,success,2
befa9702-65b8-436f-b41b-cf991abc9346,865443a1-d34a-4c51-9a36-fc5507718c37,PROD-0144,26736.42,2025-02-27,wallet,refunded,0
ece3e9f1-f127-494f-a6ef-47f488d6d95d,0820e8db-76e8-4386-8532-ddcd0f67277c,PROD-0340,13390.34,2024-06-26,cd,refunded ,1
34bb1535-67a5-4dca-892f-5b91746464af,ca5bb21b-85d1-4729-9bf9-6aa7cc502f2e,PROD-0188,17741.88,2024-03-05,upi,success,2
b7b363d2-6fc3-4d1e-bdcc-ffa75502465a,a1bee3fc-7675-4688-bb77-34b04e13b705,PROD-0179,9434.25,2025-01-28,cash,success,2
df9df1ff-5792-42d2-98f3-ff4f96f4d616,c8a6f695-7e3b-4454-b045-bfb1de214a46,PROD-0073,20467.79,2025-03-12,card,success,2
95dbaf13-7eeb-4421-a3aa-21053e7797f1,555774e6-d785-4d7c-b3f1-2c4faaea8a25,PROD-0416,9130.4,2023-12-30,card,fail,1
ba402e09-621b-4726-a8c4-fca56bb0d361,4591c9c6-63e1-48d6-97a1-e9a6a78a854a,PROD-0443,6608.7,2025-10-04,upi,success,0
75b4309a-20dd-49aa-b1b5-5d2dc25384b8,9a7db6f6-4f4a-49eb-9de4-1285c235c7dd,PROD-0421,0,2024-05-20,upi,success,4
54b3cd42-58f3-4cf6-bab4-3f50b36ee19e,6fd7bacd-fe7f-4511-8b75-0e1db1ddd541,PROD-0498,0,,card,success,3
e762b666-cc95-4b27-918d-30418eda80c4,f35ede95-7fe7-429c-a59f-52f841303448,PROD-0212,620362.39,2025-02-18,cd,Success,5
14e1e45d-3059-4c03-ba6a-055c908e7314,928b6476-9b9f-44d3-94a1-803b790038e8,PROD-0363,49981.72,2025-03-08,cash,suc,3
9d8846c7-d0dc-43e1-b76f-a6aabcb2ff71,ed8ec7af-7ef9-4e76-b5f0-2bbb28a1c51e,PROD-0012,15831.17,2024-09-14,card,success,4
c38fc56b-9eab-4e84-8690-87f0281e5251,228da85b-5535-44f5-bdab-4a34c4196dca,PROD-0222,,2025-01-23,cash,REF,3
b9bd2d04-1c78-426f-973a-0b505f27a9db,c496d850-335f-49de-be02-1a505ae5d02d,PROD-0460,0,31-12-2023,cash,success,5
4913b9d5-6b79-4f3c-ba1a-7fe8e2eff987,35c5a852-e2f2-40c3-9f5e-244caa927d6f,PROD-0389,23778.13,2024-08-09,wallet,refunded,-3
2d904544-8163-4e29-a5d8-32e472a0edad,690ac057-cd6d-4f79-8201-72bbb247ab9d,PROD-0246,16360.79,2024-07-17,upi,success,3
091bad7f-5ba7-48e3-a607-e09ad9fb9626,2568fbe9-d13e-4fca-8b05-240ba7b91c12,PROD-0399,19165.94 ,2024-09-09,cash,success,2
6356bc0f-cd5e-48c3-9a06-60fb784d9db7,e0377a40-d95a-4e79-b3b0-a7a19922748f,PROD-0463,12606.99,31-12-2023, upi,Success,five
d2204a14-3c70-476b-8bb1-9f683d078ea9,c9aa0cd6-e726-473b-a7a3-18299344f010,PROD-0315,30966.01,2025-11-21,cd,success,3
b185adfd-2fb1-437b-8875-d7bcad119c6b,e95b141c-93b7-40ef-bef8-5e915677788a,PROD-0333,33243.04,2024-07-01,UPI ,success,3
addaf708-0869-499e-abeb-9154f885f969,4575028f-eb18-4516-83b9-38935dde060d,PROD-0122,0,2025-06-08,wallet,success,5
24e5fcaa-fab8-4b5d-91f4-497cde3cac5f,a4e380ee-7c5d-48fb-ba3b-dd40c67360dd,PROD-0206,13878.83,2024/31/01,wallet,refunded ,-3
7f28dc3e-2099-4918-a067-f9f1d305007e,db8ecf6e-a01e-49ca-87ca-a032b150c5bf,PROD-0152,24375.99,2025-04-15,upi,success,5
e67ddd88-30e0-4162-8392-02d66525bf16,f1a0b734-f866-4420-a075-8b9c623bde54,PROD-0239,34978.43,2024-04-17, upi,success,5
80aea149-df4a-4948-bd5b-0f8e4a966ddb,569e2d80-7c30-44b4-aaca-f819a9d690f5,PROD-0322,15215.8,,CRAD,success,five
5dc6f8e7-c0ba-4c2d-acbe-abfa815d87c0,b25f4368-cc48-4396-84a4-c08f7a575d17,PROD-0133,13131.62,2025-11-09,cash,refunded ,2
c2718ddf-fcb4-4c3a-a941-0bdc06245c5f,2287cf85-f57a-4791-a331-fd699039acf5,PROD-0019, 9379.03,2024/31/01,upi,success,5
5c209b59-75e0-4d25-890a-70f9707fd089,961a5cbc-2f9d-4361-8b95-cc86fba2d6d3,PROD-0189,-50,2025-10-14,WALLET,success,2
2c7e8ee4-44e7-4d52-af43-6b1f917d2ba3,b216c6b0-5f9e-45bf-b3f7-6b3402c7ee89,PROD-0467,-50,2023-12-05,upi,success,2
054dbbfb-659b-4449-93a5-e5274659ab45,e6d5220f-196b-424a-ae95-ff8fcf5a2c5e,PROD-0124,14615.74,2025-01-28,card,refunded ,1
a33b574a-54a7-4a0a-abc7-06eeaf2a4784,a824ca77-e982-400e-9af3-d739c2e59dab,PROD-0083,0,2025-05-26,upi,success,-3
dfd5b015-7bf9-40c6-9239-8ceb7ab5e130,070f167a-efad-42fb-b8d5-ea0c47479a9a,PROD-0480,16201.93,2024-10-15,card,suc,4
40b32c39-a3b7-40ac-ac53-0b92d4381fca,5e8fafbc-9ad4-4eb1-85d2-93a7cdfd173e,PROD-0116,27609.95,2024/31/01,wallet,success,5
8dc6f46e-fb9b-40ad-94f0-cbdf6a4dec5d,29c5f3a2-1010-4cdb-a08d-2bed44687ac3,PROD-0363,-50,2024-04-29,wallet,success,2
934fc73a-8462-42b8-85ab-9f261bd07d82,885961c8-f1b3-497d-b4cb-18a1363307d6,PROD-0125,47720.51,2024-11-11,wall-et,REF,five
c005e4d7-5ff1-4a9b-8d4b-093b1f6a60b3,dd3d1ec3-99da-4433-beec-2e3b97c3c386,PROD-0142,12927.12 ,31-12-2023,upi,success,1
1f74b929-7c16-4787-aed9-edf050f7e16f,3488fca8-26ae-4eaf-a4e1-23c4ca89361b,PROD-0162,16021.46,2025-09-10,card,success, 
d87cf43c-52d6-4ca5-90cd-36d593743e72,eba4bfcc-2211-4644-a2b8-4bff701da404,PROD-0387, 4887.49,2026-06-18T15:18:01.262337,WALLET,success,1
29c2c1b9-98e8-4e33-bf17-0f3ee61e6510,f24fc794-2ce0-48dd-8a28-f7ef59edfb9f,PROD-0344,36577.18 ,2025-06-19,wall-et,refunded ,3
e1cd3c7b-28f1-4451-8e99-0a86f1261719,73431057-ee5f-475e-a140-01b5b99e8a72,PROD-0493,0,2024-04-16,upi,success,5
7fc57d93-feb0-4ef1-bec5-b9f237af89a7,e655d6bc-2d7b-4da8-8462-19821eafb8d9,PROD-0055,9827.51,2025/01/10 12:00,cash,success,3
0e29fd07-7682-42e6-b2d8-42692eb6681d,7b7bde23-f311-4ebf-9b8f-de781000de5f,PROD-0044,6178.04,2024/31/01,wallet,fail,2
e8582683-2b4e-4537-99fd-0f7cfe49bce5,db57e18a-e3cc-4fbf-bcba-fba4a9caef1a,PROD-0219,3088.63,2025-03-02,card,success,1
8c6d23e3-d9d0-4111-9c61-cabe1761697b,12aa8b6c-698b-44e5-a820-7ec8ea9e9977,PROD-0226,-50,2025-08-25,WALLET,success,4
002272d9-11b3-48f6-9d74-4e8a5daf7b5d,1e877224-e1f9-4005-8d46-72004b09602c,PROD-0232,8835.74,2025-09-20,cash,REF,2
d290c608-2989-4209-b6b4-8c92283bfb48,35727c95-2d68-420b-acf0-52c656932a01,PROD-0035,,2024-10-15,wall-et,SUCCESS,0
52faea83-333e-4312-98c6-fbd10e0d2f21,e919d124-043c-44d4-b0c0-8cc5a450ddcf,PROD-0342,1783.4,2025-01-17, upi,success,4
6024cf80-0c59-4442-ae25-d81cfcd088a0,24482fc3-7b0e-40bb-8a62-dabafbc198fe,PROD-0071,33330.77,2024-12-14,card,success,4
520e42db-4835-4181-9d8c-92be3e85f46d,1747ff70-e584-44a5-9985-dd2fa70460ef,PROD-0300,2461.43,2026-07-15T15:17:59.752111,WALLET,success,3
1fd00c58-93fb-4fad-a65e-1814596bad5a,dbda8620-f4a9-49b5-a849-759d48c79fe1,PROD-0214,6546.61,2025-03-12,card,Success,2.0
237658cd-92dd-4da9-b38d-47ccbb7fd08c,05e668c5-372c-406b-9021-6a4a69119e0b,PROD-0035,42263.9,2025/01/10 12:00,WALLET,suc,1
cbef829d-ba63-4f98-beac-2037728abb27,bd4b67bb-0380-4756-b9f1-03fca0e9befe,PROD-0331,,2024/31/01,wallet,failed,3
bce0b147-3304-408e-bd43-dbced3a6315b,9da0c003-fc32-46af-9411-ea6b2c39cd5c,PROD-0313,21886.12,2025-09-06,wallet,success,4
49f905f5-5e96-4d4a-b4ec-16df7f1220fa,a0241049-e259-47e5-85fc-2f8a70898f7b,PROD-0151,,2024-12-09,card,success,3
f8eb7785-ddff-4a9a-bdf2-1be2f73b3211,932857a9-e5ba-4ce2-96b2-617be46604e4,PROD-0357,30483.8,2025-01-05,cash,success,2
60834db2-cc42-454e-a576-f543098de133,4d1c71b1-e152-4f40-9cf4-c45fa308d61d,PROD-0442,29899.93,2024-11-12,card,success,five
c140cc3a-f704-4c8d-9049-d0c3b33c1aba,e44c2797-cc4e-4572-9beb-1327929defdb,PROD-0333,42432.55,2025-06-17,UPI ,failed,1
d1ba26cf-7669-472a-9e07-d1451c21c290,58018d4e-d4e5-40f4-bf07-2c4f6de8ef52,PROD-0108,20278.87,2025-06-22,card,success,4
ce1c92e4-c0e9-446a-b509-56675833c822,31ec0008-69bf-4a2b-9bf5-e8528d886391,PROD-0297,15318.93,2025-08-18,wallet,success,2
eefb5730-a8f1-4cc0-9513-6dcb18e4d054,8a4b010e-b8de-44bb-912d-44cd83af4461,PROD-0451,8363.65,2025-06-26,card,fail,4
35b9b551-7994-41c4-ae56-beffa7b58e2b,19108ae4-1200-4187-bc12-54dda028772f,PROD-0133,34184.82,2024-09-17,card,success, 
12dc21ec-8038-4f38-91a2-57ba582657db,f41b1670-c4d3-4db3-a66d-039e8457599d,PROD-0236,,2025-03-27,cash,success,1
3697b95e-9bc4-4192-8603-88996486e2aa,44dc27c7-7dac-4b29-9df1-2041f847c4d7,PROD-0039,,2024-02-20,wallet,success,2
c1acb85a-7399-40db-8fe1-b6e5ef842220,6ba38f44-6749-4d15-8b32-14d0afff434f,PROD-0452,14674.74,2025-06-09,cash,REF,0
9c444264-7d75-4db9-9c01-2f55ff785d80,5c75a3d1-2af9-4878-bd8f-cbbff38d2581,PROD-0122,27758.37,2025-05-10,upi,success,3
fb088212-4815-40e7-a748-42faebf913af,22b793b4-c791-4a11-949f-070908baaf31,PROD-0476,11735.51,2026-07-04T15:18:00.917795,wallet,success,5
d78b6f02-dbf3-49a8-a293-bef6b8fdfb79,bb9e67e3-76b6-4248-8b92-6e0c736ee156,PROD-0277,22860.77 ,2025-09-23,c@rd, FAILED,1
0458fbd6-c75a-454d-834f-ded108ceedc5,708195c2-b701-4781-a4cb-0e4372424403,PROD-0396,4267.4,2024-10-09,card,success,2
b2631729-9ca9-4e88-9e23-025d4c305ad9,d4fdb5c7-9ceb-4f63-b3ca-eacf6147c097,PROD-0341,14138.47,2025-09-10,cash,Success,5
7f0e90bc-3ff6-49a0-b016-c24b093625d0,0246ae48-1038-42e0-900a-45d771bee614,PROD-0180,11658.57,2026-04-05T15:17:59.780474,cd,success,five
93105d2e-992f-4067-87ad-1d65065e047a,063b6e25-6632-4ea8-8bfe-2ce3c127864d,PROD-0079,16123.87,2024-03-10,UPI ,refunded,1
0246e738-a12c-4aa3-8168-e72e172ff1ac,9a4e330e-8f01-49e3-9584-cf9f7c080cee,PROD-0097,-50,2024-02-23,WALLET,success,5
1d0ce314-5f97-43da-81ed-823f61ad494a,13d2fdeb-c108-46e7-9f3e-e15f4bc84ce9,PROD-0418,35461.63,2025-08-03,upi,REF,3
fd0093d3-41d2-40bd-8b99-20b562ab1d6a,883560ff-3372-4210-a9e7-3cfab32359ed,PROD-0496,-50,2024-12-01,CRAD,success,5
5e4e29a3-a0a4-4546-91cd-d521841add82,dff4b534-0112-4122-9e53-208daed80056,PROD-0102,7434.1,2024-12-16,c@rd,suc,2
0377a371-0d65-4ea6-9688-208ab876c358,3d76f608-6871-4121-9e2a-ebba6f946af4,PROD-0069,28540.52,2024-02-16,card,suc,5
ac1436b3-85c0-47f0-ac37-99995909d2ff,74c371c7-793d-4218-a55c-a116c64ec29d,PROD-0287, 23919.03,2025-01-30,upi,success,-3
c7957cf9-0fd0-42fb-a0c4-feed24568f5a,50b0c239-6c26-4fc8-a898-1d7b593ff5bc,PROD-0308,294757.38,2025-02-08,upi,success,1
21a5501d-3984-45f8-bc7a-a71d3875e761,f6269bbf-2537-4dd7-998b-bb7751b4abc2,PROD-0494,40531.5,,WALLET,failed,4
f0fbca5a-fa6e-429c-a5d5-0176208bd50b,08979696-0522-4579-b342-1694a5766ca7,PROD-0130,47966.84,2025-08-21,card,success,1
7ec65666-f0a4-4ed3-8853-6b61a8f8dc51,ab6a4726-acf9-4f71-a3f7-37b960f716a9,PROD-0185,6069.04,,wallet,success,1
f3539579-c9ba-4e0b-b56f-affb706956f8,98a9b312-2aad-4dd1-bd03-10372cc0b8bd,PROD-0194,12126.02,2024-06-18,cash,success,4
95c6d408-e00d-4ffc-86d2-027c28272f34,5efc7fc5-1d86-4533-99ee-0a5202bcda32,PROD-0354,37304.9,2024-06-05,wallet,refunded,5
c739f985-7a2f-4b73-b812-d8124ac1452a,d7c0cada-7530-41f7-98d3-b5028b140f20,PROD-0022,2077.68,2025-05-28,card,success,4
d40055b3-c842-406f-ae50-ff7a2d10e265,0c20f3fe-1389-4587-b60e-340dfd07d368,PROD-0384,1522.26,2024-01-27,card,success,1
fafd5210-c8e7-4601-816c-f47a1d58e404,1c1b0e8e-0c11-414c-a961-869a4ca2b68d,PROD-0302,21117.77,2024-08-19,upi,success,4
56246264-8fef-4179-b739-7e59d3a4baba,4aae30a8-7061-4fb0-b9b6-4d1bad3814e9,PROD-0089,,2024/31/01,upi,success,0
14658dec-bb65-4641-b264-3a66b2c65f38,cf76e80b-a75b-4860-ab6a-4298552b0252,PROD-0258,11384.31,2024-07-18,wall-et,failed,1
270904a9-9d7e-4daa-94b0-0d8de2b28d84,d37e4fc7-5bb1-4caa-9c54-1041b1543a42,PROD-0403,23653.9,2026-05-14T15:18:02.044523,wallet,success,4
15187a9d-e50b-4ef1-ba1e-a6781ebc870e,652078d0-79b8-4dc2-895f-168d20d7a872,PROD-0012,19696.98,,cash,success,3
42103714-1d03-4232-a345-3e0ca22382bd,07ee7b1a-6ab4-43fc-958e-53830a328f33,PROD-0291,-50,2024-09-03,wall-et,success,1
96626f4f-5274-4e42-8cac-290ad513074f,dc0bb2e7-feb6-4707-b642-e0532256d2ea,PROD-0373,529.0,2024-10-12,cash,success,3
534a784c-f5f5-495a-ac77-af98d2964742,b441c34b-38bd-4403-99d7-d2ebf263f8f4,PROD-0022,124387.04,2025-01-31,cd,fail,5
05486fa8-6996-423e-874c-8c299611d2ad,778467eb-b5af-416d-9fe1-3080e8555a9a,PROD-0470,15117.69 ,2025-09-26,cash,refunded ,3
73f510b2-d8ab-4ded-b269-6cf102278a92,2a4f40f8-6a35-465e-b915-935171ee986a,PROD-0357,30597.05 ,2024-04-27,cash,success,2
e9c0398a-25e8-4b3e-904e-b61e52cc7c97,09c51d9f-6c26-4fc8-a989-032e06d83275,PROD-0114,15882.92,31-12-2023,cd,success,5
4e64b682-289b-4d46-867e-0c042af4dd30,e1bf00de-200e-403b-a9da-6bd407fd7aa2,PROD-0115,32865.1 ,31-12-2023,card,success,1
a4c0f518-c7ae-4123-bd5e-6c4efba87a79,5c1f4a0b-dd8b-4f07-b753-b28b32a7e807,PROD-0025,28933.25,2025-05-10,card,success,4
fd01e237-2052-4d0f-aec9-88f1f50c1c37,dfa1ad17-b654-4b1d-a1f6-c980eae774bd,PROD-0131,45147.66,2025-11-25,upi,success,2.0
66e631f6-261c-41ea-9b1c-47ffead98635,cd04c7a7-e5fc-4469-b3c6-aa9197d552bf,PROD-0203,31663.46,2024/31/01,wallet, FAILED,4
54a1adec-e068-4dbe-96a2-531b7d009497,5c572814-cd23-4289-baf5-419e09ae7fbd,PROD-0147,4050.83,2025-11-23,cash,success,2.0
c0c0ccb9-c3ab-4e28-a6a2-6ca68a08926b,0228e7a6-5317-4e1e-8499-4b191ab5bb60,PROD-0491,31807.52,2024-11-28,card,Success,five
94256bfd-b91f-4f9d-a9a7-e775e0942b5c,0d3b514c-a644-4c5e-aa82-a3b314442fed,PROD-0243,38920.91 ,31-12-2023,card,success,4
0f65c6ed-54c7-4afc-8c37-a6e8d9d7921a,a16ff441-9eed-4399-8f7b-f740dd59737e,PROD-0292,4889.04,2024-11-09,wall-et,success,5
2a800de7-9216-4507-9354-7226bfd111e2,68af3e61-b65c-49f6-be68-6f7f49311b1b,PROD-0476,34697.38,2025-11-15,WALLET,success,3
34924b08-3a95-4f66-a495-fa776fb1358a,1a22d76b-b042-4d3c-941b-0dfd22be3611,PROD-0051,14968.46,2025-01-13,cash,success,five
d0ce6c21-e3e2-4e5b-9ba7-1e6289c1ce82,d95600b5-e858-41fa-899e-35103245f676,PROD-0126,,2025/01/10 12:00,c@rd,Success,five
26adb369-cd71-4ab7-8d75-3badf743e1f9,3eaffd4d-26c9-43cc-9fc6-d418db4926d8,PROD-0065,23770.74,2025-01-24,card,fail,5
7c3d3282-fc00-4b08-99f3-386abf371b68,652078d0-79b8-4dc2-895f-168d20d7a872,PROD-0272,25265.05,,card,refunded,5
794b6264-2da6-40fe-8037-995f708f9f3e,2261f883-e38a-45cb-bfbd-1154051d9f8f,PROD-0344,10093.33,2024-11-26,card,success, 
76703c07-a9b0-454c-9f20-1af7ed9dc212,b6c4328e-5747-49f3-bdd6-2063d18dcffe,PROD-0239,27678.67,2024/31/01,wallet,success,4
3c0040ec-3518-4adf-ac3c-4cd9ff07ec33,65ae583a-e217-4a6b-b6cb-fbf7e7e60cfa,PROD-0086,32081.95,2025/01/10 12:00,upi, FAILED,4
2e3ddd5f-040a-413b-951a-f2c9003a3d5b,9acba494-2477-427e-83c9-f87d794ed505,PROD-0071,950647.74,,wallet,success,1
76becb9d-dddc-4f03-bdf7-f4791c9303fb,517ad124-978a-4d26-bfc8-0824eb9ea482,PROD-0161,29651.83,,wallet,Success,4
cdbf5bd2-bc7d-4ca2-845c-6f326c07dd8b,e23cfc30-844d-4d6f-82b9-fa59e4ca55b2,PROD-0172,6864.61,2024/31/01,upi,success,5
015883b5-7b14-4b34-8ed1-02a783d22179,11b96306-8cd5-48f5-a648-2a8629f341e5,PROD-0327,13508.08,,cash,suc,-3
b550193b-760d-4bb2-9ba1-586d60a16e45,58e655ce-2c6e-4512-990e-a863eee40486,PROD-0382,8468.68,2024-08-19,wallet,success,5
fc4cb5ca-bdc8-4d5f-8fd1-81d661194e90,9fb598e6-7a6b-41ee-8934-dd2b54002bea,PROD-0294,22821.99,2024-04-15,cd,success,4
a6326641-4c69-4c85-bd4f-7d77e6ee76ec,eb056095-6fdb-47a5-9e5a-a5026b1fb816,PROD-0047,5336.53,2024-09-21,upi,success,0
1f3cd889-ffba-4968-b66d-d4bb1f5656f9,fb3229cc-da15-4be7-b1c0-ea6ef4ba3ecb,PROD-0455,40912.03,31-12-2023,wall-et,success,-3
361a569b-a2f2-4255-9626-08856021d61d,8ad91cb8-3929-4212-a4df-22b6a314debc,PROD-0491,5890.67,2025-05-25,cash,refunded,5
b57ceb60-757e-468a-a0be-fd0f2e9092c6,67cb9e70-ee21-4702-a90d-659cbc25fd18,PROD-0176,40289.33,2025-11-22,cd,success,3
443523af-fe83-470b-8e00-3241c10265e5,0261ca6d-1cce-46ce-b7bd-199d2a40bd40,PROD-0452,36735.76,2024-05-06,cash,REF,1
2b8c2cf0-2a23-4ae3-a782-a8c6ee6f8f9d,08da31d6-b2f3-496d-b935-ce6232c8cd59,PROD-0099,15502.59,2024-06-25,cash,REF, 
501eded6-4ae1-4d33-a19a-a9b9c03e42a5,e1a54da8-6ab2-4253-b960-9cdebeb7de9b,PROD-0305,7504.97,2023-12-25,card,refunded ,5
6f491e6f-1a98-4d6c-a1bb-98862e15b698,771fff14-1113-43bd-9ce4-d52bd1e4163d,PROD-0303,2175.64,2024-04-03,upi,refunded ,1
7c78f80f-b47d-4ab2-ba4d-361013a3c627,594d3910-700c-45b9-b425-d69e610a3f70,PROD-0107,38433.86,2025-04-29,wallet, FAILED,4
69ac854f-dbfd-4434-a595-96d59ab00d37,cfa0bf96-8b28-418d-9a3b-24b9ff40eafa,PROD-0030,27769.79,2024-08-04,cash,refunded,five
c41f1f9d-b417-4d49-abe2-5f8240053918,72029510-aa03-475a-b11e-8c74f5d39851,PROD-0209,30462.11,31-12-2023,wall-et,failed,0
ad9b947f-661c-41dd-add7-c09a3316ff8b,1ec4e14e-25cd-42d9-bb13-9bc33346c75c,PROD-0068,39003.76,2024/31/01,card,success,5
b1bc4cb3-aba9-4bf9-895a-81649dc8eda0,bc9a649f-6ccb-4800-ab65-b9cd01c28d12,PROD-0187,16007.82,2024-01-07,upi,success,4
536f4317-9f4b-4862-9392-cf9b17f999a0,e2f8528f-cb9b-42c6-802e-a70a7c2843ed,PROD-0259,24405.49 ,2024-01-15,card,success,1
a4608947-6dac-423d-916e-1cbbe11aa7d3,3ca91263-5136-400d-a227-1d5e2f3035eb,PROD-0012,5198.24,,cash,refunded ,2
2fb4f5b2-d3ef-47c5-b1e3-9dc5fc641cfd,2045305a-6cf9-4e1b-990b-e093bfaf2406,PROD-0487, 24421.47,2025-05-13,wall-et,success,3
fc81cc15-60f9-4be8-9608-88cdac9056f4,5f95f1ae-fbe2-4e1c-92d4-e5d712e63ab8,PROD-0224,21695.09,31-12-2023,cash,success,1
f254e861-a11a-415e-a390-598554746e80,bb436b52-c280-452b-912b-d3d5562e2b1c,PROD-0219,10610.96,2024-10-27,UPI ,success,2
aa374f63-f208-4c20-8383-404603a30061,8748a162-1881-4ccb-a9a7-a19dacddd6c1,PROD-0253,37816.09,2024-08-10,card,refunded,3
52fd8cec-3c99-4a54-bebd-84b8745634e6,7612c25e-ec45-4745-ab01-af31340f0e28,PROD-0144,0,2024-08-23,UPI ,success,4
39cb234b-e32f-4170-b95e-5b032935e665,e63c96f7-5e3b-41de-9cfb-f89f605f1c93,PROD-0101,3643.18,2024-07-29,c@rd,SUCCESS,1
5728dd6c-0e8c-44b4-90f5-c6a1d14cd593,01260364-92d6-4c1e-a4b9-1af55af6fcdf,PROD-0173,17798.48,2025-03-07,upi,suc,5
b029d0fd-8387-4fd9-bdc3-fe6b42cd87cd,74fb48fe-d39e-41fb-8db0-1bdfc8689ced,PROD-0414,1803.97,2025-11-24,upi,REF,2
b7a74921-d493-4772-ad29-e92fa47a8da0,1dde8278-16e6-4290-9412-25b88b51cef5,PROD-0194,21932.53,2024-11-03,card,success,3
e412b589-ddb1-4399-9ae4-58cc1b8f2519,d8886801-a3a3-41a6-8db1-3e49099dacfd,PROD-0391,26268.25,2025-06-10,card,refunded,5
9118373c-1d23-4fea-8ae1-e9a1977a7741,4a97e69f-1ec2-442a-af9f-229881dacd7d,PROD-0162,35105.01,2025-02-22,cash, FAILED,1
2b5899a2-375f-4d2a-9ca5-f14cb2f30b26,fb8679d5-a32f-468f-aba6-fa145b012d72,PROD-0380,473810.86,31-12-2023,wallet,suc,4
79a57c8b-7d2c-45ce-92af-2c9bc9827dc3,597cb771-9508-488b-a92d-857211762368,PROD-0199,797862.86,2025-05-14,wallet, FAILED,4
c68803c9-53db-4427-8fd1-f6f01c743ce5,f1a87d2a-30c3-4220-b9b6-4ab5be2afc39,PROD-0222,20898.72,2024-04-10,card,success,5
38bce9ef-6d1e-4c76-a603-e4a43a4539fe,fda28394-eecf-41ca-b19b-ce47078eabd9,PROD-0120, 41231.89,2024-09-19,wallet,success,2.0
257d3a55-4eca-4a20-abd7-a7b4ef52f561,f63610fb-c3fc-44ea-aa81-2050bc8d739e,PROD-0320,46933.01,2024/31/01,cash,REF,five
1efd1517-8523-42d5-82a9-575f194e48bc,b6d987c7-f4fa-4686-827f-9a066fc2b353,PROD-0431,-50,2024/31/01,cash,success,5
e4777800-2243-4894-ad43-3c3642a9fe22,f0591d97-f338-4a20-aaec-e6059b95218f,PROD-0353,25539.04,2024-07-14,cash,success,5
2f2d0bd0-50b6-4644-a991-bc10f2540560,d3ee0c7f-dbee-47c9-abbb-edd9a9d4caf6,PROD-0274,-50,2025-03-10,cash,SUCCESS,1
938f482c-60e5-46e7-bd66-af73f76344b1,e58183d9-55b4-48c0-93ec-df87a02dcb73,PROD-0293,257847.12,2025-03-08,wallet,success,5
21c5e8e7-acc6-4400-800d-5239288bfa1a,3a191185-9331-47cf-bc41-11131bad5b8e,PROD-0140,41322.56,2024/31/01,c@rd,success,2
d13f54f4-18a2-4247-881c-5a0ad45e2975,6412ff6e-fea5-4588-aa86-988f090931cb,PROD-0401,22838.32,2024-07-10,wallet,success,2
5bec7d60-590c-4760-b32f-0baaeeb765a0,586c5b57-db35-41b6-ac47-c2fdf693925c,PROD-0321, 31310.73,2025-11-08,card,fail,2
004fb65e-ab63-438d-b3f2-722d793cbf10,aa6ffdfe-e5ef-4a3a-ba58-8161457ac45d,PROD-0325,23907.3,2025/01/10 12:00, upi,success,5
25aa5269-aa0d-4d84-acf4-49eb6f197465,054120dc-a4cd-4d69-b076-d9a4158344ec,PROD-0440,35565.39,2026-02-14T15:18:00.558567,cash,success,4
b29a633f-ab5f-4fcc-9cbd-3bb771de0977,7f915580-f82b-4c84-9d8c-39c517b7f304,PROD-0112,2983.96,2024-08-04,UPI ,Success,5
a2591989-cf07-4e46-bb4e-1ca97f20725d,c045c041-5be4-4281-9432-dd47eaee20db,PROD-0255,36650.36,2025-11-21,upi,success,2
f8ab21ab-a4f4-4415-8c14-e2d9c8a02d2d,0180ee28-225c-41c7-adac-089bd964e997,PROD-0003,20711.3,2025-09-28,upi,refunded ,4
bbaa3583-91b6-48e2-b014-7d8ef507d95a,cb28eb97-5f06-4066-b4e8-6cfd19adbaa5,PROD-0471, 27437.78,,cash,success,4
ce18c5da-ba0f-443d-9c94-3836f6381b5a,7fe310ee-008f-4e6a-bc7a-5d1100d08f59,PROD-0168,24088.57,2024-06-13,cash,REF,5
e20b776a-7dc5-4bcb-aa2d-61eb05383539,eb376438-7013-4b4f-a3cd-ea04dce365cc,PROD-0467,380.69,2026-07-22T15:18:00.503341,wallet,success,5
81a6d015-7f54-4597-8bf4-6c6885c79517,c63084a7-f3e3-4f00-a6c8-98f5e233c930,PROD-0075,41745.66,2025-09-16,card,refunded,2.0
3c6b640c-f312-450b-a47a-dbdb61bfdc96,307b36f8-371d-4beb-ba04-f100c31879bb,PROD-0468,35401.17,2025-11-17,upi,success,2.0
c541a2eb-6208-432d-9aad-d9de3c2ebd7f,bc73d581-7ff6-4256-864a-37075dc85acf,PROD-0359,15377.7 ,2025-09-29,wallet,success,5
fda60392-e9a5-40d8-abee-e87e00380844,2567222b-d1a7-4c13-b063-1920c5facf26,PROD-0231, 13676.13,2024-05-01,upi,success,0
4d31bf44-cd61-421e-ac99-c04c66c2969c,fd99d47a-7158-4ae0-9844-7d35dbf72002,PROD-0142,31402.18,2025/01/10 12:00,cd, FAILED,5
e1b2adc5-920c-440e-bcfb-83ebad0f43eb,b1b7b83b-b69a-4a30-8adc-a509297732e6,PROD-0026,8316.34 ,2024-11-18,wallet,success,2
f6f7746c-7f78-46c5-b5a1-ac09ec8dbd66,44ab73bc-1c53-4850-b23e-f20b369e8204,PROD-0408,16533.2,2025-03-18,card,success,3
87bb2abc-f43a-4924-9e6d-d247c51e862e,554be570-4d95-4690-8939-86d14c890a54,PROD-0419,25621.03,2024-11-12,cash,success,3
cffe4df0-936e-477c-9124-41506ee07046,f73d0831-4631-4a3b-bf03-f46accced460,PROD-0471,40291.98,2024-10-22, upi,refunded ,1
6a47a549-cf60-46d8-a08a-ea22e8bb51cb,56d944b0-7c5f-465a-a44a-d3f9d95af087,PROD-0281,13009.66,2024/31/01,card,success,1
93f840b5-7ee7-4b20-a214-ba77155f389b,de57f5a9-21c2-45d0-a986-60280d7679d6,PROD-0002,18229.28,2026-07-14T15:18:02.124081,wall-et,success,3
8aa50cc2-070a-47a2-8f89-c633e98180f6,51a4b0c7-304c-49dd-a265-c3047d709598,PROD-0005, 4584.07,2024-08-20,c@rd,success,0
be3c0118-eb7b-49b9-a2a4-2fb0e4c98d80,0328ac72-0aba-494b-ba4b-dfc9de658f85,PROD-0444,363332.07,,c@rd,success,4
8c0677dd-33ec-4527-8bb2-a6d2c68ba56c,a494150b-de3c-4f2d-bbc5-8ceb3718a419,PROD-0495,22218.42,2024-06-28,upi,success,5
8dca8438-ff9b-48a8-b619-e53208573fef,68c7a14f-4dab-4b17-86ca-3963515759a9,PROD-0278,48881.54,2025-08-23,card,failed,3
5648e2e1-1ddb-4d4b-ba40-69e8cafeafa2,6787e85b-23ad-4ae5-b189-078fbc472dc0,PROD-0420,19563.44 ,2025-10-23,cash,refunded, 
401a2051-ac74-4c74-b3c1-0ecb9bd3f316,971edfe4-a93e-4221-8ab4-cb40a7bc8042,PROD-0435, 40836.26,2024-11-04,c@rd,suc,five
8aa988c8-24f0-4130-bdb3-d00c7d431d0a,796553aa-754b-41a2-a0fd-546e367808c8,PROD-0410,10559.05,2024-10-02,cash,success, 
120cb8c4-2baa-4ec0-91b9-12317b23f71d,e95b141c-93b7-40ef-bef8-5e915677788a,PROD-0335, 39600.47,31-12-2023,card,success,4
67eba207-703e-4ec7-8c62-871ff747b367,f834e7b1-56c2-43e3-8ae2-002f8e784c42,PROD-0227,12728.04,2025-05-18,WALLET,suc,4
2fe5e852-33a3-4623-8c1a-ea0277624306,56d6a0b0-e134-4960-96e7-dbc7b3b1e049,PROD-0199,621878.31,2025-02-21,wallet,success, 
9db1632c-11cb-4d05-8cf9-1b39332693b7,b080a411-42a0-4667-8c1d-3723d749cc65,PROD-0126,25562.86,31-12-2023,card,Success,1
8f4095ac-78fa-480c-86d6-1042bf63aa10,c8399df3-d353-4933-8877-da19541e64c9,PROD-0008,-50,2024-08-03, upi,success,4
236b8727-90c4-4779-994d-04bbc3ad3ce0,c1514695-04ab-415a-8923-24c6602874ed,PROD-0099,41068.05,2026-06-26T15:18:02.183864,UPI ,success,5
02a537cb-e36d-4583-aa37-705a10b2ffc4,026a9ec1-ef86-4421-9da6-3a7513d57dc1,PROD-0143,779276.06,2025-09-09,wallet,Success,4
1fa8bfd4-4d96-4644-9741-08703616f3d8,9c947467-be2b-405b-bcab-4287dffaf07c,PROD-0478,-50,2024-07-12,wall-et,refunded ,2
2ee81f96-21be-4be8-bc04-48d555162954,843d2e7e-ccb7-4df7-8d19-3ad4e880b1b8,PROD-0309,"1,200",2024-04-03,upi,success,1
f84b1b29-df4f-4dce-8263-133f7690d47d,d21e69b6-992b-4405-87ae-525816d9ed73,PROD-0388,1622.17,2024-04-08,wallet,success, 
107c41c7-f4c1-4a94-ac40-1bb1c0782653,b1a9a77d-00d1-4ba4-a27e-4e4a186e3cbc,PROD-0337,31562.35,2025-11-04,cash,success,1
35f4706c-4238-45f7-8281-767fd5376322,27962386-2556-4d72-a244-cbfc50e1a582,PROD-0315,41076.38,2024-10-17,card,success,2
e349c3fa-361a-42f5-ad11-c99232e864ba,387b34d6-9083-44fb-95c2-1cef7fb36929,PROD-0389,20169.87,2024/31/01, upi,refunded,5
14951345-538f-4dcc-af0b-48e4a9780dda,dc451f76-c742-4349-bebd-1f6852ddf75d,PROD-0330,39898.52,2023-12-29,wall-et,success,4
1296133e-ce4e-49ba-9b05-9129860b0a3f,33b60bac-1de3-4920-9e89-c4bf1f8aa3e2,PROD-0213,295420.74,2024/31/01,cash,success,2
fcd2a2dd-0008-4dbb-b554-4dbd520ddec6,c3c189d6-8bac-437c-b620-906d4c0ed1a2,PROD-0297,4276.79,2025-12-11T15:18:00.184852,c@rd,refunded ,1
e5e11400-53bf-4888-93f6-be3e8344aefd,4d11cde9-a87a-4717-bca6-f2fa78a6627c,PROD-0096,2356.29 ,2025-01-29,UPI ,success,2
86596485-1c99-4918-a185-540d95ea9b74,de835232-9860-40a0-b499-7cad00aacc9c,PROD-0360, 6668.43,2026-03-23T15:18:00.051424,cash,success,3
4adc5e1b-e419-402b-a166-a2da7e03b710,f6d5d56e-2879-4cca-ac63-78dd36d136f7,PROD-0362,3422.36,2024-09-02,wallet,REF,1
34c42f87-421b-4a47-9915-93c3bc048d45,a4f2fccc-66b5-4946-bb51-1064b923bc92,PROD-0497,-50,2025-04-03,wallet,success,4
c4baad6e-02ec-44d0-8761-a55218cbab21,e018f2b2-e1ff-47ef-939f-a7ed4a5f2bdf,PROD-0438,20044.32,2025-01-28,card, FAILED,2.0
a18789a6-84be-4342-8c48-94b354427fe9,c103925d-6dae-4701-a7d5-a76edb01fe88,PROD-0440,18096.79,2024-05-11,cash,refunded ,3
aeb3aa6f-c3db-4284-ac8a-58c03717376e,9b98aed9-a355-4b41-abc2-452dd16f384c,PROD-0432,28729.24,2024-11-01,upi,success,2
89c8319e-e9d5-4b51-9b45-26e18f6b8739,61ffcdeb-6422-4dbb-b945-543997867944,PROD-0351,0,,upi,success,0
39a625b3-35f3-43ef-805b-f6c3a819fc69,2e43414d-617c-4e26-9654-69cbbbbe29f9,PROD-0410,35966.16,2024-11-12,wallet,refunded,2.0
72077851-898f-4bfc-8f63-f343cfdb1748,8781f374-0d28-4e09-8445-5b64ed40e224,PROD-0059,,2023-12-21,wall-et,fail,0
e5d449e1-0b6e-4892-ac7a-108a9235e7ed,495b8d47-d7a0-4568-91e0-b089014a7c10,PROD-0482, 18830.93,2025-02-02,wallet,failed,1
862260f9-da98-4d82-98bb-1ef37fbc7049,03551613-196d-4b06-989a-b0319979a860,PROD-0165,0,2024-10-12, upi,success,5
b79611fe-a564-4ce3-8719-e6652fd00988,5bba9bdd-6e19-4c0a-a778-dcfda392de23,PROD-0082,45099.05,2025-07-30,cash,refunded ,1
ab50604b-3793-43b8-b291-82a4739da7c8,6c53137a-a26b-438e-bfba-809018cd6368,PROD-0148,39560.7,2024-01-25,cash,SUCCESS,1
f8b5bfa5-dc5c-4de7-bef1-f8ec65e6b312,da3eaa3c-eb52-4ce5-8fe9-b06ed0d042ac,PROD-0364,624031.17,2025-06-12,c@rd,success,4
50f63b28-8eee-4164-9db1-9b4abb590d24,36a727c3-254d-43b0-b424-2048ef14e8b1,PROD-0268,,2025-10-20,card,success,-3
f5c2c9f9-a11e-461a-a559-aa2ec53e7b5e,056aca7a-22be-470e-ba30-8249fad83998,PROD-0368,42439.38,2025-06-12,card,success,3
0ee1732f-359d-466b-98a9-50f43d7f055a,252ce7bb-63e8-400a-8391-0e247b521f26,PROD-0439,31800.67,2024-01-20,card,success,3
16aa25e3-ab1b-474a-8079-296ec538d3d4,075f7292-24f7-4ca8-a6dd-72fba5100f6b,PROD-0029, 6791.32,,cd,suc,5
a2896bdf-a867-43f3-88fe-6b03749743f8,fd555a3b-e556-4538-8e33-4fd2903190d6,PROD-0288,3268.67,2025-08-28,upi,refunded ,1
8840ceab-303a-4855-9cb4-4567a82e811e,ca7b91b6-fb4f-4640-9815-db6ca263a26a,PROD-0193,-50,2024-06-09,cash,success,1
f5d0fa1b-dca9-4f6a-8e46-df0b3d0a6980,6cfd60ac-2ea4-4121-9cd4-3900d0e8d909,PROD-0376,469949.39,2025-09-04,cd,success,1
9027fe96-2bb9-4240-b876-3a5078c79036,1a1cd08d-a408-4d7a-a6f7-100714c1c931,PROD-0291,42078.98,2025-04-18,upi,suc,1
2e47ec5d-a4d4-4719-bf90-49107c476337,4163c19c-e2e4-4c6d-9211-6d7bdc815997,PROD-0467,12180.76,2024-09-24,card,success,5
23dee9b4-74f9-4f35-928b-7451b7dc044e,44857e7a-322b-4b73-bc78-5af17363877b,PROD-0273,15724.54,2025-06-09,upi,SUCCESS,2.0
aee2ade1-6c76-45c2-9486-14e56e4568a9,70b034d8-b4da-49c7-a3c7-cda1cef6b10d,PROD-0484,5687.29,2025-10-20,cash,success,five
5ad6de9b-1d9d-42dd-a556-3f65d7d78ce1,d616c25c-2848-498d-b9ca-0dc3896bb70b,PROD-0115,28096.13,2024-12-14,wallet,success,1
c96449c4-0f6b-49f4-8a0c-8ab313d71cc0,ed211ee9-18ae-4bd9-be44-9f3519c3c805,PROD-0206,7248.58,2024-09-22, upi,success,five
72f8a92a-8f6a-4531-9c4c-d54461b20ea2,6004c0fc-1170-4320-ae95-aeb9d24d9e69,PROD-0373,2049.38,2025-07-30,cash,fail,3
5fa96052-0006-4a90-8c1e-1c6d95174b0c,788bbe51-d9d4-4bb2-9e62-558462a9c28b,PROD-0366,4746.62,2026-04-25T15:18:01.752771,wall-et,suc,4
be1741c5-fa46-4d93-bc5d-c5c67fa09b85,25f03322-684f-49ed-8c69-77dde5ebcf2a,PROD-0180,28340.18,2024-06-04,upi,success,2.0
d8cc5ef6-3615-4ad5-a1da-47edd3572dc5,98459c66-0f2e-494a-97b1-040ed92cf585,PROD-0446,39180.29,2025-05-23,wallet,success,2.0
ea92b7fc-68d0-4f95-9855-1dc74041d445,e817cf48-c24e-4666-95a7-15ef55181055,PROD-0298,46102.99,,card,success,4
ce1a1a29-773f-4395-9a5f-ede4574f2b01,f0f3f6bf-b9a0-4e4a-acbc-0fb00717d825,PROD-0054,20898.12,2025-09-09,wallet,success,-3
776d7eed-9bc5-40b2-85be-c5a0493cd46b,74746e0a-8bfc-4dfd-bdab-6ea12ea0ec26,PROD-0211,12769.18,2024/31/01,wallet,REF,4
8113a086-6d80-424b-b42e-43d01ab51d7c,717ffc59-01c5-4e96-9bc9-615e43d8dfeb,PROD-0273,952.05,31-12-2023,wallet,refunded,1
e306ca4f-9444-46fd-a554-750d0462522b,4dc4746f-a410-435e-8359-b9a3d5aba4b8,PROD-0096,392.53,2026-04-21T15:18:00.658872,card,REF,-3
481e264b-577b-4d5f-bc75-e831fdc432ca,d84f4738-334e-4387-8ced-ff70d1565c34,PROD-0143,"1,200",2025-01-09,card,success,3
fd842985-6111-473d-b99a-c1800ada05f3,60334543-c177-459b-8ba4-0e3944f54def,PROD-0349,14624.01,2025-01-08,wallet,success, 
e15b31a9-e47e-47a8-81d2-eda9f1a36f9c,78acdd56-4624-47be-a730-f5458d278f18,PROD-0263,43535.85,2024-11-18,UPI ,success,5
849b0ad9-c08b-478a-a5da-03a645f3339c,2127f494-ee4d-4ed3-8d72-206e118fdad1,PROD-0060,5291.03,2025-08-19,cash,success,3
99e56b7d-43b0-4f1f-aed1-dc6c7b7ef776,dfa83284-4d0c-42d5-8eb7-2d12c201a941,PROD-0425,25638.32,2025-04-28,cash,success,2
a64fc2fc-cbd7-4279-a143-5680eb4bdbcd,636ab90f-13db-4a66-b83a-861034395f20,PROD-0289,27410.79,,card,success,2
d90eb6d5-9c36-420b-ab5a-99cf4cf29f84,9b144a4f-30a3-4c91-89d3-0d20e407c3c4,PROD-0107,"1,200",2024-01-21,wallet,success,4
61be1b35-0393-4751-b726-3c09ae599d49,582ecd52-4910-4043-8d27-3b801b3c94ad,PROD-0078,"1,200",2024-07-25,c@rd,success,2
a32198b5-7974-4422-b80d-90ab1ec01b92,2a137929-a7b6-466d-930c-9fe57b3294d2,PROD-0426,24610.89,2024/31/01,upi,success,3
969bb5b0-bb48-46d9-a2cc-92ca4ca6b101,bb197729-94a1-47a2-8f12-9c174ce268d4,PROD-0032,8568.87,2025-07-23,card,success,2.0
f7673e63-e0f4-445d-9305-b56338712199,36141351-9874-4bb3-afa0-c92ecf599436,PROD-0203,31756.31,2026-10-29T15:18:00.843066,WALLET,success,4
dc573b92-98dd-4c48-b3bf-0583c79a0c48,d5bef32f-ea5c-4d08-ae33-5a4901050836,PROD-0399,23853.56,2025-08-15,cash,success,5
9ae91e9e-d22c-4481-b602-644154a832ae,cdd15fda-86fe-4d8b-ac31-fef670437148,PROD-0036,44081.2,2025-09-18,UPI ,success,4
49c79556-aa60-4a44-9f21-78013a47e2c9,37f650f0-c1b4-413f-af26-e9cda26453a0,PROD-0405,3972.94,31-12-2023,cash, FAILED,3
ece02d31-a1fc-4b4b-ab42-c0362dbec9be,df95c5b0-8e73-45eb-a1df-3afbf660827c,PROD-0374,-50,,wallet,success,5
0b2892d2-de09-4e7d-9beb-39e272a5e1b3,626b5188-661e-4631-b551-48e998da62fd,PROD-0402,,2024-03-22,UPI ,refunded,4
52f47abd-c0ef-4989-8484-c5e2b9f4defa,84f738ba-7edd-4b47-bb73-89bae2e1c386,PROD-0019,15846.29,2024-03-26,wallet,success,5
c063b35b-7566-4780-ac7c-c09137f06fab,444d3c4b-1bad-456c-85bb-21368fc27dfd,PROD-0261,11777.92,2024-09-19,cash,REF,2
ce15e1e6-b819-4600-a1e2-d5140d120f1c,0c62515b-f2e3-4462-9506-fe28a84aca45,PROD-0215,19863.63,,cash,success,2.0
eab8d91f-c41a-4ed1-977c-b144563eceb4,d94f4e8e-8cdc-471f-9c94-60f92c5597ed,PROD-0148,13751.42,2024-04-18,UPI ,refunded ,0
6e1913d8-97e8-4b9a-93e3-3a906e8652df,d6b87542-ede3-4801-b577-172d1bda8f12,PROD-0029,-50,2025-01-15,cash,success,1
b35a1e36-043e-43fa-831b-31a9dc684129,ffa4bce2-0a6e-4b70-ac36-5b05c0840579,PROD-0142,29777.67,2024-03-18, upi,success,2
3e6fc588-3e4a-4d4e-9fd6-8648f81d2ae1,2ea770e2-e405-48d2-8139-c64c75ba3de3,PROD-0095,-50,2025-11-21,card, FAILED,0
ac6eb751-664d-48a5-8d40-85295c5cf797,622cca0e-476a-4a98-a364-e503a704fa60,PROD-0073,26287.32,2024-07-24,upi, FAILED,5
3458401f-08ce-4aac-b546-c45e13f4e64e,d5cfd056-ec94-4540-8ba0-84a74f8f59df,PROD-0483,43620.92,2024-02-13,card,success,2
18d840fb-14ed-4223-9faf-b69c983cb2c7,8f918856-ec10-4158-bf8e-6875a30c22b6,PROD-0209,24643.68,2024-12-16,CRAD,REF,1
906ec3d4-0e96-4514-9950-172eab76b5c5,b1400216-5579-4f89-a811-2e6c6b36354f,PROD-0112,1451.79,2025-01-25,wallet,success,3
e5377c24-9026-4eef-94f3-60b9ec69c325,06919656-7716-4e51-acf7-492b88c1271a,PROD-0206,35428.82,2024/31/01,c@rd,success,1
b928fbad-7e91-46f7-a555-5b7eaa578cf3,bdb3afc6-f6e6-4bd5-8246-d1e828e28b89,PROD-0317,,2024-08-19,cash,fail,4
8bcfac16-a6aa-47ef-b013-b8ebed2b8955,0592d0c3-69f0-4898-be96-579a2e4ffd5d,PROD-0060,,2025-03-13,cd,refunded,3
0d1eb2cf-1512-4beb-9f8d-d8878b79fc24,bba3e837-b66f-4477-8534-0ea132d516cc,PROD-0205,49426.94,2024-03-15,wallet,success,4
0cac4e61-7f1c-4300-9717-78f8c43d974f,ae5a7583-10ae-422b-8089-8437ad9b8913,PROD-0301,958886.99,2024-06-27,wallet,success,five
09628e7f-ccd6-40d4-8675-b2552cd9b458,8cb03f89-5d65-40b9-acbe-a4edd7d88305,PROD-0380,20626.36 ,31-12-2023,wall-et, FAILED,3
d0ccb477-ae00-4fbe-9df1-f2e78145f5a0,91bfe619-3c4f-4753-bd0f-7c59f1471ea2,PROD-0106,3416.1,2025-11-14,wall-et,success,2
c767d804-e700-47e0-a7f8-c4e230db043f,237c1852-6dfc-48d9-8aad-3c5944264eca,PROD-0003,45179.22,2025-07-30,UPI ,refunded,5
04c0f135-b1f3-4d46-bf43-a0f501460aa0,edb3367a-cac4-4ed0-98a2-22f5b962174f,PROD-0003,19690.96,2024-11-01,cash,refunded,4
01c5ce94-c974-4bb9-bf8b-0936cfb974b1,62402831-55fd-43dc-957b-b6856a3bf52d,PROD-0018,7723.64,2025-09-30,wallet,success,4
e90fc950-4e6d-4d27-93a6-15547e1844e8,b4b2446d-ad86-4588-ae97-6510185f0ad8,PROD-0058,32726.31,2024/31/01,card,success,1
9e64288a-47ae-4524-859c-418386c2f646,274ce858-8577-46af-969a-0e832ae10bc0,PROD-0419,24817.79 ,2026-01-28T15:18:01.934252,card,REF,3
0ce53512-47b2-4949-8a7e-462fa5062762,4e4bf022-d569-4966-928c-4838d1724c57,PROD-0420,24989.19,31-12-2023,cash,success,3
1ff5d491-510d-4d53-8d10-ceb86d7eda76,41663a45-972c-4e48-8d4e-b4e889e6fbe0,PROD-0493,607.39,2025-10-10, upi,success,3
efbf18d5-f057-4fc0-a01f-5c9279e395f8,ad343d34-0fc0-4ac2-9950-e3f69a1b5d8f,PROD-0373,34827.4 ,2024-08-04,UPI ,success,5
bf2c021c-0398-408b-8413-7fafa1915f6b,be9e7f8a-35b8-4f62-b268-14cca8f4c493,PROD-0496,44255.62,2024-04-11,wall-et,success,1
d3bdfbe2-7986-44ad-97b3-79f87fc046f9,0e8ad70f-72ec-46da-a100-7cb74b33972a,PROD-0099, 11406.38,2024-01-23,upi,failed,5
f9f70092-770b-4337-955c-b2e391cbca63,95390bd4-b331-4e9b-93ae-2eab43e487ac,PROD-0187,1527.28,2024/31/01,cash,failed,5
5d247bfc-ee79-4953-bc7b-b8fce0ef4688,3d55285c-05d3-4a90-8fe6-2df944ab261f,PROD-0094,"1,200",2024-11-08,card,success,2
20055726-2e39-4b6d-8ad0-1dd3d9cc2d93,0610fcca-9708-4ccd-a107-f4f30c2f1bcc,PROD-0134,13723.25,2024-05-29,cd,success,1
916efac4-8c94-42e4-98bf-36da47ee4344,fd824f30-8482-4237-a6fd-26403019759a,PROD-0049,33875.09,2024-11-10,upi,success,2
c75d1b88-bf48-4322-bd7c-bba50dbd83b5,fd31845a-e125-48c1-9ad4-6214b64d1954,PROD-0336,"1,200",2024-06-13,wallet,success,2
7e83ac5f-7c41-446e-a359-14a399688ba6,a4294a3c-106c-44a0-bee7-153ee5704fc9,PROD-0013,18755.84,2025-07-10,WALLET,success,five
e6c82f53-9c25-4704-93ea-4e30cd655d41,dc393af5-68b3-4418-9b3f-de584289d131,PROD-0130,715938.95,2024-01-23,c@rd,success,0
d08f179f-47d0-45bf-a151-2cac49a7c40d,b4d73bb6-df0c-44e7-b4f9-4b773e44c667,PROD-0214,18692.2,2024/31/01,cash,refunded ,0
3338369c-83fb-408e-8bbc-559e1d2531a9,98bb8a7b-f69a-42d0-8804-63706858dff5,PROD-0372,18721.38,2026-09-16T15:18:00.413196,card,success,3
bce727b4-b59c-4eee-8022-02ffbcbc07dd,1056de35-e2f0-49fd-a303-cd8945fb774f,PROD-0282,41113.37,2024-04-02, upi,fail,5
764d4871-25c1-4da9-8934-19600e23794d,180fcb18-0f8a-49e9-93ae-b8867db12cfa,PROD-0139,4220.41 ,31-12-2023,wallet,success,1
eb33a260-5004-4fb1-8bda-bc5b3935bf6e,49fdf74e-87ee-496e-9dc8-0514f608c094,PROD-0150,8628.47,2025-04-05,upi,success,2
a0456aa3-d6a4-4b4d-b4b8-3858102e026b,3fb180bb-80b6-40b7-92cc-960bebe9a1b5,PROD-0486,23654.52,2025-09-08,wallet,success,4
b5fcbf2f-155d-4002-a991-f8de3d2777e3,c65e6ad3-b4b5-42cb-8c9a-0f8333d18606,PROD-0483,11949.94 ,2025-02-11,upi,success,-3
4dddc5cb-45b5-4546-b551-8b594dba9e0a,0c7776c6-8c8c-4868-b29c-a5af249349d1,PROD-0408,48973.43,2024-07-02,wallet,failed,2
a998d3dd-3e32-4dc7-8401-65b619f88866,9d9610f0-cf51-4415-b157-733c0507ae99,PROD-0182,26355.0,31-12-2023,cash,Success,4
5da20192-840f-49b0-8927-d203aac413b3,f2406c2d-7131-4627-a385-765628898cc4,PROD-0294,36857.61,2024-10-04,upi,success, 
71a886b8-233b-4bba-8c81-ab687d7b7dd9,432b5732-146b-4d97-b7c0-f2149686aee9,PROD-0168,270307.19,2024-05-20,WALLET,success,1
33b6238c-0537-4a16-84da-607659d3c7f9,f352023f-550c-4522-8ea7-2e2f04843c8d,PROD-0065,40872.84,2024/31/01,cash,success,4
f5cc92a2-0bf1-4423-a51f-2342bb8a3a26,9d55c301-0d36-4a11-95bc-08f8e2e203f1,PROD-0236,27303.36,2025-02-10,card,success,5
65ff06b4-52a2-495d-aaf6-1b279ac8047e,bfc7c265-eeaf-4e5d-ba0a-0d1a422bff80,PROD-0092,23228.31,2026-05-31T15:18:02.094874,card,success,1
c3d19691-0c5f-4470-9efc-44e9ecb4920e,10e3edd6-1970-4dc0-8281-b4f50b6f0323,PROD-0210,0,2024-03-25,wallet,suc,2.0
735aa0ca-6b83-4a1f-bc91-7726ebb217fa,70917f25-dc6c-4b17-b9fd-eeb1c4901c14,PROD-0215,1267.2,2025-11-17,card,refunded ,2
6af12e85-b2f7-4baa-a300-8f4323193431,96fcfa41-0173-427c-8809-05d0d70de8db,PROD-0099,5108.11 ,2024-05-15,wallet,refunded,2.0
ede479a5-f2a0-4257-b37d-dde9016df132,5a682cb7-2577-4f56-9eb4-14fe44d7ddf2,PROD-0208,9820.48,2024/31/01,wallet,refunded,five
a2697ba2-08b1-4073-a163-1ed50c1a5277,5205aafd-4fbc-4ad9-ac40-a955f80530b9,PROD-0209,-50,2025/01/10 12:00,card,Success,0
7db325a7-f6a4-4044-9875-00f2af39c939,a4f3b7e0-f5d1-4e19-b880-ff0b9d5685c4,PROD-0325,10757.65,2024/31/01,wallet,success,5
13d2f8ab-16cc-48d8-b5e5-d4dbc6b30962,c05f1e7d-9aeb-48b4-a348-6d12cdf6f3c2,PROD-0095,31624.43,2025/01/10 12:00,card,success,4
333edf8d-608e-4009-b52e-c66b33aee165,883eadc3-154b-4caa-9da3-6ffb33ea09cf,PROD-0182,20147.03,2024-10-18,upi,success,5
e36d1748-1efe-4ded-8529-5acbad834de1,eabe0b29-4e57-4002-b6a4-5ddf111a27bd,PROD-0467,19227.29,2025-05-13,card,success,5
fa2321bb-c0a1-428e-8616-16f4e94b2c4a,8b006da4-627b-4746-9719-6f620d8e07a1,PROD-0128,14766.61,2024/31/01,cash,refunded,4
c99757eb-ebe3-4e93-a723-ffad323a4909,867e95a6-59d0-4701-aa9a-402ceab3d8a4,PROD-0146,39216.86,2025-01-08,CRAD,success,1
391e69d3-a911-4b3d-a00d-d16b391af814,2b510570-1365-4699-9a22-a50cafad6b3e,PROD-0299,0,2024-08-27,wallet,success,1
abdc0ecc-36cf-42cf-b7c1-46a0204c4937,d4e1e9bc-474a-4312-88cf-2f52555ea88d,PROD-0428,1848.69,,cash,success,5
cfd42c00-7bf2-4200-b3ee-b4db3a44ecd1,2ea4da2a-2ff0-4847-94ef-c774ab24c3c0,PROD-0143,9902.82,2025/01/10 12:00,cash,suc,0
82a5c3d7-c239-4f26-b376-85d51e9ad546,cb9bca5e-1788-4636-ae8c-d727b8b98129,PROD-0244,"1,200",2025-04-13,upi,success,2
d8bef631-78f1-4537-8d93-411f51f02b3f,1e099759-9d42-451c-b012-a24aea24a95c,PROD-0413,20546.55 ,2024-05-24,c@rd,success,1
dc6b2ed6-cefb-4f79-bec3-471451539019,fecf1ed0-b369-4166-bf92-ec9fd5a3f97d,PROD-0188,14457.3,2024/31/01,upi,success,2.0
caeed1c2-d1dc-4371-8d34-94153606921f,57d5f99d-4981-4fc6-a124-b5bf969d85ad,PROD-0182,"1,200",2025-02-04,UPI ,success,5
41a03288-b0e2-448c-b3e4-80127756729c,bedaa8f9-b06d-42f4-bf55-25ff9bbf497d,PROD-0494,17774.97,2023-12-15,upi,success,5
ba16cfd4-f1a4-476a-979c-e4df499c920d,02a60e28-eced-4501-ab8b-c83fa2d2f2f0,PROD-0402,47542.18,2023-12-16,UPI ,fail, 
dcf32dba-0e89-4ad1-8573-ed468cc3188e,438d9331-5180-4da1-8f50-5c00741e1e1d,PROD-0237,8629.58,2025-10-14,wallet,success,five
a2fcfbf7-5ac6-45c3-9c75-054d4435855b,ae3e9749-ef07-4fb9-8c89-a7bce538440c,PROD-0387,29042.34,2024-09-10,wallet,success,4
f806ae00-2660-4ed6-b6f8-c7e3dfc37558,7f6ec250-6ac6-46b9-b4d3-d5abad7dc13f,PROD-0285,1717.87,2025-08-28,cash,success,2
797a1951-297e-4b90-8f88-7597542e166e,af86c5a2-0366-4018-8748-0b9c2df988b1,PROD-0135,7599.06,2024-11-08,UPI ,success,five
c971d5d5-b498-4357-b1ec-27de645abade,4e846dd6-d296-4845-a0a1-f0d2e0143fda,PROD-0447,540179.44,31-12-2023,card,success,5
a01ed99f-7817-4edd-b803-87ee57f136e2,43a0b8f7-0277-4489-b56f-7844e51134f4,PROD-0260,30350.81,,upi,SUCCESS,1
d537abf4-822b-4cfa-9ed5-68d56034e758,ce7c30c2-4af3-4f59-9457-eba5ee8d75fd,PROD-0203,49060.17,2025-07-17,wallet,success,5
9baf81e7-00c5-42d4-99bb-e66a838c1963,47f2f03d-84b5-4f37-bdf1-46a28a66539b,PROD-0375,48771.3,2023-12-11,card, FAILED,3
f2f21ac8-98f7-4bee-b62c-971e5c15c18f,167554a6-a5b6-4b09-a0b2-e2102991c02b,PROD-0421,27238.28,2024-10-19,card,success,4
278c3cde-7fd4-4d92-ba33-a6781a428708,77b33fd7-b900-431a-baf0-fe68c738fb5e,PROD-0298,30546.32,2024-10-26,cash,success,0
d27352f9-820c-44ca-8c32-773e3b8c1360,5299dabd-6514-45f3-9074-4082667e90ca,PROD-0471,14408.13,2024-12-22,cd,fail,5
44e97c48-e78c-4d99-a249-095b1cca308f,a824ca77-e982-400e-9af3-d739c2e59dab,PROD-0024,-50,2026-01-27T15:17:59.593574,cd,refunded , 
c3897fda-c323-43d5-8a85-9e2654e4b9ee,7debf3ff-e29d-4568-a639-d6d6e6e1bb8e,PROD-0398,23559.27,2024-08-16,UPI ,success,5
0dec8cd8-6f77-4751-b3b7-cffdfb9b8094,343df54e-cecb-4c6e-82c0-4fe146a700f3,PROD-0497,41585.81,2025-11-12,cash,suc,2.0
bc6e9b77-6686-40db-b3d8-a3ea73142561,64a3c291-5e91-4410-bdbe-59726395bac9,PROD-0494,5913.35,2025-04-19,wallet,Success,five
7988547a-6712-48b9-9e8c-345bcf04f2c7,619a525d-c65d-4f0d-ad18-4c7542bbf1fa,PROD-0041,26161.93,2025-02-27,upi,success,0
d9ed3d85-19b7-4c97-8d01-0519ac2b989e,c33b9628-6e2a-4354-b745-8a2bda2d96e8,PROD-0275,31443.32 ,,cash,success,2
47e61596-392a-4122-9aa7-e8c13911ec5e,75193cbb-8f90-4ae7-86bd-5d4aa095595d,PROD-0040, 44085.02,2024-06-13,CRAD,fail,3
86a0362c-5d56-41b2-b7f1-5eb6f911f53e,9335f454-4ce9-4fdd-837e-cb24215f90d3,PROD-0474,30823.0,2025-07-13,card,refunded ,1
df5e2e8b-ee58-4828-ade7-873d979cca50,b706f810-10aa-4cd7-868f-806252d0a11c,PROD-0025,42651.82,2025-03-02,cash,success,5
70c69dbb-e23a-4ecb-b8c9-b75bb7d62255,5d28a362-46f4-4ccb-9439-e61de5dd2d01,PROD-0374,20714.4 ,2025-07-24,cash,success,4
3101ecbf-b212-4d2b-a5a1-98de3984ab3e,ef44eb83-4bcc-4620-92b6-1144a25f8f52,PROD-0261,48321.83,2025/01/10 12:00,wall-et,success,2
c2676556-df03-42c0-b399-ad9ac62363b9,237fdb33-37ae-46b3-8ca8-6fe344e4d72e,PROD-0402,0,,wallet,REF,4
be01e4a6-6c64-475e-a85c-cb7d1a3c322b,654a7002-5143-4fa2-87dc-6aa83c4bc007,PROD-0386,28250.51,2025-06-14,wallet,success,1
592d10ae-663a-4846-b86d-8d8b948a2e91,7cf4a872-b610-4532-8050-471263fc79d8,PROD-0485,15678.42,2025-02-12,wallet, FAILED,5
8a5775fb-5e89-4105-8737-c7c9b7377a75,123d1056-2575-4fd3-ae65-09714b9f8a74,PROD-0301,19623.02,2024-12-13,card,success,2
f5466be3-7854-47e3-a382-5a5298336331,cdc8c045-e58e-4a91-b701-a91a13ea6121,PROD-0045,11434.41,2024-07-27, upi,success,0
5b3654b1-4e32-4205-b8ab-0767e448e913,536370b4-264f-49d9-9421-a0a29df3c406,PROD-0486,"1,200",2024/31/01,c@rd,success,4
afbd585c-9b8e-4ba1-ae3d-54e068aa7d13,e4fcd1ad-b3f7-40f0-ba27-39ef3c9da0de,PROD-0250,-50,2025-03-05,card,success, 
da5826e5-6259-4015-97f2-a5bf32f7aa56,043cebc5-d1a4-4f4f-9c08-fec0010b13ba,PROD-0111,20894.41,2024/31/01,card,Success,3
62055f36-dd94-4529-89be-422a045b96b7,59a2e9a1-894c-463d-92cd-bdb2f5dd15e6,PROD-0454,42918.88,,upi,success,3
de997791-18a6-45ee-879a-133af0f43426,d7c62150-ccca-4ac9-9614-b62d48cea0be,PROD-0269,47967.57,2025/01/10 12:00,cash,refunded ,3
f4093507-0d22-4ad8-a07f-e0a75ef93caa,70e88d02-7076-4308-98c4-966d5ef91f48,PROD-0481,"1,200",2025-05-28,upi,SUCCESS,3
2c7ee473-bb86-4d97-8a0d-b8d931aa4994,cdef710c-6b6d-4941-ba57-065faccfa7b2,PROD-0447,17386.21,2025-02-15,cd,success,2
92ff4270-9201-4bc8-92fc-dd49145824d0,5d48cd78-8d8f-4a7a-a22d-29532dbad89d,PROD-0480,7752.9,31-12-2023,card,success,4
3c520994-012c-4681-984a-d13c9a7a7ed5,a4dd66db-0083-4493-8e14-1be874695d18,PROD-0148,627909.65,2025-11-19,cash,refunded ,five
48ca07e4-5785-4985-9443-ab167346177f,e71ad49d-a997-4d0c-933f-be667b6f4857,PROD-0049,-50,2024-11-18, upi,suc,1
3e8178f1-3164-4435-a11b-ffb4a0beff90,74403b0a-aea1-4e22-8712-86aa9259be78,PROD-0367,30508.38,,card,success,4
d964bbc4-004e-4490-a317-c2e4b78719fc,5027ee41-5088-4ec4-8efe-691cd6abec5d,PROD-0120,4335.12,2025-09-28,CRAD,success,3
e4f3b2bb-0dcb-4970-addb-429e478ed286,9cca53c2-5eda-442f-9bf2-d84341ccd796,PROD-0287,,2025/01/10 12:00,wallet,success,4
74db5b9c-3d45-4948-8006-307f8ba83d1c,aa8a957a-1cc6-4830-a8c1-14db7dfae9b8,PROD-0217,0,2024/31/01,card,REF,4
bf67b8b7-b883-4c64-ab0b-5d075cb93d6b,7145e144-88b8-4110-bffb-cf92fff9c9e5,PROD-0429,43367.11,2024-10-04, upi,success,five
35af57b5-f939-46fe-90dc-1842e3a0837a,19ccdd66-ddc1-4fd1-8855-a76170cc4b5e,PROD-0213,41642.58,2024-10-23,wallet,success,5
37de66fc-91d1-40be-beac-65764f005a66,86b5f54d-da2c-4534-96f0-c4f20669f1d9,PROD-0426,-50,2024-05-13,wall-et,success,-3
79da1204-fa09-4068-83c3-13553cc7a1a9,9b7ccfe3-cfac-4ff1-9b07-07562d5664b7,PROD-0470,197371.63,31-12-2023,CRAD,success,0
9a789732-052e-4e12-8d1e-d27948885eab,8a2cb89a-339e-4acb-af23-734a15d05933,PROD-0081,-50,2024-11-02,card,success,1
6256cda0-2857-4c2e-91f5-754b21b2e832,f998a69c-763a-470d-82f5-6e434297a6c1,PROD-0016,46801.32 ,2026-07-07T15:18:02.835851,upi,success,1
a5d1fcfb-00dc-4edc-9fe9-c27f44784bfb,447da90a-cb33-4513-a282-7e7d67e1dbea,PROD-0380,40536.95,2024-02-27,cash,success, 
c51f4126-badd-49d9-8f7e-33f2e59cd721,3105f880-f383-4448-a817-2766c40faaba,PROD-0448,22525.47,2024-10-18,upi,success,4
f8297992-039e-4281-b52a-3c95e55c93b8,8bc49052-6206-458d-ba54-504dfde71158,PROD-0223,1688.47,2025-12-31T15:18:02.655746,WALLET,success,five
f8a6c2b8-c05e-4219-b47b-eb5840b2440e,f456e184-f61a-43c2-a14f-ed4460b08cef,PROD-0075,3136.62,2025-09-28,cash,success,1
10254cfc-1829-4070-8213-c3c01570c0f0,aa608a72-0779-4110-9821-fc5276f1f6c2,PROD-0074,5479.06,,card,success, 
f64b1c26-3b00-44e4-8180-66fa7f04f35f,81cea77d-8b34-4e13-b276-1c7afbce59cf,PROD-0129,0,2025-03-20,wallet,success,1
77aeb0fc-8279-4e68-a0f6-76101ab24b20,d2a78dbc-80d8-4a0c-9012-68d338fb465c,PROD-0045,0,31-12-2023,upi,success,5
348f5a72-564f-436e-83fc-96d8f84b6c7f,ac9dac01-f3d8-4d44-b78d-2e57bccc1ded,PROD-0154,2556.67,2025-11-10,cash,refunded,3
8e0e206b-2013-4d41-b313-32f2f78051a2,f6d8f013-3571-412d-89eb-eeeec7a56327,PROD-0421,20449.96,2025-08-04,cd,success,2
47b8d484-8afd-4ea1-814a-1611450456a7,fce5a91f-7550-407e-be5b-d5343184c9d1,PROD-0043,,2025-06-14,wallet,success,4
3a570573-1581-4454-b509-0841626f1f2e,d03beca7-12ea-4eaf-b1b2-ee1c5b33460c,PROD-0466,37160.03,2024-09-14,upi,suc,-3
89eea53e-f61c-4147-9f9b-3f71f4f2439b,b688606d-5d2f-4bf1-9147-da14b6a5bd71,PROD-0023,16204.0,2025-08-05,WALLET,success,5
6027470c-e4b2-4b20-97bd-fd8f8710195b,eb46a5de-0cfd-4be6-ae99-bc3c0b125c6a,PROD-0335,24775.14,2024-04-13,card,SUCCESS,5
6ecf3caf-0abc-44a1-a20c-c93658699999,d80e01f4-c2fb-408f-b5f3-e501a2d2848d,PROD-0467,0,2025-07-05, upi,success,0
74869121-9180-4bdb-8252-bf572888f726,4e572bcb-344d-4241-9e98-10562be9f754,PROD-0490,30597.33,2025-07-13,card,REF,-3
1ca958b8-b7e9-49b1-bf4c-4d07d16a84c7,6488de87-7d29-49ab-ab7e-b106e4cd8bf9,PROD-0400,43448.71,2026-11-28T15:18:02.597511,upi, FAILED,2
6264a187-a2a5-4324-846b-9315db5dcd5b,dc66e8ab-44dd-4770-bc0b-f6c16eee5f4a,PROD-0499,729.04,2025-08-18,cash,success,4
9ea41c5e-ab6a-4103-8ead-9957379950ef,7b026355-1630-4fec-b497-7a9b3c276dba,PROD-0078,21226.74,2024-01-21,card,success,0
03f62d57-ad57-4009-8324-a37f488343e4,606b068f-79b6-43b8-9e7b-3860aa101b2b,PROD-0413,40696.23,2025-01-04,cash,success,2.0
80b6c9f8-aa54-4783-9d3c-d6d8b4f685f1,a6854832-e5f3-448b-be8a-735c0dcea960,PROD-0345,8999.12,,upi,fail,1
1b3ac82d-b3e0-41cd-8d58-c2018ad5885e,87ed4914-6e48-4248-a08d-41281b01dd58,PROD-0394,16329.12,2024/31/01,card,fail,0
6fce8157-4051-4d63-9656-8c486c8f40b1,2032ba4d-750b-4faf-bc82-310e43352664,PROD-0035, 45135.24,2024-03-10,cash,refunded ,3
5df6c0c7-a619-4e83-a8db-74a8fc720f63,88306287-fdef-42f7-b8fd-fc7113f2b510,PROD-0081,23579.76,2024-06-28,upi,success,3
54ea737c-fb92-494a-8582-01ee6b680634,18825ab8-24d0-494a-975a-42c8e8eb9789,PROD-0438,10762.75,2025-05-10,card,success,5
840a6d99-f877-444e-a3ed-dbdb03a7259f,1e3b2f4c-c8d0-4d46-8ba3-bd7f753339c6,PROD-0083,451913.72,2024/31/01,wallet,success,1
667f3508-b084-4f6a-951d-ae1acc371753,f7615c52-d7c9-446f-bb78-2c62d44beba6,PROD-0467,46522.21,2023-12-25,wallet,refunded ,2
66d076b4-f2a3-421a-9a19-3d05a2b74194,fe66ce40-849a-4ab7-84df-29365568ecda,PROD-0471,,,cd,success,5
73edf0d8-9a23-4dda-9a41-7be368d39faf,664dc9e4-dbbe-4933-9965-563fa8f09b05,PROD-0422,33634.02,2024-12-31,cash,success,2.0
1bb3a602-d607-42eb-8c60-d12b04bc62aa,36d3870f-e49b-430d-8e35-61f30126b1ae,PROD-0434,21728.85 ,2024-01-18,wallet,success,3
b6905ecb-fff1-434e-a94c-371cf2de1292,8f049bb9-6f51-4611-a8c7-c30e77abb914,PROD-0418,0,2025-08-15,card,fail,3
e6f389eb-5fe3-4e19-9f84-ee2106f7c922,5264d399-a32e-4432-bbc5-43ba4839a9c5,PROD-0112,39284.95,2024-07-03,card,success,2
40a41f82-b5ba-4376-b1db-50182eed4c4c,cbe59856-1393-43fa-81fd-9262f8cd580a,PROD-0261,0,2025-06-22,cash,success,five
73b35150-fa29-4fd2-8243-80df28d62c89,b5b5d56c-b550-4d59-9d51-0c3f4ef5d0b4,PROD-0143,40286.6,2025-01-08,cash,refunded ,2
6ec2c3e2-c21e-4007-b821-05ba8feefa82,7351c304-9728-4d17-8ee5-f5c00db0b5ac,PROD-0229,677089.71,2023-12-16,cash,success,4
2aa6c71e-806e-4ae2-bcee-f15390e26a50,8e75d41e-db81-488f-a0ec-95fe10854958,PROD-0461,"1,200",2025-11-11,cash,success,4
de68a9af-13d6-410c-b87f-e0ca5b2b3bbe,f5e1e0fb-1a92-4986-8658-854778f19636,PROD-0028,6217.44,2024-01-07,UPI ,refunded,5
d49b5869-1d3f-4b6e-814e-3bc31695441c,48a1e8b2-8da0-495c-a852-997845cb10a5,PROD-0093,41867.34,2024-10-17,c@rd,success,4
01a49605-62c5-424c-9441-aa955e562ac0,903d1298-5a90-4e65-815a-e34efeaa0913,PROD-0395,12034.47,2024-12-10,upi,success,3
07134bba-1403-4065-b39b-83ff1c2c5da4,464684be-7106-4232-b176-4b7da57183cd,PROD-0259,1116.17,2024/31/01,upi,suc,3
c98507a4-8e97-4cc5-b0eb-832b82079965,d67f1b81-ce31-4e1b-ac8d-1dd44b91537d,PROD-0201,44256.24,,upi,success,3
dcb325bb-922d-408b-b6aa-c1a3940495fc,9c868a4b-4b76-4a44-b039-cb3366f91e6f,PROD-0304,"1,200",2025-07-10,c@rd,success,4
a52dd12b-ed6e-4876-9ed6-b514cf5bfdec,06f3c43b-cbab-4fa1-9572-088daf76121b,PROD-0297,,2024-07-13,upi,suc,2.0
de0cc5f9-978e-4131-9d33-524e0a8bb91e,a07c6958-392a-46b3-b382-3b2798e0d0a9,PROD-0469,47376.98,2025-12-15T15:18:02.383998,cash,SUCCESS,2.0
564a4f85-7311-49e6-af53-e632eb0d1311,52bc07e6-215d-448f-a119-588c71dfea99,PROD-0464,31790.66,2024-04-22,cash,success,3
19ea45b7-9de3-494e-9c03-3ad51ae87e86,46baf368-f60a-4cb3-bf0a-cd589f91d6b3,PROD-0234, 36512.56,2024-05-30,cd,failed,4
48114101-88a8-421d-8f0e-c1e86ae9fd2d,9d478c12-f8c9-4ffb-a652-85cab3aec3c9,PROD-0148,0,2025-09-24,cash,success,5
a6916321-38ac-4d51-8e71-947ba4d4fb00,43e7a27e-0ad5-407f-8d0e-5df833b9a303,PROD-0152,22240.06,2026-12-31T15:17:59.480929,wallet,REF,4
51a850f4-234f-41b5-96b7-156a823fd91b,f4bac3e8-b5e3-4c9a-8a14-8c50f826a38b,PROD-0374,3091.18,2024-12-17,cash,success,-3
7ce493db-6d81-4489-90bb-b0347d3dc216,fd33d24e-2d4e-4e50-ab14-75c4ccd05d76,PROD-0078,-50,2025-02-22,wallet,success,3
2cf89719-e838-46a8-9d9b-f87b2b8f109d,cf317b1b-3cc9-4038-a4f8-1caaa21dc8ea,PROD-0279,31932.45,2024/31/01,upi,success,3
48f3f399-6051-46a9-b3ed-638735ac77df,6ed4f53a-b26d-465d-a951-4335f920a978,PROD-0323,40157.93,2025-10-26,wallet,success,1
4ce8eae3-c9d3-47ba-bccf-1dbf6359be48,26a8ccb6-61a8-4df1-aaef-5468c7ef21a6,PROD-0474,1601.28,2024-07-18,wall-et,success,2
cfb8b56c-d1ee-4659-9973-fa1f052c75a8,59360087-7448-4498-a65c-a286c1a96e80,PROD-0289,8725.91,2026-05-21T15:18:02.185078,cash,Success,1
0d79d738-054f-44d5-bca5-d1e48794599d,c8ef9fac-3f1e-4e72-9079-e5fff694f769,PROD-0367,29244.32,31-12-2023,wallet,success,2
c26603c5-40b9-4ab2-8514-e3e9a3bcafec,9440f7f1-b8ed-43b2-bfed-2ffd8a8e6c35,PROD-0105,5383.81,2025/01/10 12:00,card,success,2
cc71e1af-8bd8-46ff-9062-2ad527405656,6446cd74-231c-47de-99b1-d00820d37f7c,PROD-0394,47631.42,2024-04-16,upi,success,five
c7d2e4fc-fed2-48f9-908b-2306491e43fb,6ceb438a-8daa-4b50-933b-f4dbb4e428ed,PROD-0497,5821.88,2024-06-24,c@rd,success,4
8125d6a9-9227-4c59-aa12-802be20ef2b0,8d63a126-3671-4e2b-bd9a-a9a4957c5cdf,PROD-0070, 1121.12,,card,success,2
89b24544-dc28-46d4-9189-cec9bcc61932,215aeb05-452b-44a5-a991-d06ee4d35ee2,PROD-0162,16873.12,2024-10-22,card,success,5
8a603bfb-77d2-4bae-b05b-affbe0a25eb1,4dcc1d51-329a-4c66-bc8a-7113a55448ee,PROD-0101,30781.41,2025-04-15,card,REF,4
253cd8ba-dcdc-4fc0-9eb3-fe3aa411762e,2178cc10-3ba1-4ba2-9c77-346d87e56073,PROD-0015,28674.92,2025-06-30,UPI ,fail,1
7f792a8f-79b9-4706-9ec2-4c87ef2ff18c,5d5a2bc7-bd59-451b-ab48-63eb4cd85a19,PROD-0325,22093.16,2024-08-01,cd,success,4
bf611215-7541-45b6-b49d-1e84be287300,c708d1ba-21b8-4b2f-88f9-e621766092e5,PROD-0127,49051.78,2025-01-11,WALLET,refunded ,5
315f6123-52fc-43e9-8566-8969b4ad6655,d2131714-8737-4f5d-bc18-a60a8a6e8a8e,PROD-0026, 44129.79,2025-10-27,wallet,suc,-3
ad9a5ad2-8919-492d-86bf-39d0e8478cdf,20d3dadf-0723-4ef4-8eea-7ebb41e00837,PROD-0337,0,2023-12-10,card,success,4
7b40a1a4-68f5-45c0-ab65-7eadcdec916e,1d6fb5f2-907e-4dce-a836-6f2fee12a596,PROD-0291,30340.15,2026-03-08T15:18:02.561459,card,success,5
b9639c8a-9cb7-4bd6-ae53-4cb6fd5d2a85,ad308d63-6d12-496f-b51a-9bc6f233d569,PROD-0130,40395.74,2024-07-16,upi,suc,4
e6b809ac-2c31-4a9d-9b0a-976d833fcd6b,c51aeea9-c78c-46bc-bdaa-46d3cd9953da,PROD-0162,35088.35,2025-09-10,c@rd,success,2
cac8d08c-40ab-4e1a-a6cc-21cf7e540b36,059b12e8-a7de-4a05-bb5a-f982072cecc6,PROD-0406, 19742.88,2025-12-22T15:18:00.334161,cash,success,3
fdfbde0b-0fa4-4d5d-b859-425edaf9f1e8,c8f6ac15-175d-447b-a3c8-0276774bf4ce,PROD-0255,46706.12,2024/31/01,card,REF,4
ae7c116c-b487-4e31-b3e4-d54e742f9f12,77cb31b8-2a64-4d6b-a6b8-980eddabbf37,PROD-0025,34369.13,2025-04-04,WALLET,suc, 
e6b2b796-26ba-4f83-938e-7b1ecd19ef67,dc456087-38f8-4a5c-9d98-85d7765e13e8,PROD-0492,35173.61,2025-03-08,card,success,0
d920f89d-0113-4564-84fb-2e808c932259,df2bbc5b-712e-4f2d-85d3-005b60c48c78,PROD-0261,0,2026-06-01T15:18:02.784045,wallet,REF,1
b7594437-06bc-4c30-8b2e-819f6d512e22,b98f8dca-593f-4b2f-8fe6-2d48ca8652d5,PROD-0273,7553.15,2026-12-02T15:18:01.452564,CRAD,success,4
fc7740aa-c61f-4aaa-beba-82d591244d57,42c7e87a-5d6a-41dc-b500-f6557fe68b1b,PROD-0139,42354.88,2024-04-25,upi,Success,0
e8e3092d-c016-4811-9204-edaa8abbf7db,77267b0d-6daf-4c84-ad64-9e005845ff44,PROD-0308,0,2025-05-30,card,REF,5
a0d3891d-40de-419e-9968-e21ea289b65c,65aac83f-f2dd-4899-bf00-8364b647fe2e,PROD-0137,30847.86,2023-12-28,cash,refunded ,-3
09ded820-9dea-42f6-86a9-82a22ff800b4,2a36c150-1c36-4ad4-8797-cc490bf92b65,PROD-0028,25095.72,2025-04-22,cash, FAILED,3
2ffb55fb-fc3d-4951-aa8b-d40b7fa3b3f8,131ba1de-b754-487d-a0f8-c2844d6b5a5e,PROD-0369,"1,200",2024-07-28,cash,success,1
358610d9-ef77-4e39-a439-0e8fa0392f20,18fe9d71-7948-4e92-9661-34045198e37b,PROD-0069,38499.72,2025-04-04,cd,REF,1
f3c54e63-5bf9-4d5b-ac80-190a36e26757,e1cf9a3e-ee68-47a7-a87d-5c2fb1648e6a,PROD-0281,3406.29,2026-12-05T15:17:59.463886, upi,fail,1
a6a0c04e-0785-4b6f-bf56-e5783ede6720,3e2ea5ec-a472-404e-bfaa-1e1486e54f67,PROD-0386,4465.93,2025-03-17,wallet,Success,3
5cd9f77b-d3e2-441d-acc0-92f780523245,512a9dd4-aaad-4588-9466-ebc4feddd55e,PROD-0180,48821.48,2024-12-25,upi,fail,5
3e5e8a0f-4eb6-4e1a-82db-eb457a024ab4,d7aaaf94-3e93-4e6b-9bae-c2705b7b0c99,PROD-0313,,2025-11-16,cd,success,2
358512f0-0ddf-4ce6-b0da-4c6e58fe4a85,5edd4031-23fe-4f08-8f92-f07aa533964d,PROD-0041,-50,2023-12-17,card,success,4
652fba4e-e18c-45fd-889f-ed26f7cf2466,0734a1cc-87d7-4c4e-bc70-2ea0deb61cde,PROD-0034,10310.29,2024-10-27,wallet,success,2
dd15c3d8-8944-4f4e-8d10-355434480248,86012e49-ee0d-4a66-89f8-c3b2f725eaed,PROD-0361,18199.78,2024-04-07,wallet,success,3
6cb3899d-738f-4e68-af1a-826168de77f8,daeb3a3a-def0-423e-8a26-223ed18a5ccd,PROD-0060,6182.76,2024-11-04,card,success, 
3b37d187-3689-47a1-bf63-eedcb7f9cf81,151df022-0fc9-44a0-96c9-9ececf7e44ba,PROD-0121,2301.31,2025-04-18,wall-et,success,4
31b2d866-f1ab-43f6-a78a-cc4956e55600,2a9971c0-415d-4ad4-80b4-6ab744f56bdf,PROD-0473,3143.63,2024-08-22,wall-et,success,0
2f935983-6926-4ffb-ab3c-4356ea2cf60d,28fd9981-98ae-4b07-bf21-63d6c400a078,PROD-0234,,2025-03-28,card,success,4
003a2924-d866-4445-ab42-bc7db994e9e9,0c6bd2d1-b547-4918-a99d-c66d3d3c7ae6,PROD-0142,36288.05,2024-07-12,upi,success,1
e12e4cf4-8f55-46d0-9ec2-5424923f9e00,5a012c2a-5679-4590-9e41-79ce1630155d,PROD-0026,17790.62,2025-10-08,upi,success,2
955c540a-053d-4fe2-878a-b304ff936062,3c86a0c7-4547-4ffd-b7c9-ef45f31094e7,PROD-0261,41236.81,2024-02-14,wallet,fail,4
ee80b2a2-6c46-4ee4-a5fa-67fbfbbbbbe1,44886ffe-7d5e-4241-8937-e76703c5a753,PROD-0428, 49350.6,2025/01/10 12:00,card,success,1
654ce9e4-3ec3-4467-a45d-ee50ff594c4b,fe3e6929-9e22-4a3d-bada-d86743e6b60a,PROD-0092, 11447.55,2024-02-03,wallet,success,0
e5ede125-9013-4da9-8201-2a14b2306322,a3976143-5be1-4775-89b6-696197f96dec,PROD-0193,31404.18,2025-09-10,card,success,1
8e23c16b-60b5-4030-aaf4-d05b2af2efe4,0964e39c-5313-488d-8ebb-612c71aa20db,PROD-0316,43051.3,2026-11-13T15:18:00.181562,card,success,five
8325115f-6e79-49c2-b188-e1d98d5d7a3a,bc44dbb8-ad1c-47f0-8cac-81c135533b60,PROD-0264,1687.85,,wallet,failed,5
824b63ed-4a9e-4b3a-93eb-37d79d406441,73becdd5-14f3-4f36-8abf-f276571a45ae,PROD-0459,42331.11,2024-10-23,card,fail,3
fbe4de31-34ed-46ce-9444-83a3b51f69de,91e51dfd-c3d4-4ba3-9be6-61e74e28bc65,PROD-0482,31496.42,2025-02-17,card,suc,0
4b032867-a218-4e9a-8a4c-c7909dc1b5de,3b276139-c95c-462f-9ee7-f987dfd86296,PROD-0126,25263.38 ,2025-10-29,UPI ,success,4
5d1e14fd-6f2f-4104-a5fa-31c21f4b6458,d0a0ca1c-c8c5-41e1-97da-ecb9168362b8,PROD-0214,16374.29,2024-08-19,upi,success,4
7233926b-55ce-40a1-be7c-9fb3f906af20,d28baa5a-54d0-4419-8a2e-49d137f5980c,PROD-0296,9897.78,2025-01-15,card,success,2
e783b4e6-7af2-4db7-9aad-d95a3278f6db,dd4d469f-61f6-44be-a7c8-e984c047fb7a,PROD-0279,34623.4,2026-11-17T15:18:03.254883,card,success,4
9a6c8b05-6758-4a8b-aa77-87da0a9335a9,df46a00f-958a-4128-a557-03d63bf02519,PROD-0276,"1,200",2025-03-14,cash,refunded,2.0
b0e8106c-0cba-40dc-a2c2-6df39de922d8,bf4cdb5b-c880-4f95-a93d-530e2fa354b4,PROD-0211,22541.24,2024-01-01,WALLET,success,3
3760375d-3c70-4707-bb08-c253f89b2438,2315b30f-ec4c-499f-b7e6-a12299f5729e,PROD-0236,31437.41,2025-04-27,wallet,success,2
b0cf2f30-74e0-4df6-b5bc-a6771fc30b3e,a9a0c462-0174-4dbf-a083-91cd119c695e,PROD-0231,1664.24,2025-08-16,card,suc,5
d41e78ae-94f6-40c1-b7cc-f1e02d3d54bc,eb35dacc-105c-4830-974a-27878e546d81,PROD-0212,21050.44,2026-09-13T15:17:59.930298,wallet,refunded,1
8e5fc7ac-3c63-4f2d-a06d-ba43dd250d05,117b8630-2158-45e0-8094-d266db2d7af9,PROD-0128,1957.6,2024-11-10,wallet,refunded,five
b55fa0cf-bc3f-4ae2-902b-fc3784be58d8,c0785142-ebf4-41c8-815e-621c2c7035d5,PROD-0213,6367.87,2025-01-13,wallet,Success,4
885586bd-baa1-40d4-93ef-84dc6f027b42,7fb80787-77b0-4e16-a382-bce9e536abe2,PROD-0103,713319.14,2024-04-22,card,success,4
98f710b5-99e7-44ab-a271-dd8f8f7dd585,f8bb9cc5-96a5-4836-b2e3-dff6a6ce0818,PROD-0073,415260.42,2024-10-13,card,success,5
c50f571b-4e4f-45ae-b511-876d68f7f369,053d23e9-a32a-426e-8d90-cc3ce2d72630,PROD-0384,,2024-02-23,cash,success,2.0
3fad6b81-4fb9-4368-96cd-e707d4d16a67,e596a701-5e76-4a64-aaa8-e9acf7001c4c,PROD-0295,49658.7,2024/31/01,wallet,success,2
19994d0f-44ed-4473-b1f0-30c73a9e752e,8148cbf0-fe85-4fd0-bce1-c0025144b7a4,PROD-0149,17118.66,2025-11-01,card,success,2
46b2e384-b02b-4de5-a427-8a37e33f0b4d,d6089299-4b10-422f-be71-ae8e90608e2f,PROD-0433,47159.93,2025/01/10 12:00,upi,success,five
aa562b56-d8ff-45e3-856f-a90f5ea06511,c6f33813-d595-4b72-b484-fb1bd09d3d34,PROD-0345,,2024-08-16,WALLET,success,1
0029fffa-c482-46a8-a386-15902665fa37,f81feabd-5389-4d0a-b50f-072f918f8c3a,PROD-0299,42971.08,2025-04-22,card,success,4
ea75c694-4e5a-4d44-87e2-6c377d43a271,1b93a24b-ae21-4a3b-9f48-f2d0619db35f,PROD-0472,47605.72,2025-03-03,cash,success,4
0a97ee95-d7fa-489f-b53a-ff57e723f05c,a76c1818-cd0e-43ea-87ac-a4ee34c8a884,PROD-0274,28159.62,31-12-2023,wall-et,Success,2
3167426d-1ceb-455c-89fc-479fc65bb83a,eeb57e33-87e6-40c7-9093-834613175b03,PROD-0488,11044.49,2025-01-22,UPI ,success,2
e4ef4f83-43df-4f9d-855c-909faed6f3a0,c9041f28-bbb4-4271-b08d-49365235df2d,PROD-0307,,2024-04-28,c@rd,success,-3
782a8d3d-06cf-477a-b1a7-effdec041d47,d5f7a16b-7081-4879-ba6b-3515dbb36168,PROD-0146,34781.24,, upi,REF,2
0d9671ff-378c-4b4a-8c9e-d375251296a3,f1480e15-2a82-4440-bc43-4160ca15e75c,PROD-0194,6791.74,2025-01-08,upi,success,3
de2d8c0b-34ff-4675-aa13-84dc1e3803de,1e5e620b-b4af-4900-9ee1-451eb819f7cf,PROD-0321,370603.33,31-12-2023,wall-et,success,2
7fad3b09-b6d4-4322-9ee2-d39af62adb3f,d7054421-bb17-4f66-aab0-0bdb943064b5,PROD-0104,-50,2024-10-05,wallet,failed,1
60c3eb18-4060-4593-9510-3e54e2568b07,ae8be68c-e8b6-42a3-861b-005953997add,PROD-0177,"1,200",2024-02-10,cd,success, 
a66b8687-798f-40ea-81bb-4fb7fbe8fae6,0a7ac4e7-bdae-4c24-aeb0-db5584c43fe5,PROD-0472,26681.28,,card,SUCCESS,2.0
a3838b3a-6e79-4c78-b2b3-f16ef3174459,b1abf2c6-eb91-4996-8a61-cd6486211045,PROD-0160,0,2025-05-26,wallet,success,3
2805c017-9a07-4a30-9964-f584aaf82b86,1893eff3-5cae-496a-96e6-ee66dbaa453a,PROD-0019,508956.82,2025-01-04,card,success,3
50ddb746-029b-4649-8513-0f2736b33f86,60f8858c-d1d0-4a79-bf71-d14a8f450722,PROD-0311,49358.12 ,2024-03-09,wallet,failed,2
aedfa0c3-b52c-4b20-a36c-c60ded241de2,e39910ee-8dcd-498d-bff3-43e43ddf1ae9,PROD-0059,,2025-04-11,cash,success,0
01070f55-94af-49ab-b657-b00115f7b9ed,147b797e-42a2-4d57-a1c5-753c370fa883,PROD-0391,24015.49,2025-09-27,card,SUCCESS,five
cf5f972d-5a67-458c-a8d6-cf9adfbd32b3,b26173bf-9060-4196-bf50-76177d9381aa,PROD-0373,"1,200",2024/31/01,cash,success,0
eb575301-2edc-47a8-b532-652f1d4f50c6,fb4390a3-a054-4705-bcad-dcac301dcdd6,PROD-0228,23551.74 ,2025-04-14,upi,fail,4
4dd27526-ae99-41e6-98e1-cf5d61d50957,8692c700-4c1d-4f17-8774-0e72d1dc5952,PROD-0217,138.01,2025-04-16,wallet,success,3
abf1382a-f8b0-4f09-aeef-c85236756e51,437b01cc-4802-4b15-bf66-1402b8f8d3d7,PROD-0120,,2024-08-15,CRAD,failed,0
0141759a-8b24-4bda-8e8e-9b8e0ab17a91,057bc381-3c5a-4ff0-a5ec-386f56bde8ec,PROD-0451,40271.11,2025-06-18,card,refunded,2
4c90c02d-078d-48fe-8942-fb8e7f822751,25f857a7-4f6e-4599-bf1e-3b08c8c1384f,PROD-0217,37175.84,2025-09-10,cash,success,2
c4858ef1-7d3f-4e72-9a33-82b17593cf9e,50d46134-cc89-4a89-b4fc-f5f299317ad4,PROD-0360,27904.73,2025-03-23,upi,success,3
5c3fd545-6b7b-4096-9186-ff02fc1685cc,a50ebdb8-021c-4fb2-aa6f-75e71d67bb06,PROD-0250,49712.84,2024-12-11,wallet,success,2
67ba1f43-20fe-42bf-9381-c4ec41ad51a6,200011d7-7fe6-493d-b27b-8a9c098130e6,PROD-0412,21636.27,2024-06-23,WALLET,refunded ,4
9dd29b60-d5b7-40ca-a73b-13a948483585,1cb80511-9c46-4156-9f43-1a4df28ef197,PROD-0403,-50,2025-09-21,upi,success,5
7eb5134b-8d39-4edb-890d-90dcf04f48a8,0c827bc2-4dc6-4c9d-99d6-86d32a74324c,PROD-0276,43825.33,,card,Success,5
675429fd-9164-4dd7-863b-d4a02980fb8d,7009a94f-5093-41e0-b1a6-c7ea726dc47e,PROD-0355,3707.2,2025-07-23,wallet,success,5
fc8b1ee4-1dca-4d00-aac7-62f6901df3c4,e3d8a890-7e96-461c-8d3f-7e311b925c66,PROD-0262,5790.4,2024-01-31,UPI , FAILED,1
ee730a4d-ae48-42b2-87bc-2b50b21dc99e,439f5630-b5cf-4ddf-8a2d-af9075316aa7,PROD-0212,,2024-01-21,wallet,success, 
92cf9dd9-1a72-4de0-94cd-c1b65a23f7c0,3b9d0386-e613-4213-b031-cc3e553d5b8a,PROD-0157,23978.77,2025-11-10,card,refunded,3
b1451cf0-2fe4-498f-87b8-ec7370b5de41,8771a10e-f7f6-45e2-9a08-6dac9e2533f7,PROD-0119,46334.87,2025-03-15,WALLET,success,2
983cf763-aeba-4ff1-a03c-03b8bc0af262,361df456-6bbc-4c24-b3c3-180ba8fda2f2,PROD-0239,0,2024-11-17,cash,success,3
a77493c5-8a98-4329-a96d-8ac34d515e6a,5f1acf7d-de72-45f6-9469-c91508e707aa,PROD-0260,-50,2025-07-31,cash,success,1
b6bbc5ab-3c70-4503-bbc3-6b1947240d54,ac159831-1fb6-4250-b65c-09edaff65bb0,PROD-0241,24609.63,2025-03-21,cash,success,0
085f7438-63c8-4029-847b-738d823897bd,316de760-a45d-45aa-92c6-b37619aecfdc,PROD-0114,27326.03,2025-10-17,wallet,success,-3
20b03f24-2643-417a-aa24-2d05c3e38f2d,f33d5c78-b879-4ffa-a71a-cba6e9606a5a,PROD-0138,"1,200",2023-12-11,upi,success,2.0
4c5eecbf-eb85-48f1-ae2d-4f48774e5831,1371a9bc-007f-419d-ae39-45ddba74de45,PROD-0472,6273.02,2024-09-02,cash,success,five
291c68cc-90b6-4a2d-a68a-cb4f0e91ee82,c015efd3-9139-4db4-8518-a07eef9241b4,PROD-0111,0,2023-12-31,wallet,success,2
f0ab593f-02ba-4745-820d-cc58e93bc47a,a8cfdfdf-0a56-4432-83e4-656183c7f752,PROD-0203,25296.17,2025-03-07,card,success,0
78dcdd0f-bb93-4e1c-baf7-e75283b19694,70ca8ed9-60ce-487b-860a-fcafb0c392de,PROD-0108,47286.82,2024/31/01,wallet,failed, 
e22a3b96-5103-4b11-a12f-f521d40a7c12,d49a53f9-4402-4f4a-881b-941feaeae960,PROD-0331, 18608.42,2024-05-19,wallet,success,3
e0ce6c97-24ab-4556-afe5-23faecd1dadc,0dbef5c3-bdf6-4e37-a59a-bd38a7538cb0,PROD-0084,"1,200",2024-02-24,upi,suc,5
340e30f3-8ec6-4b6b-a854-654ac2c0080f,666e1799-c560-4c6e-891f-db7d491b1b98,PROD-0130,-50,2025-08-20,wallet,refunded,4
06dfa24f-2bec-4c6e-b49a-a5442b65d434,7098f085-a1c2-4672-9dea-96dec041bda0,PROD-0226,28597.45,2025-05-01,upi,success,-3
b4990167-f5dd-48fa-bbf4-0261c247d4b4,f57ab8ba-5566-4cbb-bae6-e610113fcc6d,PROD-0423,27904.85,2025/01/10 12:00,cash, FAILED,2
29eb3cf5-a032-4bd7-9a9d-ea8a16e1ef27,0aa5f375-b3a6-4e22-b6ba-5545c4cb96d4,PROD-0021,0,2025-05-30,wallet,success,5
697dab16-1678-470a-b381-6becf6e950a9,2cec964b-9e14-48f2-8674-d7455e73f518,PROD-0378,,2025-02-03,cash,success,2
89ac4e9e-7c41-4927-a0e9-2b5066b686a8,e31078a7-c494-43a2-89a3-cfb8c5d9724c,PROD-0053,429375.41,,card,success,4
ee46c343-ab92-482b-b13e-c87789e5d355,de45be4e-4359-4440-907b-39436a0eb1f4,PROD-0300,41346.2,2025-11-17,card,refunded,-3
aac097b8-621c-49ed-a1c1-8319a6196a63,6c187cbf-b34f-43fb-aaea-4faf5bb38ade,PROD-0281,19630.7,2025-02-20,upi,success,2.0
a7c2c511-7de9-4109-930b-6419938048f6,297fd9d6-8fd3-4997-82bd-5c8274aefb33,PROD-0175,-50,2024-01-04,card,success,1
c646806e-524f-4272-b198-9875ca3e1b17,6a63621a-2ea8-46a7-a484-610f3688945d,PROD-0008,42014.88,2024-06-27,card,success,4
5df08b10-b8e2-463d-b393-bf9f404735a0,f593151d-9ecc-4e48-934e-f7e5981de761,PROD-0497,"1,200",2024-12-27,upi,failed,five
e717da8c-5964-4761-8b75-90e2b1779b93,e7e2527b-75d0-42ea-b5e1-7c78e0b8cff6,PROD-0068,9955.17,,upi,success,2
c4591dfd-737b-4a75-b2f0-984357d94a83,3811225a-944e-483d-99d8-e13363ba9bde,PROD-0106,-50,2025-05-09,WALLET,success,0
3d2e34a6-164d-45fe-bedb-d11c10d97861,3328b079-d63d-4cc0-a218-eeaaecb077f9,PROD-0496,410306.99,2025/01/10 12:00,card,success,5
11630a14-655a-443a-a4c1-a484b66742b8,77a1184d-7a43-42cc-ab16-af2767315346,PROD-0172,9060.11,2025-02-25,upi,refunded, 
3d13d1d6-5add-4c42-8cfb-f0abdf9aa90d,90d8f9d9-4439-4655-9260-af6f06ffe6cb,PROD-0326,746336.56,2025-08-31,card,Success,3
3b7ddcd3-c1c5-4c3e-8855-9f4a4d3348df,af54cc0d-bb8e-475b-8701-01354192a042,PROD-0065,34235.04,2024-10-08, upi,success,2
3beb4f1a-26e2-4e92-ad3f-dac728f556d8,297fd9d6-8fd3-4997-82bd-5c8274aefb33,PROD-0479,44403.9,2024-07-31,wallet,success,1
f7b35e8c-ec9f-48d6-9869-a267ba74dc89,06c3080c-0ae0-4032-a59f-a3d733035d96,PROD-0496,-50,2025-02-24,wallet,success,5
5bd3d581-207f-494b-b68d-ce7cdc6ddda2,973803ea-7196-4b4f-b467-2344cdcf7adc,PROD-0161,26299.56,2025-11-30,wallet,refunded, 
6c85bc6c-f7ad-46b7-9ad3-2d2c2e23f16e,21229626-ebec-4c7b-b990-b53f9c3d1af6,PROD-0364,25541.55,2025-03-29,wallet,success,5
dc75d06a-842e-4dc2-a0c2-bc7e74d546dc,d6327e16-9590-4444-aa7b-37bc954bd18a,PROD-0028,42028.67,2023-12-28,upi,success,-3
a8d8aafe-c557-4d50-bfab-568c24e1ec1b,f4ca2854-02f4-4ab5-a50a-6bc985da5997,PROD-0411,46735.22 ,2025-04-30,cash,Success,4
1053a683-21c8-4441-aded-dd7c4e720230,52520ad5-8d5f-4019-abff-3035771f3cdf,PROD-0346,7155.53,,WALLET,success,2.0
97dc6736-f169-4556-94b8-c6673067bf8e,7b56aaca-3865-4766-b307-3f6926c91138,PROD-0409,232825.58,2024/31/01,upi,success,2.0
0b8e83b9-810e-4244-b44d-587eecba3c8d,b87d24d5-694f-4e29-8d06-d7ca7ae28e89,PROD-0421,-50,31-12-2023,wallet,refunded ,1
855f02e6-be63-4eae-9d37-cece88cbb326,0962f56f-36b9-4636-8b75-209b72f40dc9,PROD-0263,13068.66,2025-10-05,card,success,2
11583469-6f06-4dfa-b4d0-38c80f540f78,688aea8d-1e66-44d0-aabf-cc4e6d26497a,PROD-0310,4576.6,31-12-2023,upi,refunded,-3
8d0a432c-f885-4162-a5c5-dc21ebe8d9c5,2d166d98-5e05-446c-8e0e-59b560708220,PROD-0149,30014.0 ,2024-08-25,wallet,refunded,3
4515ed9c-9f8d-462f-8435-261481896adc,d699160f-b52f-49f7-9c43-51ecf6165b3c,PROD-0405,15106.65,2025-06-28,card,success,3
eb88d3a8-42ca-4b8c-af99-ccb8c6e50ebc,1ffa36ec-70cc-4eaa-a434-76a7dbe07ed4,PROD-0308,1389.18,2024-05-16,UPI ,success,1
114b6f5a-f903-4262-8119-8e00f608bb1b,43bbba31-0dd9-41aa-b375-d802cd8eccaf,PROD-0424,26497.53,2024-02-09,wallet,success,3
7c699cba-8e13-46e0-afff-f918ced7d657,bc7e3bcb-5ad8-488d-9bcc-7232973d4a08,PROD-0099,24883.93,2025-01-08,wallet,success,2.0
be8be65a-6972-4651-8873-99b7aa1366c1,42c57335-b280-4834-8cc8-08a4cf9fd51b,PROD-0294,,2025-07-23,cd,fail,1
61fccc21-efe5-47a3-8d4b-9a3220017305,30a98c0b-b54f-4cb0-ad1f-2e7e8a5aa013,PROD-0111,5389.7,2024-06-09,upi,success,5
a526ce7d-78f7-4041-b00a-2fd839d119b0,c892dae0-ad10-4215-8428-be5a4747f9a9,PROD-0147, 18095.33,2026-12-31T15:18:02.274965,cash,success, 
faac8d1e-d6ce-44eb-9e7d-c1db267d6d78,5745323f-e3c1-4801-8267-1482d9a4c53b,PROD-0262,,2024-02-17,card,success,2
1f87e0fb-1ef6-4556-b579-c7102141b726,511541ed-9bb2-4a62-9b53-67628c303bed,PROD-0166,28562.09 ,2025-07-27,upi,success,0
a39faf8e-405d-4862-a7d2-1109131b5033,7d5cbcd3-b352-4055-8222-adecd235d351,PROD-0480,5053.45,2024-07-22,wallet,success,4
697b3bcf-9160-4f4c-8ea3-1ef3ad35a82d,6509d0f8-b3e8-478c-b138-846b50c63e54,PROD-0356,37497.0,2025/01/10 12:00,wallet,success,4
df0f203f-b2cd-4e08-a298-b0df9f60f4d9,0d776a86-1719-4443-bae8-22591e2afa4b,PROD-0347,32989.37,2024-01-25,upi,SUCCESS,1
df9e4ee2-1bc8-4c29-9d3e-9bacbe575b7a,59c6b4ee-cb79-49d5-854d-6e0778be4d15,PROD-0409,8863.78,2024-02-06,UPI ,success,4
fd1addd0-43c7-478d-be52-0c7d082eb0a7,1ec04184-2d0c-47e6-9190-7747d58bd7e9,PROD-0369,33206.07,2025/01/10 12:00,cash,success,2
65fdf67f-3b9c-4f78-8315-dc939c2cec27,b6e25dee-91ea-4a60-b32d-d7a819bba902,PROD-0489,"1,200",2025-09-17,cash,failed,2
8a692f44-1a51-4fa1-9b6b-4f5e0498350b,d06279d4-41dc-4c48-98ee-50e74c018448,PROD-0316,33119.9,2024-07-21,wall-et,success,5
6353f2f0-8e81-4b95-855e-b3cc113fb2bb,53b7b9df-fed4-4286-ab28-54223f7fd785,PROD-0179,14656.04,2025-02-08,upi,success, 
b894bdaa-ba39-43f0-99c3-e23301c0c7ff,d9f3bd64-9916-4f64-9cee-5100f7264c3a,PROD-0478,0,,card,success,5
4607442f-43c2-4b86-b9ed-8f59cf8d34f8,37c1208e-2ea1-457a-b90d-369f872cc69f,PROD-0327,17798.01,2024-08-27,wallet,suc,5
acd0554d-6bd0-4679-b9bc-f119fee527f0,1830093a-c1ad-4baf-ba0f-2d1d60e49ffc,PROD-0361, 40635.82,31-12-2023,WALLET,success,2
33495bd3-f5c9-49c5-9828-f13a9cf927ea,cb280933-be90-4c63-ba1d-c14e94284ac7,PROD-0066,41786.95,2025-05-14,cash,success,3
02cc80e7-a6f7-400e-8a60-a946dba3681e,84827565-5857-42f4-8e27-7ab5a54fbd9a,PROD-0455,12146.58 ,2025/01/10 12:00,wallet,refunded,2
35c7b917-a8fd-487b-bff2-195f6171553e,169a0533-072f-49f5-8e0b-647aba25f2e4,PROD-0148,4972.46,2025-08-27,upi,suc,1
eefc1c96-cf5f-48bf-8ebc-51f6623ecf5c,333a149a-2bd8-4345-b9cd-bb3dded082be,PROD-0380,48246.2,2024-11-01,upi,success,1
a0fb7062-8349-485d-a64b-375551d63be9,b706f810-10aa-4cd7-868f-806252d0a11c,PROD-0021,-50,2025-03-20,card, FAILED,2
7e7cef14-05ab-4df6-8a14-649700cea069,27110b99-d97a-4064-827a-8f17dabbb5c9,PROD-0065,28495.57,2025-07-26,cash,Success,-3
58e279c4-77f5-47e5-9329-782546ef24bb,bc57ceb4-ed41-4dad-83bb-b1d685c00e38,PROD-0125,4386.42,2023-12-17,card,Success,4
168ef420-5395-4ff9-91e4-28fe54cb0b80,16ed4667-e829-433e-890e-c8167c6d01c7,PROD-0404,"1,200",,card,success,2
3b14b347-2257-4583-87be-a279f36e2c2b,c4637563-d6a0-4fe4-960b-99ac46f84727,PROD-0486,7312.16,2024-11-20,cd,success,5
10fe9e4b-33e5-411d-9762-c9c6b8963ca7,0f3ab5e1-4cfb-45f6-8059-fe1e1af3778e,PROD-0149,23373.92 ,2024/31/01,card,refunded,3
5677e642-806f-4713-bf25-76b0960eaf47,f017108d-60d3-4d9a-8e60-cfb90b2e2b13,PROD-0419,30603.88,2024-05-20,cash,success,2
a9c01c4f-ed80-4648-9854-a318752ac9ac,a0dc231c-a8c8-455c-8f1d-2d4cd79d1952,PROD-0224,41409.81,2024-02-02,upi,refunded,3
0bc6e82c-a923-467f-8507-2613b553dc9a,eb933107-bf86-414e-a4e1-91036e9125cf,PROD-0233,4651.19,2026-02-21T15:18:02.980521,upi,fail,-3
c1be1796-b65f-492f-a914-66181a7d545f,f5b4623f-55f0-4aff-8c40-923a180afc8e,PROD-0129,,2025-04-19,card,success, 
5ba90aa7-3905-4b41-9cb3-7c04e404f7b6,8d62bb3c-5e59-4a3e-99ea-9cc841a06774,PROD-0446,37897.34,2024-08-18, upi,success,1
a3eb7a5b-33be-4a84-b21c-7d5a3b38e48d,8a4e9d61-dd78-4d8c-8ea1-eb608458ba64,PROD-0190,31660.9,2025/01/10 12:00,UPI ,success,0
3dac6862-ac7d-48e5-b6a6-b5873b83c416,3f30b786-4246-4f1f-92e2-47d5c8b4fe17,PROD-0450,48234.15,2024-09-29,CRAD,fail,4
14e9077f-7b2c-4611-bef2-3f9baa582dd2,cf9233c4-03f1-4549-8fe9-8dbd0d6b7ccf,PROD-0208,9473.14,2024-09-03,card,refunded,1
6b9a6844-d101-4634-a07d-b9ef0be50a6e,87dc2d24-f4b8-4942-8990-47471664bc49,PROD-0113,7432.59,2026-09-03T15:18:00.851218,cash,SUCCESS,2.0
2c265ced-be60-4362-876a-d4897394a3f6,66ddf371-8690-4222-a869-10a4401e67a3,PROD-0110,10687.78,2024-02-14,cash,failed,3
e874e9c5-42fa-46cd-8ba3-c048352223d3,a02a34e1-37de-4c7e-9a3b-7523d643cd3a,PROD-0159,23885.42,2023-12-27,card,success,five
015d2f67-ef59-474a-8b43-1a295467321b,33ef555b-49cc-464c-89be-fc6de897d9b7,PROD-0285,850381.46,2024/31/01,CRAD,SUCCESS,2
de408eb3-2495-4b6c-953d-5aa9c1822153,06575cd1-1897-4fe0-8279-e27eccd2ea32,PROD-0259,"1,200",2024-03-15,CRAD,success,2
ca13f42a-78a6-44ab-9016-47ac0339af08,ef23835d-89dc-46f3-a753-5432b8ad998d,PROD-0229, 29737.43,2024-11-17,wallet, FAILED,-3
679b6f28-c34b-4ea9-8f34-bb51bd27d252,7b362864-59e5-4f8f-b19a-d27bc73d4c97,PROD-0168,12177.3,2024-09-06,upi,Success,2
8b1d0b87-938a-4f17-aac4-bbb4eefce188,144572db-2967-4c2a-a587-13a776d515df,PROD-0232,21058.45,2026-05-22T15:18:01.515351,card,suc,5
32447c93-044f-4eb1-9841-cf90e60c6b4a,fc58ab47-2541-4461-b089-5cf589439d5b,PROD-0458,25401.02,2025-07-03,upi,success,-3
393276a5-6350-4296-8824-f17261b12733,5d76a02f-34c7-45f3-a3eb-93e16570a76a,PROD-0402,20222.03,31-12-2023,card,success,4
f6639446-aa20-4c27-b9b8-771e0ea0a920,1dc0ff3c-e7a5-448a-bf1e-0728d776bbf4,PROD-0078, 43261.81,2024-02-15,card,success,3
2884ee0f-53f8-4df0-b197-c8a3fe8a06be,2c561b63-c2b0-407c-8229-8cf85c9f5c95,PROD-0368,10679.61,2024-01-19,WALLET,failed,3
fa899ee3-a0c5-446a-af8d-6f1da21dc78a,c2cd64c6-22ed-4c91-9498-ed0385e5395d,PROD-0196,,2024-06-26, upi,refunded,3
60d2de38-1489-4143-a51a-e4671a023916,01f31043-2eb9-4697-a6da-ae82f57c9540,PROD-0220,3388.28,2025-02-16,upi,success,3
c5710ade-76de-4eb3-8d88-f2cfb1a82a06,c4a5b9da-919e-404a-b661-c9aa7536a72b,PROD-0197,38975.95,2024-04-04,card,Success,2
237893c2-7554-40b2-a7d6-b07d69c51d90,ff84e850-02fd-4cb2-a86c-9484658d229c,PROD-0228,3298.75,2023-12-27,wallet,SUCCESS,5
06b049df-a544-402c-bbc4-b217c315e159,78fba175-b7bc-4990-be8c-5b29be4107f7,PROD-0217,485.79,2025-03-27,card,success,5
b7d2aa7c-84cf-4886-8f31-9a35e53ff16e,7d0ca23f-44ca-4308-a906-8ed46a82cd57,PROD-0271,8521.33,2024-08-22,upi,success,1
2d0a310d-9f00-4dc2-b730-3f3ffc4e5644,4ab05669-e987-4384-83eb-8ac1f9d35ca8,PROD-0485,30638.01,2025-02-10,wallet,SUCCESS,0
b8b2cdb5-4de8-46d5-918c-b8280f0c2561,139c8fd3-5607-4dfb-86b4-7fc03edb7617,PROD-0283,2407.48,2025-03-23,wallet,success,2.0
d11c353e-f9c8-4468-8567-92b5d1ededb8,09dad062-9a64-497b-9fcc-f31112b72553,PROD-0367,28004.92,2024-12-20,wallet,SUCCESS,2.0
954a6eac-bfdb-4335-8357-1cd0cae86f6e,ee608153-d642-48e1-a8aa-9c081d325411,PROD-0057,6205.94,2025/01/10 12:00,UPI ,success,0
83ff7be6-47a9-4f5a-964d-a1fe34c6dc0b,65fb9fe9-168f-478a-bb1a-1438efaba580,PROD-0040,43506.03,2024-02-04,wallet,success,1
9b1ae941-ec7e-4cc7-ae11-bc3ea0b3859d,9acb0611-db52-441b-865c-08b3a5b61690,PROD-0468,19779.9,2024-12-27,cash,success,4
564a3337-e161-4e48-b4e3-9cab508253c0,3b1daff0-af17-4f35-986a-d75ec41ae2b4,PROD-0050,21253.47,2025-08-07,wall-et,success, 
e0fd72df-643d-4cc4-8bda-24568642da41,e87c7b1c-1745-4b5c-88c6-53e68004f2aa,PROD-0174,31223.64,2025-07-08,cash,REF,-3
a3198580-fa64-45d8-af22-2e8e40267b1c,fd4f44e0-4c65-4ec2-b9a0-e3e781087b76,PROD-0330,19836.66,2024-11-05,card,success,five
7be4311f-f67c-492e-9895-a4a18c832dec,291bbc73-634d-4cc7-bdde-be3129e57456,PROD-0345,3108.37,2025-05-09,card,Success,2
37b9e6e3-452f-4cfc-b30b-9f88bf318d02,b42e62db-0f76-4a07-b971-9082975dfa7f,PROD-0412,22540.19,2024-09-07,upi,success,five
882db288-d4c3-4a55-b95d-cca8d05e5e26,2f12f162-c7a1-4549-80e2-19391ada0a7f,PROD-0139,0,2025-09-14,cash, FAILED,2
45f9759d-8818-4eb9-9ba5-4c1b85d92f2e,e6e5d614-7b9c-430a-84f8-5a0ac1570c53,PROD-0130,5307.72,2025/01/10 12:00,upi,suc,2
37b2e3de-b513-48b3-925b-0d7a51580837,b1091702-fdaf-4158-9db8-52eca7988e81,PROD-0303,11634.44,2024-10-24,WALLET,success,2
10cf7f54-230f-4d2c-934d-3cdc004b9f57,06e0f4d8-c921-4500-a4f2-d69843573e48,PROD-0474,1070.85,31-12-2023,wallet,refunded ,1
4a9fca39-c409-4de9-9e38-416301925fa9,467991c2-d9e7-4af0-8cd0-7d20f575764d,PROD-0396,38257.25,2024-08-03,cd,success,4
4d18538b-ab82-4f54-854c-38daafd5db95,f27f2d00-1d1a-43c9-bb0c-4e834be5c918,PROD-0183,"1,200",2024-04-30,wallet,SUCCESS,2
532acbff-7d4b-4153-a7c7-571b01049093,9afeebf2-5406-4a1c-9e8e-4151ea2300aa,PROD-0057,37424.17,2025-01-26,upi, FAILED,1
7bdd6518-1a69-42b9-a2c1-3a2dc341ec3e,3f7fe0e0-4586-455a-830c-a5d68a858225,PROD-0185,30991.25 ,31-12-2023,upi,success,4
0983a77f-e8c8-44d8-8c9e-3d54a7def9c8,32c6d776-af43-4a54-b53c-f9e8fb8282cf,PROD-0004,"1,200",2025-04-01,card,success,5
d56b440e-ca4a-4502-a529-591e737d2d91,446b6911-002e-4ad1-853e-b7b23b546484,PROD-0443,23375.04,2025-09-30,card,refunded,five
963e6d03-a151-4d73-b698-33bc644e9087,20e99245-3ff5-4e06-9c4e-cffd41514be4,PROD-0264,0,31-12-2023,card,failed,five
86f554f8-602e-4614-b58b-1ab94d6d4c99,0853e02b-eef7-4ca3-bec9-8ccfd38b6508,PROD-0428,,2025/01/10 12:00,WALLET, FAILED,2.0
c5c8c29b-53f3-459d-9e04-8ce6e5959c37,92550783-0087-4c0a-a5c5-28879fe4ac42,PROD-0106,0,2025/01/10 12:00,upi,success,5
9e44103a-986b-410b-9d90-5745b4d4f0b8,6f21fc6c-5b89-4901-b93c-9ff48839ae2e,PROD-0096,-50,2024-10-26,upi,success,1
0f59dc74-6683-4b1b-be31-42accca8658a,46b8b998-928d-492b-af7d-608acf714405,PROD-0143,20266.51,2024-04-13,wallet,refunded ,0
7ab4dfc3-be24-4a97-8c58-68087b21d668,168bb87e-123a-4fbe-a70e-770b88ae0e59,PROD-0342,"1,200",,card,suc,1
f077bdbc-bff9-4dfd-9ff3-2c4d94e4d41e,573d685f-1f79-4a14-8f58-2aac63ef6622,PROD-0326,37027.13,2024-11-02,card,success,4
d682feb3-124e-422d-aba8-b5e281954274,425b9b48-fae5-4a4d-8aa5-e1232c770b97,PROD-0316,33836.72,2024/31/01,wall-et,success,2.0
db248849-9de3-40b6-9108-54574178ae24,3d710bca-197e-43b9-979d-291698534b8b,PROD-0054,,2024/31/01,cd,success,-3
800fff67-c075-4b46-a2c6-a5ef1676b99e,9ea94acf-ee60-4035-a1b8-1998ad436135,PROD-0317,354555.59,2025-04-24,card,success, 
510c45d5-63e9-4158-b74b-f863940e8b65,00d30bab-c76b-4dcf-93c0-34d4970aa34f,PROD-0370,7174.72,2024-03-20,wallet,success,-3
f316b463-907a-4586-b489-a3ad2361eb72,619801bf-24cb-43d8-a08f-14329c98fadc,PROD-0204,41969.2,2024-09-22,CRAD,refunded ,5
3bc5895a-9ca3-4df1-9a67-820dc796ab5c,2ef4a120-c148-4881-aee2-6619ead8baac,PROD-0052,11288.89,,wallet,refunded,5
876dd73b-308e-4599-94f8-43aca06b559a,8cc396af-61ef-4e02-bd7e-c0fa6727bbe2,PROD-0379,29575.32,2025-05-03,wallet,success, 
ce8589d9-038c-4dee-97a9-eb6dc0254614,2234da97-6815-4042-8033-9c8511c95f1f,PROD-0476,29822.12,31-12-2023,card,refunded,3
d5ecb4a8-0879-4109-8fe4-9e83073b90e6,4cdbb9c0-13ee-4790-a70a-74c394ab1fdd,PROD-0454,14027.33,,upi,success,3
7e9bf393-0eae-4554-b5fd-46db963afb2c,bd4bed07-76ba-4db8-8651-2f6ec4890ba6,PROD-0164,24793.15,2024/31/01,WALLET,refunded,5
47a298a9-c4b6-4686-bc8d-4480b347bd42,393d42eb-3d7e-4071-b837-127d87454d84,PROD-0017,25868.33,2024-09-27,wallet,success,2
81189bff-6f3d-4df1-8731-6b70bfdb3f5d,0e0d1c08-7934-467d-9d69-2518b8b5169d,PROD-0168,38194.02,2024-07-27,wallet,success,3
57b5660e-bfd2-41cc-8374-ca1b5a2e202f,6ea6148f-b509-4a41-a3e6-819d7abbd84d,PROD-0297, 38883.76,2025-02-17,card,refunded ,2.0
362d31c4-c092-4866-b388-1b696f775975,3decef59-2114-4b1e-b5c4-584182a0f430,PROD-0336, 17708.82,2024-07-05,CRAD,failed,3
ee0999d2-4cc9-4ac8-bc86-00ff1f2a9c8a,6a6f26bb-4655-4fd3-af56-57869505c004,PROD-0179,21743.46,2024-06-21,cash,suc,-3
34377c7e-722b-412a-8a65-8a22a0bf13b7,3d339b56-3d13-4144-bc59-21e92c1ddba0,PROD-0242,43587.0,2024-03-23,card,success,five
f0ddb9f1-9f55-4fbe-9f73-7aba79e9f8a9,b97bdaee-4495-44d7-8212-b4b42bb3f4b4,PROD-0453,10825.04,2025/01/10 12:00, upi,failed,five
1f98a46d-e9e7-47d5-8265-c92e451a4610,270b66d8-5642-4597-b065-782048320a67,PROD-0076,17738.7,2024-03-14,upi,success,4
e8e2c98d-4b7e-4939-866c-60578fe0790f,5b62853b-0bc4-47ac-a304-4308c8f29f54,PROD-0028,4824.0,2025-05-26,card,success,2.0
ec4ee507-2af8-4bdf-898d-5309ae834b7d,a1bcca34-aac2-4b7d-9f19-5df2a5b51b1a,PROD-0356,"1,200",2025-05-01,wallet,REF,3
5b939e33-33e0-48a2-8327-55d946d7cc3f,2779928f-1e33-4205-99ee-0f02e135d1f3,PROD-0040,48314.44 ,2025-10-08,card,success,4
3b0f3c02-e26e-428e-acdb-67e767baf52b,87729bd9-ed2a-4fc7-9e72-4d357517cdbb,PROD-0369,,2025-08-21,wallet,failed,2
39c45a94-f3eb-4d61-baba-0ff767e0aeec,f77b9e77-ef14-43b5-a6da-5a5d07ffb46e,PROD-0025,24621.35,2024-06-22,upi,success,3
c1da5c36-092e-4033-9626-af612e90c520,5b7ca6a7-65da-4dbe-8606-f031ddf86617,PROD-0457,4634.99,2026-08-25T15:18:03.037332,WALLET, FAILED,5
6a35a7c7-ae54-4da4-90d8-4f4eb451a3f0,f77a58fc-575c-46e6-a7b8-85bc889dc229,PROD-0084,6935.01,2024-07-31,card,refunded, 
a1a9a7a9-6b24-4361-bffe-de5f176d8c59,f5942f8b-f287-487c-864d-b5bfb8f2ce09,PROD-0064,11425.24,2024-06-13,wallet,success,5
678678cd-3fea-4571-bcf8-4e0f0a0f768b,05c9a44c-3948-45a0-95ff-29bf11cb2711,PROD-0336,28632.52,2024-07-19,card,refunded ,4
f86c5de6-54cb-4cba-87b6-fc81637c6836,a9ed8b24-80a8-4bfe-bb0d-9eafc611c31d,PROD-0125,3856.43,2024-04-11,upi,failed,3
8a9e82a3-9d87-481c-807c-f9d210236fcd,6c8bcfc1-4e01-42ad-8d95-c6ebc5f21645,PROD-0312,44161.95,31-12-2023,UPI ,suc,1
111b1914-2a44-4e17-9337-04cb450a7189,4d1c71b1-e152-4f40-9cf4-c45fa308d61d,PROD-0003,45572.04,2026-09-29T15:18:00.869962,card,success,5
343f9759-442c-4b2c-a4a5-314dceb38773,9926a477-bc7b-4886-9388-ada45709e1c6,PROD-0269,15163.2,2025-04-07,cash,SUCCESS,4
772cb4f2-d466-4d30-bdee-aade9ce4b403,7d3964d4-2927-46b2-b877-4c64c2e6ba1f,PROD-0203,0,2025-02-26,card,success,5
7dce28fd-f688-4d3a-8f95-99982fa653b0,86f9be36-f6f6-470b-8d09-f549b226d0c5,PROD-0141,741404.97,2025-06-29, upi,success,1
5732ddf6-12ba-45fc-a832-9e38f2a36e47,d0a4feaf-95db-4e1b-a662-24a54763da89,PROD-0471,35225.71 ,31-12-2023,cash,success,3
54b1ca08-ae40-4e08-aa75-99dc03891e6c,40c6b5ae-bb5e-4994-ad1e-ea430bb25b62,PROD-0136,0,2026-03-30T15:18:00.055022,UPI ,suc,1
7dfd8d1c-1309-451f-a034-fd87378ef7a2,7855771f-a69a-4720-b0f3-f7fb7975b649,PROD-0302,28439.29,2024-06-23, upi,fail,5
c16fccc7-cf18-412c-89ab-4119cf49fef2,92045018-ff41-43aa-9e05-fa58dc62fbbb,PROD-0011,29057.95,2025/01/10 12:00,wallet,refunded, 
1f3b8742-eb85-4da2-b510-9f295dddeb03,89a571eb-df45-4b58-a4d7-8b5910ad22a4,PROD-0177,3274.76,31-12-2023,WALLET, FAILED,4
35b6fcd4-d773-4e4f-ac77-ed8179c95d51,de6a7b29-d7b9-4211-ad90-426ef11e0050,PROD-0245,7544.27,2025-10-06,card,success,-3
ab89c4ad-069c-4656-a85e-2e0e2f90571a,42789ca5-bb25-4306-8b12-e97440f20bec,PROD-0347,26453.08,2024-01-10,upi,success,five
cd938eed-382b-4b53-8e5f-a3bd7f909259,1c14587d-efb9-4525-8510-991406a27d11,PROD-0045,12092.69,2025-11-06,cash,success,2
7f68058d-c003-4a58-ae3d-b7b74c2b5e1d,2bf08844-f76c-4bf9-8c11-bfae30982514,PROD-0246,13956.86,2024-08-29,cash,success,2
3649f3cd-7b1a-4efd-ae8c-630a04e2267a,01ece1b9-db07-4680-bc21-c04894be31b8,PROD-0285,202400.37,2025-04-11,cash,success,5
7bdedf6b-5af1-45ba-82cf-a9ccaa56d37c,77312f9b-39ba-4dad-b6e0-357cde630a14,PROD-0152,20101.21,31-12-2023,card,success,2
2b2d34f3-6f90-4183-a70f-750c2dcdda54,24e9aac0-889f-4f36-ae47-0fd4d37ade25,PROD-0357,35310.23,2025-07-31,card,success,0
a1e508ef-1ff3-4cfe-be22-b187d4a7f05a,89701242-7fd2-4b76-92d2-1fe1178f91d3,PROD-0109,25364.77,2025-06-01,wallet,success,0
e9ad2d89-29ff-44f1-ab71-b125ece8f02d,ebc027e0-5a18-493d-af6c-75e86604c140,PROD-0450,9918.27,2025/01/10 12:00,wallet,success,2
40aecde1-28f0-46b1-a32f-ac96078db878,751a8167-bd23-4c8c-b29c-23b2e60c9df9,PROD-0304,12328.26,2023-12-09,wallet,success, 
b2f6526d-b0d3-443b-991a-ff222ee963b4,8d1c7c7c-77f2-4a47-ab3f-934b3c55f66c,PROD-0061,679713.65,2024-12-30,cash,success,4
ea79d1db-8605-41a1-b7f8-5e5b06252455,59ec52d6-1e1a-47f6-9008-2d9dd9ca5d97,PROD-0234,-50,2024-01-01,WALLET,fail,5
3a0960db-6c69-4d8c-a6ad-ff487449a0c4,f76b9bdc-daf0-4e79-9daa-b5baaca2c8c1,PROD-0045,778286.97,2025-12-10T15:18:01.712925,wall-et,success,5
82c5359e-bddf-48dd-ac3a-0f0fb5b6dd94,7de4220c-fc51-4945-b0e5-0d5331c1c94d,PROD-0224,20497.73,2025-03-23,card,success,5
542a99f9-9adf-477f-b439-efa54413cdb6,744b0b6d-e6d5-4e54-bbb8-d68e543cd169,PROD-0100,0,2024-07-28,WALLET,REF,1
7c7ea034-0fba-4512-ae25-0185c05a320b,7118ac37-3eb4-443b-a294-655e5c105c30,PROD-0465,48592.38,2024-04-28,wallet,refunded,1
d7266977-98e2-4f6d-9c85-ec21559030ac,0820e8db-76e8-4386-8532-ddcd0f67277c,PROD-0401,20228.38,2024/31/01,card, FAILED,4
5741ef7a-1448-40d8-9edc-58c2b39a4650,f270a708-fc6c-47f0-8b79-367601c26e43,PROD-0297,17676.29,2025-09-03,upi,success,2
899cc773-42bb-461f-b545-8eda80540be2,cad0eb9a-6332-4f02-a242-878853969e15,PROD-0388,30347.2,2025-05-12,wallet,success,3
6e9e5ba1-86c3-4647-830c-4e2df71679db,af444cc7-6aa6-414e-a733-052a77ae7e66,PROD-0059,21214.87 ,2024/31/01,UPI ,success,2
8045b3e9-08bc-4950-b090-e68ba45a9409,f49aadd5-3e71-4f5c-9cc6-dac00c94c41d,PROD-0057,0,31-12-2023,cash,success,0
f0a55e02-5f51-4fb8-981d-db8c5be201fc,c65ef242-6129-43d8-addc-8b4072c4f9cd,PROD-0049,,,upi,success, 
a9d44507-2eb5-4a8b-87dd-fd7931d00ebe,d856f3a5-0210-45fa-8e71-ef7b5e1c57b2,PROD-0217,13498.88,2025-05-11,cd,success,3
8a7bd197-c570-4cc7-bf59-b4bf0455c5a8,44211d22-918e-497e-8b19-5152b5af6a06,PROD-0113,47014.54,2025-05-13,upi,success,3
753dee5d-d244-40aa-b257-32a89b2cc4a2,ab26e882-ddf2-409d-8fdd-bc9c76f90bda,PROD-0422,10326.79,2025-08-17,card,success,2.0
8c990726-3b8e-44ca-bddf-e80ef52cdc69,d9dbd574-e935-4293-a7fc-ec1cf058d93f,PROD-0148,3101.25,2024-07-09,card,success,2
e48b7394-fbbc-4b3f-9030-d414ad5df5ee,29e895f4-ae01-47e6-9121-c5c800098dc0,PROD-0462,40491.21,2024-08-04,card,REF,3
9c4751fc-cc6d-4845-9c3c-086d1826b65c,dd985a61-98a1-4775-89f0-68613ca8cf30,PROD-0215,16548.48,2025-11-20,wall-et,refunded ,5
5ac0fdea-8640-462f-be2d-5ea9a80ddf06,69c746b0-7a21-43bd-85b6-a0de73553d45,PROD-0395,30822.62,2025-02-10,cash,success,2.0
1fabe42d-e6d7-4fe8-bcdb-ae87c648fd1e,d3097e52-9cba-4aa9-baca-2c221f8e3356,PROD-0376,7697.26,2025-11-07,card,success,2
5632d938-9c4e-40c5-9800-5bf6bd156925,87384921-b856-459b-a792-bc797d53c1b1,PROD-0082,13295.48,2024-09-26,cash,success,-3
7badcf85-d149-4f16-b7dc-b916f53dc63a,eed3c5e0-8f48-4e49-98c7-c08670cc75d1,PROD-0257,35151.58,2024-10-20,upi,success,4
723e16c5-21ff-487f-bda5-e2a0132a2523,2d08608f-e5b4-42b2-810d-713704afd205,PROD-0291,454153.42,2024-07-01,upi,success,3
1fce49a0-ed56-412a-9e4c-eaaf8ee2ea4d,4b833c80-feb5-4d09-a5fc-ca76b2f6baa4,PROD-0029,39870.29,2025-11-28,upi,fail,1
3a0c6647-fce4-4d0a-98c9-a9dc89c07151,0cf59297-0b07-47b3-9bf1-24cab6b57988,PROD-0212,3271.65,2025-11-29,cash,SUCCESS, 
1b48cfc6-fe3a-426a-8b6f-55a2c1beb6e2,78086aa3-d5af-4c1a-bd92-9d06ca230268,PROD-0227,-50,,upi,refunded,2.0
8c8e292b-7132-4c5e-88e1-0777a03a3cf6,713e78ef-3570-4e41-b1e8-dcd2c639e0d2,PROD-0022,18813.42,2025-04-20,card,success,1
c3f8be5e-3899-4d05-b112-bd2177e3351a,be78943b-39f1-4c25-8c4f-a2e3915976b3,PROD-0182,,31-12-2023,wallet, FAILED,-3
d8743cc2-008b-43a4-94c2-4057e8d46e9d,ad9742df-bc8e-47bd-9cdd-5e8c1669ea0f,PROD-0239,650668.22,31-12-2023,cash,refunded ,1
5ab3a3ee-3eeb-4e5e-ac0d-fe13526c7926,9ab13fa6-c78d-4c18-91c4-faa044ee9203,PROD-0324,26104.05,2025-03-15,upi,refunded,3
a27ca506-aa90-40fd-8b9d-a4038af0fec9,6405a337-e8ad-4fc8-acc8-6bcb87afa779,PROD-0329,"1,200",2025-04-06,card,success,1
027a94a3-60f0-4991-bc58-c6265b851be2,56e49e70-4ca7-4011-b9cb-ed5b11967db1,PROD-0462,49134.46,2025-03-25,card,fail,1
e18bf2b9-c7e2-4f15-9c6e-7dc75a483cc5,2164d98f-0df4-4d1d-8559-a0aea39b7631,PROD-0412,27871.54,2026-10-30T15:17:59.770412,wallet,suc,4
bd2b28d8-6cd7-4d44-a7b6-ad950dd844dc,bbefdae0-7225-4727-ae3d-a16482e3dda5,PROD-0427,46890.46,2024-06-19,card,suc,5
346a4d17-bebb-4ffa-bedb-5a48bb066aff,91f250d7-3e98-46d9-963c-fc56eca64669,PROD-0211,2693.36,2024-05-02,WALLET,success,5
02029302-f47c-48ae-80e1-f6a8042bfd96,a208b636-1720-4360-bb26-ee65ed12140b,PROD-0196,3836.8,2025-08-07,cd,success,2.0
53bb92de-ff06-4640-a4c9-b67111d39c70,415322a7-18fe-4b2a-94e5-0a71f45b1fe3,PROD-0437,21951.31,2024-08-03,WALLET,success,3
d78964b9-8bd2-45b7-ba71-0551dab13167,582dc26b-8d3b-4725-b48f-6ca3d95c571e,PROD-0431,20075.96,31-12-2023,card,success,1
785b8103-4431-4305-a9b2-8cce4199cbae,16482b8b-08f7-4a12-af1f-2c00111f8374,PROD-0490,48792.54,2025/01/10 12:00,upi,success,3
f9501c6a-30a9-4077-b44e-2406fd42a0d7,b34300b1-d700-49e2-9801-043101b06e4c,PROD-0424,24801.82,31-12-2023,wallet,success,5
e8dc49ee-02be-4153-b294-104251db6e79,0ea94e1f-c3e0-407d-bef6-9c7e62b10ca8,PROD-0474,,2024-09-11,upi,success,1
f5c9f932-5e34-4bd3-86d6-b1bd7885e1f6,0719d74f-4c8d-4242-903f-95ec89c580c3,PROD-0279,0,,wallet,success,5
b810fb1a-4b6d-40c6-b8d5-fe27f8a69989,fd2f80fe-26ea-4250-814e-b3472384d179,PROD-0328,-50,2024-10-29,cash,success,4
08872eb0-2aaf-43c0-bc52-354104396ece,0126f5c7-b2c1-41eb-9610-cd8fe1c8301d,PROD-0009,10752.28,2025/01/10 12:00,c@rd,success,1
e7f91288-12f3-4975-b233-f8a41e39c62f,502eed1a-a071-4a4a-b996-132bf05e7fa7,PROD-0118,24460.23,2024-09-29,wallet,success,2
46924c61-d61c-4d25-8fda-ae78fe659ef2,caf6594b-830c-4fd8-aa76-8eaac1c68c00,PROD-0408,49466.8,31-12-2023,wallet,success,1
f2c89f6f-b1ff-4079-9f0c-86465745604b,a05cefec-d2a9-4cae-a75f-dd9b9b7d956c,PROD-0427,30199.03,2024-10-15,CRAD,success,3
806a3f7e-ae94-4432-a099-1c0314ecf9ca,9bdb32ad-d885-49da-8938-bbedfef04dac,PROD-0475,10853.79,2025-05-10,card,success,0
708f865b-3bc0-4617-8988-05605f64d56c,72bf0b22-4d12-4695-b384-5da41a9de3fd,PROD-0390,,2024-07-08, upi, FAILED,2
d209cfb6-3b81-4cff-8e28-3d3d1c8cb0d2,185e12dd-a26b-47d0-af44-2b211d119a22,PROD-0309,45174.95,2026-09-04T15:18:01.761597, upi,success,1
9e9b6362-35d2-4438-8053-be9bbe6977b4,139cdedc-c811-48ca-b82f-cada2bca3f56,PROD-0080,48835.74,31-12-2023,card,success,-3
84cf355f-ddac-496e-a49c-41c740c71bc0,fc0b40d4-d127-4042-a81c-ec00981e5d9e,PROD-0470,4470.16,2025-11-26,wallet,success,3
b612f1ef-4a67-41fe-90ca-5cf7f9604de5,6b8eb71b-b850-46ec-b71e-bcea468e90cd,PROD-0053,19381.92,2025-03-18,cash,SUCCESS,1
58b5abda-af51-464f-b18c-8968633921d4,f5917e78-0fff-48f4-9a18-4b97800aa376,PROD-0356,"1,200",,upi,failed,1
592e8e88-bb9e-4355-86f4-7da4d1a4c53b,62ed269c-d29b-495e-9bd8-fa3b283f9f17,PROD-0072,541208.07,31-12-2023,cash,success,2.0
c5a292a4-b64c-4662-9600-cc3829e81e5c,cd03490c-7896-493a-844c-e3a3cc708a29,PROD-0334, 5056.56,2025-02-16,card,success,5
58920b42-8dc3-4d60-a935-30a3b86896c0,8cdaf6b3-7359-4b08-8dbf-8f3ee2acbccc,PROD-0300,"1,200",2024-09-06,cash,success,1
1205a828-e916-47ed-84d2-bec0cd51a5e2,6982aadc-f1d2-4f0b-a794-98bc6ee944a4,PROD-0115,-50,2024-05-07,wallet,success,five
7355a23e-618d-4921-8af0-885c73273a90,7def8ac1-f252-4264-af52-5fde414c0f32,PROD-0010,675188.16,2024-12-31,cash,success,2
6c7aa200-01e7-4a78-b747-c3b6dd5fccf0,eabea855-91db-484b-bf5d-49834f2501eb,PROD-0275,16553.09,2025-05-20,card,success,2
d5414f7d-adce-47c5-9c1d-1609fcee3a63,c4fe6858-0951-4c6e-afe8-d432cdd0fdfc,PROD-0013,27343.46,2025-11-29,upi,refunded,2.0
6a70a944-3ab3-4bfa-affe-e3774c43ded6,e1b5ecd1-6a88-4ae4-a1b5-7ef86e1887f6,PROD-0299,17528.89,2025-10-03,upi,success,2
05f60ef4-6eb1-4c92-81ea-b11778d8ea28,96ac0c3e-8002-4b0c-93d8-173dda7712b3,PROD-0131,,2025/01/10 12:00,cash,success,2
db071d7f-3d3b-40be-ba77-a8b1e772d240,3e2ea5ec-a472-404e-bfaa-1e1486e54f67,PROD-0341,31606.1,2024-01-20,c@rd,success,4
35b83acb-8ea6-420e-a85c-026c6532d329,37d71572-5963-4c8a-801d-c671bad7ea08,PROD-0278,38206.77 ,2024-09-20,upi,success,2.0
de587f52-a00d-490a-89fa-f9974c2d69a4,3e70464e-781b-4f93-9ce0-f15e7c7a29aa,PROD-0346,31470.39,,upi,success,3
05ab0a25-1b42-4efd-ba95-9aa167ad0a1d,2481c621-6d9a-4aa2-b858-8424f04e3096,PROD-0072,0,31-12-2023,cash,success,0
5bda2eda-622e-47e6-bcf3-c31e578c2a52,69b2192b-253e-4f30-ad8e-384a472c039d,PROD-0265,38275.77,2025-03-02,wall-et,success,5
7e9fb7a2-b860-4e2a-8ae8-ead8a0af80a6,8d49b05b-59ad-47ad-9549-148e2443ea2c,PROD-0089,,2025-11-15,UPI , FAILED,2.0
e3f6bb30-ae97-4730-b31e-eecc0e6ac974,d12c5d7c-24a9-43a8-934e-3ea6095216f9,PROD-0224,11763.27,2025-04-07,wallet,success,3
38f2b6b3-597b-4478-9057-4655ac857b07,0204daf6-3075-492d-a2b9-bc5b8e264934,PROD-0087,"1,200",2025-09-10,card,success,5
fae504ba-fc1b-416b-ba24-db2255215f25,95b8c27c-b79c-44fc-9e73-48fbbd5bb02b,PROD-0407,31919.73,2025-09-28,cash,success,4
990b77de-7a9a-43c4-a6dc-f260fa36f951,4568d0a7-21a5-48c2-8898-79569d982230,PROD-0272,-50,2025-07-30,c@rd,success,2
ef5c6dd3-db5f-4c64-afd6-e24d2fb80227,d390d52d-7d41-4a84-b263-8debbd09bf02,PROD-0209,2860.21,2025-11-03,upi,SUCCESS,5
abe17fef-9a8f-4dd4-8155-c89704c2a827,4bb07f98-bcd1-4b5e-9e0e-1e922fc168c8,PROD-0241,3029.41,2024/31/01,cash,success,3
db77ec75-6f9f-43d9-b80a-d26b59633af8,0265675e-6409-467c-a466-9f0e34efc829,PROD-0181,10264.08,2024-06-04,cash,success,2
a3d7a244-4b41-4037-bc41-7cccaa3a7808,59545ca1-6c4c-4dbf-8227-182a6fa5d7e6,PROD-0073,19617.66,2024-09-19,wall-et,success,2
89107c51-67f3-494f-9479-1fe21f0da48f,2c94b344-fffd-4b0e-ba7d-a8d26f27a16c,PROD-0354,26458.79,2024/31/01,card, FAILED,5
4d257a3a-09c5-4b18-94c4-b0afbed9ed31,f00c2953-fe05-4c19-b5c0-f73eced0f9eb,PROD-0430,28221.25,2025-11-20,upi,success,1
0ea6883b-fa29-4343-a83e-0f84e8919a56,159118fe-c960-4870-8247-3add228b32c7,PROD-0154,23198.44,2024-09-16,CRAD,success,1
0691bc52-2513-47ce-8806-62a147e80718,193bdcaf-3f0d-4d8b-ab5a-c80c91648330,PROD-0348,46365.81,2024-10-17,card,success,2
dfafd83c-ab5f-4f8b-a23b-8c7f73e113b3,a4e98f21-4c10-4a35-a09b-950b68cb5892,PROD-0062,45123.12,2024/31/01,WALLET,success,3
baa673c9-1fd2-4dfb-8ce1-55aa5de19c0c,85a92eb5-66fc-4e4d-ac4f-3ec511da9981,PROD-0002,17069.54,2026-01-12T15:18:01.539104,card,fail,5
deb4c18f-29ce-4003-8814-e9b4ebdc64f9,b4c8b545-196d-4ca1-9a6f-cea304aeb09b,PROD-0384,37638.1,2025-11-14,cash,success,3
cc3e5e45-b9c2-42da-8021-fa0a832b9aa6,4247a7e2-4ac0-43ea-8780-fa75958cd0a7,PROD-0474,49636.38,2024-06-17,upi,success,1
c3c22daa-b746-4fee-83fb-b839a6cfa84e,109d4f86-9ea9-4848-9095-2b1ae33b84db,PROD-0437,1147.67,2024-05-24,upi,refunded ,3
ed90c7f2-2624-428e-8d04-045da9250b8b,5c841c58-6631-4963-9670-03e88606be2b,PROD-0284,-50,2024-08-12,upi,success,4
80635fd5-ebc8-441b-9881-112c83d8c2e8,84f68af6-4d15-4a96-bc5a-043a3f406b16,PROD-0289,,2025-02-06,cash,success,5
266eb504-ba35-41a2-8ab4-49e9d14f18b6,ab121932-5bd5-4464-9459-707cc207f3c8,PROD-0024,0,2024-11-10,UPI ,success,five
9d726080-5527-47f3-a085-a2b0bad13738,f6076ad0-fdd1-4a18-861f-eeb87335f9b8,PROD-0265,34006.36,2025-10-23,wallet,fail,4
ae4be31a-7dde-41ba-a71a-42870ba87431,44a18617-eebf-4262-9a96-b7ae38d3826c,PROD-0394,0,2024-08-02,cash,success,4
a4df8e39-c92a-45b9-9aea-7aedcf52e88b,ec59d074-7936-4d6d-b600-dde61a744046,PROD-0012,848.86,2025-10-25,wallet,refunded,five
df1146c9-60c4-4b87-8781-6ec967705b61,6d6993ac-1dbc-4036-b67c-3339c91383fd,PROD-0060, 10046.54,2025-04-30,card,success,1
256597c0-13ce-4a9b-b639-494dacbee448,03d1a0f2-e1e7-48cb-8d6a-7fb3f912d8e6,PROD-0099,"1,200",2024-03-08,wallet,success,4
e853109b-d1d1-4a13-ae81-cb1184a0ec40,6af0a31e-2875-4cf0-ae1a-daf4ad1cb274,PROD-0459,14412.44,2025-04-01,upi,refunded ,five
93be3484-635a-45c9-835b-7ae9a154e4eb,8348f071-e67a-4e66-9165-7d5ab9c5f420,PROD-0312,9401.17,2025-07-04,wallet,REF,5
1b29940a-5b30-4e6e-9480-764c8a535a55,0a2ac0e6-6a9b-4a30-91d1-c2da3725cb87,PROD-0203,12544.21,2024/31/01,card,REF,3
b7ceaffe-c74f-4f52-ac77-77208f3e0557,68a507a6-58d1-48ce-88ae-4393db03308f,PROD-0481,24709.92,2024-04-09, upi,success,2
44fb930e-5da8-4b71-bd72-972d9ba001f9,3bc91c50-142d-4d74-bc6d-e93b767e8eee,PROD-0458,28588.93,2026-07-28T15:18:00.307290,upi, FAILED,5
a711290d-ae3d-4fe0-8a2d-b7cd929e1d3f,64c5f888-467b-4a26-bc9c-439cfa303985,PROD-0435,1249.56,2025-09-02,wallet,success,5
50062b1e-35fc-4a3b-a3da-dc3f89882237,89b20d9d-66e4-4adb-a9aa-a6ed3ec1c58a,PROD-0288,,2025/01/10 12:00,UPI ,fail,4
895232ec-f9c3-4dc3-a8c9-c834ae48be68,0934fc48-9666-4681-86eb-b8612ee44836,PROD-0102,,2024-06-14,card,failed,5
065d4e1c-3257-4db3-8f82-e504d2f05f2c,f86e91ab-549b-4a4a-9c4e-42fad11de0c3,PROD-0132,43449.83,31-12-2023,upi,success,0
8b4cefcb-8e52-414c-9ee6-33cd70c0cf95,f00a0817-7f1b-433d-98a4-5a7eb745817d,PROD-0289,6630.89,2025/01/10 12:00,wallet,fail,5
0f592aee-bb4a-4dfd-a1ed-d34482a5998f,fa694104-f77e-4cd9-a3b7-d355e82e1cfb,PROD-0005,34219.61 ,,card,failed,5
9f4bdaae-f253-4a90-9314-dcfd942bdc85,1707e08c-b3a4-4600-90ab-7700c5e8b03c,PROD-0288,43848.58,2024-06-22,cash,refunded,5
ad74ff62-7786-4a16-bef5-b7881dddd219,311534a9-0cda-4704-8059-3d7e9b92e631,PROD-0398,38778.41,2025-07-14,CRAD,fail,3
17e2eba9-c560-4a99-a1d1-8a251db1d006,7dd68c6c-5b3c-4025-909e-8d0cf756acee,PROD-0467,40038.01,2024-07-04,upi,success,4
1b92a874-585b-403f-a29a-25ece3648188,9e2d5fd7-04b6-4e02-aa67-cdf0481471c8,PROD-0147,13914.99,2024-11-17,wallet,REF,2
3de6373f-3b08-40b3-a75f-746ba71d6e00,78b44e34-80b2-47c3-94b0-278a0954578c,PROD-0324,31197.68,2024-02-11,upi,success,4
cd9bb5ec-f422-44c5-b21b-6d620545d8d1,1e1d1045-911d-40fc-ba86-e85ea639c42a,PROD-0400,21249.64,2024-04-08,wallet,suc,-3
6c928e6a-e69d-4aa5-9851-5d824628fe7f,2f7a28ed-02da-405b-8f8b-d8118f1d0702,PROD-0480,37606.97,2025-01-12,card,success,4
a92de909-f354-4a5a-a137-556c3b40c7d1,d821ee4b-425a-4b31-bbeb-f1c14ae6085e,PROD-0467, 27446.43,2024-11-20,upi,success,5
7646c153-a28a-454f-9238-1812e508e741,f3894dd4-de28-4433-8dbb-16aaa5c0aa96,PROD-0037,0,2025-09-29,cash,success,1
57d649df-ce3e-4f23-badd-228b5503624e,bd3e73ad-a21a-4a3d-b2ca-5b683d3ffbcd,PROD-0404,49901.92,2024-12-17,card, FAILED,2
a31280c1-de34-440b-bf67-f71e3032cfeb,13f82917-8a21-4eec-ae56-13cd88809890,PROD-0158,12484.37,2025-10-12,card,SUCCESS,1
e4c74586-a627-4083-be2d-91043682c20d,e09672e5-235d-4af0-b5ff-79bfbd12b608,PROD-0116,32073.01,2025-05-02,wall-et,success,4
a624c454-5d1a-490a-bb6f-9712e0797869,2c55e33c-89f9-48ba-8af3-4722ca70b222,PROD-0283,49283.91,2025-05-22,upi,refunded ,3
3e5d70de-73a1-48c5-8fe9-8688c9eead18,e67de183-806a-427d-b6c1-851ae938e30e,PROD-0252,,2025-09-19,wall-et,refunded,2
58b68006-451a-4bd6-9cc5-990e99b82535,bcb503d5-641d-4c45-a38f-65526f033e05,PROD-0406,34049.64,2025/01/10 12:00,cash,refunded ,4
d8474793-c0b9-4e5d-888d-07298a1c6d08,3e42953f-3737-4d7a-9176-1b9fda2856d9,PROD-0138,47470.46,,cash,REF,0
6feefd68-392a-4cfb-b453-4a01c2fd929e,15abb0e9-1385-45bd-9eb9-f9cb5b5bac5b,PROD-0026,17066.77 ,2024/31/01,wall-et,success,-3
c511cb05-6010-4e24-87ac-b72a5b572d6b,11408fa5-cc83-412b-8b5a-56b102a9580b,PROD-0472, 34655.72,2024-07-23,wallet,suc,0
c8ea622e-007c-45f4-a64d-47b578dca64a,80f7b3a9-a99c-4517-8c2d-65aeeffde0a4,PROD-0293,25697.11,31-12-2023,cash,Success,4
b00896d1-980b-4b01-9aeb-0805b2020da6,ecfb21ad-730e-4b7c-85c8-b1b933b974f2,PROD-0413,688814.8,2024-05-15,card,success,4
559dcad5-7ac9-4dc0-b8df-6306f80a3fb3,a479b282-c60c-4d57-8963-c9d36be7b951,PROD-0058,201064.12,31-12-2023,WALLET,success,1
914286f5-11b3-457a-8717-fac11160116a,abd75a1b-6dd9-4d40-a57c-f0fedbd9c12c,PROD-0156, 37066.68,2024-03-15,upi,success,4
78025946-ddb9-4ebf-b4e9-323cc3557c88,1948a790-eac5-4591-af48-b3434c93543f,PROD-0239,5115.34 ,2026-11-03T15:17:59.937805,CRAD,success,five
0569859a-20ac-40a6-b388-f868923e1ec1,bcba71f5-49ea-40a1-8336-e156d9ddc02d,PROD-0399,23733.1,2025-11-30, upi,success,3
89d5fd2d-150a-4143-8465-662ff2b91ce9,2a205e6f-c46c-49d9-8f75-8cb2ff9c3178,PROD-0148,28117.02,2025-03-27,cash,success,3
2329e443-c223-4852-94da-c3d39ae7d6df,347954d3-6ab1-42c9-a049-abb95cc43d83,PROD-0158,12139.22,2025-02-24,card,success,-3
1247f133-7418-489f-b798-abfc97ccde77,a45e618c-fa65-4bfd-8e65-6f7d6b6a7f77,PROD-0487,0,2026-06-17T15:18:03.003078,wallet,success,five
22185879-badb-4a04-9f2d-528596f639e4,1445c7af-d115-4b2b-807f-3151c5c93234,PROD-0117,38559.04,2024-04-28,cash,success,0
f449cd3e-6e44-4725-9be2-7b2394cfdaea,0d65d788-a1bd-4d47-b3c1-edfb0f196142,PROD-0161,49314.79,2024-03-30,wallet,success,2
503700fb-7292-47c0-be5f-7e1364bfeb40,586ec492-8df2-4543-a681-120a5f40bbf2,PROD-0004,44908.87,2025-09-20,wall-et,success,2
6170e4f6-722c-4a8b-a0dd-59624f394de9,170071c1-f77b-4210-8314-6b34948ff62f,PROD-0447,34580.42,2025-10-08, upi,success,4
bd94d34b-8887-4650-a5a0-50b8e95b78e2,b7f6f0a8-2503-4920-9aa3-38c848ff2c3e,PROD-0142,"1,200",2024-07-14,upi, FAILED,5
b0b84fda-531c-48c0-b9c5-3b6a80313940,f965b4be-13e0-4a21-9e35-f91c2d3fe524,PROD-0015,49667.19,2024/31/01,CRAD,success,3
578633c5-1d0f-4112-b47b-a032d5b707b1,9583b1bd-5893-4d63-921e-0517ae43532d,PROD-0065,16079.97,2025-10-12,c@rd,refunded ,2
e70bcb93-2f46-4da7-9bd1-30fac1247e02,53bb20e4-354e-487c-a9d4-e34ca1e883b1,PROD-0118,740.15,2024-07-16,wall-et,success,1
8c9977d5-8d5a-4f9b-96d8-10e879eb838b,24e9aac0-889f-4f36-ae47-0fd4d37ade25,PROD-0370,1292.83,2024-04-21,wallet,SUCCESS,1
79d98460-2ce7-4f98-807f-1c712c148a6b,352abd56-a948-4c2d-9011-f21f438dadd6,PROD-0034,0,2025/01/10 12:00,c@rd,success, 
cfc33d5d-2baa-491d-a155-e14f82e9e110,bd6b31cf-7274-4a58-bc85-d4753b9d3514,PROD-0020,8867.85,2025-01-24,upi,success,4
0f8053a4-b8b5-4160-b306-26bc526b631d,bb85ab3f-733c-4d08-a875-9ce3cd784d8d,PROD-0469,38812.5,2024-11-05,WALLET,success,1
207684c4-0f8c-4dea-8d87-96480853eece,c8771479-c058-4eb9-be51-9abb697fb49e,PROD-0482,32362.12,2025-07-26,cash,success,1
0456b0fe-5e25-4092-9323-ce5c3a4966ee,4861e74e-abfe-4ab8-95b0-3694f0510d55,PROD-0314,5791.7,2024/31/01,c@rd,success,1
c5889816-9963-478c-a431-45eebd5b2af0,dc3fcf72-58ba-4442-9f62-b78fe92b4e6a,PROD-0017,21791.9,2024-01-12,cash,success,2
9f4590ab-6523-4d78-9aba-f1ceb2bae7ed,c36f0cc1-99f7-40af-bc83-be049bbc1dc6,PROD-0198,622.69,2024-06-07,c@rd, FAILED,1
aeaea203-f003-4547-af12-7cfb94b7ef84,e49b2932-ed60-46ca-9668-53db4342b950,PROD-0038,2572.03,,cash,success,4
f39c389f-c070-4355-b700-89e09d7be537,84609b8e-745c-4ae6-9025-16d65cd51cb4,PROD-0150,5897.02,2025-02-24,wallet,success,1
6a89b3d9-5293-4956-b703-8f5eea95cd13,efcad984-ba86-4913-b163-1f3af3370636,PROD-0047,13557.05,2025-07-19,wallet,success,3
5e722be9-33a6-40d7-a2f6-611620e77294,6b7dbe7a-a7f5-4144-a4f9-4fc0a21964b3,PROD-0410,0,2025/01/10 12:00,card,refunded,4
34e71650-ddeb-4832-aa9e-92a012037116,02f33e41-4e23-4937-9196-b83f79c72488,PROD-0048,"1,200",2024-10-01,WALLET,refunded, 
996341f5-1ab3-454d-9143-ede5936b7a12,635116ce-abe2-409e-8f01-90f33d16cd28,PROD-0184, 46415.89,2025/01/10 12:00,cash,success,3
73661d3c-f123-4ef1-80c7-c4028991e57a,b15cdb30-12a4-4a2f-ba2c-d38b99edb560,PROD-0394,41543.55,2024/31/01,card,success,3
aecc7981-f5a0-4e49-b89e-56f70d8d311d,adae5ba1-29e7-4c78-81dd-6e7fff85d21e,PROD-0057,46531.18,2024-04-04,cd,success,2
b9a86987-0165-4802-b8bc-7b654621c2cd,08301709-5fba-45c9-b316-13594e8a7e7e,PROD-0117,13851.95,2025-03-18,cash,success,3
19867849-f404-4d79-b8ea-b50efcd8af35,96427e75-225d-45b6-b22f-e8d6c0670636,PROD-0387,3645.62,2025-09-29,cash,SUCCESS,4
fb9d0473-59d8-467f-bb42-d222d3ca47fb,f4dfda84-0241-4445-a1ca-b85ce475aa94,PROD-0469, 31917.92,2024-01-14,upi,success,3
452a0338-c139-4589-befc-e0434be5e982,f0f061ca-c862-4c96-88ea-b0dfc0cde444,PROD-0260,18618.08,2024-03-01,card,refunded ,4
c7c49ba9-b972-4bbb-a386-d03154d9e21d,28de07ea-e202-4c72-af58-85ae51bf995c,PROD-0145,8594.68,2024-02-16,cash,SUCCESS,1
442d0a45-0089-4e31-916a-2296fcdb2387,4e8ccf94-feec-49c7-85e4-18a9589f6563,PROD-0400,35031.49,2024-03-25,upi,success,1
473696c5-e78a-43a3-93ce-889c4b6ea67b,e2a3eeaf-39e6-4fa3-96e8-3af5aff69753,PROD-0019,4065.54,2024/31/01,upi,success,2.0
1dcec9b1-97e4-4989-ba7c-c9ef172262a1,2f140c97-768a-4962-834c-a1e1589aa4f1,PROD-0162,10194.55,2024-03-08,wallet,Success,3
0f476954-defa-4180-905b-24c5b5bd3ac1,f256106f-0919-4051-b7f6-48a5e3f05e03,PROD-0076,22109.88,2024-12-02,card,success,5
eb664923-a726-41cf-951d-522e8f159306,2940fb28-9da7-4c6b-b60a-5ef6413d99f1,PROD-0226,391472.91,2026-04-16T15:18:01.289728,card,success,5
9ea65867-16ff-42a7-a4ec-88d709a90724,9daccfdb-e7bd-4940-b4a6-cb4bd9d58760,PROD-0207,14236.31,2025-10-05,cash,success,5
72edd4df-331e-4380-9f95-dd7363a6f124,ff4d6403-da4d-4aa6-8a7e-45bbe3fabe17,PROD-0216,20568.71,2024-02-22,card,success,five
f1561add-d2c5-482c-bb48-54660d8f7d5b,ef3e5640-4603-4dc1-baa4-530eb0820120,PROD-0131,16766.85,2025-10-14,cash,REF,3
171ef266-4d8f-41a6-ae5a-f696fdd06b62,c18efd14-a655-4f47-bf8d-813c23e2b342,PROD-0424,12290.39,2025-02-11,card,success,5
8c661c54-4c82-4ea2-85ea-44577ee7613f,bf993354-982d-40a9-a0b8-bb7f66f6b167,PROD-0444,"1,200",2023-12-19,card,success,5
048cfb93-0229-4037-b7be-35897b81ba49,c4ee7730-20b7-4b21-ad3a-ab3835b8b760,PROD-0367,37404.06,2024-02-04,cash,success,2
322d4046-7055-43d1-969c-8467c10eb7e7,03d1a0f2-e1e7-48cb-8d6a-7fb3f912d8e6,PROD-0278,657296.42,2025-07-30,wallet,fail,1
0089d2b2-0421-4d83-8cdf-72bc8a6e1630,b41bbbd0-655f-4849-8a30-8e8c1269197c,PROD-0264,30772.21,2024-05-11,card,Success,five
40790469-9479-41c5-8f10-03972bce996d,fc126134-9e3d-49fc-9e53-53408e715772,PROD-0262,25122.79,2024/31/01,wallet,SUCCESS,2
90890540-2e2a-45dd-a4e4-33d073d6bfef,f7a1cca6-1234-47de-aec6-19ea8bd9f99b,PROD-0171,23260.34,2026-10-04T15:18:00.534049,UPI ,success,2.0
6d08d5b2-ff19-47b5-bfc2-10c291c4179d,9d781803-bf91-4c34-be7a-e54360c7dba8,PROD-0470,49951.56,2024-09-22,upi,success,2.0
098b7aca-4268-4be5-8793-9fa82675cfd4,d3f382cc-b5ae-417f-80cf-73ee38dacc5f,PROD-0296,0,2024-06-19,wallet,success,5
2f8dbd40-2e76-46eb-9536-a17a0a513622,72ff32ae-065e-4181-ab53-a3f5517dec85,PROD-0242,41029.91,,wall-et,success,2
38da4be2-be94-4a0e-a784-2b31ebb03e78,e7d804b2-23a3-4ba3-9a35-a12d8845f300,PROD-0450,476324.02,2025-11-06,cd,SUCCESS,4
b0d80a77-1af7-405c-a800-c927823d58ed,70383e18-c7f3-4e79-a3d1-9cdb58fd7223,PROD-0162,48315.15,2025-06-21,upi,fail,-3
c194bee8-7eb0-4efd-887c-7acf91761924,27cb8d29-98d6-483c-beb3-3699c5d6a589,PROD-0285,26131.64,2024-10-27,cd,success,3
8cb87e73-da36-4934-bef6-b3e995e038ef,d45a7405-532b-4ffc-b20d-6e7381182f17,PROD-0303,7096.26,2025-05-18,cd,success,1
c19ded03-e726-4a69-bbb8-2f6dc17b4991,990f0894-2130-4631-a84c-ddfd98de8da0,PROD-0085,-50,2025-08-14,cash,failed,2
6a4c1c6a-a05a-4de7-9361-386c10a606b0,11beda64-3c9d-4a46-81a1-341d482f10bb,PROD-0117,5080.15,,wallet,refunded,4
9b5faa7b-7912-4ee3-91ad-aca98e88c077,6a462f4f-9e47-4eb9-b74c-f817697f1c81,PROD-0308,27836.59,,card,failed,4
de94da82-c79b-47af-b779-15618539ce68,1f348429-9b8a-43db-a3b6-199a6621e39c,PROD-0102,19143.33,2024-09-07,cash,success,2
4b30ffbb-bf36-4b4e-9d70-1c5e5bab94b7,5a2b06c0-c0da-4b0e-8641-d275410840f1,PROD-0041,48680.51,,UPI ,failed,five
c1d980ec-e1ca-4632-b9e4-70bed4e1c6c0,bb40471c-0a0b-4ade-bf97-b85d1a542157,PROD-0032,19665.02,2024-05-29,card,refunded,1
834c44ae-5ec5-40e8-a92e-5cbc560b19ab,560c58d4-0d4e-4486-a5ab-695b78adf6ff,PROD-0497,247.97,2024-01-21,CRAD,success,3
fb07e428-6031-410e-9768-50e16816c5e7,32390c6d-5839-4d48-b85c-5a4fc0a28e5c,PROD-0434,27243.7,31-12-2023,card,success,3
1f494b08-0026-45d9-a385-6ec9d1cd9b8f,df29bd3e-e694-4bf9-9e85-177296dce221,PROD-0291,"1,200",2024-01-09,cash,success,2
1e7ed00f-b209-4ed6-a637-8df09343753a,b548e690-13d0-45b6-bad9-f7ffa69e624d,PROD-0443,822134.01,2024-05-10,wall-et,success,2.0
802e6798-ab9b-4157-b1bf-1f1a164a452f,f8623ce7-80b5-414d-94fe-47bf5aed4756,PROD-0391,-50,2026-03-17T15:18:02.529833,CRAD,SUCCESS,2
6e0d5a10-34f5-4e9a-b9fe-953d4a6b73cd,ca9b5cd2-170a-4caa-9062-ad5f25f993fa,PROD-0099,37048.96,2024-07-23,card,success,5
a461fd8e-3e70-4738-be06-f4e52cbb1b6b,4d0a4ed7-ef83-4baa-b92f-822e85044221,PROD-0500,11259.08,2025-04-05,cash,REF,five
3f678d43-7908-4533-b8a3-ec7c47f0df5e,67a8bebf-3a7c-4e05-812e-2cdb2b8f6da8,PROD-0229,10872.87,2025-07-01,c@rd,success,3
bd5db12a-ee7e-4edc-9cd8-c3c2771478e2,292a53dd-87ad-46f7-a890-6ff3fe9e57e1,PROD-0374,43783.76,2024-10-09,cd,success,1
a8bca54b-1547-4464-aa4e-b766954d3275,129b36f7-33db-4ef8-bab1-fcf4c0e981a7,PROD-0408,-50,2024/31/01,card,suc,1
280027e0-35b0-4585-9df5-8983d9646bf0,1a208902-6176-41ca-a9eb-ad4c01df7156,PROD-0340,8759.98,2026-05-25T15:17:59.902132, upi,refunded ,2
ba035402-ac74-470f-8ce4-a081687b2cf1,c5e93886-dab9-429c-b17e-72916396957b,PROD-0469,15338.41,2025-05-02,wallet,refunded,1
7ed43176-0727-4403-b7dc-a5e483f50779,5e8babc9-2b5b-4c44-af90-b6855b0aae9f,PROD-0209,31172.25,,wallet,failed,4
798ef6e4-32a4-4cce-8163-01869c3b494f,6e814828-7963-4856-a506-812105c08c63,PROD-0016,10441.56 ,2024-12-20,upi,success, 
372f1e51-e61a-4820-ab48-41f10b44203b,a34759d5-5d99-4b81-b899-f110cc858980,PROD-0271,,2024/31/01,card,success,4
d87b6afa-5a0a-48d0-a06c-9f18b6f2917c,dc715aaa-5a8b-43c2-961a-dd9320745d02,PROD-0062,36546.75,2024-07-26,upi,refunded,five
525bb6c0-8b5f-4c67-8723-34bda53b5b2e,db531720-267f-4e12-845d-4e55838573d5,PROD-0115,42872.97,2024-06-19,wallet,refunded,5
3f6d7d19-d4b8-4c2e-a4c6-b592e9362702,f590766c-f528-4a78-8d84-6581926a5476,PROD-0231,37180.0,2025-08-21,UPI ,success,-3
0ca1df83-b2b1-4636-99b4-fc20f73f234e,070dee76-a953-41aa-ab01-ca958edddfde,PROD-0153,12235.68,2025/01/10 12:00,card,success,0
b26500fb-9e49-4d6d-b041-1ae54a2a59b3,cdf02f33-a6a3-486d-81f3-358067d78bb8,PROD-0090,4842.06,2024-04-10,wallet,fail,1
67026a74-4813-424b-bf45-f9125164c1b9,2c47639e-260f-4119-ab47-0f7d4a1f2580,PROD-0424,16861.7,2024/31/01,upi,REF,2.0
0754e73e-49c9-4806-b717-b623028b34c3,116e9f9c-6b8c-4cdf-b20a-25f99724e351,PROD-0261,6594.14,2024/31/01,upi,success,3
c55c570c-50d0-413c-a55f-9325672ce12b,7edb4fcc-e1a8-41d0-8f0c-1def860ee997,PROD-0242,17758.13,2025/01/10 12:00,upi,success,5
de154f90-38cf-4aba-95cc-6e54a6b3ee55,db5b9af0-4ce9-4428-92b8-71e994a2fd53,PROD-0260,"1,200",2023-12-19,upi,refunded ,1
150054dc-7452-4458-adbb-ab53755af529,dc94aa3a-153f-4d19-bb25-2366d255d94c,PROD-0396,0,2024-01-02,card,success,4
970f63f1-7b9e-4bbc-97b7-f4e01e6da800,612a029f-594a-4e04-b811-8eebe6ac35be,PROD-0081,"1,200",2025-08-25,wallet,success,5
f1a92eb6-37e7-4b15-9671-70eaa5cf01e9,12fb38b5-45e0-4f9f-91a3-db8ee3ff343e,PROD-0216,444640.89,2024-08-25,UPI ,refunded , 
97a56a68-3de6-4fda-8383-81c6f50388b9,c1d5b5a4-cfbd-40d3-9325-a98e860b0a03,PROD-0285,,2025-07-29,wallet,refunded,5
c163eb14-c2fb-4e33-8ebc-3e76a159d8d0,6aab4e22-ff0c-44f5-bebc-c04e17f62544,PROD-0099,"1,200",2025-01-04,wallet,success,4
c6cb86cb-20e5-49f8-9eed-59170ded4769,9a6bc0d1-d19a-4e6e-8b52-e7cb382a4c47,PROD-0284,0,2024-08-14,cd,REF,1
3d8027b7-5bd4-4233-b03d-672f8507ee20,f42ce08f-ec4b-4c8c-88a1-4b1746df890c,PROD-0425,38329.29,2025-03-21,wall-et,Success,5
b7d87033-fc75-4d2b-8526-9cf5ac31f12d,531cc95d-eb39-4ca6-a627-db1106b163a4,PROD-0083,241988.28,2024-09-08, upi,success,1
31f683d9-f25d-46c7-9e38-56d7adcdd2c6,f744f280-817e-4a94-a006-d7126b258f24,PROD-0500,0,2024-11-20,cash,success,4
ed4c1169-727d-482d-a906-826b519f6ff9,6576b26d-b31a-47f0-b39e-ac79d7a58716,PROD-0360,17769.12,2025-07-15,c@rd,SUCCESS,5
1bf7288e-e711-42d4-8ea8-379deabc2798,c0fd669e-1683-4421-af9a-38650e2efa73,PROD-0174,31172.23,2024-03-07,upi,suc,3
b1c59742-8b5d-421d-a0ea-a3f15fbcc305,955458ca-a52b-4adb-81f2-fba29f60319f,PROD-0039,11720.37,2025/01/10 12:00,cash,success,3
1c080d45-da2f-402a-82bf-5d5137e6860b,d213324f-b5ba-410c-ae59-ec8fa4d7d3f3,PROD-0389,11994.98,2024-02-03,upi,success,2
808de8b1-980d-4575-978d-cbe850d31f12,b0d3a59e-8565-4634-afbc-6772cac35b88,PROD-0240,40684.72,2026-08-27T15:18:01.420388,c@rd,success,1
6b265479-48d5-4aea-8291-f841f181ec31,74e6dc79-617c-45dd-b7ea-d0e0deb87e82,PROD-0339,6908.96,2025-04-29,card,success,five
5798b59a-2cde-4538-a436-dad82d4ede39,f4cf8d81-a443-40e8-941c-ad211ea0e32e,PROD-0148,842639.81,,card,SUCCESS,5
2c3d30e0-855e-4582-9f21-82632b134895,3deff41e-a9b6-49b2-b7b5-520bf21f6f5e,PROD-0006,"1,200",2025-04-09,cash,suc,five
5d5e1a17-fd50-4df6-ad65-f98757eabcd6,e736624d-f9b4-4fe8-9d8e-b66de9db891a,PROD-0290,"1,200",2024-10-22,wallet,success,3
f8335ae2-7647-4e0d-ac16-19ba1d611f4e,17a69cf4-5e25-47db-a515-f51104000f0e,PROD-0412,16580.4,2025-01-09,cash,success,1
38d2b133-c1c3-4a82-9497-0a7b9a26c15f,648508bd-c7b8-414c-897a-514ddd80b861,PROD-0468,945.73 ,2026-07-18T15:18:02.308340,cash,success, 
18bc59b1-49b6-4ceb-b666-b0188196a6da,5792b684-48f3-49b1-a686-25f676a05e79,PROD-0463,23668.03,,upi,refunded ,-3
70952c45-7409-4515-b8b9-a1cf9925e896,91b93dae-0d86-4690-b22f-7b5844534b6c,PROD-0482, 26394.97,2025-06-06,cash,REF,2
b4c40989-851d-438f-bdaa-be9ac46310f6,db54c662-5f25-4460-a279-659956f94135,PROD-0196,26237.89 ,2024-08-10,CRAD,failed,2
64313d7b-1ca5-4c1f-8a51-6d5d444b8d45,71c27305-f846-40a0-b237-9887dc632b6f,PROD-0236,47663.24,2024-03-17,wallet,success,-3
7f8ea886-4e45-4161-a1cd-8e23a6419b6e,5f11123e-4623-42c7-9fe6-18f41e144403,PROD-0242,49661.93,2025-11-19,UPI ,failed,2
803498d4-e13e-4921-9baf-4082a7f3b27a,946919b8-f8a3-4122-a9b3-c83f14f4e895,PROD-0421,19354.53,2025-12-09T15:18:03.143082,cash,success,-3
0f74687c-d3f7-4ece-84e8-449b7b0778c7,f46e6bd6-3973-4b67-a4a2-e67ec3a0ce97,PROD-0421,2251.67,2024-06-28,card, FAILED,5
b7e24610-a406-42e8-9243-8fb0be3477a8,be139a02-3461-42af-8eed-89a285ba8d71,PROD-0346,27330.55,2024-12-11,upi, FAILED,1
ae7dad2f-0b24-4d48-9d7c-7e1e03779918,345f556f-0db5-4217-a006-9e1e99a443e0,PROD-0351,147129.75,2024-01-05,cash,success,1
3e423353-3420-4cf6-813b-ff52653b310a,6f21fc6c-5b89-4901-b93c-9ff48839ae2e,PROD-0310,21256.03,2024-09-20,upi,Success,2
ea28ef28-b725-44b3-8aab-c2fd54363aaa,0a6b5444-9650-4a5f-b4bd-39c92f51ee2b,PROD-0337,33977.33,2023-12-08,card,success,2.0
f1f6722e-34f6-41c7-9997-a92fa669c4f1,83687c38-4d7c-41ff-ba7e-7570a6efe066,PROD-0258,23138.34,31-12-2023,card,success,2.0
f54e274a-6c25-4c7b-9f30-75f16d97d7a2,5ab75264-69d1-4c93-8189-46a6fa33545e,PROD-0057,36101.23,2025-09-26, upi,failed,-3
f8d342de-c43c-443d-8afa-fa56886fbe08,11f74aba-7dfe-4651-9b6d-1790ab5a7c16,PROD-0084,45130.05,2023-12-24,card,success, 
cd2accc0-133a-4bc4-9cd0-03cdbf53b5de,466a54e4-3e8c-4832-9ef5-f52845b6c07c,PROD-0398,43395.23,2025-04-02,cash,success,five
109e068a-702a-425a-8cb6-ff87f5cbc93f,66beb115-da23-4c90-a3b2-c9f6dbbead33,PROD-0152,0,2024-05-23,card,REF,2
d568979e-00b2-4784-b1da-4567396f13bb,4088cbf1-951c-4f2f-a69e-7091c297aa49,PROD-0050,"1,200",2025-12-24T15:18:01.569356,upi,success,1
2779ae1c-ad15-452b-8ce7-5543b220c48d,2c592d65-eb95-4d3f-a08f-ee4394c12f1d,PROD-0013,47879.59,2025-04-18,upi,success,3
92d760a6-bbf5-4ab9-955a-f3d78ef251d3,77c8d86b-73f6-481e-b803-c5e022a28119,PROD-0112,45610.02,2025-01-17,cd,REF,3
ffa5a1ba-9d1d-46e4-9dec-c2da65d86573,f8455993-3ce5-41b0-b10d-474a82d0e39d,PROD-0336,-50,2025-02-13,upi,success,five
136f1454-1be4-41f4-8221-75d311309b0f,22acaa50-865e-443c-ace1-044ba9578ff7,PROD-0127,47389.54 ,2025/01/10 12:00,card,success,4
b84c468f-10fa-4387-bec6-926baebadcd4,1db014f8-16c8-4944-ad39-e5b3765904da,PROD-0466,46461.51,2025-08-02,upi,success,2.0
f30bfdd4-f864-4584-b192-c363cbde2ca2,ea9d2543-fc14-4af1-b272-2a759cacd6d1,PROD-0201,32995.7,2024/31/01,wallet,success,0
d108bda2-34a0-4067-a781-061a48113d0f,3f95b044-a324-459a-bb1b-1e450e25bb62,PROD-0380,27606.75,2024-01-21,wallet,success,2
52e4f94c-6348-457a-91b5-0ac9303aafc7,07ec1cbe-d29d-437f-b1d2-9ee1dd65e1f6,PROD-0286,5958.33 ,2025-02-27,wallet,refunded,1
d1b898b1-849a-4d36-8d50-251cfbbdc93e,ef0b9d4e-40f5-4306-8ef7-fd04d54254e7,PROD-0420,18628.41,2024-01-21,cash,success,5
17e19686-8c9a-4e83-a65b-a989c677a683,0b68d73e-1ac2-4b00-b988-1478ec1f0b22,PROD-0497,,2025-01-09,card,success,-3
134c6d23-a78d-46d9-b5d2-46b9f479499e,f41ebca9-64d7-4a51-92f1-97e2635e5cea,PROD-0082,8048.43,2024/31/01, upi,success,2
5c3b253d-364f-46a6-9af3-d7e3393713d6,3f39d8ed-2820-4e19-b8cb-611f9b697707,PROD-0226,42278.52,2024-09-10,c@rd,success,five
bb9aff14-db21-472a-a946-6db320b02e34,261c3aec-e3fc-454f-84f3-08f846e997a2,PROD-0001,47526.6,2025-06-12,wall-et,Success,5
a14f532e-04b0-40f2-9b5d-ce8f12fc830b,33a7db91-8773-4ae6-8ede-6deebb613c80,PROD-0303,0,2025-10-15,wallet,success,2.0
d8bf749c-b3ab-46d5-9295-449661d52f98,ebe37925-1525-4940-a321-4149a2013d3a,PROD-0029,8320.19,2024-12-17,card,success,2
a85ee7ee-54e2-4e20-8b3d-35311b16fc90,ac569895-96a9-4543-8ccf-308e50901550,PROD-0158,0,2024-01-03,wallet,success,2
3c3853b2-c63f-4f33-9009-b27a9c1baebb,92f1be13-870e-4360-b24a-172ce679645e,PROD-0261,17063.06,31-12-2023,cd,success, 
0153d746-4e0c-47cf-a047-587c5c8c1230,3400754f-716c-438a-8537-e4b8d8cd53ea,PROD-0348,28427.72 ,2024-01-18,cash,success,3
5d84f114-86d6-4502-b331-c1732ca611c5,688d8e7e-d70a-4206-b297-000255764875,PROD-0106,-50,2026-07-28T15:18:02.644206,wall-et,success,3
89ea5cfb-06bb-4399-a175-9d67b9f26db6,735ffd6d-d23d-4c91-a717-fab1c67877f5,PROD-0433,21482.17,2025-05-16,upi,success,-3
67e507e6-b3f3-4599-a5a8-93087ef53176,9cb4fffd-9998-4a5e-bbdc-d0b64504efd0,PROD-0075,19207.52,2025-09-02,wall-et,success,3
8a5baf32-05e3-481b-bc03-47f45bdbd716,e7acbac2-43a0-4010-8aeb-108383eeecee,PROD-0222,28307.88,2023-12-18,UPI ,success,3
2bfc4936-a6b3-4653-b3ca-d269ec739599,da6dddbb-0b39-4ab3-97a6-760798b9d36c,PROD-0019,39005.96,2025-03-28, upi,failed,3
413db35e-9510-4a93-80c7-b5dc7216439a,7420c533-ba6e-4b36-9130-f2498634388e,PROD-0445,23418.6,2025-01-22,upi,fail, 
45ebf358-2247-413f-af8e-f5a5d70a4205,8b3b6d1b-0fa7-429e-8cfb-4f02ae013868,PROD-0126,30254.17,2025-05-09,upi,success,2
b8eb3a65-ef1d-43a3-b2a0-aefb0448eee6,e2eacb9d-8c3d-4839-9969-8b7da62519a7,PROD-0075,40128.67,,c@rd, FAILED,0
b5618e54-dcd5-4d03-a720-a7361d5e2672,14970a1f-dfd8-4d4f-be30-3963230d5a73,PROD-0184,42456.92,2025-10-04,c@rd,REF,4
9014aa29-f27a-4bc8-b838-6b82e2cfaebf,e383fe5c-8fdb-42ba-8914-11a2cd051bd8,PROD-0432,7411.03,2025-03-04,UPI ,success,3
f9c3abb0-5481-4543-a176-ce741a25844d,93455a22-cd0e-4859-842a-290a966d3cd9,PROD-0448,"1,200",2025-08-20,upi,suc,five
19da1b6c-45b6-44fc-8970-e22d461a671c,3127128e-98aa-4fcb-bd79-bed9480754ff,PROD-0402,26814.88,2025/01/10 12:00,card,refunded ,2
57f555a9-e542-4efb-9f06-4c6bbbc203a6,592bf7bd-6bb0-42e1-b342-70af46b293ac,PROD-0265,15380.97,2024-03-05,WALLET,success,2
2e654cae-9407-41ca-af5b-133d172022a6,38ec5961-2eb3-47c4-85a1-3748dbf353fe,PROD-0316,12028.03,2024-09-26,wallet,success,3
4f27d154-1b4a-4b6a-b9ab-c82c62403823,b254d245-b13d-4056-b2b1-7cffbb232d9a,PROD-0203,14118.44,2025/01/10 12:00, upi,success,2
042fd19f-2358-448a-893b-94a39d155dd9,f461616a-c0a0-46bb-a25a-a7a31681c8b1,PROD-0062,13470.85 ,,upi,REF,1
930f29e8-5a20-4cbc-a023-9677d597b036,79247396-dd4b-4fdc-95f9-1bfbf45e5fa7,PROD-0197,32365.4,2025-02-06,WALLET,failed,0
18eb5a71-9d87-4adc-96f2-a3fa2ecca3f0,c253af3f-6865-421d-894a-218f011b8e57,PROD-0114,38732.44,2025-07-16,cd,failed,5
6f61e312-9dcd-4ddf-9585-1ad0c242b5e8,deac6051-1d36-4030-8ae5-4d2aa816214f,PROD-0308,14389.71,2024-05-31,upi,Success,2.0
1740313a-2640-4212-927a-08c502584613,a533d4a0-1dbf-46ad-85e1-b39b5d17f352,PROD-0145,20382.83,2024-06-18,wall-et,success,3
a7885a26-6c6c-449e-80c5-3156547d6df8,d3d7d181-279e-4cb7-822d-030d487f83b3,PROD-0416,-50,2024-07-21,WALLET,REF,5
93dc13b1-5e23-4e43-b5a1-0adb2536b2e0,bbd74a57-9f04-4b71-9fe8-04e4febaba65,PROD-0212,,2025-04-27,card,success,5
ff21c3bc-e3e7-4f87-97ac-abe4dac6eced,1c4b98c8-e347-4ff5-985c-8d987ab8640e,PROD-0246,8149.14,,wallet,success,0
4dbbff5b-8897-4ce6-8ae0-d63fad90da85,6ef3fbdc-81fc-4b0c-9072-5f5049991bb9,PROD-0388,-50,2025/01/10 12:00,card,REF,-3
308e834a-80ed-400a-a9a2-74ae26587c2d,fa6d8e8b-96da-4876-894b-c4048d941901,PROD-0227,"1,200",2024-01-21,cash,success,4
605c8813-efbd-489a-b19a-051d24091f91,a53e6196-7444-4a7d-888f-84b0aae343f8,PROD-0226,44817.29,2024-01-30,c@rd,refunded,2
21feb6ff-9353-4e68-821d-376fca1d888a,3b11eb69-19f0-453a-93da-73caaeaa9dc4,PROD-0278,7493.7,2025-07-03,upi,success,4
b62a70c1-ae40-46f2-bc15-995ee1603a41,eccc4f12-5018-4c5b-92c3-7877d9b49913,PROD-0386, 35757.7,2025-03-22,cash,suc,2
5f4d932f-9ac8-4ea4-be59-9a0a064c2194,42a1d889-a081-4683-9929-9de659db39dc,PROD-0162,12874.26,2024-07-16,cash,success,2
bb3a7cde-0b59-46aa-9ab5-b0a5ea9503bd,962bddc6-6d96-453d-97aa-7cb5fa22cb47,PROD-0243,-50,2024-08-17,CRAD,fail,1
a0ec0992-ca74-4dee-be42-a63ab5062f14,ac385680-3aa8-447f-a067-1ea686fa400c,PROD-0361,34636.53 ,2025-05-07,cash,success,2.0
b13ef6f3-4a16-4f0c-a3dc-cccb17975984,bca4c815-e7ca-4936-8974-2c9b6257af09,PROD-0269,13563.78,2025-09-30,cash,success, 
9a5cff6a-9d64-43c7-aa47-1c17893b5aaa,2a362832-1c8c-4090-88cf-f7bffe2f1194,PROD-0175,5972.98,2024-08-24,cash,success,5
3881f517-9423-4749-87f1-3e70994fadc0,0930c2c9-7e8d-4d17-83ec-509b5f05802d,PROD-0043,,2024-10-27,card,success,4
322a8b21-7d46-46ef-bf50-262c1c4b42e8,aafec6ba-f848-47bd-b2b8-3dce40088e3e,PROD-0048,0,2024/31/01,upi,suc,3
819b7fa9-a9d5-42db-a639-8bd3aec3cf4c,fac01dbf-e339-47e3-b608-e22298c474d0,PROD-0359,24831.82,2025/01/10 12:00,wallet,success,five
ad7092c0-78b8-49a1-924d-e2a10f79143d,53d31854-a266-4621-adbd-f9183b10afd4,PROD-0321,40055.59,2025/01/10 12:00,wallet,refunded ,3
3cc5884e-2ac2-4a72-9778-3ea8cabd4ceb,1cf1bab6-cf61-469a-bedd-e0c7421b4ba1,PROD-0358,15968.11,2024-11-21,card,success,2
1c992278-1d3b-4d22-8eba-a875db76c452,163c387f-abd7-4441-bc5e-f61b3f5d076c,PROD-0448,46376.55,2025/01/10 12:00,cash,refunded ,5
bf37420f-4381-4265-a347-c20450434e6c,28116d0a-1397-46af-90af-76540a23e977,PROD-0031,35145.78,2025-01-25,c@rd,refunded ,3
458a2c5b-bde8-4e37-b0f7-ea900519ba03,4dcc1d51-329a-4c66-bc8a-7113a55448ee,PROD-0447,17185.72,2025-10-20,upi,success,5
975e9790-e500-4c5c-9ae2-b5c965b3343b,da57a4ff-0f07-41f5-a917-b2b7fe916835,PROD-0375, 2889.61,2024-08-11,cash, FAILED,3
017cdc5c-948c-40a7-b147-9b3fcb2d4e6b,b3ac16cb-51e3-46dd-951b-1a7359bda72c,PROD-0199,40320.52,2025-07-04,card, FAILED,4
dab488f5-4fa2-4d4e-b88a-423a562f2128,5bae923b-68f8-402a-8a26-467a979dbe7f,PROD-0301,-50,,card,REF, 
668facfd-5dbd-425a-9a93-ccab4c5ae2e5,52748fef-b29f-4b3e-9787-8e0f4a16c6cb,PROD-0357,40582.49,2024-05-15,wallet,suc,5
cb0a4969-e615-4387-bb14-5e911df9eb7f,f80843aa-7d40-44bb-b257-1ebea0f74df2,PROD-0380,35783.12,2024-05-12,card,success, 
c0ff9db0-27e0-4568-916c-4be578698c18,bbfa8858-4ed7-43c5-83db-9cbd5417cfe4,PROD-0446,17422.56,2025-06-18,WALLET,fail,5
2453a6b4-202b-4c0c-929d-62c03bee77d7,03fbb49e-995f-4fb6-b2be-0b515594e6d4,PROD-0057,39383.61,2026-10-03T15:18:00.196701,cash,suc,4
80af2f05-1dac-4784-89f3-9bf2db1069ee,8f769b1d-a151-4e68-a550-9342f28e90d3,PROD-0461,38937.51,2025-08-04,wallet,success,1
34f904fd-ce5f-4a82-aaec-459f23b0af6b,1c91212d-9c68-4f12-8b2a-2cdc777caf9c,PROD-0330,242056.23,2026-03-03T15:18:01.668034,card,refunded,3
1cd4d4fa-75d3-49de-8f87-658ea21068d2,0e100be8-c50a-47bf-9024-4bf636c83f51,PROD-0192,"1,200",2023-12-12,cd,success,2
5914e7bf-e56a-4e6d-a36d-6888af7c00a5,e2f71f53-aa7f-4235-8524-0c9dd4a77b01,PROD-0421,"1,200",31-12-2023,card,success,2.0
64cbb1f0-b43b-45a8-9726-61742aac325e,ee6b158e-ba6a-46d6-9d5c-848956c61c8c,PROD-0295,41650.27,31-12-2023,cash, FAILED,4
e2ff2f29-f20a-478c-99c3-b32db09fad1d,e0287e29-a294-4e9e-b50c-1b78871085fb,PROD-0289,2455.56,2024-10-17,cash,refunded,3
3c41393a-44f5-45cd-ad6b-77baa7b35aa1,984745dc-145b-4a7e-a03e-34885ba3eea8,PROD-0016,33705.32,2024/31/01,wall-et,success,4
0378f508-9707-40bd-a5f1-bcfa4c8d95e0,936fba83-2064-4a73-96e7-8b364ea04647,PROD-0459,41632.88,2025-04-13,cash,success,4
cb1b89ee-0fe6-4c1e-b348-3a0bf42584eb,d137c8b0-5109-440c-ab18-1186474d86d0,PROD-0435,10584.94,2023-12-26, upi,success,5
096033b0-5700-478c-a8c2-b977567545f2,afd6a9d0-408e-449b-894f-65b56c34ef63,PROD-0338,27393.7,2024-12-01,card,refunded,2
8ae8e5be-0726-42e1-952f-a9a78bd00130,b0cfef94-368f-4531-a2ee-588a34aed5b6,PROD-0387,26518.9,,cash,success,2.0
207dc0c5-27cb-444c-8748-e9cb10008ebe,974c7949-0f8e-429f-bfd0-ae3d0db5aca0,PROD-0492,39741.7,2024-07-01,upi,Success,0
7b1f80af-42ac-46a5-9e5a-8b89fcc8e66e,513919c0-eee1-40cb-a282-bad8a2ae4323,PROD-0143, 37139.38,2024-11-03,upi,failed,2.0
5712fa28-f918-4e42-af7b-ad7797bb2a40,ac8a6e7e-4cd1-4ed2-8fc2-74dc016919f4,PROD-0032,-50,2025-06-24,cd,success,2
58df284b-771a-48b6-8c4f-6b6b52898c62,cb94739f-4921-48f9-8caf-03df2ac90cd2,PROD-0430,995944.53,2023-12-14,wallet,success,1
ae7ffd4d-769a-4f9c-99fa-dbf510046ca3,8d6b1336-e355-4f8b-b5d7-766a2b71b161,PROD-0171,30589.02,2025-10-13,card,success,5
8688c015-eed0-4f3f-a9ab-06590f9b49c7,6e79a5a6-8504-4553-9f40-dc09d6a60fa4,PROD-0188,36963.57,2025-03-01,cash,success,4
0a8d844e-e152-4321-a6f4-9bc8c0c750b1,ea5a6b29-37a6-44c5-a82a-f9d0da7ececb,PROD-0474,34226.95,2027-01-02T15:18:00.927085,card,success,4
683cba5b-a4c2-4489-97d2-232bf0068d81,3fd35c05-ce6d-4069-b16d-949f3b9340f6,PROD-0334,12700.53,2024-01-14,upi,REF,5
92663671-67aa-469a-8172-03c7664da6ef,6109c588-7d3b-4ab4-8bfa-c51f37a20b54,PROD-0068, 6929.55,31-12-2023,upi,refunded,4
d2fffad8-9de5-4509-82bd-307b85631096,d9032753-9592-42df-929a-e186e0608c51,PROD-0433,0,2025-03-15,cash,success,5
ef90f6a2-3062-4c60-92e4-7cdbd658c538,6729e915-cdb3-4275-aedc-b012fda30028,PROD-0144,15328.8,2024-10-14,wall-et,REF,2
dacfce8d-bc36-48b8-81ab-11dca64f8d19,89e69f24-0ad9-43b0-9f5e-7884bcd4321b,PROD-0447,33799.2,2024-10-25,wallet,refunded ,4
980b5358-6f9b-42b9-bcc9-b31165d6805c,1f39870c-515d-41df-bf07-54874be84a9e,PROD-0285,0,2025/01/10 12:00,CRAD,suc,2
64dff6c6-3034-4ba3-931c-eaef7b45611c,569a89fe-33ad-4602-9eac-b3b0e3ef7980,PROD-0073,35976.87,,wallet,refunded,1
cd18cda6-bbe9-4804-8fda-71bf064c06c0,f93ae86b-dda4-4433-bd5e-b54ccc1e14ce,PROD-0168,41896.27,,card,failed,3
b2207110-10c4-4155-944b-c8aae1620396,31c51bff-e9d2-4b54-98c3-fbfe208d8521,PROD-0245,0,2025-10-20,cash,refunded, 
4838ca09-3a42-4ccc-af10-b5db236ad1a2,07431644-8894-4d69-ad3e-0883a41b3637,PROD-0182,36219.8,2024-06-02,cash,success,2
466a43fc-482a-4794-a0ac-d45b28779a50,dc718d59-ff62-4fe4-b157-7574409bc652,PROD-0425,6069.4,31-12-2023,upi,success,0
82c35508-d8c2-4b77-8522-75a7438c3051,f86a8f11-18ef-4e2d-bbb8-121fe0b0f56b,PROD-0474,42110.31,,UPI ,Success,5
dc145595-c3c5-4b25-b533-bfae557533dd,4c5debfc-be9b-4477-9094-526ece482c1d,PROD-0272,29913.16,2024-01-02,card,success,1
cbd45e35-fd77-4b45-819d-5aa3d35cdefd,93e0eed4-8c56-4195-bfef-11f818ce0552,PROD-0017,-50,2024/31/01,cash, FAILED,4
dd34e88b-5bfd-47a9-a698-7b97a8013135,2407603d-2c45-4cf7-8660-0e7c4cd9e722,PROD-0346,46984.69,2025-04-03,upi,success,0
bfc0836c-68b6-40d7-a6d1-99225d6e174b,8e93969c-d4ad-40c1-810c-8daebd2ad957,PROD-0477,44395.98,31-12-2023,cd,refunded ,1
85a45808-219a-46aa-ad0e-91d302fb3f2c,fff02e8b-229d-4a92-89e3-7c37f9197c81,PROD-0021,,2024-06-23,cash,success,5
1fd85d79-3efa-4c46-babc-f40ebae76e12,6c40b1c7-1646-4239-bddd-16cabe5609c7,PROD-0049,948379.3,2023-12-09,wall-et,REF, 
6d91f392-8200-49c8-b818-ab1d6e14b7bc,1daf2ce5-ee53-471e-837c-15f409e99f33,PROD-0390,48995.26,2024/31/01,wallet,suc,4
7aa2a1b9-f56d-4cbf-a2c1-3b895f5a1f2c,487ecff5-02b9-4986-ae9a-9038871437ac,PROD-0396,9109.33,2025-04-10,cash,success,five
0642d17c-ed86-4b2e-b044-a2299fc7f05f,c3e82b19-dce5-42d7-b1c0-8e9a2221b8a6,PROD-0134,"1,200",2025-03-17,cd,success,2
536b67a4-aa82-4b67-ad28-425aabb4372d,bae9a1e9-51bd-49d6-b461-a5f4215a1333,PROD-0188,6985.86 ,2024-10-08,wallet,success,5
c474b6b0-f2b3-4263-b80b-efd3231ea6eb,7eee11ec-a10a-4380-9e8a-e469210d85a4,PROD-0185,34425.19,2025-11-08,cash,refunded,-3
5961ef10-9ac2-4be2-8962-46718be10e08,efcbd3d4-2e0a-4c28-9982-c58840dca6e6,PROD-0290,40140.53,2024-09-26,cash,success,-3
5060c520-663a-40a4-8148-e09cf9d59c46,f931e289-c868-439e-bf5a-14a475dc0e4f,PROD-0062,21557.45,2025-08-18, upi,success, 
707a300b-5f96-43e5-b588-4398f577c98f,dde67887-e9c6-4c24-901d-e40937851ebe,PROD-0456,38488.12,,upi,success,3
9f9b9475-f67a-4076-a92f-d46dd1126909,33448020-a909-4f58-b240-ae7724076128,PROD-0356,11175.78,2026-02-12T15:18:02.340992,upi,suc,five
4d1958e7-803e-447b-90a9-daa81f9219d2,39ebaf2d-5864-4db5-bbbc-8df3bc1ad6d6,PROD-0251,42411.25,2024/31/01,wall-et,success,0
b54985a8-9b3f-493a-8f73-aa61256c1eff,c7325050-aad2-42c2-8c02-3355de11925e,PROD-0069,15439.07,2026-03-01T15:18:01.740011,upi,success,1
66e03a0b-7c05-4250-8a53-4c6ba405002f,c6f7e784-6308-4b5c-9ac8-569cc708035a,PROD-0373,19662.03,2024-03-22,wallet,success,2.0
f278d95e-a2b7-4e3c-b718-93d8fa37372f,881f0bf6-1458-4f33-80d5-bda21d3ab129,PROD-0478,23074.44,2026-12-27T15:18:01.930514,upi,success,4
bae099de-bf99-4e8f-ad17-7b02379471d9,b200017c-d215-4aec-8fa1-d1b86e48bdf2,PROD-0038,22339.94,2024-02-16,wallet,success,0
6e15cfd1-64c3-4ad5-8b76-2bea2f04fdc9,d9542bb2-517b-461b-b1dc-51a8139a1ecc,PROD-0118,15479.4,2024-08-21,wallet,success,2
ebf74d05-691a-4d14-9506-f28953246327,e38d2ac2-8625-40c7-a12c-cf16edfea5c5,PROD-0178,9199.74,2025/01/10 12:00,card,success,2.0
dd974520-6fbd-4f7f-8f23-a8c714c2a453,d110f437-fd82-4e7b-b9be-f32eb600e309,PROD-0255,0,2025-11-20, upi,refunded ,3
631b78be-b81e-40f9-8efd-26e530f2ec4d,119d2a06-404f-4eb2-ad30-46304abc1383,PROD-0358,48349.58 ,2025-01-21,cash,success,1
35909cc2-6277-4284-b50f-d973d5a6f8f8,dd95574d-17c0-4638-8a49-37bd820256cc,PROD-0488,48411.74,2025-10-11,upi,refunded ,5
0f97eb42-0a3b-4ccf-8f39-2b9cb5219f8e,5872a50c-9ce3-4840-b476-853ae5af9164,PROD-0352,13963.36,2024-02-03,c@rd,success,-3
4b8d6000-b38d-4aa9-b181-dacb052129ed,d45eff41-bb3a-4a4f-ae7d-17f9d8c03bc3,PROD-0175,15273.2,2024-02-12,c@rd,success,5
a07b8000-496b-4ae7-81aa-2a731af88f09,6621f2f1-0aa9-4db3-98ed-72d63fa99f37,PROD-0475,16939.38,2024/31/01,wallet,success,0
3f76291e-c2c4-4772-bb92-7f829061fad6,81271c91-32c5-43a4-8b87-7887455f9097,PROD-0291,13922.48,2025-10-24,cash,success,2.0
aadc8e54-1bac-43c9-a7d2-ff3f372bf7d0,0131f04e-8019-4c9c-b0d5-a8d09e00c16c,PROD-0004,,,wall-et,refunded ,2
3002c8cd-e5ab-43d7-84bb-450ecab9f068,7e08ce2c-5598-44bb-9cc0-f6e7f7124e1d,PROD-0110,0,2025/01/10 12:00,cash,success,2
48d5dc9f-d3a0-476e-9fae-f820051d6b7a,29440a50-97c0-41ee-91a0-1c7200a2ac94,PROD-0310,48991.41,2023-12-27, upi,refunded , 
0c1d2d7d-ac4f-425c-9003-2433d9362bea,4c1d9ee2-c73b-4c91-95b3-73e1e3c9a2c6,PROD-0162,283729.5,2024-05-07,cash,failed, 
56ff5153-142b-4de3-b79e-cfe4ff364dfb,33fec163-1787-4389-b0c4-dbb48649b6fe,PROD-0326,46580.03,2024-10-11,upi,success,4
0521217a-d05f-4afd-b5e3-2a368bb70da0,2cd9fccf-8e72-4c22-82d6-941cd096087d,PROD-0069,7667.66,2026-12-29T15:18:00.614222,cash,refunded ,2.0
973d3b1f-7257-421d-882c-d31721b71795,2b973b96-9843-4195-b5d7-c901500e12fb,PROD-0086,39181.76 ,2024-10-06,wallet,SUCCESS,3
af3e452c-30dd-4be0-87ef-ceba2ade0663,3cf2ce37-2707-4053-b0da-744c6c44a27b,PROD-0077,36610.69,2025-07-11,wallet,success,4
544054b8-bf62-4379-8a45-a72af6f78400,367100a0-027d-4a69-a45f-3a78a1fb1693,PROD-0396,20573.07,2026-06-08T15:17:59.593782,wallet,success,2
10b429fa-94c6-47d7-a4b4-ba08ce85c98c,dcb32ecf-418c-4218-b9f8-522c981eaca6,PROD-0203,5513.93,2024/31/01,cash,success,-3
7db63922-6b32-426f-b526-01b0bc11c276,a99be5b5-f1ca-4671-beb2-0b1883de8ecf,PROD-0253,16166.34,2025-07-09,cash,success,five
33279c91-5a25-48f5-9ade-00d6eb0c2b37,4833d012-6cc4-4669-9f58-d5aac0182409,PROD-0287,2843.11,2024-05-06,cash,refunded,4
1a621489-8e32-4e3f-8eba-6bcf208fead8,d3bf457a-3635-4e95-aa01-388d4cf10ff4,PROD-0353,32428.75,2025-06-25,cash,success,5
84d47202-735d-41ab-b755-319fcffac8c1,b40ae5b0-7ef0-4128-aaaf-0e2c85d5e93e,PROD-0396,738330.83,2024-08-14,cash,success,2
c7817e3f-6331-4933-8ee8-9eefad4c8829,1c5fc0a8-c044-4342-b8e8-827dc687edb0,PROD-0353,26989.37,2025-04-30,cash,success,2
d919589b-29da-4482-9f54-d269a773f8df,47593e08-186a-454c-9ec3-3ddec20d2456,PROD-0244,40536.48,31-12-2023,UPI ,Success,2
34fdfd8e-3783-4d68-9c31-c36c64e3755c,23eb1ba6-d6e7-4348-a814-17ae3fc5a627,PROD-0145,0,, upi,fail,1
9197961f-dcec-4feb-9d94-4b691d014d5b,31a4b5ea-f0e7-4ee2-a107-973017e20a42,PROD-0471,9022.0,2026-03-07T15:17:59.679984,upi,success,2
95ac2b69-9bbc-4e96-9b9f-6707d1d2aaa7,d5bd20e1-8e9b-4a71-9a79-33331734e1ae,PROD-0402,12809.12,2024-08-21,upi,refunded,4
5781e73d-70ef-4192-b0d2-076c68c86808,77934371-ebe7-4aea-8575-cc99f95524cd,PROD-0370,31842.36,2024-01-16,wallet,Success,five
34a5e6da-96d8-46b9-a05f-afdce1a99ccc,26bc4bc8-70b8-40cc-91b9-e747f69cfce1,PROD-0497,,2024-01-19,upi,success,five
ae0fa3a1-3cf6-471d-b200-f96cdd57a4e0,fdccebf5-654c-44be-a275-c06c3256bf60,PROD-0272,5276.25,2025-10-26,upi,refunded ,4
b37a38aa-2cd7-41f7-90ac-cfff0abe0af4,a5d25509-1cab-4bd7-b53e-b87769f7d097,PROD-0026,237467.93,,card,success,4
276faa1a-fb93-413c-81cd-076315a393bf,552a862d-b86d-4749-bce7-9be8c0d3c72d,PROD-0387,14121.33 ,2024/31/01,card, FAILED,1
ffc3ab4b-f34e-4fab-812f-f148c291c523,a8a11e21-d0e3-4fbc-afd9-0775406b848b,PROD-0235, 15485.87,2024-10-15,cash,SUCCESS,5
2301d32b-8db9-46c8-acc2-a5a08a86a8ac,bb636057-6b5f-4afd-b93d-c592fb133ede,PROD-0120,818407.44,2024-11-11,cd,success,5
30677411-e457-4983-ba1d-9def27347c2e,b1082eee-fcf5-4533-9182-3734439e0f74,PROD-0030,19679.71,2025-04-30,wallet,success,5
18f7aff4-06dd-4acb-a039-2326384a1b57,7716e07a-a82a-44af-8d6d-18e601467854,PROD-0150,14745.62,2024-05-25,card,success,-3
ca8bc561-7d9a-4c03-81e7-ccfdbcab87aa,00ccaeb9-34bb-4bcc-b2f5-e77d3af39f91,PROD-0270,,2024-11-12,wall-et,success, 
84b25485-9c50-4d7b-89be-70ae2966d6fe,8fb84ac9-a44a-426f-b6e5-975e8ab7b4c4,PROD-0277,39099.63,2025-02-24,UPI ,success,0
917ed900-f888-4967-9f1d-a303e7765e43,a16d0fc5-ee03-4b73-8323-7b89c61a8dd1,PROD-0299,18971.26,31-12-2023,card,REF,3
f60b2bca-6dfe-4607-828c-066dbf239d66,dce44603-ed89-469a-83c1-7f4673057efd,PROD-0452,7229.66,2025-05-07,cash,success,4
55f6ada7-bd97-4d3c-879c-2a0010d52bfc,3b1bdb61-2b29-4381-9ddf-d603f5420d0e,PROD-0243,0,31-12-2023,upi,failed,2
5ba641a6-cbbe-470f-9637-54dfa141e8ec,39a9d12d-7375-4869-ab97-b67c5bdd54a4,PROD-0186,858972.79,2025-01-03,WALLET,success,3
7b45d93f-5cc9-4b70-8505-164e22a16d16,b8c2a8b5-4a46-4174-8796-ee2c55f05dc1,PROD-0274,10878.99,2025-06-13,wallet,success,3
bbf2d069-9c11-421f-9935-32f13b9a650d,e983287f-1884-4f52-81a5-fd1772d60b84,PROD-0405,23264.88 ,2026-12-30T15:18:01.208429,UPI ,success,0
2f2a8ca6-5588-422a-aa0d-bd66aa4c2db8,6e1ecd9a-089a-4e56-b87e-e6b0b19333c8,PROD-0263,14505.46,2025-09-29,card,REF, 
007fa662-4130-429e-9bfc-69896dd38c70,c1bddf95-4486-4bf4-b4ca-4ba2f4435c9c,PROD-0306,22703.56,2024-12-29,upi,success,2.0
6b2cb8a8-3741-4e9f-af5a-68bd3c960506,c0436d28-6e4e-4c7c-809e-756226d7dd39,PROD-0128,25777.09,,upi,REF,2
153289bd-b0df-4b62-80ff-10d49d66e1f1,84bd7ee0-c767-4a1c-8d92-f3024b0a5565,PROD-0345,8138.82,2026-01-28T15:18:02.782257,cash,success,5
9a149126-da25-40d1-be0a-3c1584bc28fd,fc0166bb-f9e7-4b2b-940a-38494e5d28bd,PROD-0166,0,2025-02-20,WALLET,success,0
1924ed60-edc5-4044-a124-9ddee9a1f1c0,606b068f-79b6-43b8-9e7b-3860aa101b2b,PROD-0195,28663.62,2026-01-09T15:18:02.026968,wallet,success,5
c24f67dc-6b94-4bed-ad7a-898be3ab9258,d391d794-8af8-4d31-9b12-9e4c01e4a4ca,PROD-0460,14043.43,2024-08-12,cash,success,5
56317f54-9f58-42d9-9501-809edfd21fb9,21bcc6cc-dd77-43ba-961d-f72c25ecede9,PROD-0448,9476.88,2025-05-20,upi,success,4
2a744671-2c16-4239-9be4-8eb8d0b9d993,79c4d1ed-5d89-414f-8008-a83cbcc8c9f5,PROD-0231,8900.94,2025-02-14,upi,SUCCESS,2
3926b8b5-ec38-4ba4-9d86-9f04cf435165,55001d49-7e9b-47ce-8957-9772afb7d1f3,PROD-0336,47652.52,2024-07-12,cd,success,3
c30f9d94-7bf4-4cf1-a0f0-107b557e0fd0,1138e615-7a09-4e65-b6d1-8c1881391ebf,PROD-0069, 34776.94,31-12-2023,CRAD,success,1
b7c1c68e-2563-477c-b10b-ce1c92878627,f54a28c1-bdae-40d0-8eee-5c62027edf81,PROD-0091,204820.05,2024-02-27,cash,success,4
20557d16-e3c0-49c5-ade8-03431e75d763,f0d79bb9-22f9-4d21-a238-8b16771b08c9,PROD-0468,49623.09,2025-10-01,upi,success,4
2f8e8383-5a02-4dfb-be2a-751a45e8ae0d,24958839-f7d7-4d0a-b529-54f9478726c3,PROD-0329, 25671.52,2025-01-03,wallet,REF,0
69171409-0730-4b66-bba1-b025050d1fce,9a5f01fc-be20-4db1-8a95-983bcd763aee,PROD-0101,27616.01,2024/31/01,wallet,Success, 
5d54fbf4-513f-4f6f-9a31-244dd9248813,594ba83a-95e4-4be9-8759-e4327128da39,PROD-0300,42887.39,2024-12-17,upi,REF,5
82ad25c0-5270-4b02-b0c8-f7839d98abe2,401fb8c2-3190-44c5-a867-a2fe9b1d88c5,PROD-0122,5624.2,2024-09-07,card,success,5
c23b4f9e-b0b0-41f5-ac60-c1590fb76dcd,1c39ec7d-94e7-4c6c-9bb2-8175db2806d3,PROD-0413,1673.36,2024/31/01,wallet,success,3
943b6e55-759a-4f04-a8f6-341a5dee65eb,2e5b8ac0-9942-4478-bd60-d69ba0968134,PROD-0236,,2024-08-11,card,refunded,2.0
e3bf4efe-cb93-455f-aaa3-0b51db0de5f0,17a6c05b-899a-4bdc-8a07-6b242e44ae6e,PROD-0074,27500.69,2024-02-22,card, FAILED,2
d77d478d-4e80-4334-ac1f-ef02cf8d20f3,4b82b8cf-7fd5-4403-918f-1500a8ac3260,PROD-0464,24247.13,2024-03-24,upi,success,1
6e9d8077-2562-4520-859f-c65b60cbf9eb,aa1cc856-feb9-4955-a5cd-240eb9f84443,PROD-0289,-50,2024-04-25,WALLET,suc,1
9cc5c575-71d9-487a-bcf0-634f3738aa82,6d0d57d2-7dcb-490e-ae6d-021075beb59f,PROD-0003,46633.94,2026-10-26T15:17:59.686223,upi,success,4
40bbf9f3-2869-4fe5-be10-4a43a648acad,56ed38b9-2371-4e82-90ff-f340bfb032c7,PROD-0433,38511.66,2025-10-08,wall-et,success,5
3ca54214-df57-4749-8447-0e264879dafd,36c4c56c-3f72-4d70-8d4f-609bef4251b7,PROD-0381,23716.59,2024-02-23,WALLET,success,5
523e17dd-1dfe-4bcf-97aa-a7c89ccca56c,a752d217-6a13-4ca7-86ea-9191286674b8,PROD-0255,854747.03,2024-07-02,c@rd,success,4
0917f270-b8be-4939-93b9-5a2dc05dbaaa,789c2a5a-7581-488f-8dc6-741a9e8b6d19,PROD-0095,11248.55,2024-10-16, upi,refunded,1
463a6b5c-4af9-4d9f-a859-2cc2d2f8d652,25f8ae77-b539-4dbc-aa50-ed137ef9af3c,PROD-0062,14941.39,2025/01/10 12:00,wallet,success,4
e7d0e6e4-87ed-43de-a139-b8c9818da6ab,7fb1d391-6de9-4ff9-823e-7385d988595c,PROD-0073,-50,2024-07-16,card,SUCCESS,2.0
48d6f7a6-4316-4e8c-8818-8c959ce9f7f2,2ae29d5b-761e-431e-8c1b-f2ea50c8dd85,PROD-0446,26466.26,2026-05-01T15:18:02.182668,UPI ,failed,2
d4cb86ca-e044-4c47-b086-4568c3db59a5,347bcd81-bcfe-4cbd-9933-e88283d0446d,PROD-0343,-50,2024/31/01,upi,success,4
5f434395-ee50-42db-b8c4-e16dfc928ac7,9a8fb012-46db-4a1f-a59e-72834fc94811,PROD-0443,39505.58,2025-10-19,card,SUCCESS, 
954c7c0b-e264-4da8-9171-8d9b251db02a,cb57b60a-4e6a-45f9-bece-f8c9a21f0f7c,PROD-0394,29505.52,2024/31/01,upi,success,4
df4a3aa6-e10a-47ac-aaae-400c158bfec9,94de413f-4a6e-419b-b61f-c334f06b4f5a,PROD-0462,21277.42,2024-11-20,upi,success,5
e527f1d3-f821-4ae1-843f-e2453ff0500f,9b01bf3b-6a8c-4692-9ab9-5cf8dfb80f03,PROD-0363, 15226.19,2024-12-27,wall-et,REF,3
51c19d65-6a18-46c2-94e1-709926f91e87,9b120837-a698-4a2a-b9dc-5902b2ef6a36,PROD-0320,5129.14,2026-11-25T15:18:00.949532,upi,success,5
6ee4da19-c2eb-491b-b39e-83db80204804,74e6dc79-617c-45dd-b7ea-d0e0deb87e82,PROD-0390,,2025-03-04,cash,suc,1
ede79881-d34e-46c1-802a-febc78ba9abf,488704c9-1248-42dd-bff8-5d5b8f638f2d,PROD-0100,674153.77,2024-06-28,upi,success,2
884d4b64-335a-42a1-a9d9-e3b90b4f49e0,53eed760-a4ab-4d21-a570-330f88e8e219,PROD-0169,0,2026-12-17T15:18:02.681964,card,SUCCESS,0
219d879c-60f5-4e2b-a723-fec425271360,8d66b607-1871-4eec-9099-2094b9989788,PROD-0261,-50,2024-02-10,upi,success,4
6626d835-270d-4eb5-948a-0c7679c2d00e,0a7f5edb-7252-4717-aaa4-656a018d686c,PROD-0395,"1,200",2024/31/01,cash,fail,2.0
c71ab8d3-7c50-483a-aad0-0591ef881702,4c6a3530-f075-4558-aced-06a877a71fb5,PROD-0223,,2025-02-24,card,success,2
310856bb-6c29-4380-b94d-c5712a13be36,1f4fde47-b986-4db6-8dc6-e7cd15c0b4ab,PROD-0358,9208.94,2025-02-03,card,success,1
f0e86aa2-7835-4d1e-bccf-c19fdc424f5d,7eab6b7a-53af-45b8-b5cf-e95c2b050933,PROD-0217,46170.91,,wallet,SUCCESS,-3
e96e816b-159e-4e4c-b28c-6b6f0f5e3bec,d7d50d3a-d7bf-494d-ac1f-778063eb4bed,PROD-0117,22237.87,2024-01-08,card,success,3
fa588a8b-4dff-49ad-b58c-e8232e7e1f44,708195c2-b701-4781-a4cb-0e4372424403,PROD-0472,0,2024-12-08,cash,success,2
923fd372-1da2-48bb-9d51-d24f09fd73f3,01c077f2-3054-4b8b-9849-97623e46ada7,PROD-0232,14199.88,,wallet,success,3
16d9aceb-390b-482f-bfd5-e02c84544530,8c65890f-4bac-4eac-addc-01254ca7d432,PROD-0451,7320.83,2024/31/01,cash,refunded ,0
a58558d9-ee60-421f-9698-e8e3eea6d7af,1678b38f-daac-4451-93a2-3c5e290a7d7c,PROD-0289,8886.49,2024-11-12,wallet,failed, 
0bdf8843-0820-4de1-91a1-e1c4c89d5101,b8edbcc6-74bc-4bdb-be02-9b118e9e9ed6,PROD-0186,30575.94,2025-01-18,cash,refunded,5
309ad23c-2efe-4862-bf4c-3940ed256507,6b8eb71b-b850-46ec-b71e-bcea468e90cd,PROD-0081,40719.71,2025-07-28,c@rd,success,2
9b3c1205-e59f-492e-b41c-659f41f71b88,4aa3f4ec-44b9-477e-a07c-d7820cc11138,PROD-0230,0,2024-02-19,card,success,5
88df195e-c231-4494-b77d-4f8c61bcaf4d,e018f2b2-e1ff-47ef-939f-a7ed4a5f2bdf,PROD-0277, 10094.4,2025-01-24,cd,success,-3
ecc3ee92-b616-4476-8e89-31d4902df11a,71ff161f-a08f-4964-9b52-91630b2bf1fa,PROD-0088,"1,200",2024/31/01,cash,success,3
79f2635f-2a04-43c1-be92-4993d16d315c,df1f47ec-124c-484a-a8e7-004e9d1d32c8,PROD-0021,"1,200",,card,refunded,3
8d742b0a-0863-4902-a7eb-e193178de1c0,46b82722-2779-4168-8f92-7d78fa6b0af9,PROD-0302,3344.31,2023-12-27,card,success,1
cfa51095-19a5-4add-bf33-3bd842509904,4fea8cbe-a7d7-41de-bcca-d6d4dce57080,PROD-0182,0,2024-05-13,wallet,success,5
923cd6e4-b983-42f8-8152-3e6c5ee21a6d,62c65f42-b9a5-4e83-9728-305a3c724b20,PROD-0124,46427.0,2024-02-11,card,refunded,3
e6135498-325d-4cae-8144-ebdf41987148,e99392ee-ff54-4a74-be40-ca3f3362191f,PROD-0115,40580.22,31-12-2023,card,success,1
9e02d8aa-2aa1-4391-9ef5-5378a4ad3789,ebbd5e2f-a3a7-44d8-97e0-a8d014d03413,PROD-0106,"1,200",2024-10-07,wallet,success,5
8251f84b-e875-4943-876d-51df16506f0b,c8f6ac15-175d-447b-a3c8-0276774bf4ce,PROD-0495,-50,31-12-2023,cash,success,five
6329af0c-8a5c-4778-8ac8-5806ef5b42c6,de21a013-5971-471f-b560-155b7285450d,PROD-0493,30423.37,2025/01/10 12:00,wallet,REF,1
10d212fd-5d69-4c3b-acb0-e7000c20c65b,3f046f0d-e8ed-4cbc-9837-d44de9f72cd5,PROD-0174,19764.19,2025-07-23,wall-et,success,5
08299bcc-2b42-4b6c-8842-7a87abd50b2d,90856254-e452-48af-99e7-cf73803d662e,PROD-0347,-50,2024-09-12,upi,success,0
89a9881a-e175-4d01-84d4-e00d58037ec1,daae8580-bb5b-4851-a211-ba84fd3f4f24,PROD-0157,46215.94,2025/01/10 12:00,wallet,success,3
82231315-4f6e-4095-a16b-5018b6d29265,9db97eeb-e58f-416b-b226-eb8b7c458eaa,PROD-0194,"1,200",2024-08-15,card,success,2
30aa2a79-f33e-464b-87dd-87d82330d706,5126a1e0-9846-4643-9f95-8b295cb4f370,PROD-0335,,2025/01/10 12:00,cash,success,0
0295a2b5-8b4c-4042-834d-131cdaea9e40,06ecc21c-2664-4566-8f39-748240950806,PROD-0128,13491.93,2024-02-15,wallet,SUCCESS,4
785f9df0-0734-4758-87de-02bd61bf0524,c0a30a35-77d9-4fc5-8286-1e845c149d75,PROD-0387,37193.88,31-12-2023,card,success,3
5f2587f3-b7e7-4b67-a403-40c8d2400005,5d1b669c-c248-4f56-abcf-99bc688df73f,PROD-0423,34227.83,2026-02-17T15:18:03.144739,card,refunded ,3
c3f6b61b-3617-4389-8358-457ab8b43978,504f7cbb-e264-414e-8a5c-08f4a9f4dac1,PROD-0005,21239.91,2025-06-01,card,success,4
f97fbe11-7bf9-4750-a7ef-5beb6e4e23ef,0ddade29-8fa4-4ac9-b447-fff518827400,PROD-0064,41728.91,2025-06-09,card,success,2
486c0347-2d36-4116-bb8e-1ecb9dd6b434,cd93d749-517a-4b55-aced-2306cf328439,PROD-0123,14731.1,2024-05-03,upi,success,5
91b335ac-38b2-4f21-8c36-3b789671c29b,24377cf9-725c-4420-b45e-44493525a0ca,PROD-0007,22978.79,2025-03-08,wallet,success,3
bf633894-e41e-432d-ab22-ff364951807c,9ade4ad8-6a5a-4a26-a1b4-99808b6b4b33,PROD-0166,19054.95,2025-09-11,upi,success,0
d87130e1-dc51-4f75-b607-84044c51ec08,7674480d-933b-4b77-b22b-fbbd11e732ce,PROD-0040,681490.58,2026-06-07T15:18:03.009344,CRAD,success,1
d3e93964-fb64-4500-bde9-345a70f8624e,c30becb9-3174-488a-bcf5-88f76167237a,PROD-0404, 25080.9,2025-01-27,card,success, 
a8ca8c50-4bdb-4167-ab32-e04acc9a94b8,359cce80-2319-458a-9bc5-951a6a61cf01,PROD-0058,3415.06,2025-10-17,upi,refunded,1
92405e4a-c9aa-4a19-9a34-4211b807e53c,7010aa46-66b4-482e-b302-14fa3fdf6904,PROD-0205,9124.98,2024/31/01,upi,success,4
019ed3bc-5040-478b-9a5a-4947b0dac8f0,16258ba2-c29e-4bd7-a98e-a971d035e33e,PROD-0270,-50,2025-07-18,wallet,success,0
cfc667f5-84c1-4b28-b7ef-ed2ff7fdc5a0,de023ca7-d5b6-4f8a-8108-e3ced588b6ad,PROD-0098,-50,2025-10-21,card,success,2
494bd9e0-17c6-4ef6-819f-7f2adfa07c25,8b55e540-b4a8-401f-a147-7c52de18bbd3,PROD-0272,32990.08,2025-04-21,WALLET,success,2
728ddc0b-e1e2-4ea4-ad22-870dca9dc32e,b82c27c2-e3f1-49ef-b9fc-9da586ea22c1,PROD-0033,18526.52,2024-08-29, upi,success, 
3660ab7b-5bf3-4af8-9edc-dccb99ab4366,e05b0e39-516f-4524-8bcb-95f190d17fac,PROD-0237,30494.45,2024-09-10,card,fail, 
fa9d21a7-6937-43a9-8822-d9b4f6f51ca0,051e21af-d1fd-4461-a215-97e2601e9adb,PROD-0087,990181.09,2024-07-06,cash, FAILED,2
21396cd4-bdc1-4d98-93f7-02bbb42d637e,892f0583-6b71-4420-96ca-3743e8ed38e7,PROD-0174,36269.22,2025-10-21,cash,success,2
34109a23-3213-4074-a452-767f15015f04,f76fb52a-eb9e-472c-8172-5cc8fb8a9e16,PROD-0442,42325.32,2024/31/01,upi,failed,2
53ca531e-768e-4bff-bd12-ca67776f9d1a,69f02fdb-49af-4f93-85e8-901436810427,PROD-0300,"1,200",2025-10-20,card,success,-3
21e76c36-32dc-4e91-a2ab-c7ab6b4b20a9,6fa8d708-24c4-44f7-b9d9-8e437328ecca,PROD-0476,25198.4 ,2025/01/10 12:00,cd,SUCCESS, 
ff1d4f7c-44b4-492d-a2f4-69262432a0a2,a70a7c84-5a53-419f-81ba-9c08f55af8bd,PROD-0096,46923.32,2025-12-28T15:17:59.636811,wallet,success,3
f44c55e8-d2d9-48cd-ba5c-c705c3005c55,6e2ff6be-8965-4741-8b99-1e21cc600fdb,PROD-0333,22634.97,31-12-2023, upi,success,0
b1e8210e-c671-452c-acad-c023d2ae7fd1,4eb9f00a-8c86-4b29-ac34-41e1fc398395,PROD-0358,"1,200",2025-01-15,c@rd,success,4
1c395ed2-8218-4239-adeb-e1be6fea3cc9,5055dd5e-b2cb-4115-b3bd-1d45bf37afc8,PROD-0491,661048.85,,upi,success,-3
f68e58ae-92b9-45cf-af1b-b56daa2222a0,ebdca830-8b22-4399-bdee-c8c1a1b1181c,PROD-0450,15031.34,2025-11-27, upi,refunded ,5
be351ab8-120f-4a49-ac3f-90a774e5b357,03d70596-e48b-441f-b27e-6a3e417c29e2,PROD-0456,-50,31-12-2023,CRAD,success,1
b0fcb2a7-6fb5-44d0-8526-e63bc69295fd,6f35520c-3299-4c5e-a6f1-2e2e18b98051,PROD-0140,44710.43,2024-10-28,card,REF,five
1f36b064-e3f2-41bb-a4a2-8cab345a3114,db47f311-e85c-4537-96b9-5801ef70d9b2,PROD-0306,20959.38,2023-12-24,c@rd,refunded ,3
93290833-37a2-497d-8b96-ad80d82effd9,4d4fce3b-c364-4be9-9ff8-e35b7d7353e0,PROD-0012,40492.91,2024-05-03,card,REF,5
176d7830-e367-4ac5-867d-6293345ea70f,77d7c2d4-5349-4b59-92ad-a0b531d8d069,PROD-0378,3083.29,2024-02-27,cash,success,0
44f7fafb-b439-4a93-bba4-f37f03f5df23,d5feea25-90fe-48fa-b842-37de9e101d1c,PROD-0133, 16878.24,2026-06-28T15:18:02.595976, upi,failed,4
d2c1800c-658a-4337-bab2-e7956a3bdf97,8b5a401e-9016-4f14-9fc1-4f027ad43aaa,PROD-0027,,31-12-2023,wallet,success, 
21bc333a-c65b-49f4-a6c2-4c85742413d8,b243808b-8692-43d6-9d34-382a66c0cdc7,PROD-0103,18710.92,2024-07-21,upi,refunded ,five
e1c7928d-f51b-422a-b5c3-17e5e7b19474,e12a1b98-ce72-46f6-b751-eb1012a858e4,PROD-0237,27025.21,2024/31/01,wallet, FAILED,five
e2ec30b4-fca8-4c0e-bfa1-ad9c328b19c0,d28baa5a-54d0-4419-8a2e-49d137f5980c,PROD-0234,24574.92,2024/31/01,wallet, FAILED,2.0
212a5c07-ec08-4bf1-a3fa-cda0d517b63e,216a9bc5-c02b-4d5f-a018-ee6e025cf7e0,PROD-0361, 11569.47,2025-01-09,upi,success,five
2313afce-4c84-4fa3-aca3-d1840940ad47,b9ef4cbb-cc75-4d48-a17a-b9ed9df542fa,PROD-0332,47748.9,,cash,success,1
456a2f5e-8502-4d80-8150-f908e509d983,dc458434-944f-4e00-9679-361fcce8e188,PROD-0398,201922.4,2024-10-31,card, FAILED,3
f3be1651-6b93-4ed7-b22e-4782b2c27dc2,dcef20e0-d27b-49b4-83f7-b5110d4f2fa4,PROD-0363,26437.17,2024/31/01,wallet,success,4
178f662f-07fa-4a44-bdb2-b4d147d747b2,c51d6d8c-35bd-44b8-a9fc-8a93c94b5852,PROD-0203,4982.32,2026-02-16T15:18:00.200231,wallet,REF,3
8c000139-c30c-4eee-a96c-9b9fdbd4c66e,05816362-59f6-4bfc-8c78-71a0b3f51ee3,PROD-0208,1771.07,2025/01/10 12:00,UPI ,success,1
b528d0df-93cd-4399-9f70-5afcd991eb88,545a256b-e6e3-4eed-bbe7-c37cef6b1e17,PROD-0273,16512.35,31-12-2023,wallet,success, 
d6ced319-99bc-4fcb-9f67-66b6f1b4c085,76cb7f65-08c8-4745-b3a8-16cf94a66665,PROD-0271,20586.65,2024-04-04,WALLET,success,-3
0248ec16-1434-42b1-b930-c888c2427608,c44ef51d-41b4-4d18-ab00-dfd381b8528a,PROD-0358,7431.64,2024-07-16,WALLET,success,2.0
03077569-bfa4-49fc-b10d-3e0e186f6efe,4eb2d4be-df93-4df0-8013-e1663fe1c975,PROD-0453,41136.03,2024-12-19,card,success, 
52192c0d-5f71-48fe-8e10-a803efdeae4c,93706a12-84f5-4c56-9dd5-d12a0f497efa,PROD-0176,32088.59,2025-07-22,c@rd,success,5
108d9adb-0461-4a4f-9484-7280fe44b6aa,84d357bc-ebd6-4f0f-9d8e-637de7746311,PROD-0425,38663.95,2024-01-26,upi,success,2.0
93917117-263d-40bb-bc4d-3b3db7d0bad8,6158ef3b-f1a4-4169-ab58-741b3bc04795,PROD-0086,5934.7,31-12-2023,cash,success,3
f458234a-7545-42e5-83bd-d5a4267d6c23,29db7469-ba69-4f63-b410-f887aa5daff7,PROD-0003,19742.17,31-12-2023,upi,success,5
11340654-e59d-41d9-8eef-873a42849825,165e3dcb-0de1-4284-a6ea-ed8a4d1709ff,PROD-0247,13087.67,2024-01-31,card,success,5
ae019331-f7f0-460e-b1f0-b5f2b4b360c5,940a56ac-790c-45e2-873e-b766643e2eb3,PROD-0452,0,2025-09-02,card,refunded,2
2fa98a8e-8d41-4640-a05a-bb6aa6860c9c,8a418e60-884c-4bd6-bd05-28e705c300a8,PROD-0266,34316.58,2024-05-03,cash,REF,-3
afd32fd1-7e22-47c5-9014-54cf2419d7b1,6e2169ce-b5eb-4296-9249-06f8d3c38b6b,PROD-0499,679.13,31-12-2023,card,success, 
bf8c3c5c-e1a9-40ee-bde7-54e1c91f69a7,85e3da83-0bea-45e0-a115-41b9a60b4398,PROD-0084,31289.38,2024-11-21,card,REF,1
3b35a329-68c1-4fd4-ab87-b0df751ad7cd,0140889f-317e-4f39-81fa-6adbda588e59,PROD-0491, 4111.01,2024-02-15,UPI , FAILED,5
77614313-9a78-425c-aad4-038072ae1503,53e10d44-5d3d-4794-97f5-75a32724a53f,PROD-0220,2692.9,2026-07-10T15:18:00.244721,cash,fail,2
596fd9d5-41ef-4281-8957-6d0243ca4379,9e2b1d2b-c8b8-43ed-af6e-1a94b1a43d95,PROD-0181,49084.61,2025-03-04,wallet,refunded ,4
d5af4820-5447-4af8-bbb9-fdbda2c37953,25cb0c84-d9b9-4ef8-9a62-84d8fc9daec5,PROD-0423,40268.52,2024-02-28,cash,success,4
a0d65fee-1e16-4213-ac98-44a5d50b051a,62f5cda1-2628-4a2a-b936-b04e67102483,PROD-0408,8606.0,2024-12-16,CRAD,refunded ,2
06934fb1-7348-4b81-bb5c-4e96006e662e,ee32ab89-a9e4-48df-8bbe-c555c6cccb69,PROD-0148,27142.87,2025-05-05,wallet,refunded ,4
5dd13bcc-438a-4729-a412-ad5c02f31b1b,d31e4bda-7c06-412c-87de-acc310447c8c,PROD-0240,5017.06,2024-12-23,wallet,Success,4
680ed1af-1091-44c2-b57e-e22c100d0e94,671b53c5-10d1-439d-98f5-e61d1f1899ac,PROD-0136,47160.42,2024-10-01,cash,SUCCESS,3
b5110ac8-212b-4d17-9476-048615aae6ae,26659b34-ff45-499a-a048-49d70dfe73d6,PROD-0120,,2025-05-23,upi,success,2
05c40a1d-9594-4246-8f71-ffed80733f7a,672489e7-c1f9-463a-8c72-1b295449697d,PROD-0154,43580.2,2025-11-18,upi,success,five
91b55756-e017-4a82-ac70-e16d82b436b5,819e0721-92dc-4db9-b1c8-3e66f2443064,PROD-0078,-50,2025-08-16,card,success,4
4a0e96fc-8c13-4ede-8cb6-6b68505941d9,56d5089b-6882-415e-99ba-72134307ad22,PROD-0475,44420.31,2024-07-08,card,success,1
71ca9851-7a11-4803-a9b8-14b584a01e44,20b16e56-7532-4c76-aa5a-ec7ce0fca57e,PROD-0127,9922.47,2024-07-16,wallet,success,-3
7965443a-2f31-4c94-8754-7a49644a470d,15f39d38-1a16-49ce-8178-1cb8647e4b63,PROD-0205,36698.18,2024-01-28,wallet,fail,3
a1aa12df-4b7e-487c-b97f-a7cf77888720,eaf2b692-eaa4-4eff-9e5c-0342c5f3fc76,PROD-0259,34087.52,2024-10-23,cash,refunded,2
fb612397-9b7b-46cd-af55-fcf4da27d7fd,a60064e4-3a71-4ad6-a104-0c9dd40d5fc7,PROD-0303,35430.22,2024-05-25,card,success,5
9c0ddd8f-c45a-4f0e-9a66-9f51861e6bcf,1ee8c48b-c27e-4e96-90da-52606c77961b,PROD-0232,13536.26,2023-12-29,upi,success,4
2e6fd8d2-d021-41ea-8fab-ee895aacb8bf,35b4bfd8-913e-4ab1-bd52-5644978e4852,PROD-0067,27742.06,2025-01-09,cd,success,5
e0e3800d-c7a4-42ca-b455-df454b1d428c,7c8ed601-2c28-46a8-b611-6c23f78d7957,PROD-0128,34968.68,2025-01-12,CRAD,success,2.0
1611c9e8-956b-4957-8954-9ca4b0c58240,589a6f26-84ee-42cd-aa97-6b24ba96f2e0,PROD-0075,34810.77,2026-09-27T15:18:00.748885,cash,REF,2
1dde37bd-2648-4280-92c7-4bc4473c4f9d,cc0191a6-9a72-4370-9591-9601afeed4ef,PROD-0175,-50,,cash,SUCCESS,-3
e804ac4d-785f-44e0-a60f-ed48f8bd9a05,e9cc6f76-2478-4359-9506-455f3734864f,PROD-0309,22775.53,2025-04-17,cash,success,5
c1354152-80c4-4558-a867-9030d95b8c24,7de2dcc8-7fd1-43b1-a967-42438e8b7421,PROD-0198,41106.88,,cd,REF,2.0
15cba10d-da0e-4a23-9b74-4836ff06c0c8,bf74d9cd-8152-4b0a-b790-af1cc8a7344e,PROD-0204,591977.5,2024/31/01,wallet,success,3
9ab82e80-582e-44b4-bb4e-cdd3ff1bd683,03bca1ad-1258-4155-8e01-32db11d0905a,PROD-0310,6188.95,31-12-2023,WALLET,refunded ,five
1d85a879-ab41-491e-8eb4-fc5c7d20349e,fdd1a4e0-5ced-4dc6-807f-e27281a8c28e,PROD-0305,874.55,2024-12-23,upi,fail,1
d890572a-4c9f-4ba0-8984-38dbd398083f,5f7784f0-79cb-4b4e-b73c-f9507c70175a,PROD-0494,2264.09,2024-06-20,card,refunded,5
b24cfa15-286f-4e1c-8795-af40a3276a92,a58d20cc-5643-4949-bace-a0fa16550c9b,PROD-0408,-50,2024-12-23,wallet,refunded,2
1fa2b465-be61-470d-8960-290c92ec78ec,99210a9d-bb43-4fdb-84b6-f2cbd517e447,PROD-0166,33867.84,2026-07-27T15:18:00.788169,upi, FAILED,2
87d1e4aa-8ead-4cc2-9988-30c24836b3b1,f4a5bcaa-544a-415f-abf5-8ad58dc68e70,PROD-0112,,2025-11-23,wallet,success,-3
0fef6abe-35f2-452d-81e8-2906d876f06e,b01fe56d-bd1f-4cbe-864b-f58e98c73c7c,PROD-0139,3715.16 ,2025-01-18,wallet, FAILED,4
1f6158f1-939a-463c-8cea-b9d582e5993f,7cd2f46c-8d71-4108-bfe6-92e9180de98e,PROD-0215,29055.75,2025-11-20,upi,success,5
9b1058b1-df52-497c-926f-14dcc2ef6f77,4c89807b-4282-4685-8fdb-df08faa0dd1d,PROD-0184,0,31-12-2023,wall-et,SUCCESS,5
1105b53e-d09a-461a-a470-e0a400fb5526,2ab9b7c7-5a56-49e9-a690-72eef73b2f5c,PROD-0016,617885.77,2024-06-08,upi,REF,five
64d6f3b5-d86e-41be-a0dd-5bc170124898,b8d8e671-1e74-467b-80ce-dd3692dff689,PROD-0157,40173.66,,wall-et,success, 
41ac76e6-0a4f-421c-a98c-88c0ffac7907,2f48193a-30dd-4d92-a7f9-4d541de1a2f5,PROD-0263,0,2025/01/10 12:00,upi,success,5
da3ee57d-abf3-4b72-ad68-0948935ec898,96427e75-225d-45b6-b22f-e8d6c0670636,PROD-0343,444555.28,2025-01-17,cd,success,2
8f505650-9861-4e85-8d4b-31c90aa2df39,a5091a4c-4be2-4619-805a-a0e3489311c3,PROD-0005, 9160.55,2025-01-25,WALLET,success,3
9628993a-479e-4a6b-ac25-9e3b40a9797c,b3b2d2d7-ec72-4a07-88ce-944c5ccf0955,PROD-0094,34087.98,2025-11-27,card,success,3
85a17211-9a17-4c0f-bb44-dd3dd8f2e162,92a5d8b7-95a6-46a2-aeb0-87c85f9a6bb9,PROD-0160,41287.4,2025/01/10 12:00,card, FAILED,5
b26a5ef4-217a-498c-a616-bccdc02a5a22,7090cb6f-834c-4298-8476-4ef32090cff4,PROD-0043, 48869.72,2024-10-07,upi,success,2
ee8f76cb-3ce7-45b8-8dd2-df9413741ade,b4023fb8-587d-4c88-8e64-32d5b9a42a01,PROD-0444,20455.91 ,2025/01/10 12:00,CRAD,SUCCESS,4
372ec78f-fbc5-466f-b586-680e135d15cc,883ac797-0d4c-4747-a6d0-5dd61fa54241,PROD-0134,155.93,31-12-2023,upi,success,2
0414e32a-8612-4e81-9506-0be5be41624c,710b9544-9b01-4364-84b3-e04f8368a5ad,PROD-0398,46027.05,2024-02-05,card,SUCCESS,1
aa802e91-97b9-44df-ba6b-cc71237ff322,0aa8cb83-29eb-45ed-a0e4-f09451e3d389,PROD-0384,38223.32 ,2025-11-10, upi,refunded,five
9edd88e0-1fcb-4a5e-9366-d3d23286feaa,5be8db71-0f9a-4c42-8321-7c200556f6ed,PROD-0080,-50,2025-07-29,wallet,success,1
eb050616-3c2b-4ab8-87eb-4b3392635410,7186087a-97d8-42fe-971a-11313a82c590,PROD-0008,19620.76,,wallet,success,-3
d4c846f6-1475-4753-afaf-23d040d5c478,826a2ddb-aed2-41c8-b983-741ea43ba4da,PROD-0291,0,2025-11-07,cash,success,1
66d5bec2-fe3e-4d9b-90b9-83b328d474c8,dcfc796d-1169-46f9-bd73-d3f4344f874f,PROD-0215,45074.99,2024/31/01,wallet,success,2
68ff1d55-cb37-47d3-94c4-b9878e6426ba,0afafc7d-40aa-4428-8a37-104ff42737d6,PROD-0484,29793.79,, upi,success,4
fa3107d5-77ae-47b8-b65a-b7ab2f4edbee,cf79cb12-d675-4a19-95f8-e9efb04f6838,PROD-0190,33335.07,2024-01-19,cash,REF, 
d4233273-5e1c-4d71-bc10-494b54552eaa,16d0c9de-a839-4eda-ab16-c8d1e9acf759,PROD-0268,42465.38,2026-09-14T15:18:02.828667,wallet,success,3
daec0f15-87e5-4ec0-a176-833d9d3e43d2,4b362506-28a5-4f44-9e51-fa95a8690b98,PROD-0007,28652.89,2025/01/10 12:00,cash,success,0
c1b6f33c-2ad8-4408-ac90-182508b60cc4,a2ff4c2a-6181-4ace-8d05-8e5e1aad067d,PROD-0490,15293.43,2025-05-28,upi,success,3
a0cf7d76-1a72-4748-b96a-e6a237964c5f,7ee3dfae-24d9-47de-84a4-5c45b3d218ce,PROD-0068,46052.61,2024-09-28,card,refunded,five
8a9d8dd0-2c19-4f4a-a49d-977ccdc4419b,cc532b3f-c7ad-4414-9bf2-bc4282e9a75f,PROD-0079,"1,200",2024-07-26,cd,success,4
4459a278-00cb-44a5-bf28-250cc5d2c1c4,00d51a7a-6516-4097-b3da-913ddc0e6184,PROD-0122,44882.25,2024-06-10, upi,success,five
9506092b-671f-4e08-8f45-db598ffe4ccf,0f80abfb-8318-4ba2-bfd7-c5384fdd4738,PROD-0244,21461.95,2024-10-06,wallet,success,5
adc5ac94-2a19-46f1-865e-af218b4940c5,88f7e1e0-3699-42d4-90fc-208fcc84acbc,PROD-0043,1088.06,2025-10-30,wallet,success,-3
1daf9ba0-248b-4a1b-b602-a0aa8dea9fc8,0b91ea3d-fdb9-4b47-a75f-04f37d885dc6,PROD-0253,18484.62,2024/31/01,card,success,5
8ffe75dd-4db6-42f5-bdf1-bca9d749ca4d,ce6e1480-a47b-48f8-9bb4-35e15b84bcaf,PROD-0008,38357.64,2025/01/10 12:00,wallet,success,3
ea51ff38-9cec-4e3b-b2ae-b39489b14ba5,7f86c22c-5a41-4812-9e3d-6b767fd5fe17,PROD-0449,25303.14,2024-04-24,card,success, 
9382f212-6e75-499d-8bae-8ba6d6584654,c5e58284-0ff0-470b-aa4e-b128e2fa4d76,PROD-0328,24799.37,2026-02-22T15:17:59.625015,UPI ,success,-3
84ae1d42-2db8-478c-abd2-9fa875fe1a1e,3a1eaec0-cf2f-435a-857e-168be6566aa0,PROD-0017,6299.55,31-12-2023,CRAD,success,2
9d67037e-3cac-4915-9eee-feb700db8f04,4df4162f-fe8a-477b-a89f-df87203d0c0c,PROD-0218,7614.79,2024-04-28,wallet,success,2.0
3028117d-678b-49c5-a45a-1a43e7cc0ad4,80ad4431-0983-40a4-8421-e3a88e5cb44b,PROD-0317,31703.5,2024-05-02,upi,success,1
0720fd4f-475f-4358-937d-bd091a80f03a,fef0e3e0-90f8-4870-9ae5-1ee97d3d34f8,PROD-0447, 18512.99,2024-03-16,cd, FAILED,2
273cc719-b7b0-4d5a-a17c-ba3969933a6a,71d5d204-8a32-40c5-a40a-db51125f9ec6,PROD-0265,35391.21,2025/01/10 12:00,cash,success,2
90dbe264-a853-4830-aeb5-e38e498d1d14,c6603dbc-e363-4036-b0d6-445b91a04181,PROD-0303,3933.71,2025-11-27,c@rd,success,5
603b9837-af7d-4065-a7ba-be13a232d0a9,20e36c1e-a01e-46b6-9cb8-d7e7f9740744,PROD-0368,13360.18,2024-03-07,upi,success,4
3c0d6020-aa12-4904-bc65-422aca0efb8b,755debca-c548-455a-bcea-4c8344231152,PROD-0112,38514.59,2025-05-23,cash,success,5
22ef7fa6-8a4e-4010-b597-51efe2cd87ac,bd494e76-4b29-4a2b-b221-bc4d91a457e1,PROD-0079, 20699.4,2025-10-11,cash,success,five
9fd13fab-8b83-495c-8f32-65c90083fb89,7fdb0ed8-770e-4125-afad-8af199924f1b,PROD-0054,758924.7,2023-12-13,upi,success,1
95df38af-7a2e-49e5-a847-79fb34667db6,5509e87f-414a-4c17-9653-8ff16d832e1e,PROD-0070,26275.84,2025-07-16,upi,SUCCESS,2
0e7aafc0-93f9-4e6a-acc8-7ea212abdee5,4ff39b5a-0aa9-4869-aeee-2ac5e63d3dd1,PROD-0452,30012.27,2024-07-24,wallet,success,5
d6083eeb-106d-45e6-b1f0-3afa5a309b8e,7c0bceb8-dd1b-478b-bcc1-cf42bfd73a35,PROD-0428,"1,200",2024-07-04,cash,success,5
0c79038b-693f-4e6d-aec4-1281bc4b5127,b999e31a-7d7c-470d-9752-547caae66980,PROD-0482,22641.42,2025-01-11,card,success,-3
0195b895-2968-4e59-ae62-6dd760ac561b,03eb3688-8fe6-4ad5-873f-c78f569aa350,PROD-0030,,2024/31/01,cash,success,0
3fdbfb01-c957-4e57-b360-c47db084a523,0a3f92d9-a525-417d-8a67-13e497f137a2,PROD-0350,-50,2024-03-12,cd,success,4
35f52579-b8c3-463d-a4a1-766c82cef231,b71b39a0-7628-4a28-875b-8df7060f2aad,PROD-0296,"1,200",,card,success,5
450b13af-c946-4467-97cd-6f50cbcb49ac,9cdb403f-e93d-4d5a-9c70-0d34822cdd34,PROD-0275,47584.45,2025-02-16,upi,success,5
4f33a61c-9a1b-4c5b-8b6a-8938975da23e,f0156266-6e0e-498b-b004-3c23136b3ab3,PROD-0227,22708.98,2025-03-30,card,success,2.0
b3f3b9b2-42cd-4ba9-948e-eeca9ffeb436,72a5b888-4f4c-4fc8-88d1-97e1a44ae860,PROD-0312,36445.19,2024-07-19,c@rd,refunded,5
ad545b03-d0fa-4bda-85ea-6a3683539969,e534fb90-60a5-483e-9555-9b2f0d5af20e,PROD-0434,,2024-09-30,wallet,failed,five
aa2a19c4-7e7c-459b-9e29-e70da18ce509,14ddf300-56b6-4e6c-86d3-84b615bae2a7,PROD-0161,25800.16,2024-08-04,card,success,5
e55d4a75-eb6e-4a08-bd73-9fda2157b8c5,14425cee-6549-4381-955f-8fd33156b783,PROD-0231,14700.29,2025-06-22,card, FAILED,2
a3b486d9-611d-4c53-b9e3-d4020fae6da3,a47f233b-d30c-4d17-b18a-218948ef9efb,PROD-0018,45683.29,2024-11-16,upi,success,1
b0a87adb-e024-45e5-9ac0-601ba53137e8,65447e93-a89c-45b9-8353-c637be2ea558,PROD-0187,49754.6,2026-07-31T15:17:59.728228,c@rd,Success,1
073d50e1-1806-42b9-b30e-874bfb02df91,8031e0b7-090f-489a-8296-4155ebbcd182,PROD-0323,669.89,,CRAD,success,1
10e22e82-c86d-41da-abe0-629295441f53,5d7565e7-da53-4d88-88a0-5714dfb8b223,PROD-0486,1643.46,31-12-2023, upi,success, 
63a32205-a39b-4083-951a-c2ec14736baa,ae007186-fd72-435a-b3c1-57244372d3d6,PROD-0402,1072.66,,CRAD,success,2
4d9d5566-245c-49d9-af30-20153b8e73b6,b87590d6-f719-46c4-9294-e9667cc7d2c7,PROD-0432,,2024-03-25,c@rd,success,2.0
5dec0065-a3fd-4d48-ba84-aa586a832ebb,c4b07245-cf30-44af-9337-abcb530346e9,PROD-0065,32429.07,2025-01-29,cash,success,3
a6ca6aaa-3b1f-40dd-b8a9-3b1b86ac0033,2fb4bad6-d6d2-4690-8dc1-c174901eabb5,PROD-0036,7680.91,2025-10-18,cash,success,3
83ca0c77-2e6d-44df-ba56-f9bb04dcdd22,7267bca4-223f-41d2-bce4-614b273ff626,PROD-0439,41909.44,2025/01/10 12:00,WALLET,success,0
1a2da5e8-e444-4adc-92a7-e4af18d05782,e07ee391-19b6-4530-9196-773d13e324c1,PROD-0282,4062.8,2024-12-20,upi, FAILED,1
13c43f89-d556-4c5b-ac29-8dc69ceaf961,13932000-15d5-49cd-9608-664846f0b302,PROD-0271,-50,2024-03-16,wallet,success,1
6097ec63-0699-4c26-a299-ee847692a7c4,83b957e2-5c17-4db0-8aca-567a530dbcf7,PROD-0224,15702.07,2025-04-05,upi,fail, 
3b88f234-2457-4138-a36a-92d0526f7e0f,b973757d-18f0-4cfe-af37-2607781b625e,PROD-0019,776110.39,2024-08-05,upi,success,0
02616b28-18d6-48ed-9860-81838e31ef9d,1758146c-cffe-4698-9c0a-88c86e026b25,PROD-0433,,2024/31/01,wallet,success,1
037c149c-4d7b-4c83-a117-f45fe2e0c3ea,cd65df7b-0f20-4cc9-945d-d38b6b596acc,PROD-0105,,2025/01/10 12:00,upi,success,1
0c947729-e0dd-4659-ad8e-dccd30492b5a,0878ebf2-8264-4315-bbbb-c5f6dc5fb6b5,PROD-0067,36584.68,2024-12-20,upi,success,1
a521f20a-1905-4b0a-998f-30d159c99736,4a779072-200f-4055-a1d2-066ba7df020d,PROD-0287, 5860.21,2026-10-28T15:18:01.557185,card, FAILED,2
28e85aff-1ec6-4a66-9b24-dd1f9d6d7c2f,04c8387c-ca2d-49c9-adb2-8ddfb7146fff,PROD-0431,6899.38,2024-11-18,card,SUCCESS, 
e7c85747-f0aa-4cb4-964f-2553cdfcdb07,85c7a756-9242-411d-991e-4de9951d707e,PROD-0197,40443.29,2025-12-19T15:17:59.807999,UPI ,failed,0
0e83138f-118d-411b-a535-b7cffe3fc924,4ec3dd2e-7465-4ab9-83d5-66dffc478dfb,PROD-0199,42636.51,2024-08-26,card, FAILED,2.0
74154d20-4976-4a08-a39a-24d1763fc307,62564080-f79c-4399-ac81-d7b2c4eea9d8,PROD-0282,19212.2,2026-04-14T15:18:00.940559,upi,success,2
976a887e-d34f-4186-952a-2e6bad42768d,c5e05b0c-2a2d-452a-8b00-5f746d21e6bc,PROD-0458,120837.71,2024-05-28,upi,success,5
1020056a-dfac-4327-8cde-f08a94605fec,91e3da38-3541-4d54-87ec-9ad7b6597f7a,PROD-0158,39394.69,2024/31/01,wallet,REF,1
77a3a948-d0ee-4b9d-a1b3-0bc2979c68e8,7a60aa5a-f1cc-43da-a160-3cf3fc4f6a12,PROD-0098,34277.12,2024-02-27,card,suc, 
6b4f6bb8-ea8c-462d-920a-fb7e97a321f4,a2051c38-e924-48d2-a92f-6564763d647b,PROD-0313,29505.07,2024-06-21,cash,Success,1
d70c2e35-7170-4a28-a60f-bf27d100ff02,1af924fb-50f9-4313-b5af-1445925323cd,PROD-0419,"1,200",2026-09-26T15:18:00.891728,upi,success,3
7b35acff-fe31-4905-9cb4-ab1aaac4225c,98feff00-9f14-4b4c-85d4-7b7d0a31c56d,PROD-0199,2854.85,2024/31/01,wallet,success,1
2018805e-02d7-4fd7-aa2d-3bae730f58a2,85d9b1fd-012f-4d5a-ae2f-4e7dfc11b663,PROD-0282,45158.92,2025-05-10,upi,refunded,4
c12b03c4-53f1-4420-a81a-b3f754c0506b,b5b87b85-dd00-41d2-96c9-9cff706c3447,PROD-0299,22441.94,2025/01/10 12:00,card,Success,2
153e1651-ea87-49ad-85e1-1faa9fae349a,fcf24043-4b8a-43b0-8f47-1ce6fd2f307f,PROD-0326,"1,200",2024-12-10,cash,success,1
52072f5b-683e-4f82-a512-4fef25dd142d,d245ce88-47d0-4114-bb76-992090cc6459,PROD-0210,36062.95,2025-04-11,card,suc,4
4cfc75d2-d511-49b5-ab66-fb32e65c8260,616ab572-9e64-4a40-ad67-f211bdc5e4ae,PROD-0083,"1,200",2025-10-12,WALLET,refunded,3
a28cc739-233a-4015-ab15-ff3835eafcf9,e7885a18-751a-4542-b130-107706710969,PROD-0085,6395.81,2024-07-10,c@rd,success,5
4fa77a2f-8233-456c-a7b5-72c7180dc8da,576432b9-6310-437e-a6b8-4a8eb52e6b73,PROD-0154,21607.33,2024-05-12, upi,success,5
929f2280-945c-40be-9b8b-276361fcefa8,f6da396c-883f-40cd-b418-6ba96ccd4940,PROD-0110,17971.56,2026-01-18T15:17:59.817195,wallet,success,1
fc7d5cef-4eda-4bf3-978e-f05bb286ab01,4b5fc6ea-0382-4d22-a0f6-025076e9bc76,PROD-0109, 37881.96,,wallet, FAILED,5
09e4ce1a-5a97-45c1-b441-4550fc105264,0a28d55a-ec90-41ee-b51a-2a1278e6a560,PROD-0357,0,31-12-2023,wallet, FAILED,4
b4ab84aa-2c6b-4cbe-8b3a-a94d43735e7e,a0a6486a-6bc7-4c4c-b9fd-2e54128f9dfc,PROD-0121,48815.94,2024-02-03,upi,success, 
b7c6f0cf-0709-4665-9f8c-7a0f01085a8d,17bbf7e7-9240-4371-b9f3-f1382a1cd2a6,PROD-0125,37581.16,31-12-2023,cash,refunded,2
113af3fd-0f12-49b6-8a12-7aed34176e6c,a065df3f-24c1-4429-b24b-af41dbaba62d,PROD-0078,46444.36,2024-10-05,cd,refunded ,1
4392f5da-5daf-4ca8-9632-204b10eb556a,981062b9-4aaa-452b-8e57-ac2913d85a42,PROD-0051,4500.87,2024/31/01,upi,success,-3
1f7cd2b1-e17a-4e0f-9ef2-41281164934b,958d6af5-6a53-42d0-acf4-0e879f532149,PROD-0499,-50,2024-10-06, upi,SUCCESS,1
72114b38-6e9c-4cf5-8fc2-b859d3067e58,3467e5ef-4b1c-4294-9f95-3e82b7db97ae,PROD-0329,13616.79,2025/01/10 12:00,wallet,success,2.0
0c4f8224-552a-4f1d-a5d7-768057797cbd,0dcfbcfe-b400-4a4c-ab5e-dea9ec9394b6,PROD-0211,27025.58,2024-05-25,cash,success,1
52daa360-e3b8-47a9-ab48-0ca8851ac382,ceaa3cb3-9966-44d8-b5f1-0b1baf9e8b89,PROD-0135,291266.03,2024-04-30,wallet,success,1
466ebfb7-3a2c-40d8-9743-cb2ebc949fb2,db6b4ccb-a772-4004-8011-456448b1786e,PROD-0466,-50,2025/01/10 12:00, upi,success,5
d1615d1d-8df0-4a80-aaba-17545dfcda17,ad4d267e-cec8-43ec-a8aa-76907f506571,PROD-0402,7794.56,31-12-2023,CRAD,failed,1
fabf124e-f3c3-4682-8703-770fcb4f3708,e46cc3bf-e6e8-4219-9985-1751fc3429a9,PROD-0454,31286.02 ,2025-09-20,wallet,SUCCESS,4
00bc279e-6ff1-4f12-8471-ba432f23831c,a630bc0e-651e-4802-ab6d-be0671dbf052,PROD-0025,6536.14 ,2024-06-18,wall-et,fail,2
05461c39-6dca-4a65-b876-3844156c1970,5cd26b1c-4529-4071-b090-1e05f491b08d,PROD-0149,"1,200",31-12-2023,wallet,success,5
a32f897f-2339-4a87-b2c3-9a5f21e8690d,f016481b-9522-4373-a8ef-d20153557ced,PROD-0326,,2026-01-14T15:18:03.259333,card,success,-3
00081169-c5e9-4ac4-b47a-7336bdab9c1c,36192950-c619-4c8f-9b63-f6fe892275b4,PROD-0478,35943.41,2025-02-27,cash,refunded,1
732b8431-cd7d-4ae1-9bce-39c069bab723,17b825a6-56d3-4dde-9adb-42ed25b564fe,PROD-0500,42333.8,2024-03-18,WALLET,success,3
12165382-1d7f-48a3-8730-03816e5b05b5,7cb34f9b-fe34-4aaf-a8e9-2b929464cd36,PROD-0420, 26626.12,2024-11-05,card,success,1
da7075f9-f849-4cf1-9f4a-f309f8be57f9,42545e1e-f9c1-4871-a25f-c8e1a05e275d,PROD-0022,3869.77,2024-06-14,cash,SUCCESS,1
e27c336d-9c42-4cbb-ab31-7c636519e2b2,271bd9fb-179a-45bb-af6c-3dc87bddd756,PROD-0483,38709.5,2025-09-30,cash,success,-3
6b3fd910-f22d-4e74-a818-b714ebce3042,7f04eadf-a8e5-4736-97de-1df409fb6ef9,PROD-0434,37063.65,2025-01-30,card,success,0
c25a3dc2-4f63-48f8-94a2-e0e6ac9fc3e0,d334e253-81de-45b6-b57b-0fe45ddeeb27,PROD-0467,44561.57,,upi,success,4
35e1cd04-2184-4d4d-b914-2716e54e59c0,55ae0feb-98a0-40ab-a7bb-081ea1c0fde5,PROD-0421,11356.76,2024-07-02,wallet,fail,5
1a843a83-ac5f-4dc9-89ef-7d97d18ba3d2,970afed4-a7b3-4801-844a-03f1d5a5dd54,PROD-0155,948.09,2024-11-05,upi,success,4
a40c6888-1586-4c10-87f3-99316182bb7c,4db868c9-0548-46d4-be79-fe1ce9acf224,PROD-0487,6288.31,2024-06-12,upi,success,1
6b29a63f-a176-48fb-95ac-27b6eae3acf8,0afc9f8a-2f55-4124-8e38-99114b85687d,PROD-0305,49477.0,2024-10-03,upi,success,2.0
987d83f6-dceb-43d5-8fcd-36025f24d467,a7ea66cd-84b1-417e-9247-b99113fb9872,PROD-0415,33777.83,2024-10-02,cd,success,2
5146135f-12a7-47f5-978b-0f90126515a9,30c7ede0-0da1-42e2-bb55-68f2c8467d35,PROD-0143,,2024-02-01,card,success,2
47a664f2-bb9f-4238-b6c2-f978d27c954f,64158e2b-f4f3-4f9d-9512-b946d3055649,PROD-0484,8797.8,2024-01-26,wallet,success,3
4fdb8bef-7e43-43c5-9f2e-86ac4e44f208,f1473564-0d30-47f0-8e9c-8b3d7fe3a2b4,PROD-0282,19198.15,2024-08-03,upi,failed,1
00a6756e-d8dc-478e-894d-262271917480,ccd721c3-b61a-4671-8b7e-fcd3e1fab650,PROD-0135, 11072.0,2024-07-28,UPI ,success,4
f5bc73a9-dc3e-4201-82ba-482183da2261,1390ca30-fc52-4c62-aa30-1d0e855fdb49,PROD-0295,49474.51,2025-06-15,wallet,success,3
6ad2e793-cb98-4df7-8122-801ae6ddaba5,f588935f-be04-4f60-9ca9-50e370b5c199,PROD-0308,9420.84,2025-03-15,card,failed,five
7b4ec663-766a-4da9-9dcb-eb37b41406ec,5a6e96c7-66d7-4a77-ac4f-0e6c8e5c6320,PROD-0147,27081.4,2024/31/01,upi,refunded,4
d5c3ac3c-6ea4-48df-8855-77f1ff2e2855,e59c8053-9799-4f5c-8714-045c0c29f177,PROD-0017,40754.71,2024-01-14,wallet,success,1
a5ad2623-89e5-4fcd-9ce5-9357b2167b0f,0dab6850-4f77-4a6e-8e62-36475a4c49fc,PROD-0283,"1,200",2024-01-07,upi,refunded ,2.0
64fe5465-dfb1-4b78-82ba-9a55b329c73b,40a46bfd-f991-467b-bcf7-8f33e6f450f6,PROD-0054,17287.2,2024-02-14,upi,success, 
58da5c2c-aa1e-4252-92cb-4c12911687bd,32b80f43-1e96-4ee6-b471-61498162ab6f,PROD-0006,17771.17,2025-05-28,WALLET,success,4
0d1ad18f-ace6-41ff-b636-04f5f6a4d042,0820e8db-76e8-4386-8532-ddcd0f67277c,PROD-0316,-50,2026-08-27T15:18:00.456663,UPI ,failed,4
df18491b-db6d-434e-8536-1c3cac6f97d1,2d080b0b-0d72-4911-a396-e24e621c1e85,PROD-0478,406541.53,2024-01-24,upi, FAILED,3
c5a12ca6-6d04-47c5-bbeb-6ea8bdcdfcd4,60b58989-3fec-4f2e-8f96-d9d3f099b8f6,PROD-0405,10549.84,2024-12-12,cash,success,2
297c714e-7df9-4729-b4f5-5deab9f24e53,6b18e9c1-7a4a-49c0-9f2e-1e86386ef138,PROD-0359,,2025-06-12,upi,refunded,-3
54d807a9-2cb7-46fd-86ef-b2ed6b64011a,fa407f96-ae77-44a7-bdbd-81776ada75bc,PROD-0423,"1,200",2024-06-21,card,success,-3
98ca890c-fced-4ddd-ae7c-ca61870864a1,85a2dbc0-03a4-414c-a3ad-a23f9ec8ef9d,PROD-0230,0,2026-09-12T15:18:01.081238,cash,success,0
8fce7184-c915-4eea-b9b1-6cad59cbeb7b,969b2f13-6cb7-4d21-a57f-7e36c197ae41,PROD-0393,22239.52,2024/31/01,WALLET,SUCCESS,-3
0863211c-fe6e-42d7-9c82-3d0726cacd66,32efb7ca-b980-428a-b4bf-022e7088bbda,PROD-0075,18198.26,2024-04-25,WALLET,refunded,2
a83fcca1-52e7-4ea4-ba9c-6b1c8d5e2fa3,5d8d2765-9da9-4508-9600-c9736792de42,PROD-0252,0,2024/31/01, upi,Success,2.0
ecbe3185-3704-4179-8ca6-acd6fb2ae615,9cdb57f2-eaee-4526-bc06-e4dec8c443b4,PROD-0038,,,WALLET,success,4
48f3bb8a-91cd-486f-b102-c6ac20884c98,f3be15c4-fa4e-417d-ba0b-184ff8cc9b2f,PROD-0306,528414.72,2025-04-01,upi,success,1
6d8a6fda-08e8-4deb-8162-a3282d39cdfc,f07a880c-f573-48a6-8e7c-354c8cd3c91c,PROD-0312,782707.49,2024-01-31,cash,fail,5
e7d63a09-ede1-4ffa-ae72-a431ddcff604,15abb0e9-1385-45bd-9eb9-f9cb5b5bac5b,PROD-0237,6443.49,2024-02-27,card,REF,2
ccee038b-ba27-40aa-88cb-d1a5e9093415,f1eff0c1-9bef-4f59-bd90-37574202cc54,PROD-0177,43400.33 ,2026-03-31T15:18:00.036121,wallet,refunded,4
ac5c1795-3d26-43af-a574-36aadfb50ad8,2c2fe3f7-cd96-4ba5-ac89-6b3da926126f,PROD-0330,0,2024/31/01,cash,success,5
3dc445c0-260d-4992-a0fe-495b12525668,b8edbcc6-74bc-4bdb-be02-9b118e9e9ed6,PROD-0310,26741.61,2025-07-10,card,success,2
5fcf78b2-06c0-4bcb-83c3-d925477b1ce1,df174c33-1274-482e-aa16-bd419dbc9507,PROD-0013,20641.01,2024-08-23,upi,success, 
a9702cdb-5273-4665-b1e6-889131db8514,4cf82ed2-869a-45f5-9706-fb40968213a5,PROD-0005,26245.92 ,2025-02-28,wallet,success,1
91742d6b-fd17-4a5b-8be9-46359ce9f1fe,dc3351f6-9133-4e42-8bff-0c67ad14f1d7,PROD-0106,5680.2,2023-12-26,wallet,REF,0
9cfabf30-2870-44d0-bfeb-35e166f7a363,6c76642f-3480-4c0b-9a7f-87c4bd6aafdd,PROD-0143,29449.05,2024-09-12,upi,success,5
d80e078e-19b0-4db8-aa08-643076682666,1d174149-6956-4da8-9920-3097502e714b,PROD-0123,689539.55,2024-07-26,cash,success,0
468377aa-a21b-4ba2-af1a-a240ffdfda13,70f3a7e5-4dba-46bd-bc35-e319ea5a308a,PROD-0168,11601.34,2024-03-20,cash,SUCCESS,2
0b2b5b9a-e9cc-4b5e-a77f-d8497241a224,09c616d9-a115-4101-8f54-8fae363a2f56,PROD-0252,46014.72,2024-11-28,c@rd,refunded ,2
8d30b42e-bad9-4bd9-b4dd-0734e73cafcc,1cecb6a2-9e15-4282-aa69-b48a498f386a,PROD-0289,0,2024-11-13,UPI ,success,1
bea0a7a4-94df-48bb-9391-1426d17037db,ad670892-ded2-4455-b56f-1258286b68ac,PROD-0294,23376.04,2025-02-17,cash,success,2.0
3332cede-71fe-4fc4-b698-07f3d51ae7b3,2e1b9061-ddd4-45c9-9a7b-c1f716fe6eb7,PROD-0174,20299.0,2025/01/10 12:00,cash,success,2
3d1c2a29-7c3f-43cc-8fcc-626ff3e8fa83,95449381-38d9-4ad6-b8c1-32f0d055e24d,PROD-0058,45788.31,2025/01/10 12:00,cash,success, 
75cf2223-7d91-4339-b98d-ece5f7931871,1e4b8b67-5941-43fd-890e-a1fb41e641a3,PROD-0098,32497.48 ,2024-10-27, upi,refunded ,5
702d3661-3c37-496b-a0a8-5a5493e099df,0fc692c3-c03c-490e-bda6-9045f0e7a54d,PROD-0194,25096.17,2024-11-09,cash,success,1
bd94545b-a19d-4e4d-8a01-c3964fbc2937,20686208-57eb-4a8c-993d-b291d0f46907,PROD-0094,33890.86,31-12-2023,cd,success,1
22c7379e-4585-469b-afe2-60288a74a5db,2bad65d6-e53d-4946-a243-820b11529a76,PROD-0372,906.29,2026-04-27T15:17:59.652671,wallet,success,2
9b9c76f9-377d-44c6-9afd-2b35f0488909,2d007fee-10fc-4063-bbf6-40afcce55a8b,PROD-0367,0,2024/31/01,card,suc,3
755a33e4-4c14-4486-bae5-506259328a45,ccda6b50-98b8-4622-a144-0932d38f07e8,PROD-0292,31164.79,,cash,success,3
b3eea52a-26d8-4820-9611-490e7332c037,f4d0d7a5-6e4a-41de-9599-22a14d72706f,PROD-0124,-50,2025-06-28,upi,success,5
59da9bd1-bd9e-49ce-9404-52a96c6b94b3,628e2571-6a9f-40aa-b69e-808144fdc5ec,PROD-0037,47651.18,,cash,failed, 
6cef2b6b-62bc-4274-94d3-706f6f3b94b8,5bb8c5ae-b320-4ab8-8539-4d426e8aa4db,PROD-0126,14474.6,2025-05-30,card,success,3
