ticket_id,customer_id,issue_type,ticket_created,ticket_resolved,resolution_time_hours,sentiment,support_agent
b88e879e-d3c6-41ae-9aa3-140a5512936c,0c27206e-a220-474b-83fa-3017bae1a8c8,payment,,2024-06-19T07:27:03,166.0,neutral, Felicia Rodgers
036df0e5-42e2-47f8-be4f-9cab16b4174f,e7ba0466-bdf5-47dc-bd21-0a87d1bb7ffe,payment,,2025-07-16T07:34:31,96.0,neutral,Robert Ball
b6fcfc41-e045-4f79-8447-5a1464741d76,a2bd0e7f-a1a2-49a2-9b0f-32b06207f3ab,payment,2024-01-08T10:13:06,2025-12-12T28:77:10,98.0,neutral,Kaathy Berry
2394323b-cea4-401f-b11e-206bb609d17f,ea0320ec-675d-42be-bcf8-ec2b2a71b14b,payment,2024-06-17T07:37:37,2024-06-25T12:37:37,197.0,positive,Julie Bishop
bc2183e9-c0c1-4d33-b738-ab3ec7ba4455,c79c0aa3-659e-4b0a-9b99-77a93e302bea,delay,2025-12-12T28:77:10,2025-08-18T19:03:58,13.0,NEGATIVE,Margaret Morse
a13c7b80-fbf9-4001-b7cd-02100e743685,0a333a8a-18ac-4316-85c8-a70921d402d6,payment,2024-05-13T23:20:24,2024-05-22T07:20:24,200.0,POSITIVE,matthew mccann
e2e3c86f-be4c-47a5-a2f2-db7f1ea6419b,7dc9a42b-19dc-4611-b8be-ee14bcf4416d,payment,2024-11-04T01:32:32,2024-11-11T15:32:32,182.0,positive,Michael Morgan DDS
9eb45393-f253-46ab-b639-773036a9c8c7,c36f0cc1-99f7-40af-bc83-be049bbc1dc6,delay,2024-04-11T10:34:03,2024-04-15T05:34:03,91.0,negative ,margaret morse
9738f598-bd3e-4461-9218-ca24b1065882,3c6859a2-8efa-4104-8b63-c6685c8768da,payment,,31-15-2023,140.0,positive,Judy Baarreraa
f50574b4-dbe8-4788-8c19-781898baf137,ab36441d-0fba-4384-b27a-d14775d350ab,refund,2025-04-12T05:34:22,2025-04-18T17:34:22,156.0,positive,Christie Thomas
272ae23d-013b-4984-8451-a430d2db67fe,b0388a0a-e588-4100-887c-b635193590c3,product,2023-12-06T05:22:36,2023-12-07T04:22:36,23.0,negative,briana garcia
f166a3ff-d1ae-485f-a22e-be68db5b7712,a131c450-7006-4772-9789-f5c1652efda2,delay,2024/31/01,2024-10-08T12:37:50,209.0,negative,Clayton Palmer Jr.
53391c8c-eabb-4c97-9f35-34a43bd7bb7c,a5623697-e21c-420e-a91a-f6656df24ded,pro,2024-01-24T02:36:03,2024-01-29T18:36:03,136.0,neutral,Charles Williams 
d74a129c-9661-431a-88fd-346c9b114162,5d4e1b1c-e9d9-4c0c-8c39-142dc1f5f5c7,delay,2024-10-10T03:25:47,2024-10-17T12:25:47,177.0,positive,Sandra Diaz
eec7d60f-ca45-47e8-8bc9-5b1489958add,aafa7b0d-5d2b-48e9-a2e6-2d248cf1e6f8,delay,31-15-2023,2024-01-23T05:19:58,168.0,neg,Margaret Morse
bdfdfc6f-896e-4b55-8ae2-f959c34c6dfc,2a9e2ec8-be6b-432b-9799-725a571d9b43,product,2024-07-18T21:57:13,2024-07-28T00:57:13,219.0,negative,Jacob Blake
36474b1d-8e71-4745-9d9b-1e083e00abb3,9bb5e2a2-73e1-43b5-a034-0bcd91844b04,refund,2025-03-27T16:47:17,2025-04-02T12:47:17,140.0,negative,Cody Lyons
2f2f9761-d782-4296-9c49-3672d6638424,02de53f2-f903-4686-9d4a-e44c7a76c09d,refund,2025-02-10T09:20:39,2025-02-19T12:20:39,219.0,neutral, Teresa Davis
4cb20a6d-a38d-4903-b03b-c46656f09db6,4ceb3703-cfc0-4ef7-b142-80ae26569c42,product,2024-12-30T14:20:32,2024/31/01,20.0,negative, Stephen Gomez
1ade54d5-bd1d-4925-9172-04ccc72b5fc2,9090210f-7e13-41ea-a61c-2c3f1de8168c,product,2025-03-28T20:58:12,2025-04-03T16:58:12,140.0,neutral,Julie Williams
d7cbc648-cf1f-49b1-bdaa-35b685d0369f,432dc3a4-cbe0-40e5-b3d4-5249ef00f88f,refund,2024/31/01,2024-04-25T01:36:02,1.0,neutral,Yvonne Galvan
b009b843-4e07-4c2d-9d05-90507cafd38c,64f36022-eccb-473e-a134-6f5d756811c3,refund,2024-04-18T14:13:07,2024-04-23T23:13:07,129.0,neutral,Jacob Edwards
8c0d84ac-4707-40fc-943a-f31a2b8b7ea9,33a3991d-58f3-4b32-ab12-102dded9370f,refund,2025-08-06T02:29:20,2025-08-09T09:29:20,79.0,negative,Michaael Zaavaalaa
21efe70a-96a0-4bf6-8330-f1d0401606bc,83d8e7c2-9d4b-4ab5-aced-434a4c9163d3,delay,2025-12-12T28:77:10,2024-02-20T05:39:13,176.0,positive,Derek Stewart
72b02e51-fd36-4a13-a61e-c9f6e592f13a,3309c597-d858-4f86-9ab3-3921b666c61b,refund,2024-10-01T21:53:56,2026-08-08T15:41:45.011046,55.0,neg,Grace Evans
35d69121-44da-4f3a-9929-520010a79b51,0c15d282-960e-4626-bb65-ae31cd9367ab,r3fund,2025-10-10T18:41:04,2025-10-13T13:41:04,67.0,negative,ANDREA MORALES
86670f24-7fe2-4990-aa6e-75302d604183,9abecb7e-f8ff-47ce-b102-f09a26052369,delay,2024-02-23T12:00:47,2024-02-25T15:00:47,51.0,positive,Felicia Rodgers
73b67e5c-5999-442e-9a83-65e095c5be86,88904c46-468c-4982-86cf-d68e5c9a6af5,refundx,2025-12-12T28:77:10,31-15-2023,188.0,neutral,Emily Banks
a1f269ac-628b-45c0-835b-9132bcc9c74e,05adb8b0-1169-4afc-a630-1fbad9bee466,refund,2026-06-22T15:41:44.348698,2025-09-20T01:14:31,187.0,NEGATIVE,Robert Smith
7298717a-f310-4f43-925c-aad0e4bc7cb4,3cc18cfd-7b19-4eec-856f-07c9b6645aa1,product,2025-01-16T01:07:55,2025-01-17T16:07:55,39.0,neutral,Anthony Davis
b012baea-0151-40d4-a6dc-6fde90b8bd19,443ce36b-86a8-40e3-ba06-1eed8ba0fa0c,DELAY,2025-03-30T01:17:04,2025-04-07T12:17:04,203.0,positive, Isaac Grant
5a666f7e-d402-4e03-9a27-222cee5dc1c5,aa939fbe-6c6b-4164-abd7-75db663c3480,r3fund,2025-11-19T07:55:44,2025-11-21T21:55:44,62.0,negative,Marisa Cook
4ccd5e48-2f96-48ca-b670-18f04eb0ebfd,2dbaae76-8b42-4601-9d0a-7cf5f9e067db,refund,,2024-02-25T13:22:05,3.0, neutral,Caleb White
1e24d0c8-2ebd-4e30-8ef1-20affcb28784,63c6efd6-8bb8-4c94-bbb7-b783ad335956,product,2025-12-12T28:77:10,2024-05-23T17:02:23,95.0,negative,Heather Parker
1cf8124e-8b25-4ce0-8a42-417ad4fecdbf,3da555b8-9c1c-453d-9e6d-6822300b8601,pro,2024-05-28T03:27:18,2025-12-12T28:77:10,18.0,POSITIVE,Ruth Morris
2a6b0cbc-1d27-4b18-b493-a84b1c75981d,ade09e8f-c189-4e6c-b8de-436411fd94ca,delay,2025-03-10T21:50:17,31-15-2023,158.0,neutral,Felicia Glover
55cd50a1-9f01-4650-819d-567c82370811,d124539c-87d2-4f26-b135-3fd56b18ae8d,delay,2027-01-01T15:41:44.414499,2024-11-04T06:16:02,85.0,neutral,Michael Simon
665c3e23-4cf3-4997-ad79-a95996d316cc,87ec90ce-b977-4563-9a3c-bc07337062ee, refund,2024-05-18T10:47:03,,221.0, negative,David Jones 
7c80b358-69da-42b6-9903-d05df4fb33e9,44d75b39-5eca-4072-bd1b-1432e10e4dea,pay,2024/31/01,,86.0,positiv3,Bradley Chase
8983aed4-0262-4a38-bd9e-9cbdcea57b3c,9e1d388d-c208-4c87-bd6c-bfe96920a996,delay,2025-03-16T04:40:21,2025-03-23T03:40:21,167.0,positive,Scott Larson
827390a4-9964-4a17-9c9f-4868b2cd0540,3a827628-888d-4580-a1ff-d5877b3c7ec8,payment,2024-09-17T08:09:48,2024-09-18T11:09:48,27.0,positive,Michael Faulkner
8a3b7124-8002-41e4-a71d-65cd6d9f0c69,bb85ab3f-733c-4d08-a875-9ce3cd784d8d,tnemyap,2024/31/01,2024-04-20T01:06:48,219.0,positive,Jennifer Ray
c5723057-ee20-44a3-a646-4593e8f7ef5c,a0ff8109-5115-4217-8631-70f670bceb20,product,2025-10-20T03:46:20,2025-10-28T05:46:20,194.0,neutral,Samantha Ross
6c14d127-83fa-4a19-af81-a5bd071caa0c,0914f66e-ecf3-428f-8641-d21d457ca59d,productx,2026-11-13T15:41:44.422616,2025-05-08T17:10:13,156.0,neutral,Edward Gregory 
0f90cb1c-0e39-4bdd-8f41-b518bb1fed90,5032a125-7040-4a2e-b2ff-640de71bb053,pay,2025-02-08T12:08:51,2026-12-10T15:41:44.639986,168.0,neutral,amanda dyer
338ef1cd-c4e6-4e14-b1dd-682c687b9284,f48e7369-22e3-44ec-9f87-0940d5bd6522,delay,2025-07-08T03:02:21,2025-12-12T28:77:10,184.0,neutral,Andrea Green--
33b7fecf-7f0b-4952-8fda-b84d024af695,49814089-254b-4308-9acc-59bbbe3f8cce,pro,2024-07-15T19:53:29,2024-07-17T22:53:29,51.0,neutral,Briana Garcia
ee755035-0d48-4cc3-8972-3d39dc95b1a1,927a7f06-640f-48ce-9249-c1c5aaa6091c,PAYMENT,2025-03-25T15:05:41,2025-03-29T11:05:41,92.0,positive,Sandra Diaz
6f92e898-37a7-453c-8f6e-f46374ee5687,71c07fc4-8917-4963-a34f-3889bb488677,yaled,2027-01-02T15:41:44.397418,2025-08-11T14:01:38,142.0,positive,Scott Larson
4b86da9e-5a62-4667-8c46-0467aa019adf,c5fd22ea-dd72-47e4-9b03-2338aef85add,payment,2025-03-09T02:08:32,2024/31/01,213.0,neg,Kevin Schneider
02cad2d1-0c9c-46ed-a9f9-5bd77068f6e4,4bd0d2bb-e96e-4469-8681-c7684e3ee62c,product,2024-07-24T21:34:39,2024/31/01,107.0,positive,Lori Caain
c05ed729-e973-46f1-96a3-488cff01c721,08c7f2ac-4768-4245-8f20-944bd3ec3c52,payment,2023-12-12T01:08:07,2023-12-20T17:08:07,208.0,positive,courtney bailey
8c95b10e-3ad6-483c-b849-ea5d5a625174,d09c09dc-59d2-4e98-8cea-5aecfbb1db00,delay,2025-05-31T16:29:57,,140.0, neutral,Laura Shaw--
a8d4776f-28fb-4fa3-abdb-ef00fe84a285,d94f4e8e-8cdc-471f-9c94-60f92c5597ed,paym3nt,2023-12-28T06:05:20,2023-12-31T21:05:20,87.0,negative,makayla pugh
f3581b9a-7161-4074-8307-c8d6fbb45b78,f428cd57-d8e2-4a43-a236-bd7184aed9ee,payment,2025-07-28T10:58:51,2025-08-06T05:58:51,211.0,neu,Katherine Hunt
3f99d39d-fbf8-4e3b-b30e-1cffb45ef11d,63e0b2ef-c88b-450d-9aa6-cedd9b58c4c9,delay_,,2024-06-12T02:30:53,235.0,neutral,Deanna Smith
2ed450af-02f1-4a9b-8a95-7e01fd8d5007,f83ae920-e23e-449b-8f98-842fdee3e8ca,product,2024-06-15T03:47:19,,67.0,positive,anthony sanchez
c3eb05fc-db77-4dfb-a06f-2a6e12a64780,2b0ee56e-1d57-4385-81c5-cb235741b248,pay,2024/31/01,2024-03-26T05:04:25,185.0,negative,Sandra Diaz
d1d0a4af-f09d-409e-bdee-d1983a8092fa,12a7ebbf-32d4-434d-bd39-7d57e2b7e572,product,2024-04-07T00:25:48,2024-04-13T23:25:48,167.0,neutral,William Murray
d9b741e5-35d6-46ae-af9e-afe789cd412c,6af086fb-98b1-4d43-b7ba-667c9493161a,payment,2025-04-04T20:18:32,2025-12-12T28:77:10,185.0,neutral,Michele Clark
39739f53-d16c-43f8-bdd6-d79adef29bba,646c3d19-2f40-4cc2-8f96-c9060c1bfdbe,delay ,2025-08-01T21:19:51,2025-08-02T07:19:51,10.0,pos,Jaime Parrish--
9fa9b616-57b0-4861-9f83-f70b2de5f99c,6615f514-24c0-490e-a15b-63714a8e4268,product_,2025-11-14T03:06:23,2025-11-20T13:06:23,154.0,neutral, Robert Anderson
06504f8a-9fcf-468d-a8f0-e3d09f7ef9a4,a21ce457-3c93-4535-916f-53be484c741a,refund,2025-12-12T28:77:10,2024-12-09T02:36:42,40.0,negative,Tara Simmons--
7256ad93-48ab-4fbb-b5d6-34d89bb1d001,f946357e-ec5e-44f2-a18f-4364a672265b,payment,31-15-2023,2024-12-03T00:09:50,169.0,neutral,Heather Parker
76a6ea6b-7e71-4b5d-8beb-8c472ad587b4,97ec0733-493c-4d3c-a80d-3cfa2bf4b2f6,refund,2024-11-11T19:49:09,2024-11-13T23:49:09,52.0,positive,Erik Thompson
3e23f913-46c5-4c21-9fb9-53e5bad4fea9,d8d66c0a-958b-465b-bb4c-1a0da5bf18a7,delay_,2026-06-07T15:41:44.506403,2026-01-31T15:41:44.868678,187.0,neutral,Stephen Gomez
1f9a54ba-1248-4a83-b1db-6b3670708018,a9bde9e3-9278-4633-9326-9d10284131ad, product,2024/31/01,2024-04-03T20:16:00,211.0,neutral ,Stephanie King
b2bd0581-92fc-415b-b1d3-fcc4af75c811,3e3ba12e-203c-4382-957a-7c794020e133,delay,2024-06-16T21:49:27,2024-06-25T15:49:27,210.0,NEGATIVE,Anthony Skinner
985cb6b6-e100-4b98-8257-7a81d799d856,1e6e40cb-b9c4-4bd7-95fa-18fd3bfb2aab,yaled,,2026-03-12T15:41:44.739677,167.0,pos,Christopher Bush@@
7bfdcded-1006-4ef0-9daa-67138b3d0b6e,364a8151-8631-4261-8a73-5fb8cc5eea67,refund,2025-04-03T15:56:26,2025-04-04T03:56:26,12.0,neg,Terry Taylor
0795cf23-a6e8-4407-ba21-8c36a71b5145,688d8e7e-d70a-4206-b297-000255764875,delay,2024-12-20T06:02:59,2024-12-23T09:02:59,75.0,neutral,Aaron Mcpherson
5516a2de-8506-478a-af06-38273710dab0,9b75d828-f1f8-4552-855f-f8e70fdf902b,product,2024/31/01,2025-06-23T14:38:18,35.0,positive,Derek Stewart
bc0cbd5a-c038-49cd-b112-f86be6602ed2,84ad4ebc-a509-4215-879f-673f207344fc,refund,2025-04-26T00:19:22,2025-04-28T21:19:22,69.0,neutral,Grace Evans
3e3bf66b-3ef4-41f7-b879-18e28ce2eccc,aa18e1b6-0f97-429d-8baa-3567f908d49b,dnufer,2025-04-14T20:29:01,2025-04-15T15:29:01,19.0,positiv3,Nancy Richardson 
810ed6c1-ff3d-4d78-8ee5-6991e5ae6f01,2b1345b8-ab8f-4658-99b8-ab823bba8c1a,refund ,2024-07-17T21:59:20,2024-07-20T04:59:20,55.0,pos, Curtis Martin
f3c7f943-7294-4f76-968f-67f68b32db90,d3ab53ca-b22b-4ae6-937c-3bb20789e2a1,refund_,2024-11-25T04:12:48,2024/31/01,25.0,neg,Erica Griffin--
df30feba-1e9b-40f4-959f-fe1aa461b84e,45b7fbdc-aff0-4f6d-8951-57a52fc042af,refund,2024-03-08T21:53:10,2024-03-16T02:53:10,173.0,positive,Norma Wyatt
c386b6d9-a634-4dae-9b09-3b447e41779e,11ce2332-8d16-4d56-9d22-143a92c991a0,ref,2025-07-30T21:40:21,2025-12-12T28:77:10,163.0,neu,Natalie Hernandez
59a9e778-ca17-4f21-88e4-5ed43f92708a,a95e1564-f224-4bea-baca-daa93096c2d0,del,2024-07-18T04:33:34,2024-07-23T12:33:34,128.0,positive,Richard Yu--
87b09b82-d35a-4ea1-aa36-a618f1e3294d,b1e0deb8-21d7-49ad-ab77-00e666d0d7bf,refund,2025-10-13T17:42:43,2025-10-20T08:42:43,159.0,neg,Michele Clark
7fdd251b-e8ca-4c80-b80c-7f46ef0550dc,a3f0ddea-13ee-4b3b-8fa5-2da2b12c4bcd,refundx,31-15-2023,2024-02-08T00:24:45,79.0,neutral,Michael Morgan DDS@@
dd618e1f-2252-491a-8144-f18cc81a15f4,a37c5848-09d3-42a2-bb0c-c9dae91df768, delay,2026-09-15T15:41:44.349602,2024/31/01,95.0,neutral,Thomas Larson
9c0d97fc-ef2f-4c6a-ab33-c918de728c78,7316f51c-4a76-4902-86be-19c6fe3ac702,refund,2024-02-21T21:13:23,2024-02-29T00:13:23,171.0,pos,Michael Simon
7e66857e-9a3d-454f-99a6-48f739f69f77,ec0cfb6e-fd5d-40ad-9cc3-fdc02cd393b6,refund,2025-12-12T28:77:10,2025-12-12T28:77:10,193.0,positive,Brian Rowe
444d6395-3573-4be6-9eaf-5417a5154da7,de95b602-85db-4d81-b702-37dce3386a1f,refund,2025-02-03T04:42:24,2025-12-12T28:77:10,145.0,negative,Lisa Osborne
ffbcbab5-be93-42d7-a8df-f85f990689ad,96d7288c-ced4-4e92-94c4-06212d7a042e,delay,2025-12-15T15:41:44.253163,2025-11-11T10:58:04,130.0,neutral,Eric Moore
a5740798-efd2-4c1e-9991-3cec97400614,b3c12480-3dde-4b9b-b41a-b7b09ae5601a,tnemyap,2024/31/01,2024-05-30T14:23:50,102.0,neutral,Kevin Little
1eb0a3a8-9cf0-4534-a210-5877e80d5feb,03ee9228-76b6-4351-b0f8-e0d0895ed102, payment,2024/31/01,2024/31/01,90.0,positive,Christie Thomas
6ec3716f-f17d-4600-a99b-2be327b95ac5,a98a916c-ec18-4bf9-9e53-ef7e124ae968,product,2025-12-12T28:77:10,2024-02-11T14:54:05,27.0,NEGATIVE,Anthony Johnson
f6777ddb-ed34-4425-bc02-d704e8b0b796,4eef9c6d-6681-4ada-8240-d99ff53ec3a8,payment,2024-05-26T10:34:59,2024-05-29T05:34:59,67.0,positive,Yvonne Galvan
7f462fc9-9942-4e28-b4eb-04dd99eb6e97,50b0c239-6c26-4fc8-a898-1d7b593ff5bc,tcudorp,2025-07-28T12:04:05,2025-07-31T22:04:05,82.0, positive, Aaron Mcpherson
c1699cf9-2d1d-4232-a386-dddb74a257ea,9b0e593f-ad99-4b59-8cba-a0acfcbc8370,payment,2025-02-10T06:09:04,2025-02-18T00:09:04,186.0,negative,Amy Johnson DDS
a958e46d-3cdc-4607-adc5-e9dd0190260a,fd555a3b-e556-4538-8e33-4fd2903190d6,payment,2025-06-06T05:28:54,2025-06-09T20:28:54,87.0,negative,Angela Hicks
c1a40ba6-273a-42e2-a84f-d8d9224b5977,cbb13be6-5ffa-41ab-95f7-1a8466b81939,PRODUCT,2025-10-03T17:39:18,2025-10-13T05:39:18,228.0,pos,Grace Evans
70d9eddd-8fb2-41b6-95b1-457e1d533e6b,81dd8b8a-f512-4630-8c44-fda4c87ad5eb,product,2024-08-21T07:08:23,2024-08-31T01:08:23,234.0,negative,Eric Cooper
4568c22a-9ea8-499d-bd8a-3e0838eb2ceb,210583b6-3b05-411b-98f3-ec3336b98798,payment,2024-01-01T23:08:36,2024-01-03T07:08:36,32.0,neutral,Michaael Peterson
ea8d38a4-269e-48c7-9bc7-0b86af409fdd,4b4f6978-deb0-4887-86dc-34b50cbe837b,payment,2025-03-27T16:43:58,,190.0,neu,James Williams V
1acd404f-0b06-4cb3-a085-2dbff64c8608,a892ba50-ddb8-4552-b699-05ccd2cd181a,payment,2024-04-05T23:00:23,31-15-2023,37.0,negative,AMY JOHNSON DDS
eac38f08-49a1-41b6-9f3b-2f22d29f840a,2add3f8a-ca79-4d4d-a0a9-47de846242e4,refund,2024/31/01,2025-06-18T18:56:18,192.0,neg,Natalie Collins
97d10c70-c84a-4023-861a-2ea61fd3e4d6,7aab1378-35af-4fb3-b3ac-2921b4eaee8a,delay,2025-04-04T00:56:28,2025-04-09T05:56:28,125.0,positive,Jonathan Alvarez
293d9759-89ea-418f-b27d-c6eea6d144a9,17234a60-500d-4753-b5d5-298e8dd489a1,refund,2025-01-21T13:58:37,2026-04-26T15:41:44.779139,43.0,positive,Cynthia Tran
94ccd1a8-4f5c-43fb-ae46-dde459ec8936,ca37577f-4abc-4fae-a2f5-b1f0d77888d6,pay,,2025-11-10T22:57:56,112.0,positive,Jessica Ryan 
a76218c2-88c4-48f9-a04d-635141730814,6f242b59-1328-4db3-9815-869b40cfce82,product,2025-12-12T28:77:10,2024-10-17T08:59:20,37.0,positive,Kathy Berry
2c48d606-ad5e-4896-81cd-cede2ad9ad36,c952bea4-1a37-4416-a3da-4fd2b671a028,delay,2024-10-05T17:39:02,2024-10-12T01:39:02,152.0,neutral,Heather Parker
051b5406-8756-4a7d-8c59-69fab0278dd4,6529edc3-61dc-4238-86a1-c5ab98d44736,refund,2024-03-24T16:44:52,2024-04-02T04:44:52,204.0,neu,Samantha Allen
5385cea6-9a85-4d23-aed3-96aa9028dfe0,f89636f7-2899-4d07-a29e-8bf2fdd960b4,product,,2026-02-12T15:41:44.824455,69.0,POSITIVE,Mr. Alexander Ward
5dbbb870-a1c8-424b-929e-7b9444739175,5182198c-8900-4afa-a7ea-560e18655244,payment,2024-08-07T22:30:11,2024/31/01,92.0,neutral,Jacob Blake
9075a70d-7b3f-41bb-a16a-28ef24791b0a,9239ad04-5be8-46f9-b487-4d770fab4040,delay,2024-03-28T07:27:47,2024-03-31T09:27:47,74.0,negative,Thomas Anderson
141a62eb-8b83-48e5-a254-5a1e904451ac,5380d192-7bbd-4a83-abbc-d8267fa9bcd9,refund ,,2025-03-24T18:10:01,215.0,neutral,Ryan Gardner
258ece57-05c0-4339-83a5-01007b6c3d08,972c708e-a5bb-4370-aa0f-787ad58dc6ac,refund,31-15-2023,2025-06-28T02:06:59,174.0,positive,Logan Young
640b9308-73bc-42b1-8091-7a5b539b2bd1,d4d43842-80b2-48ff-af1c-4e8f0eb2fe84,product,2024-05-11T13:35:00,2024-05-21T06:35:00,233.0,neutral,richard tran
85ed7e21-46fb-4821-8dbf-c391952b33e6,4d468351-3807-4fb9-97c3-14baaea98312,refundx,2025-05-24T00:38:01,2025-05-27T05:38:01,77.0,neutral,Jason Marsh
5b49f8e2-144a-49ee-b5af-9ed32ce7be73,068becba-b2fe-4971-8364-2187e33793fa,product,,2024-12-23T17:03:24,26.0,neu,Michele Clark--
e222df59-895c-47e3-9f07-7751953896c7,4a390926-9c69-4ce3-b185-8cc4ac6069a9,product,2025-06-14T08:05:52,2025-06-18T03:05:52,91.0,neutral,Deanna Smith--
ed46e749-b826-438a-bfa4-aa10c11e933d,6daf11c2-7edd-4b9a-9367-387246286a83,delayx,2024-07-13T15:47:56,31-15-2023,133.0,negative,Elizabeth Hunter
a4f95edf-4a47-47e4-aaed-7853049eefdb,49b95d25-ca15-4334-a787-26a485de0dd8,product,2024-06-09T14:23:09,,109.0, positive,Natalie Hernandez@@
ef85324a-ad80-488d-b21e-59eb108bc4df,b6a4c1a7-aa6b-4ddd-8b80-5d446beff840,product,2024-01-27T23:35:25,2026-02-10T15:41:44.946201,133.0,pos,Robert Ball
e5fda29b-37b7-46ad-9990-7d0d801860e9,5c09d6f5-2d4c-489e-b253-a59e102c3110,product,2024/31/01,2024/31/01,106.0,negative,Mrs. Kim Lee
a4da7aad-f919-4584-afac-c4fa0effb317,4acda5b4-1c82-462b-a613-1ede729d1757,refund,2024-04-07T12:55:55,2026-05-21T15:41:44.876269,93.0,neutral,Samantha Ross
1c8a7943-8aa8-4752-bca1-ad7526b4970c,e91a59d6-0eba-4a21-96dc-ae861e091d64,payment,2023-12-16T03:37:26,2023-12-21T15:37:26,132.0,neutral,Greg Sanchez
e24f4f69-1fc0-4b28-b2ee-a5c8e422ef98,ac729b82-fd4a-4bae-9c87-2ed87e2b1b29,refundx,2023-12-03T21:33:47,2025-12-12T28:77:10,176.0,positive,Kevin Schneider
b62911bb-e958-4d1a-8512-fdd8a17e844f,526bdf75-4c56-49e7-a46a-609f470b1bcf,product_,2024-05-16T03:38:35,2024-05-22T16:38:35,157.0,neg,Susan Rush
eb22c5ef-6d50-467f-a063-1dca18fa815f,4d67b73d-b05f-4113-b65b-1b04808b72db,delayx,2025-06-15T16:02:15,2026-03-13T15:41:44.965400,127.0,neg, Judy Barrera
b7d011f0-4636-4a95-873a-3f60d08e7755,c8072efa-7247-4413-84e9-e974f6bf54fc,product,2025-03-17T05:54:59,,61.0,NEGATIVE,Andrea Morales
fdd17308-17b3-4973-8aca-372d599e06e2,341303da-8daa-41b4-b36c-09459260f1e3,delay,2024-08-13T16:01:01,2024/31/01,216.0,negative,Saaraah Thomaas
9562e998-a59f-4b44-b963-75a5bd2731a1,cfee2339-0192-4f3e-85ad-caf65338ff72,payment ,2026-10-27T15:41:44.224063,2025-10-10T16:55:51,29.0,positive,Hailey Stephens
e31f3718-b8e0-494c-b669-8564b2d7c292,132cb288-09bf-4f1a-a32f-a7e146ba1db7,pro,2024-04-15T08:55:00,2024-04-18T21:55:00,85.0,neutral ,heather parker
d45517ee-55cf-47f4-94dc-b8078b7b25f5,4750d1ca-526f-4400-be1a-57ffca19085e,product,2024-10-05T13:14:10,2024-10-15T10:14:10,237.0,neutral,Juaan Arellaano
01ac0a1b-80d5-4b1e-92c9-08f9e845def8,5e1ec182-4ef8-41fa-85d0-3bef5e49e334,refund,,2025-07-06T11:20:37,104.0,positive,Angela Hicks
e416bb2c-412c-4706-a9df-23cda0bd7725,9df1211d-8f4f-4449-aec0-a29c891952da,product,2024-04-15T08:08:55,2024-04-25T05:08:55,237.0,positive,Linda Morgan
f4a3d1ea-8c1f-4355-bd4d-7a70a2da7c93,c4b48758-5de5-4377-acbd-abee14fe460d,delayx,2024-01-06T20:14:06,2024-01-07T20:14:06,24.0,neutral,BETH SANCHEZ
193fcd45-b710-404d-bad8-7f292fa54d7c,a5e83ff0-8c30-4a58-a4ef-3e76c3a387cb,refund,2023-12-10T21:35:53,31-15-2023,96.0,neu,Marvin Evans
5feb17a7-ad95-4909-8c4a-9b18627389bd,c952bea4-1a37-4416-a3da-4fd2b671a028,product,2025-04-03T10:25:39,2025-04-09T14:25:39,148.0,neu,Tara Simmons
3ffe4012-785e-48e2-b670-4fb0017e1862,34cfa280-0ce3-484c-9e3b-7dcdcfe5a9ee,refund,2026-10-28T15:41:44.474240,2024-03-01T15:27:23,98.0,neutral,Sonia Alvarado
4b44441f-178c-4edc-aa90-9dd2af0f235d,35297f3d-573b-4b1b-883c-b167a71165fc,yaled,2025-06-14T06:13:04,2026-03-26T15:41:44.697663,121.0,negative,Lisa Osborne
9730ed35-99e6-4c45-836f-854a7981d280,a1a9818c-06ed-41b7-bf54-94d71ede6a06,payment,2025-05-24T20:31:48,2025-12-12T28:77:10,104.0,negative,ROGER NOBLE
93a9d0f0-f0ac-4705-9f2d-161a5f97b152,a638c93b-3206-403e-a438-db2d67ac68d3,delay,2024/31/01,2025-12-12T28:77:10,43.0,negative,Richard Morris
9625e860-71bf-42bd-a43d-7947b842835a,bd28cbad-c4d0-4576-b1f8-10daf3ad2bc4,payment,2025-06-12T13:43:50,2025-06-14T12:43:50,47.0,POSITIVE,Katherine Hunt
e6f9e9cd-a9de-4e3a-b95b-fd5348b6924a,22315348-1c50-4fa3-b5c9-6a0d8f9ae257,payment ,2025-12-12T28:77:10,2025-02-16T19:09:31,16.0,neutral,Guy Hernandez
a8184844-a490-4ece-8fbd-fae85d152893,4e7279f6-2026-49c6-9108-7ad02e931fb6,refund,2024-11-26T08:08:11,2025-12-12T28:77:10,233.0,negative,Ruth Morris
46abd9c7-f9a0-4c8b-a43b-53b4b5e44f9f,ed329708-3830-4218-925b-7709ae7e9295,dnufer,,2024-01-08T22:39:36,138.0,neutral,Paul Davila
060079a6-d8d9-40c0-96be-6b2a5467f089,9cf976ac-235d-4756-af15-d811831c0893,product,2024-06-02T13:39:45,2024-06-08T23:39:45,154.0,neg,Courtney Bailey
68610ea0-8844-4eb9-a416-9e559b5aafcd,7d427f7f-6d34-479a-94f7-588baecd267c,product,2025-04-11T20:39:29,2025-04-15T21:39:29,97.0,negative, Anthony Sanchez
536250ad-9fde-43ab-b6c7-1de67f5890aa,c3e82b19-dce5-42d7-b1c0-8e9a2221b8a6,product,2024-06-22T02:43:28,2024-06-28T10:43:28,152.0,neutral,Crystal Walton
ca1f370f-0305-4126-9bba-46e4bbb33bec,8c1bbc30-bae5-4405-959e-134fb1a16083,refund,2026-05-18T15:41:44.472872,2025-01-11T16:05:30,112.0,neutral,Stephanie King
c01ca85d-c51a-48c0-8198-4d12c35ef2ef,9ef0deb5-1592-4435-a95e-b072962c2ab4,tcudorp,2025-08-31T05:28:18,2025-09-05T04:28:18,119.0,negative,Isaac Grant
41ebf2fd-b408-470f-a42f-c3f3f9f8617a,d212ca24-0ed9-4bed-9356-6f8a38c3445b,payment,2024/31/01,2024-03-12T05:49:02,122.0,pos,Richard Yu--
46a7be84-c134-41a2-804e-1b3b3d04324c,a76cf04c-9356-4dcc-b5f7-19cbaeaf2ae6,product,2024-04-27T20:42:51,2024-05-05T23:42:51,195.0,negative ,Norma Wyatt
82656a6e-6498-46c8-8e0b-f7fe9ef09b9d,60facfff-8b80-460b-bc53-6b320e9fe5a7,delay,2025-12-12T28:77:10,31-15-2023,156.0,neg,ANDREA GREEN
eb52b08e-9f0a-4e79-a203-3c53cacdd098,8eef1fa1-be53-4c99-9fca-db1a6a9a5488,refund,2025-03-20T00:24:09,2025-03-25T11:24:09,131.0,positive,Robert Ray@@
8ffcce5f-5f38-4cf6-828f-6e110bf6bc65,9d19bfab-1474-4551-9a64-6d896b73d49b, product,2025-10-17T22:56:56,2025-10-18T01:56:56,3.0,positive,MARIA WOODS
d4e59bd1-6ee2-4a4f-abf6-e9c33ee0e9a1,3903ec25-fada-4fb5-92e6-288ab861079b,refund,2024-05-01T17:25:05,2024-05-02T21:25:05,28.0,negative,Judy Barrera
577028cd-f7be-4905-a5a7-da991ef1db5b,62daff55-d5e8-4461-a5ac-932beb7f110c,delay,2024-04-14T23:12:47,2024-04-16T22:12:47,47.0,neutral,Amy Johnson DDS
78918d0a-ceec-4cc8-8172-c1619b622103,e5b246d2-37c4-4259-a0f1-10c5cd63d5e3,delay,2024-11-28T23:42:03,2024-12-01T14:42:03,63.0,neu,Curtis Martin
8f0e6f5f-8366-4693-9e26-d49210373ec9,5878f9d2-bec2-4968-8a02-19b5b96a5577,product,2024-12-08T05:35:51,2024-12-08T12:35:51,7.0,positive,Mark Estrada
5c66aa71-dbbf-4ace-8b8d-f6b248e8a818,c51fc79c-998d-40a3-a7af-b2aaa8341021,payment,2026-11-29T15:41:44.266321,2024-03-13T10:47:31,55.0,positive,Robin Thomas
f48c9322-05c9-46fd-a4aa-9db324414971,d039cef9-b389-4afd-9fc4-a24e7686dacd,payment,2025-01-06T04:30:41,2025-01-14T22:30:41,210.0,neutral,Crystal Walton
356bf8bd-0d97-46aa-8b77-bffb969fba41,40c76caa-90f8-4b20-8780-50110093e7ca,product,2026-08-22T15:41:44.545313,2024-03-14T01:14:51,94.0,n3gativ3,Emily Curry--
7d9665ba-5d71-4f70-9f07-d196e49a5b52,57f0646a-0df0-48a9-bc96-e6a8c186f242,product,2025-01-18T03:21:40,2025-01-22T03:21:40,96.0,positive,Michael Smith
74fa7910-7004-473c-a76f-79fa4a4d75a4,41911bc0-af85-4cf6-b672-dd9dc5f49e53,delay,2024-05-15T10:40:51,2024-05-24T23:40:51,229.0,neutral,Marisa Cook
a8ebd526-538c-41b5-b8af-527fcff6c42b,c9db24a5-b958-4b03-84b0-b312146203a6,paym3nt,2024-10-28T10:25:46,2024-10-29T12:25:46,26.0,positive,Marissa Graham
9e235e80-ed87-4a60-9d3c-ab4f0dcecbdf,2fd74615-9bb9-4058-8ea6-5603a75f6297,delay,2024-04-06T16:10:08,2024-04-10T23:10:08,103.0,negative,Nancy Richardson
2a25f49e-6876-4bbf-8e01-3f85f75887b6,1169d7a9-7645-44cb-960d-15764d28ca58,refund,31-15-2023,31-15-2023,155.0,negative,Joel Lopez
3a468c95-b82e-49f2-80ff-e4db89ad04aa,92cb93f7-28ac-4298-b94e-9b31993aa25f,d3lay,2024-12-08T12:17:56,2024-12-08T17:17:56,5.0, negative,Marvin Evans
c2132b25-bfd7-48d1-8b29-46c302d2383e,f339efba-a7c8-439c-b8d9-e4b377fda364,payment,2024-09-12T13:53:38,2024-09-17T14:53:38,121.0,negative,Marissa Graham
13da9b60-8646-41de-80b4-7340abfb9e94,83585aad-3ad7-4535-a156-bc8bb17e49d8,payment,2025-12-12T28:77:10,2024-04-09T04:22:12,37.0,positive,Joseph Anderson
4776a545-0dfb-4f60-b3b9-0a4aaf6740af,ac0af640-312a-43dd-b6c8-4ac801ac4422,product,31-15-2023,2024-05-11T06:58:42,197.0,negative,Emily Banks
83b5de86-93a5-45e8-8e88-fb632d09d5d8,06fc3f20-6db1-4af8-842f-bc6c0a4ed4d8,product,2025-07-20T17:46:02,2025-07-30T00:46:02,223.0,positive,Natalie Hernandez 
c0db55b5-aa42-418f-b2c9-485066d0ff08,b41d6d82-4cad-452d-9fad-a30fa2328641,r3fund,2024-03-02T11:55:43,2024-03-03T22:55:43,35.0,neutral,Dustin Parks
d7ea3d94-22d9-4420-9e82-6fa8ba6190f1,235324d5-1982-4d4a-a102-bdef6cc19b88,delay,2025-08-21T15:37:25,2025-08-29T16:37:25,193.0,neutral,CURTIS MARTIN
a7c26a58-5768-4b99-ac2a-0e1ba6dea043,333b81c6-e187-4681-a144-b6b62e42b516, payment,2025-12-12T28:77:10,2024-06-23T01:33:38,1.0,positive,Lori Caain
0382737d-0305-4d75-b1eb-5362be3cd8cb,a895fad6-b049-40cc-a9d4-d5b8ddda1396,payment,2025-10-31T21:52:46,,196.0,positive,Christine Sanchez
e586237e-ccdf-45f0-9dfa-8170a398d934,7d676dc5-9490-4d67-ae28-6763dd9b215f,delay,31-15-2023,2025-09-07T13:25:15,187.0,negative,Joseph Anderson
fc379454-d856-4e08-81b5-527d4ca308cb,882316c6-4e78-4b21-87b7-4acc30170c55,pay,2026-09-23T15:41:44.468463,2024-12-24T16:12:32,206.0,positive,Sara Hogan
513fb0be-81bd-4902-8ace-8a130e7ae9b7,04b5ea2d-ae5c-4beb-b391-5b7050ce826e,payment,2025-12-01T16:18:50,2025-12-06T19:18:50,123.0,pos,briana garcia
d1db00fa-3ea8-48a1-ae78-1bc8b4f1ff5c,89a8ed52-ed24-43c2-b053-047ef09fd3cc,refund,2025-05-22T02:49:25,2025-05-22T05:49:25,3.0,positive,Curtis Martin
23ca5c81-0ae5-4f89-8236-a923870610bc,acc86628-7950-4653-b13a-1c32a1ad154d,delayx,2024-05-17T05:00:48,2024-05-22T10:00:48,125.0,neg, Marcus Barnes
70dc67ae-22d7-439c-9403-9a623d2b48b9,a7979cd7-7b5c-444b-bccb-b8af68f7f606,delay,31-15-2023,2025-05-03T06:09:41,30.0,POSITIVE,Ryan Gardner
2ae025e0-13ad-485e-9dbf-e87762375648,6de8ccfd-3d04-4883-a0f2-7a1c7fd6796b,payment,2023-12-24T17:21:50,,65.0,positive,Natalie Collins
681b7777-277f-41c2-b6e7-bf48a68a29d3,2f206aa8-cb46-4dd3-845a-99b1618611a6,delay,2024-07-29T05:21:23,2024-08-05T01:21:23,164.0,positive,Ashley Lucas
1289ea3a-dcf6-48e5-9f79-67c7e723c188,d3708b2c-4d9f-4c74-91e0-fa45aa5880c1,DELAY,2024-07-04T10:21:52,2024-07-05T01:21:52,15.0,neutral,Felicia Glover
f4fdbee8-675a-4577-8d08-78b3603cfbf2,4213e01e-1cb4-41a5-9598-d09c85b09804,refund,2024-01-22T07:00:13,2024-01-24T05:00:13,46.0,positive,Ashley Lucas
eacacc5f-a5c9-46cf-b68f-6e306c9040cf,44e4c67f-868e-4340-ad08-3b54ce7f65d9,product,,2024-08-24T23:30:00,214.0,negative ,FELICIA GLOVER
0727bfd2-6565-4120-95d8-d3cd966891f5,7c018f45-f067-4d10-8dfb-d03b021ae911,refund_,2025-09-26T20:21:48,2025-09-29T07:21:48,59.0,negative,Joel Lopez
471781df-4abb-4bf1-bee7-864cbc3ffedd,60479f8f-9213-4eb9-9840-07e4a61948ce,delay_,2025-02-04T18:24:52,2025-02-11T05:24:52,155.0,neutral,Richard Yu--
5eabe1c0-ca85-4bec-8510-e04eae7f1661,3293815e-163b-4ac4-bd2b-7842892d18be,product,2025-12-12T28:77:10,2025-12-12T28:77:10,158.0,pos,Michele Claark
7dd0e7da-b0aa-44b4-bcd9-628781446982,1f1644fb-41f5-42ec-81f6-bedff8beda2b,paym3nt,2024/31/01,2025-12-09T10:32:46,199.0,positive,Eric Cooper
14986233-e666-40bb-8a9c-eecf301348d8,e7499945-20a8-4452-93c8-a55663b1cd89,refund,,31-15-2023,161.0,neu,Leslie Alvarez--
4e684e14-477d-4617-b86a-b5cd48940a0d,b670e1cf-46a2-48ac-95d7-e249ce54ce5f,product,31-15-2023,2024-07-20T22:21:34,38.0,neu,CLAYTON PALMER JR.
b01da12d-d736-4e84-ba06-9fdaeb50f13c,c0830bfb-bf79-41ad-b21e-ec88187a16ec,delay_,31-15-2023,2025-07-16T09:21:52,187.0, negative,Andrea Aguirre
0bf77200-022a-4e7e-9def-a411814470c3,7ffb48de-f254-4db8-80b2-558dfef0579c,delay,31-15-2023,2025-11-13T16:19:09,32.0,neutral ,Desiree Hill
a0148464-b584-4f7d-b640-a33d7dd86312,c3d6bbee-d8f4-4461-9a6a-ec5414080470,payment,2025-08-17T22:59:27,2025-08-19T17:59:27,43.0,negative,Samantha Ross@@
c30114a5-a784-4b49-90e8-aa1904826b03,1ad1dc4b-2cf0-4538-a026-9059554f0a95,refund,31-15-2023,2025-03-26T20:41:35,199.0,neg,Michael Peterson
48b51d96-4b9e-45ff-83be-a1b75663b74d,b6d29269-d580-450d-87b6-3ba7111c3f60,payment,,2025-05-21T15:02:33,159.0,pos,Jessica Ryan
5c71b5a6-4761-4540-b069-7820efebf49c,a9391649-a76e-4a86-a1cf-dc6611b3016a,delay,2024-08-21T04:51:45,2024-08-25T10:51:45,102.0,positive,Sean Stout
dfa5149a-bdff-4739-8fa2-12c1adb3f5d9,15c7ce9c-965a-46c4-975a-7ae5d3e2d142,refund,2024-02-10T14:02:54,2024-02-17T01:02:54,155.0,neg,Derek Stewart
331e2646-67f6-49fc-924e-9d3865de7d20,edffa068-2ca3-4ebe-9cb4-30f33ba90201,delay,2024-05-03T11:02:15,2024-05-11T04:02:15,185.0,pos,Jacob Blake
eb2ffa3b-62d4-4c7d-a0a9-22e94da9c6fa,f14753b9-bc9a-4c4a-8812-e08abd60a1a8, refund,,2025-07-16T01:35:38,5.0,POSITIVE,Amy Johnson DDS 
71ef17c7-6b59-4c21-8785-adba1259bb21,02174544-29c9-4b96-bd0d-f3fe942d805e,product,2024-09-24T03:34:38,2025-12-12T28:77:10,223.0,POSITIVE,Ryan Daniel
ca997b99-e93a-448d-bb16-e662904730c9,450f47d5-084c-4f5c-a726-49f3c4aae423,REFUND,2025-01-27T19:15:57,2026-05-11T15:41:44.672484,12.0,positive,Dylan Lawson--
75515002-ed2b-4200-bcd4-3f7be163ac9b,a14e2fd3-17fc-4e90-9926-33e77922586b,delay,2025-12-12T28:77:10,2025-02-12T01:09:28,11.0,positive,Michael Morgan DDS@@
800d99bc-ce2a-426f-935d-eb4a62d9c010,c7e33e87-30ed-4a2f-bca3-183ca5c4dd92,payment,2024-08-08T09:33:42,2024-08-10T10:33:42,49.0, positive,Andrew Gardner
c1bb89c1-8f2c-4cc0-b5c6-996237be1a8d,5b7f345a-b156-4fb0-ac82-42f84c698a66,refund,2024-03-13T00:41:19,2024-03-18T00:41:19,120.0,neutral ,Natalie Hernandez
18332932-f2ec-48dd-a847-35986c2778b0,53a5a5e5-2273-403c-8a93-8443359348b7,refund,2026-03-28T15:41:44.361902,2025-11-15T04:17:49,136.0,positive,Chloe Singh
96cfe7b7-ff35-475e-8971-837296eb88f2,bbdbbcae-c0e4-4292-80af-b19a784f7b88,refund,2026-04-25T15:41:44.401771,2024-04-05T23:39:45,123.0,neutral,Lisa Butler
e5d6ad81-acc2-4e84-b80d-ae1103e76987,2187f564-76c3-474f-9f1f-7cfb2f66f97b,payment_,2024-11-13T03:38:15,2024-11-21T18:38:15,207.0,neutral,Curtis Martin
c067e10f-b478-491c-9b37-cf637f734a0e,8cac3a53-9560-4f3c-9de7-199233d830bf,refund,,2025-12-12T28:77:10,170.0,positive, Ruth Morris
f1f9c957-f475-45b3-ad29-549e07620797,cc7c48b0-b5a3-4400-bbad-17e212b6ee0d,pay,2024-09-12T03:02:01,2024-09-15T16:02:01,85.0,negative,Miguel Gomez
b51b47e5-59dd-4677-806d-9cf23c0a926c,e21a2a00-4abf-4801-878e-99c52810f340,product,2024-04-05T14:12:39,2026-05-16T15:41:44.632626,193.0,negative,Cindy Graham
bd1843b3-e730-4de4-b897-595d1a88dfbc,d6b6c913-cec3-4883-9cae-4b2715a83dd0,payment,2024-11-17T07:41:29,,51.0,pos,Marissa Graham
ea0dfae6-cf4b-4582-b1f3-fde4a42530b8,cf9233c4-03f1-4549-8fe9-8dbd0d6b7ccf,productx,2024-03-12T11:36:21,2024/31/01,34.0,positive,Christopher Washington
b3234fe4-0bf9-4400-a39f-cd0ff483b997,55cec724-25fc-4985-9cf0-413b1d92df11,product,2024-08-15T07:34:06,2024-08-17T00:34:06,41.0,neutral,Natalie Hernandez
d279a7ef-8e78-4c5c-b0a9-af7540ede460,46043792-c231-47c5-bca0-5fb35f97bb38,product,2024-08-17T06:17:14,2024-08-20T11:17:14,77.0,positive, Ryan Gardner
20a8b0cd-7d60-486c-b0c2-103164167e15,60577d56-f135-4d61-af42-7667edc4ffd0,refund,2024-07-21T09:37:16,2024-07-23T09:37:16,48.0,positive,Amy Johnson DDS
2281d595-996c-4912-bacd-409205496da9,9f3c90a5-aae6-488c-b3bc-78ed9124576e,product,2025-07-28T02:20:14,2025-08-05T15:20:14,205.0,positive,Makayla Pugh
9956f2c1-9823-4328-98df-3142d4cb374c,d9495240-459d-432c-a355-5621c21a1bcd,payment,2023-12-07T16:32:18,2023-12-11T20:32:18,100.0,positive,DONALD VILLEGAS
3764fb7c-a2b4-4488-90fc-f1ec78916ddf,84b5c273-9216-4a6a-aa83-c89521105f88,refund,2024-06-13T00:55:49,2024-06-18T07:55:49,127.0,NEGATIVE,Jennifer Daniels
4531da7b-1c24-436e-b74e-31525d64bd00,a914b313-fa76-42e3-91da-2a711a65e5c0,refund,2025-09-25T05:09:33,2025-09-28T14:09:33,81.0,positive ,Randall Hendrix
55506658-6198-4863-b27e-3a3a8e512716,7828a85b-3569-4fbc-9f9b-c8095d975779,payment,2024-07-06T04:20:42,2025-12-12T28:77:10,169.0,negative,ISAAC GRANT
d9164927-5e9b-4622-b17f-4fd951196909,e64651b1-7e3b-4d6d-8afa-6a5b003186a2,payment,2024-04-15T13:26:26,2024-04-24T21:26:26,224.0,pos,Derek Stewart
8147b885-8b01-4b00-87a3-6fab5f5a3cfe,0ac26f95-e206-4e4b-b990-c44ded59052c,payment ,31-15-2023,2024-04-30T05:12:48,98.0,negative,Lisa Butler
85445c10-37db-4473-8ea7-1da850420c04,80b1e375-a6b2-44d4-9d96-12b60f335b9e,delay,2024-02-25T02:07:02,2026-06-11T15:41:44.954189,8.0,positive ,Derek Stewart
e123ac71-575a-4f9e-b0f8-e922cdceda3b,573913ca-a17a-4536-804e-171c42baa32f,payment,2025-12-12T28:77:10,2024-05-25T21:23:18,217.0,negative, Cynthia Tran
3948f8e9-0a98-455c-9aae-063d4dcd9882,22940b60-3129-43da-af9a-cc08f2890009,payment,2024/31/01,2024-10-11T01:52:35,206.0,negative,Richard Tran
0290925c-9bf5-44a8-9c01-cdc8b3a872b2,ac58bfca-d92c-40ad-93bd-1e28377d110d,delay,2025-02-18T03:41:08,2025-02-23T00:41:08,117.0,negative,Paul Davila 
e717fd00-ba15-45f5-a01f-cf4c6872b37c,436caf39-ecf8-4331-8e4a-1bc092b07f67,payment ,2024-06-15T08:59:03,2024-06-24T15:59:03,223.0,neg,Andrea Aguirre
ea0f20b4-f268-4cf0-8c23-0766c45d913e,8b8ac456-6b06-4a5c-9dde-32532fd89bab,delay,2025-12-12T28:77:10,2025-12-12T28:77:10,166.0,negative,Jennifer Ray
9b58be2a-43ba-4fe2-96a9-603df021d937,5182198c-8900-4afa-a7ea-560e18655244,refund,2024-02-27T13:42:36,2024-02-27T17:42:36,4.0,positive,Michael Peterson
c8aa91c9-5d57-4eec-8948-f70e54888de4,ad8feb04-559b-4d51-b013-f549c541afd0,product,2024-09-12T01:27:20,31-15-2023,136.0,positive,Norma Wyatt
ad29e263-f5c7-4d78-a8c0-19e7e7ffd98f,683de409-c3e9-419b-ac18-d04db7c746e6,payment_,2025-04-24T04:59:59,2025-04-29T10:59:59,126.0,negative,Eric Cooper
a6d07833-6eae-4fa6-a729-25fd13cf2a6f,89af637a-d0b3-4a1d-ae34-6a52b36a86ef,yaled,2025-07-03T11:53:46,2025-07-11T16:53:46,197.0,neu,Jennifer Ray
f66f2860-80aa-4757-b86a-7de916c0d998,8926821e-d7f3-4c2c-aea2-311a940a0925,product,2023-12-28T05:32:50,2024-01-07T04:32:50,239.0, neutral,David Powell
98810c3b-145b-4ddc-9dae-98aeabc7cb7f,38b6c5c2-2e39-4f4e-a8db-4bd2489b472f,yaled,31-15-2023,2024-10-07T07:21:15,145.0,positive, Michael Simon
b0106f32-4a11-40f8-a75d-e6de974a2da7,9aa1c057-71c0-4a8c-bc42-8ab0f9d330a0,refund,2024-04-26T14:45:16,2025-12-12T28:77:10,236.0, neutral,Samantha Smith
e360dff7-c4ae-4db4-917f-1575b31efc60,fe0e9b1b-1801-4eee-8960-9999c5822f6d,REFUND,2025-03-31T16:58:14,,71.0,negative,CATHERINE PARKER
f747d4bf-8965-417b-b5e4-5851b5e1c697,df7590f2-6623-46ba-9c7c-b5d0653542fc,payment,2025-08-27T01:12:20,2025-08-27T16:12:20,15.0,positive,MARCUS BARNES
39364f37-cf6e-4b43-803e-bed60b6b24a0,fc763a52-132a-4f7d-89d9-3c7d622e6809,payment,2025-05-30T22:05:53,2025-06-02T23:05:53,73.0,neg,Anthony Johnson@@
405573b5-9aae-437b-af1d-ec5250630c23,340a41aa-bf1a-45c4-a8db-f217078b311f,product,2025-09-11T03:22:40,2025-09-17T12:22:40,153.0,negative,Edward Gregory
65f33397-c9d4-4cee-a8d0-8b6fb113ab1b,b2c7db28-84f4-4039-8949-0c6befaff5b2,product,,31-15-2023,178.0,negative,Amanda Garcia
0f11c678-0bf7-4848-85e1-7393942c6b5d,e7023318-c72d-4b99-a61b-ae35f3c8ba74,product,2024-06-06T21:25:13,2024-06-10T18:25:13,93.0,positive,richard tran
8fc9bcb1-d6e8-44f8-8cbb-54dabf7ecf2b,ce468d0e-4885-4665-bd82-f249fe1182ef,refund,2025-12-12T28:77:10,2024-12-29T12:44:39,207.0,neutral, Christie Thomas
f90b457c-c746-406a-b7dc-b9a45f202a85,7dc3276e-ee51-4495-bc85-45051ee5f9b7,refund,2025-05-07T07:44:53,2025-12-12T28:77:10,180.0,negative,Yvonne Galvan
b4bc3bc5-594a-4866-9d6d-31f56ffc2d82,58025925-faf6-4f82-84fb-1be2554d0968,product,2025-02-23T22:25:47,2026-12-01T15:41:44.745600,158.0,neu,Scott Larson
f23f0047-09e6-4a8e-93fa-406f9f96f085,78960d98-e4bb-4340-ae27-c3253f287800,product,2024-06-29T22:11:00,2024-07-02T09:11:00,59.0,negative,Kimberly Young
c63f6e53-f2a8-4809-b862-ec30f38c9b2d,14de9409-a3e0-4361-910f-2bab0d06b5f2,productx,2024-03-16T19:46:36,2024-03-20T03:46:36,80.0,negative,Marcus Barnes
e86f7182-cdec-4fa8-8f21-44ce9b43883b,99736daf-8124-44f2-b9b4-2dd172c116e3,payment,2024-08-02T19:32:55,2024-08-07T12:32:55,113.0,negative,jennifer ray
7acf26bc-8e78-4574-bd34-d5d8b5f58239,95a5b936-0df4-470f-a5d9-83fff7028452,refund,31-15-2023,2024-03-21T23:12:25,41.0,pos, Brian Rowe
9ad1a8fb-d1e3-4360-880c-1acce33ef03c,4b3305bb-4ee7-4f8a-81a7-a78806be15aa,refund,2023-12-14T02:50:34,2023-12-22T06:50:34,196.0,neutral,Joseph Anderson
5895fc3f-b698-4c8c-a6fe-b9798649ae11,980d8525-fef8-4161-983e-b27b2d40e1b1,tnemyap,2024-08-15T08:36:49,2024-08-24T04:36:49,212.0,neutral,Thomaas Anderson
cefe47e9-d346-4d70-9bd0-5dfc2ec5241c,c150136e-3788-4367-a99b-679a24bf8e39,product,2024-03-02T22:56:12,31-15-2023,139.0,negative,Brian Stewart
624fc54a-9fdd-4187-afd6-3ff09d5241dc,f1aba3ca-215b-494c-a24a-fb937d4a7e00,product,,2025-05-03T17:54:32,160.0,neutral,Erik Thompson
13286fbf-f22b-4195-9729-cc0595db70b8,7a46fe3b-455e-4740-847f-5ad7ca73520b, delay,2025-07-21T00:50:06,2025-07-29T07:50:06,199.0,neutral,Charles Williams
f37139b0-2453-4cc8-8609-ddad99b9978a,f15ccd54-88a5-4089-a74d-434fc894dd2f,refund,,2025-10-03T21:11:02,58.0,neu,Lisa Butler
1dbbe7a1-b061-449c-9c97-8bbc446581f1,a129674a-98ac-4f43-9f4b-fe42cbea3abe,delay ,2025-07-22T07:01:13,2026-10-29T15:41:44.658990,148.0,positive,Sara Hogan
b5ab90be-cedd-4f01-b62e-1f9488c1272e,3d7f0d3c-f62d-4bac-9f96-5a41677311b2, product,2025-07-07T08:16:13,2025-07-11T09:16:13,97.0,positive,charles williams
83b4051f-69c1-4d67-800c-f5237038272c,53dc1ac8-e7dd-49c3-97a2-8cd299839520,delay,2024-01-31T02:43:24,2024-02-06T23:43:24,165.0,positive ,Deanna Smith
0bb79b81-8184-4fcf-a5bc-26b81b3d8ee1,62c899c3-8ce9-423f-9e9f-03e7be308a0e,product,2025-07-07T04:49:33,2025-07-11T12:49:33,104.0,positive,Eric Cooper
f3ab60d8-c4a8-462a-ad94-4b1f88e675aa,5e68031f-4a79-4a28-975a-b24097d58a38,refund,,2025-04-26T22:15:13,57.0,negative,Christian Juarez
9402b744-7c2f-4997-9742-3a6ec1b10d83,aa4e711e-43bd-4f8d-a503-3e72606b7b94,delay,2025-04-04T14:22:52,2025-04-11T06:22:52,160.0,neutral,Robert Smith
92e70936-2c79-4bd3-87b6-6ab3a9430a22,3d3a4971-a5c3-492d-ac8e-fdb8fd350531,refund,2025-05-18T01:32:10,2025-05-21T13:32:10,84.0,negative,Michael Faulkner
b94b3ffc-bc22-4308-a0d7-50d452f4fe93,512be6f1-60b7-45ae-81e0-12bf7e3812e2,payment ,2023-12-15T06:56:20,2023-12-22T22:56:20,184.0,negative,MICHAEL FAULKNER
0291c2aa-f307-40b3-b176-b8df8eb6d613,60690b92-ff7a-4f3f-9cb7-f4e5fc3ddc34,payment,2026-02-18T15:41:44.265696,2025-10-15T14:57:22,72.0,positive,DERRICK WALKER
7c01bb09-f20c-4ec3-b5af-2a77ad61a2c9,387b34d6-9083-44fb-95c2-1cef7fb36929,payment,2024-05-03T21:33:01,2024-05-12T14:33:01,209.0,neg,Michael Faulkner
0bc54a52-6d07-4d91-b6b3-fea45b703597,ba82b012-c251-4b5e-b2d1-48da84c0df92,delay,2024-05-11T11:10:45,2024-05-20T21:10:45,226.0,negative,Jaime Parrish
a9a53a2e-0945-43a6-9610-333059b3a331,e45436a9-30ac-4f47-a43e-7039d92f08b7,product,,2026-01-19T15:41:45.003867,10.0,neutral,Michele Clark
05f50a28-0a2f-42a3-a848-22440f180500,60752a1d-edfc-4798-ae57-cdecabda6775,paymentx,2024-02-23T01:35:55,2024-02-29T13:35:55,156.0,positive,Kaylee Davis
ac21061e-0ac8-4e69-9e5f-bbce2026f878,d13dccf4-42e5-4145-81b0-46d792a70c0d,delay,2024-09-24T15:40:49,2024-10-01T05:40:49,158.0,neutral,Melissa Barry
074f6c9e-5451-4ec0-b494-737e7f803913,6b84df5a-c8dc-4249-be56-767e843513c0,payment,2025-12-12T28:77:10,31-15-2023,90.0,negative,Michael Harris
04740234-4ac3-4cde-8b29-ae90ddfe30c5,59b4f53b-6b2d-4b32-a3de-4113a231974e,delay,2025-11-04T04:50:27,2025-11-10T13:50:27,153.0,neutral,Ashley Carter
1ad60e50-27bb-4811-89a8-8d8209bdb930,5df412eb-2924-4fb6-8ffb-521a27fd5a20, refund,2024-04-08T16:30:00,2024/31/01,174.0,negative,Derrick Walker
57d1a1ba-8c25-4183-8f7e-8c86c1cae61b,d3b4af35-f233-443e-bcda-ec4e43292c3f,payment,31-15-2023,2026-07-21T15:41:44.770081,6.0,negative,Julie Williams
5bfa7942-11a6-4858-b877-ca150727317c,cb715e11-d5c0-42ca-9561-31dd2baf3ccf,product,2024-12-19T03:18:43,2024-12-20T01:18:43,22.0,neutral,Joyce Vaughn
a6a54663-8c9d-4cb6-bf05-88e814545b30,d50017af-a6d8-4d70-bb0c-1b891e6c553c,pay,2023-12-27T10:43:46,2024-01-01T08:43:46,118.0,negative,richard morris
41a1e4d6-4426-410b-8fad-eefa94186f61,cf590c7e-17fd-420f-a02d-b6a95f4602fc,payment,2026-05-03T15:41:44.616499,2025-11-07T21:26:41,23.0,negative,BRITTANY BELL
9b66791b-af3d-43ea-8de4-2df0b6e46660,88f86f76-5f6e-400a-8955-550fc68ec32a,paymentx,2024-03-12T20:09:17,2024-03-13T18:09:17,22.0,positive, Michael Simon
0d268dc8-3971-464a-9eaf-d8f990969e3f,8cdb0e03-5370-4ed4-8b6d-3d836b59147b,r3fund,31-15-2023,2024-05-12T09:49:48,57.0,pos,Logan Young
303650cb-1361-4b20-988d-b04f05c388c8,4e0afa55-5ea2-444b-a6ef-7be7c643162d,product,,2024-08-20T04:28:14,221.0,neutral,Michael Zavala
86b433e6-9fc5-49cc-83fe-cfd3fb605e80,f9b5e856-cdfe-4885-a9cb-4abf9fcb444c,product,2025-04-02T01:20:34,2025-04-09T20:20:34,187.0,neu,Julie Bishop
a5afe2ef-56c3-4831-95db-b70d5876ceb3,77c123d0-a88d-4f76-8f9e-321a52b87047, payment,2025-07-16T11:58:59,2025-07-25T12:58:59,217.0,negative,Roger Noble
f8025242-5e51-4569-8112-fdef0a676a7c,2bdd44cc-24cf-4615-945e-3548cca84750,delay,2024-01-03T13:51:37,2024-01-09T15:51:37,146.0,POSITIVE,Paul Davila
fda990f8-ec79-49cf-9aed-44b390610112,8b8a3132-fade-4835-b8d4-d98570238b99,delay,2025-09-19T01:29:58,2025-09-21T17:29:58,64.0,neutral,Dennis Gonzalez
8882e410-bf3a-42de-8de6-832d9ee5970d,d162c4eb-c656-4c19-b33d-9c78aaa409ff,product,2025-04-11T03:06:39,2025-12-12T28:77:10,142.0,neutral,Joel Lopez
d4a73910-c476-4579-903f-5310b94fab9a,3eb9fbe7-035e-43e6-90d5-be6bff022667,payment,2025-10-26T00:49:34,2025-11-02T12:49:34,180.0,n3gativ3,Jacqueline Frey
e70ea561-e241-491f-89d5-96010105ccd3,fb2b07a0-ffc7-4aad-9f6a-14b3a68aea52,product,2025-12-12T28:77:10,2025-03-14T06:58:35,220.0,neutral,Christine Harris
ca83117d-5eb5-4052-b0a6-393fd302321d,7b20398d-4d58-41ad-958c-12bfec192e3f,delay,2025-08-20T16:16:14,2025-08-21T11:16:14,19.0,neutral,Christina Salazar@@
5c697040-929f-431b-a0e2-8a4dc1651108,c12dbbf4-1315-4631-ba4a-a9d90f1eda48,refund,2024-07-18T14:13:13,2026-01-12T15:41:44.645967,183.0,positive,David Powell
02b4faf1-05c0-4e29-a007-2ef472d9dae5,b62df4fb-d85f-4a29-a565-9cedfa2337ab,product,2025-04-20T19:44:43,2026-05-31T15:41:44.963913,87.0,positive,Stephen Soto
411d5d64-bc1f-44de-9d46-a68ee9f72a08,2261f883-e38a-45cb-bfbd-1154051d9f8f,payment,2025-11-01T19:48:34,2025-11-10T11:48:34,208.0,neutral,Brittany Bell
f5ef0149-7445-43cf-843f-58394ab1d978,fd6e27ab-793c-4175-8918-ee2361265288,refundx,2023-12-28T13:40:32,2024-01-03T02:40:32,133.0,negative,Kenneth Lopez
dd9f9a23-256a-4b30-b598-1b619ca3f43b,1fde9632-20bb-46e9-83bf-048c47dae58a,pro,2025-08-18T09:47:51,2025-08-19T21:47:51,36.0,positive ,Guy Hernandez 
00a9dc2e-0392-4ae1-8a6c-635f967106e6,d0b939b3-da90-4aac-b7c7-30449191b222,tnemyap,2025-11-18T09:38:56,2025-11-23T03:38:56,114.0,neg,Curtis Martin
f447f76c-0dbe-45a0-8980-2e8d1d88f91e,3b5bde96-952e-4939-b722-d3bcb009bb54,delay,2025-07-21T20:42:54,2025-07-28T14:42:54,162.0,neutral ,Paul Davila
a9cd7155-d3aa-493e-8949-ad6fb8b18486,75191cf8-3573-423d-9333-7f63956aff50,product,2025-09-20T19:26:41,2025-09-25T03:26:41,104.0,neutral,Tammy Jones--
a6870a88-f455-45cc-8d15-ab334a2148a0,f8e2ba6a-c791-46e4-bb97-e752e8c1cd74,paym3nt,2025-06-11T14:00:18,2025-06-17T13:00:18,143.0,positive,Michael Harris@@
70eb1128-56e6-4edc-86e9-a28dfd2591c4,381a6da5-b0cc-4862-96b6-4c7c7c50dfd0, refund,2024-01-04T09:19:58,2024-01-10T11:19:58,146.0,neutral,Ryan Daniel
92214433-5d23-4a2b-b15a-a880bee41b8e,87312518-7db1-41f8-80af-b8ac24756ece,payment,2024-07-09T21:21:30,2024-07-12T03:21:30,54.0,positive,Cody Lyons
b429e430-3fd9-4aac-900b-7637f867aa3c,011f98bb-7067-4ca7-93e9-82754c7fa89a,product,2024-12-27T08:49:20,2024-12-31T09:49:20,97.0,positive,Ryan Gardner 
98258b3b-af01-4f03-9c29-620fe6b826ab,0c4efa7a-24f2-4f21-ac68-8d2027fd90b1,refund,2026-02-21T15:41:44.403978,2025-09-10T06:37:28,54.0,neutral,Caleb White
5ffb0734-a507-4eeb-87e7-ca4fac04d7d8,ef19ab03-a803-4c36-94dd-cb9eae5eb807,delay_,2024-10-07T12:15:56,,155.0,neutral,Brian Stewart
c602a5b0-7299-48c9-b644-1ab4018e3a4b,c4c55ce6-1ebe-4b81-bdba-1a2d8bb366da,delay,,2024-11-26T18:02:23,105.0,neg,Eric Cooper
10cef5e4-9216-43d1-962b-9b7e2ae98615,122c0458-cb34-41ad-b85e-22336a73744f,product,2025-06-13T22:36:52,,209.0,n3gativ3,Christopher Bush
6cc4f111-3123-4bb0-bba0-ce88c4f1511f,34b0453c-a1bf-413c-af50-c8bf78381aea,refund,2024-08-18T07:44:35,2024-08-25T01:44:35,162.0,positive ,Anthony Davis--
2996000f-0f5a-433e-aced-21eb4ec0756f,322d342b-ebf4-4e16-9a9b-f8a7852815af,delay,2024/31/01,2024-06-02T13:14:50,110.0,negative,Linda Morgan
7cb58b32-73dd-4294-be75-d1b5435d8ef3,f3526d98-42c5-4d6c-bdea-0d9da6d34b24,yaled,2025-02-19T23:28:11,31-15-2023,23.0,neg,Caleb White
f4a5dd01-4fd8-49b9-803c-46615edc3467,f044a3bd-5b9f-4124-b8fb-178e63c25365,paym3nt,2023-12-19T01:26:05,2024/31/01,193.0,neg,Christine Harris
96467761-c9a4-4211-8aab-e92af33a9212,471e209a-bba6-4591-b707-0e96a2d6ba73,delay,2025-10-09T15:31:23,2025-10-12T10:31:23,67.0,neutral ,Jason Marsh
ba5c9848-731d-4fdd-ab7a-2165f2e0e58b,54744b55-b5c7-4b2a-b9e7-81c99cc945a0,refund,2024/31/01,2025-02-23T16:18:55,141.0,neg,Cynthia Tran
fe3255b1-8c7f-4d31-9a11-237b35a114f6,9d919e9f-879b-4d4d-ad08-0692588bd0b2,product,2025-09-11T03:01:27,2025-09-15T14:01:27,107.0,neutral,Anthony Harper
51bb0fd0-d13f-4ef5-a387-740abcc9b7a7,9aeb36a1-7de8-4744-950d-b215ab055c7c,pay,2025-04-15T04:17:53,,92.0,positive,Emily Curry@@
910e759a-81cb-4ade-859e-48ec2d832917,8826b1a2-5afd-413e-a738-a4ea613d2d20,pro,2024-07-04T01:15:52,2024-07-10T18:15:52,161.0,pos,Katherine Hunt 
831fbbd3-f7d6-4ae6-b98d-e9d0bd8e5a12,9da329f9-11d3-47bd-a1b2-083e676d76ff,refund,2024-10-24T04:46:50,,116.0,negative,Ruth Morris
25a0182c-6e27-44e7-aaf8-a6013ef190bd,2aff57b3-3243-406f-b347-99f6c8d65804,delay,2025-04-18T10:47:18,2025-04-27T06:47:18,212.0,positive,Jennifer Clark--
1073257e-bcc2-46d6-b41e-e6e71f4e8b23,ec7e76be-35e1-410c-82bb-ccea49f627bb,payment,2025-05-25T13:18:32,2025-05-30T05:18:32,112.0,negative,Ryaan Daaniel
ee939c27-7b4f-4886-92a2-85299d5fd21e,a08abf87-366e-4e9f-b464-648b1476edde,pay,2025-03-01T06:13:48,2025-03-10T11:13:48,221.0,NEGATIVE,Linda Morgan@@
43aee6c8-6b0b-4f22-ab6e-1acefcd97612,8cc93023-5eae-4f68-9b55-a5e6331e7b25,refund,2025-09-21T11:38:26,2024/31/01,183.0,positive,Jessica Ryan
a1296da7-0d37-4c60-961d-5b9e62fae823,7235add7-79c3-4331-a997-504cd339387f,refund,31-15-2023,2025-03-17T20:22:18,152.0,neu,KATHERINE HUNT
6c56cd7a-1e54-4957-8c8c-30bdd39f59ba,ee6fd13a-b553-45b2-bafc-1092125216f7,product,2024-04-08T13:03:07,2024-04-11T09:03:07,68.0,neutral,Michael Larson
bbcbd94d-57a0-44e6-bf9c-ac2c75c41572,4eeb41a6-0cc5-419f-add5-59a664bfb8ad,delay_,2023-12-13T12:07:17,31-15-2023,155.0,neutral,Amanda Garcia
599e41e2-ef73-4347-a2af-71bcfc1926e5,d5dd6bb0-fd25-4270-a49e-c6d5f4fe9387,refund,2024/31/01,2024-01-15T04:22:55,116.0,NEUTRAL,Tara Simmons
b614e79e-5363-4c3c-93c4-0b6beb51fd7d,22e4e85b-ce45-4bc7-9dc5-196b279b3a86,paym3nt,2025-06-06T03:30:35,2025-06-16T02:30:35,239.0,neutral,Dennis Gonzalez
fcc34546-6119-4854-9684-793849188d75,73a380b4-df43-4fb8-ab62-40c22d4a45b9,product,2024-01-06T00:13:26,2024-01-11T23:13:26,143.0,positive,Megan Chapman
1495fcfe-e66a-4f78-a2fd-f77ae3e5a8b5,be5f3791-69bf-4e99-9e21-3f0c480b2e16,payment,2025-09-06T19:46:42,2025-12-12T28:77:10,103.0,negative,Kenneth Lopez
03bfdac9-2de4-40a6-b888-25744a3ce7b6,e2bbc9f3-f9f1-48be-b2c5-49bbce01565b,refund,2026-12-21T15:41:44.476123,2025-12-05T18:09:07,118.0,negative,Jacob Edwards
b062eabf-0644-4598-9469-2a4af6b4c136,f632801a-fcf9-4ad7-81dd-0519e58a75ce,delay,31-15-2023,2024-09-19T11:41:30,107.0,positive,Anthony Davis
6251a651-c4b9-4e4d-8d56-400bc71bc4a7,61a3bc63-264a-462d-95c1-a00dde014a8e,tnemyap,2025-01-19T06:49:13,2025-01-24T04:49:13,118.0,neutral,Jennifer Barr MD
122070d9-f0ca-4765-b741-4afaa4bdd2ff,b8b855a6-df8e-4cd5-b691-4a46c8b9caf0, delay,2025-08-11T15:56:40,2025-08-21T06:56:40,231.0,positive,Robert Ball
669b95f2-ff70-4e56-8138-d3095e8dcb21,b16e98e3-196d-4d91-bc1b-6a5a000a0f68,delay_,2024/31/01,2024/31/01,44.0,neutral,Andrea Green
b36b87cd-690c-4005-bbe7-20d8b6b94788,c66897fb-516b-45a0-be8e-40beec2304d2,payment,2024-04-15T10:09:26,2024-04-24T18:09:26,224.0,neg,Michael Smith
76dd3cf8-38ab-44e3-ba8f-d71de8f8feb1,3eba8519-5e32-4f99-9dc0-da4fa19fe297,refund,2024-01-22T17:01:23,2024-01-27T22:01:23,125.0,positive,Steven Cherry
8603f0f5-3e01-48d5-a402-dcc30b13227f,14b572db-459f-4758-b29f-c2890d23415c,refund,2024/31/01,2025-12-12T28:77:10,142.0,neutral,Lacey Krueger
5067a7a9-efab-4967-9f7c-d81d1addfec6,64893ff2-491a-4571-8046-8fd3ad6124d1,PRODUCT,2026-11-05T15:41:44.458847,2024-05-06T22:50:36,116.0,neu,Jacob Blake
db2d848d-8773-4e2f-90d1-58e523d4eb19,40c65020-8b0e-4824-b145-c2079704993c,product,2023-12-07T19:40:41,2023-12-12T13:40:41,114.0,negative,Richard Yu
0819d5d8-23cf-4f42-893c-58b11f75f0b2,3c5936c9-b26d-43a7-bbb1-bc99b39a7080,delay,2024-12-17T04:41:11,2026-11-27T15:41:45.011308,58.0,neutral,Jennifer Daniels
dd69123b-6780-41b0-acd9-e70be405705b,47cf3036-ed7c-4259-bc9b-92fcad598203,delay,2025-01-02T08:10:36,2025-01-03T15:10:36,31.0,positive,Curtis Martin
3be68ead-57f4-4b6d-92e1-bb725b886dff,ab5cef84-dd32-45dd-aaef-2704785f3ff8,refund,2024-06-15T02:54:52,2024-06-19T07:54:52,101.0,negative,Richard Yu
6c0c479e-f6cc-44cf-a89e-989f1f128f1c,e2bbf84f-aefa-4368-98aa-746cdb8f9a82,payment,2026-09-08T15:41:44.423484,2026-07-12T15:41:44.747826,20.0,neutral,Chloe Singh
bc6cf618-9ba0-4bf5-8c13-8160ba7551fe,fac62b1e-f9a4-4828-a38b-fb472fd7dd28, payment,2024-12-19T15:28:07,2024-12-21T16:28:07,49.0,neutral,Mr. Alexander Ward
ed6127a8-393c-428b-8152-a0df8dbb9406,e34465f6-4474-4ebf-8d12-6d9dff16df84,delay,2025-12-12T28:77:10,2025-07-27T15:00:32,120.0,neu,Kenneth Lopez@@
e22845b0-9d44-47cb-926b-03240395a446,7e701793-0ea2-4ec3-9f24-c3713cc325b4,product,2025-07-09T13:25:07,2025-07-12T06:25:07,65.0,neutral,Cody Lyons
34cb655c-022b-4a80-b37e-bdb994fb5ccc,68825927-06e2-4d57-9048-5e44a3d50b51,product,2024-11-20T18:35:57,,71.0,positive,Yvonne Galvan
44a70782-817d-42e0-bd74-968cf57a2a4a,d8d8a17d-85ff-4506-88b4-8f5ea86bb283,refund,2025-02-28T22:11:30,,47.0,NEUTRAL,Melissaa Baarry
85c475fe-281e-4577-bed5-a92c2a7acffa,14b157de-3604-4bf5-bdc9-6c170656df5c,delay,2025-12-12T28:77:10,2025-12-12T28:77:10,223.0,pos,Ruth Morris
1999bcb8-d29e-40da-9881-bdfe9f3e2c70,ca04ff59-41ce-46aa-83a4-fa7038898cd7,delay,2026-01-24T15:41:44.611678,2024-11-02T02:20:07,9.0,positive,Melissa Barry
9281bc14-d4d7-4c41-9262-f789965fa0c8,8202f5e5-50b4-4ef5-b27b-205b456345a1,payment,2024-08-12T02:06:23,2024-08-15T10:06:23,80.0,neutral,Miguel Gomez
1134a096-2f02-49d4-8710-3e3453958408,756bd384-02fe-479e-a0ae-c51c2c1f0831,refund,2025-11-24T20:44:27,2025-11-30T14:44:27,138.0,negative,Terry Taylor@@
73742f86-9adb-47df-8d4d-27c3ec62b9c3,a64fd4aa-b8af-4f47-a135-3ebbabaa1fdb,delay,31-15-2023,2024/31/01,121.0,negative,Jennifer Daniels
b7443f37-7bb2-4068-a541-b91584cc88e4,a5a38786-62ae-4cde-956e-a73fd7f6eaf4,payment,2025-02-21T02:01:26,2025-02-28T12:01:26,178.0,positive,Robert Ray
f5fe8901-13f2-4ab6-860e-797aff4636be,e039c1ef-cd77-4630-aac0-480cc4383c9b,del,2024-07-16T21:59:29,2024-07-20T10:59:29,85.0,neutral,Gregory Mcguire
5b782097-402d-4b80-82a1-b5a0cce3c86b,4207ea22-8830-458d-9faf-7f9dad8a57c1,delay,2026-02-16T15:41:44.538840,2025-03-14T07:39:58,111.0, positive,Anthony Davis
f0871960-a22b-49d2-9843-ec8d7950880c,1272f07e-cc8e-4295-8fbb-188cbd2b9da9,refund,2024-11-23T16:40:55,31-15-2023,38.0,positive,Peter Lopez@@
d9a7c85e-a25d-46e0-b3fe-b43ada628834,68c3d4e2-08f7-4e98-aaee-496e73aa5ab5,del,2026-09-29T15:41:44.333833,2025-02-15T12:48:18,53.0,negative ,Emily Curry
ca1ec2ce-0b97-4da1-a47b-e27cc156a202,067ca740-9cd1-46a2-8544-9298ed10a2f1,payment,,2024-02-18T14:52:52,78.0,negative,Aaron Mcpherson
f37b1b71-0d57-49e2-95d8-af1f6a5820d2,cb545d34-bd31-4719-9bcf-071a1e0d8ce2,delay,2024-03-05T01:50:05,2024-03-10T01:50:05,120.0,pos,Tammy Jones
2b7e2d6c-3d6c-4f8f-8064-2e962b60b98a,ca93635b-5b81-4d5f-808f-584abec2a278,payment,2025-08-26T20:27:50,2025-08-30T10:27:50,86.0,negative,donna shepherd
1edc64a2-4638-48c3-92e1-bc0c4639f57d,f5bef2cb-0fa1-40b8-85c7-2d9a60373f91,delay,2024-05-04T23:34:09,2024-05-07T23:34:09,72.0,positive,Mrs. Kim Lee
a0482dd0-bc30-450e-b887-164b284ece17,6ed274d7-d2aa-4ff6-84e4-80cecb4667a2,delay,2024-04-05T08:55:10,2024-04-14T15:55:10,223.0,positive,Ruth Morris@@
b7beaeca-f396-4d4a-a8e2-1e585c81ef02,d68fdd45-e3e3-49cf-9ccb-490fc0da9775,payment,2025-11-16T18:45:01,2025-11-20T22:45:01,100.0,neu,Andrea Morales
d30791bd-6aa1-4542-9474-a42b1bfa13f3,2d7d250e-739e-45e7-ac09-7e1b8d827951,delay,31-15-2023,2024-07-12T11:04:18,140.0,positive,Marvin Evans
af86cae8-64b2-40c0-afc1-4818e01f4622,7bd9c1b6-9978-45a5-b8e6-60d4a7233417,product,2025-07-06T10:20:17,31-15-2023,85.0,negative,DEREK STEWART
5d373e45-c1a8-4846-bc43-9e8a10e02b63,34ac1adf-5a5a-481e-b54d-91e0ec4ea307,ref,2025-01-08T22:24:58,2024/31/01,34.0,neutral,George Leach--
266895a2-1390-45a0-bd16-4860b01a7257,a8594ff8-5207-4aa4-9074-6e1ee819849f,product,2024/31/01,,62.0,negative,Anthony Sanchez
42d87f7c-3e16-4351-b884-34378d869f4e,d82e0e0f-4845-47f2-b879-0914dea68263,product,2024-04-11T08:09:55,,68.0,neutral,Jacqueline Frey
6c078b1f-3c87-42b3-b794-bc9b3a05603f,80faec2b-0f3f-4b26-846f-dae07dbfd351,product,2024/31/01,2024-07-08T08:52:30,102.0,neutral,Crystal Walton
9e87113c-4760-4696-8be5-5c580e6202f7,fe7739e0-f3c7-4daa-827d-cfa43275e8bf,product,2025-01-13T04:12:08,2025-01-14T01:12:08,21.0,positive,dennis gonzalez
f06b6b98-ce32-466e-a127-d706fd6da5a9,73becdd5-14f3-4f36-8abf-f276571a45ae,delay,2025-08-24T11:26:16,2024/31/01,138.0,negative,Desiree Hill
61b7d1f0-d5ca-44d7-b4bf-83bf585f44ce,62df0648-51fe-4902-bfcc-0fd6e1a98d58,pay,2024/31/01,,32.0,neutral,Margaret Morse
dc5f25a0-5068-4726-a2b5-08d0fa0b8054,cd34bbdc-b56e-4013-8c7c-ac3c2998c0e5,payment,31-15-2023,,85.0,negative,Yvonne Galvan
2611960b-3b5d-4f1f-85f1-a8d2277b680a,c0d41996-3324-4bfe-9681-8192e1f8b6fd,delay,2025-10-27T15:02:25,2026-05-29T15:41:44.912869,114.0,positive,Marisa Cook
6e8825c3-a5fd-4149-92ed-030c8b7722e4,4560ab80-1d21-4cf5-8de5-354897a952a6,payment_,2024-02-04T20:06:49,2024-02-10T03:06:49,127.0,positive,Greg Sanchez
1a0f358d-2bdb-461f-a569-8f0a51c8daee,2dd0c43a-b73f-4860-87b1-991081ac2acb,payment,,2024-01-22T09:45:32,152.0,positive,Ryan Gardner
6ec81e9f-005f-4f7d-ae8e-fb0627f86f0b,3f9a533b-6e24-47ec-9fe9-ca945f53e269,refund,2026-11-19T15:41:44.337075,2025-07-31T09:35:38,68.0,positive,Elizabeth Lucero
42a0c8e8-6887-43c5-a9b6-d6210b67982e,4b80df5a-384d-49f7-860a-1538a39f209b,refund,2024-01-16T03:08:19,2024-01-20T02:08:19,95.0,positive,Andrew Reeves--
2f09808d-142a-4acc-af86-954c5ac827a3,00978582-1d19-41d8-9adb-043f94b8a2f2,payment,,2025-03-22T11:49:05,149.0,negative,Jennifer Daniels
275f8c80-7ab9-48ab-82fb-c47e5b689fa9,e97bbed4-d0b2-4247-8cc6-3713e439437c,product,2025-01-07T23:17:07,31-15-2023,9.0,positive,Ryan Gardner
a74928c8-2d7f-41a2-b2c7-5fdb8a2dcd6e,3127d065-030b-4e77-b33e-5697880cc878,payment,2026-12-01T15:41:44.489754,2024-02-09T23:34:30,51.0,negative,MEGAN CHAPMAN
d395d083-18eb-435a-900f-d629e9ef8cdf,fbea9d39-b080-4d46-b57b-7fe140644abd,delay,2024-07-11T07:33:11,2024-07-11T16:33:11,9.0,negative,Michael Larson
8f8f77bc-809f-49fc-b1ec-6df1d6bf782f,d74a63fe-a608-4d3e-9a19-18f352b229d0,product,2026-11-22T15:41:44.395419,31-15-2023,62.0,positive ,Michelle Owens
df615973-e75b-485e-abce-72afa1077ddb,7f6ed614-dbb6-482b-a1d8-cd67fe53ca5d,delay,2023-12-18T02:10:32,31-15-2023,79.0,pos,Curtis Martin
430cc6dd-724f-41cc-9975-dc7bafb6fdac,20556cfe-b5a5-4ea2-9fa8-e77cd627b2bb,PAYMENT,2025-07-30T01:14:36,2025-12-12T28:77:10,174.0,positive,Donna Shepherd
bb9d2c2a-535f-4d23-883e-eda7d99cb10a,b2972245-efa6-4e24-9877-a9f25288ff2b,refund,2025-08-10T08:53:59,2025-08-17T09:53:59,169.0,neutral,Logan Young
c137adf6-31c5-4a8b-b7f5-05f5928823ff,332826e9-1577-4475-9e95-78710657bac3,delay,2025-12-12T28:77:10,2025-06-18T13:14:09,110.0,positive,Andrea Aguirre
08480ccc-2e01-4176-8920-9278558726fd,348d1312-9135-4ecf-a7b3-2c1f5f189b0e,product,2025-07-22T23:49:48,2025-07-31T23:49:48,216.0,positive,Edward Gregory
a6207942-6bfe-46c4-b761-302ddee051bb,862e3d78-1413-4c8c-96ac-e59af1a03551,refund,2024-06-26T03:33:08,2024-06-28T03:33:08,48.0,positive, Maria Woods
1135fc0d-ce17-4f8d-a232-8f7e1dd0be67,85b3260c-e1a4-4366-9628-8da7838ef252,r3fund,2025-12-12T28:77:10,2025-03-15T11:48:52,156.0,negative ,Jessica Ryan
f278afbc-f279-47bc-9019-170d6a51180f,ac192bac-c16c-4ba2-9b4c-cc2eb2aa5616,delay,2025-08-06T11:42:41,2025-08-13T20:42:41,177.0,negative,Stephanie King
19b06984-87d7-42a9-85f3-f2ad1969f5ac,71ca0a05-20a7-4cf2-bd15-eb3184aad94f,payment,2025-05-16T16:58:08,2025-05-19T09:58:08,65.0,negative,Linda Morgan
d4cc1dc5-ed5f-4247-a82d-ff9ba581ae3f,eeab2d28-20ef-437d-8284-221e9cd2f811,product,2024-04-30T23:43:48,2024-05-09T10:43:48,203.0,neg,Laura Shaw
012291b5-d292-4eea-a690-be029577b7bc,c51ea4cb-3c6c-4917-8e17-27cf5d996216,del,2025-08-03T12:21:06,2025-08-08T06:21:06,114.0,positive,Isaac Grant--
2c5d15b3-17a6-43b2-9868-5a2351125b58,b171f988-e4b7-4216-918d-15aa43146bc4, payment,2026-01-08T15:41:44.479276,2024/31/01,82.0,pos,Courtney Baailey
96765ce9-7602-43f4-9c77-cc943ea79b85,b241305f-8b88-4cd0-911f-8f453a5658a6,payment,2025-07-10T16:27:08,2025-07-18T10:27:08,186.0,neutral,Natalie Hernandez
d6506fad-e537-4b53-972d-6612a538facd,75541acd-9dac-4be3-8de7-469fb43b4db6,productx,2024-06-19T19:48:40,2024/31/01,234.0,neu,Cody Lyons
fc88562a-d75f-49cd-bf31-1788f6855ff1,a4eb6bc5-72b9-474b-b74f-8596506353f8,r3fund,2025-05-24T11:23:14,2025-05-28T11:23:14,96.0,positive,Bryan Thompson
a915919f-196a-49c2-835c-087257e0c73f,f259884e-d567-44bc-aa03-6061551469e5,delayx,2025-04-01T03:55:43,2025-04-05T04:55:43,97.0,negative,Donna Shepherd
18456152-6062-457a-a97d-b78a052b7019,1639f68d-7050-44fc-b9c0-7ba89d78b014,refund,2024-12-25T06:00:47,2024/31/01,7.0,negative,Megan Chapman
becf1e17-264b-491b-a75c-57bc6f32cdc2,f8d6ac23-dad4-4242-847f-8f05ffbdbb1b,payment,2025-07-09T04:12:08,2025-12-12T28:77:10,173.0,neu,Michael Smith
043022bd-4753-4718-aac1-a1096a95df4f,28ee04fa-d99a-47fd-a5b0-25c87e1536db,refund,2026-04-03T15:41:44.297950,2025-05-20T19:46:31,152.0,positive,Hailey Stephens
c153c190-b0da-47d4-bcc0-636ba571c234,d41e0bd7-8185-4192-8b0a-51587c6badd5,refund,2024-07-03T22:00:22,2024/31/01,5.0,neutral,Richard Morris
180bec19-a0ca-4794-956f-83907196e9cf,2b4a5130-1f6b-457b-915c-6cdd3f69f550,product,2024-09-10T12:22:05,31-15-2023,18.0,neutral,cheryl brown
37e11253-b89a-4846-ab26-0761a9698456,c050b9fc-309b-401c-8f6f-b2f41ad32f96,product,2024-01-17T05:35:26,2024-01-19T17:35:26,60.0,positive,Juan Arellano
0b88cf75-b852-4d67-89a7-f429ed54f6f0,12f8b46e-1f69-41ed-8d17-649a9d5d8db8,refund,2024-01-04T13:19:11,2024-01-13T23:19:11,226.0,NEGATIVE,Joyce Vaughn
1f9ab210-b9ca-4488-a8c3-e0e745f74f2a,f02319ac-bc31-41b6-8bef-b2b9b8221a17,payment,2025-10-23T15:12:04,2026-12-25T15:41:44.815941,122.0,negative,Tammy Jones--
9f5623d0-6b54-4924-8ded-6b44311c862f,f90797e6-9f35-4ad4-8098-ed468892b611,refund,2025-12-12T28:77:10,2024-11-22T02:04:33,200.0,negative,Andrew Gardner
704d2168-54ff-4d98-a473-4918d0d5ce11,3facf397-b08e-49a2-9adf-5e8601f5d0ff,product,2025-09-07T09:15:52,2025-09-13T06:15:52,141.0,positive,Saavaannaah Kraamer
4bc6a9a5-e0d3-4328-ae5c-3c815a915418,d96eba90-97c3-454b-876e-1f9aa60e92b6,REFUND,2025-12-12T28:77:10,,49.0,positive,Christopher Washington
c18b681e-c9ef-4f8a-a76b-10bfbb53857d,eb37be95-936c-4be4-8f3a-9d84c389d460,payment,2024/31/01,2025-08-28T06:47:51,155.0,neutral,Jonathan Alvarez
a033d1cf-165a-44f0-95d5-f5b319a887d1,537de6bb-3f14-47ac-b4f6-e3e375268f1e,product,2024-10-15T06:51:38,2024-10-23T06:51:38,192.0,neutral,Susan Moore
276e3a6f-273a-4289-aa84-5ecc9d611398,05df2e30-1e58-47c1-bca1-f967025f0726,payment_,2024-03-02T18:06:08,2024-03-08T20:06:08,146.0,neutral,Marisa Cook
7f81b64f-67bf-4a5c-b9a5-5f5b3d5c2664,8d7883d1-c3e8-4ec8-804e-ce3585e18213,product,2024-08-26T00:19:37,2024-08-29T01:19:37,73.0,negative,Scott Larson@@
51d96371-59df-498e-afb4-a20ca1e3c022,7e390748-8f37-4081-9a5b-66324394f9c6,refund,2025-01-30T20:30:17,2025-02-07T02:30:17,174.0,negative,Chad Smith
f882d60d-f69c-4f95-9410-bfe79aa40fa6,d06af38f-cd79-4b97-8fd8-8aeb77320274,delay,2024/31/01,2024-05-08T22:28:44,125.0,positive,Bradley Chase
56da987b-df6b-4faf-afab-d323c16bbe84,3bb5a517-608e-4f6b-95d7-df821719820c,refund,2025-12-12T28:77:10,2025-06-05T17:05:34,118.0,negative,EMILY CURRY
593b057b-c4f0-40aa-84f1-febab15a2c89,649d65db-a954-4241-b137-a086d2d41adf,refund,2025-12-02T04:40:30,2025-12-06T10:40:30,102.0,neutral,Michelle Owens 
38b2ead0-d7b1-46b1-8db1-1567b3c0a549,52cc6e85-2d32-415d-b564-6c0e5a8b520a,payment,2025-06-11T19:49:21,2025-06-13T20:49:21,49.0,n3gativ3,amanda garcia
f0a54277-16cb-4ab8-8168-88ca23af90ca,46409b11-73ec-47b5-be77-ab8db3dbdb3b,del,2025-06-21T16:01:22,2025-06-29T10:01:22,186.0,neutral,Desiree Hill
440da27e-2246-4823-b90c-2b4429aa85af,5585cb83-0112-4dfa-bc45-bb0f3d962a13,product,2024-11-06T13:41:34,2024-11-14T17:41:34,196.0,positive,Brittany Bell--
36a877a5-0f81-4d19-96ea-e67b7a3ccb37,24ef032f-9da4-44d8-80f5-73a4684d1420,product_,2025-03-06T14:43:49,2025-03-11T12:43:49,118.0,negative,Michael Larson
a286ccef-2f51-49b0-af81-79ed72cd70ac,1ca5fa35-e853-4568-ac48-7e35f59036a1,delay,2025-07-13T13:02:25,2025-07-17T18:02:25,101.0,neutral,Kenneth Lopez
b46ab33f-4395-4226-a7ab-e88352c423d2,188938b5-2159-4dd2-a8b4-813f5edec11f,refund,31-15-2023,2025-02-01T23:40:57,145.0,negative,Michael Harris 
9dd7e8d4-5344-47b9-8106-ee8f6cfceb09,a7b1d362-ef28-445e-88f3-a2fae475daa7,delay,2025-05-09T16:52:55,2025-05-13T12:52:55,92.0,neutral,Sean Stout
523fc850-30c0-4917-ae61-f0dd79e2fccb,1ef93d9c-949e-4c2d-8b18-f5ae0781cb01,refund,2025-06-28T14:10:34,2026-04-24T15:41:44.784819,62.0,neutral,Sean Stout
1a4eb6fc-aed7-415a-9e35-daa41b6d23bc,3269567f-6d5f-4bd9-9ded-2484c50e351a,delayx,2024-07-18T23:28:14,31-15-2023,54.0,negative,Erik Thompson
f8c35dd9-b58b-46fb-9829-31cfce2875c6,92769171-4dc3-455c-a3b4-428841dc1c9b,payment,2025-03-25T15:51:56,2025-12-12T28:77:10,170.0,negative,Michael Harris
c7bd18b5-91b6-4716-9de8-82cc757cd9a5,24f33e67-4c17-42b7-9336-ae9f1a560e1c,payment_,2024-02-08T12:31:48,2024-02-10T05:31:48,41.0,positive,Jacob Edwards
ab4c8061-5540-420f-a3c7-851417f3c783,ac788e3d-bfb9-4ffa-9fb3-5423300f767a,refund,,2025-06-04T18:25:10,187.0,neutral,Michael Simon
1db3a241-a325-417c-8ae4-1310ab2cbd44,858fdd8c-b600-4a65-804c-8e75c4557191,delay,2025-09-05T14:05:04,2025-09-10T05:05:04,111.0, positive,Sonia Alvarado
162a90e7-3c2c-4f47-b271-03e435d8aa13,37f12fb8-9a5a-4188-a4e9-ee33605fe29e,delay,2025-07-04T20:28:14,,169.0, negative,Yvonne Galvan
0fa03d00-8e80-4c92-b0a1-eb3ddb51d6a7,e7ae6eaf-9806-4790-9896-536f32f67f94,payment,2024-09-03T19:56:08,2024-09-08T09:56:08,110.0,positiv3,Beth Sanchez
67365b92-f1d1-4cfc-b098-0567b9695026,f5a0895e-4d07-4691-8f7b-b52b9a4cf700,delay,2024-05-29T08:12:23,2024-05-31T20:12:23,60.0,positive,Jonathan Alvarez
5d98921a-5618-4451-9a51-71f2c655ca20,418900a6-3348-4194-81fe-4db14a4d16b0,product,31-15-2023,2025-02-06T11:03:38,69.0,positive,Richard Yu
5caffdbf-0270-4ac3-911b-c37f30fe44a6,ae109a84-9802-4cc9-8c49-118c98420c38,payment,2025-01-31T18:25:07,2025-02-02T03:25:07,33.0,positive,Jaime Parrish
8375e6de-46ae-41ee-8baa-1047e20ca348,27176f79-fa88-45c8-a9f3-37b3f987feb1,delay,2024-12-26T17:44:54,,2.0,pos,eric moore
87d8c08c-7b57-429c-a780-74529c21287d,15e37efd-8213-4154-8642-c66f45762f11,refund,2024-09-03T05:09:12,2024-09-11T18:09:12,205.0,positive,Nancy Richardson@@
8d1bff87-a5e2-4cbd-bbea-2a0308135cda,1e8ce3e8-7f5f-4e72-8389-8686423f13ce,paym3nt,2024-08-02T02:04:05,2024-08-05T15:04:05,85.0,positive ,Amanda Garcia
8112c88f-74f0-42a1-8117-0a9da82cb645,a2eac124-27cd-43d2-be65-2301d91518ad,product,2025-06-04T10:18:53,2025-06-08T04:18:53,90.0,negative,dennis gonzalez
c29c958b-b7b5-4b6c-baa0-259dabbf7b10,269117b1-fbd8-4f2d-8c5d-454a52443ad3,payment_,31-15-2023,31-15-2023,20.0,neutral, Jeremy Armstrong
5ed3a9d7-bd5c-4ed3-92d9-b132a0d3e118,b38ad8b5-c600-4e8b-a5f8-23550d349a17,product,2024-01-29T19:14:41,2024-01-30T04:14:41,9.0,neutral,MICHEAL CLINE
f5dd0a04-ffcf-46a8-843a-0bdf6fa9ec0d,1bd1b64c-a2a9-4e1e-a098-e867fd9a5d96,product,2025-07-18T12:52:46,2025-07-23T22:52:46,130.0,neg,logan young
bf6dabc7-f81a-40af-ba4f-5e6ea7662218,0a9712cb-7a92-4b49-a611-1c8727b99de9,PRODUCT,2025-04-08T00:17:05,2025-04-11T02:17:05,74.0,neutral,Sean Stout 
f2ab9504-0d0c-42fe-9ae3-07710088d482,b7ad6ec8-eabe-4d53-b64f-c35136503e10,delay,,2024-01-25T10:44:48,145.0,pos,Christina Salazar
9803d50d-a54f-4087-9830-9321ad10685d,c38f7b74-a7b2-4062-a19c-76a26a45681b,delay,2024-11-09T07:43:41,2024-11-09T21:43:41,14.0,neutral,Andrea Aguirre
f29d5ac5-11a5-4bec-ae98-2a03faeabec0,7170a0c4-9505-4255-889c-fd15ca3606ee,refund,2025-03-30T01:21:18,2025-04-01T04:21:18,51.0,n3utral,Juaan Arellaano
f9aebdb1-043e-4398-a76a-a91a90e4ba92,926758d1-80fb-4d4b-b1ee-dd1935a2fc29,ref,31-15-2023,2025-03-03T09:54:09,56.0,NEUTRAL,Derek Stewart
266b533d-899a-4355-a2cb-00b6a8f062e9,67ccda51-98ee-4909-9c41-2cac910a1f09,yaled,,2026-08-16T15:41:44.764987,158.0,positive,Edward Gregory
0dc8ea21-0aad-4309-b9fe-b5a28ac97322,82b509a6-d0d7-4dce-bed0-84a241d4b717,delay,,2024-02-15T20:54:49,15.0,negative,Michael Simon
0bed373e-7eac-4149-973e-2cb322f720d5,0d782e07-55d5-4b0f-9fd7-0706ba8032ee,refund,2025-05-23T06:22:46,2026-07-25T15:41:44.802933,87.0,negative,Isaac Grant
50afa0a9-9321-4e3b-bbbc-2147bf4ddf98,c4c19820-5e60-4624-8479-0066a9b23b58,payment,31-15-2023,2024-05-14T17:02:21,88.0,neutral,Jessica Ryan
1c5863cd-154c-4e24-861b-7e5db25d2d05,cae07948-4109-4a4d-8a1d-1188ef8da377,product,2024-04-03T11:22:37,2024-04-13T10:22:37,239.0,positive ,Aaron Mcpherson
da9d6825-0d7c-47c8-bf95-866a7331d7c9,be6116d6-d9ed-4b67-a51d-22e07fdaa1f1,product,2025-10-17T02:24:43,2025-10-18T15:24:43,37.0,neutral,Kenneth Wilson
d9948042-4c41-49ed-8767-ad08c5dd64d2,23cb201b-823e-45bf-b280-212c0595cb82,delay,2025-03-05T02:11:57,2025-03-08T22:11:57,92.0,neutral,Edward Gregory
863eab89-006a-4e24-b273-8cabaf33682f,e31f108c-6863-47f2-8a06-799f563d97d7,payment,2026-09-03T15:41:44.581531,2024-08-24T18:01:11,35.0,neutral,Michael Faulkner
f6ecfd84-442c-4aa4-8a21-bc1bbd9d2244,33f19a9b-ec74-4024-8fd1-c299af8c8adc,refund,2024-10-13T01:43:39,2024-10-21T10:43:39,201.0,negative,Natalie Collins 
abf4c80e-adf8-46c0-86e6-eb8ba9a67615,aeb704ba-8e2f-430d-8a3a-1ff5772c3265,refund_,2026-04-14T15:41:44.544649,2025-11-16T01:24:21,42.0,pos,Randall Hendrix
fa5f4cf3-211d-4b6a-9ffd-a096ac4b173d,0f90f048-205a-4790-a5e3-b32dca073269,product,2024-03-27T22:47:06,2024-03-29T12:47:06,38.0,negative,Mrs. Kim Lee
5ab7dd5d-b3e5-4f4b-b2e2-cdd958f2df12,51d26f39-9b00-4edd-919b-dc501806deb2,delay,31-15-2023,2025-07-18T15:26:01,15.0,neutral,Andrew Reeves
fea056f2-83a0-4d87-81ca-65acb09ec8c9,7ce173c4-d719-42ee-a817-d86df5b8c0da,delay,2024-11-15T23:25:27,2024-11-21T15:25:27,136.0,negative,Tammy Jones
c817a919-9780-4383-ab44-8bc872e7cfd8,3aff9585-5755-4571-a6d2-69ee68d9c029,refund,2024-07-23T18:48:57,2024-08-01T12:48:57,210.0,positive,Jonathan Alvarez
b677644a-bbed-4fe9-b94f-e35f8a29ffda,fc4a5829-6a6d-476a-994a-30edc2d6e565,delay ,2023-12-07T01:35:14,2024/31/01,36.0,pos,Melissa Barry
f6201211-56dd-486e-9c20-50ffcca3f7fe,6a0ae016-da07-4193-bd43-ef42bfd055bb,paymentx,2023-12-08T01:50:03,,105.0,negative,Erik Thompson
b2c42d80-a71c-4c27-b1a1-9544de9d83ee,646497ac-c27b-4529-845c-cf73747d66d2,delay,2024/31/01,2025-09-05T12:02:58,36.0,positive,Michael Morgan DDS
71c511c4-1eea-429a-a1c0-fc8ea8665056,be756291-0efb-4ebe-8199-24117179a452,payment,2024-12-19T16:28:59,2024-12-20T23:28:59,31.0,neutral,BRENDA WILSON
0146af46-c34e-4882-b996-0056580169db,61a80815-e104-44a8-8c73-573b0f8801b8,payment,2025-05-18T03:03:51,2025-05-23T06:03:51,123.0,NEGATIVE,Brian Stewart
e1c46bfa-f7b4-45f0-b57d-be9bee579917,afb706e9-dc25-44af-91e6-35861fc72390,refund,2024-03-14T17:43:42,2025-12-12T28:77:10,174.0,positive, John Powell
c3ce2d5c-80c6-4541-8d5a-9b956afca681,32f5033a-b991-4862-ae3d-5c481aa4164b,payment_,,2024-07-17T00:57:29,48.0,positive,kyle hill
7092f67d-cf1c-4c01-bcd6-4e9b59a4eb13,519eae91-c1ab-47e8-adfe-f23d7727266e,payment,2025-01-28T02:46:32,2025-02-04T08:46:32,174.0,negative,gregory mcguire
5128c1bb-1f4e-4844-92d8-817a72b590b1,991bcd5f-4c64-4878-9218-064df3e58c14,refund ,2025-06-30T00:09:34,2025-07-08T18:09:34,210.0,negative,Christine Sanchez
8a9f78ab-6462-4506-b690-273b514d017b,3c7468be-cd68-45ea-882a-bbbbab8a4ed4,ref,2025-12-12T28:77:10,2025-05-11T17:26:57,224.0,negative,Jaacob Edwaards
6dae580b-92af-49fb-b0c0-b3cec8dce2a6,df1b27ee-592f-421a-b8d3-5fce33b35a83,product,2025-05-05T01:31:13,2025-05-12T14:31:13,181.0,neutral,Taaylor White
023ed952-708a-42fb-8dc1-d86f1d085b13,17efac0d-10ba-4cf9-ab17-aea01d3cda04,payment,,2025-01-16T04:12:27,157.0,neutral,Emily Banks
8f17ce5b-97ae-4026-8ed6-713575d9ca00,5bdbda18-b3d7-48ce-83bf-06adfd3c0356,delay,2024-07-06T12:06:46,2024-07-10T21:06:46,105.0,positiv3,Amy Johnson DDS
24f00b94-9ba5-4ad5-8a19-d1b7f938048a,7c8a0ad5-aaa1-4c14-8961-b7cab01bf25c,product,2025-03-31T23:23:31,2025-04-05T23:23:31,120.0,neutral,Andrew Reeves
aa926452-b863-403f-bdcc-601c79dfcacd,0529dd9a-dd57-4a31-8d63-a2629d4066ed,delay,,2024-07-28T16:00:10,173.0,negative,Christopher Bush@@
ab67ef7e-bce2-4ba0-bf9a-93d288fe04df,87b7240e-ef43-441c-b900-f9761b425fb3,product,2025-03-23T04:48:27,2025-03-30T17:48:27,181.0,positive ,Amanda Dyer
4e354be6-16b6-49e4-a0d2-70ee59e753d7,bf40c8d7-00c5-419c-be12-f9ac2998e181,product,2025-09-09T17:32:19,2025-09-13T03:32:19,82.0,negative,Derek Stewart
8c57f283-226f-47d2-bfeb-a95ec7f322af,ac18fa3a-6efa-41cd-b555-68dc79370443,product,2026-07-26T15:41:44.344517,2024-10-12T13:42:06,60.0,neutral,Ryan Daniel
0e2b33e3-cba4-48b0-8d35-6b6b83484000,793d181d-9a75-4fa5-8b9d-4befcb7ef586,payment,2025-01-21T03:39:08,2025-01-26T01:39:08,118.0,negative,Ericaa Griffin
554ad6ab-eec4-4d58-aaaa-42cc9fef5dd0,18494d0e-715f-45eb-84ac-0d9a52bf7c01,delay,2025-08-02T08:30:50,2025-08-09T05:30:50,165.0,positive,Marvin Evans
b05e8fe8-a8c4-45de-9022-4f688001196b,70f02b6c-4e5c-473f-9e38-55515d161534,refund,2025-02-28T06:03:49,2026-05-28T15:41:44.828720,56.0,positive, Jacob Blake
ced53a2a-71c0-4af8-ae25-9c4eeb1fbb01,de49fa8a-195c-457d-a7df-5b706fb54460,payment,2024/31/01,2024-12-08T14:22:02,160.0,neutral,Tammy Jones
eff88097-f796-49f4-bbb9-44e9d9eca11d,b62e4114-aac5-4755-a1b8-a44f96a99854,refund,2026-05-13T15:41:44.267959,2025-07-31T06:39:10,115.0,pos,Ashley Carter 
e716de7e-048e-4820-9982-f3402615d4e7,58dcf0a9-e04a-4014-83cb-1ad268a95b5b,DELAY,31-15-2023,,39.0,negative ,Tara Simmons
31490c52-0a24-4e34-87ab-cbf8e1983b69,94cdaea0-eb70-4140-b6dc-2825efd1b39d, payment,2025-01-22T01:52:49,2024/31/01,188.0,positive,Naancy Richaardson
f3455406-39c0-44f5-b19e-6c9a6f189154,d9b572ea-4f41-491f-9b8a-379840c378c2,payment,2026-04-10T15:41:44.338231,2024-08-07T08:46:19,226.0,neu,ROBERT BALL
5b622873-e504-4906-a767-b5dcfc89b021,01c49ac0-9207-4a30-b5c2-87f76b5ee503,refund,2024-06-06T02:59:49,2024-06-06T23:59:49,21.0,negative,Curtis Martin
dc1a9ec3-54c2-4434-8a44-3268fe6f5266,4c65d306-8a3d-4a59-8ecc-6eb9ca272c21,delay ,2024-05-25T00:42:24,2024-05-25T16:42:24,16.0, negative, Thomas Larson
c523d59b-8b48-4a28-8ab7-66799d3350e9,f7babbdf-51b9-44cb-985e-00463c7a1930,delay_,2025-04-12T16:10:49,2025-04-18T10:10:49,138.0,neutral,Isaac Grant
a0661f88-d550-4526-b105-e996dd1d51eb,9a776443-190c-4715-b0a2-ef41a558aa0a,product,2026-08-18T15:41:44.440522,2025-12-12T28:77:10,35.0,negative,Anthony Davis
d5be2f4e-29f8-468b-8cb1-71370beb9f0d,7601833c-0de7-471b-afb5-82a36d2bcb7c,refund,2025-12-12T28:77:10,2025-07-21T15:39:12,34.0,positive,Kristine Pena
410d775f-dbe8-4a6e-8ac4-0da7cd7476b3,b158691e-1fea-4ace-890f-f0dac007f18d,product,2023-12-22T10:31:31,,103.0,neutral,Erica Griffin
87363e4e-99f3-47b7-806c-dcbf97cd3355,67b7efba-fc3a-43ba-92a9-695eedf571cf,payment,2025-03-29T23:44:17,2025-04-03T01:44:17,98.0,negative,Eric Cooper
22cc4710-77eb-4e5d-a7a7-014b849f0bd2,93e8d8b5-c45b-4723-8bc0-1c9896c5a068,delay,2024-11-17T18:35:33,2024-11-25T15:35:33,189.0,positive,Michael Stone
047c4a63-4fcd-4778-a131-e98376a6662d,2388b0eb-7f44-447e-8448-d90fafd8b753,product,2025-02-23T16:29:58,2025-03-05T05:29:58,229.0,neu,Susan Moore@@
8aaa9c66-1707-464f-88b5-25278fa8c8c0,235ebda6-dffa-4bbe-8d36-2693dd6c2402,product,2024-05-10T07:09:39,2024-05-12T20:09:39,61.0,negative,mark estrada
1d763b84-c0d6-465b-a8b3-d0aca68a17e4,1151842f-15eb-420b-8b8b-f51f7be46335,r3fund,2024/31/01,2024-12-21T21:25:34,223.0,NEUTRAL,Judy Barrera
e0ae23f6-5912-4e54-abf4-9a6bc3eeb87b,379aea2c-0983-4fa3-a0ff-2bdab76328bb,delay,2025-12-12T28:77:10,2026-07-07T15:41:44.695325,130.0,n3utral,Jessica Juarez
6866e5dd-17e7-42d4-bbfa-cb9b4640dd84,451226a3-0969-44fa-910b-d0aa49f7e0fb,refund ,2025-05-12T02:14:39,2025-05-16T07:14:39,101.0,negative,Scott Larson
212f48e1-4006-47c3-aba4-70a63d00fdd7,e349dae4-418c-4dc7-9fa0-f54fad00c417,payment,2024/31/01,2026-08-31T15:41:44.979050,33.0,neutral,Cynthia Tran
b18ca8db-ef44-44bc-9964-ca787c30fc54,4295ad0e-92e5-4d7d-9a6c-4d86d3e0fad3,refund,,31-15-2023,164.0,negative,Paul Davila
1bc1d628-5260-48c7-acd4-2d5f6919015d,9d48597a-d6b7-477c-8a14-f4af69624b63,product,2024-09-20T20:48:41,2024-09-25T10:48:41,110.0,positiv3,Samantha Smith
1f2fecf2-9f9a-4866-bd45-9b1545ceacc2,a9bde9e3-9278-4633-9326-9d10284131ad,delay,2023-12-10T15:08:37,2023-12-12T11:08:37,44.0,positive,Jennifer Ray 
ed491717-8fdd-452d-8545-3a42dd945f97,045254d4-7b8a-482f-8f57-69904a0ce2c2, payment,,2025-01-30T17:54:12,223.0,negative,David Jones
40b9566a-6ffb-4cdc-b6b0-f72789b7fe1a,f658efa9-3a12-4f20-8442-437687e546cb,product,2025-02-03T10:01:11,2025-02-05T21:01:11,59.0,positive, Michelle Owens
71b16e82-c605-48bc-83ae-cf99cc8c5b79,a79c6eae-a56f-4d8f-965c-e12027f98ccd,payment,31-15-2023,2026-08-30T15:41:44.665671,225.0,positive,Joseph Webb MD
1bef7770-8cda-4109-a464-1e9bcfaa1f05,187ddc73-dcc5-4139-a61b-d2d9ae2cb431,delayx,2025-04-16T18:53:19,2026-09-06T15:41:44.669489,217.0, positive,Nancy Richardson
6fe20c98-6484-420d-a542-87d73bc08e5a,5367d28c-59c0-48b2-99e2-fdd6f7bee891,delayx,2025-08-18T08:14:46,2025-08-22T12:14:46,100.0,positive,Heather Parker
9a741c73-0fbd-427e-b380-acb84fdae652,e7a9b179-ed96-4d0d-bfba-d2e041294e73,tcudorp,,2024/31/01,131.0,neutral,Donald Villegas
eabc814f-3f44-426c-9cd8-116f795d1980,b1190ebf-2d1e-490f-928c-b2d795e31316,del,2024-02-29T09:57:53,2024-03-03T22:57:53,85.0,negative,Tammy Vazquez
03ef848d-157c-403e-b876-6a398d6f826b,7c2f4744-ff68-4c32-8de6-27d0f5e6af15,payment,2024-07-04T02:14:46,2024-07-08T12:14:46,106.0,neutral, Angela Hicks
db7e95c3-2742-4c0d-bd2e-4f539f4d6d7d,c5b55f3e-7011-425e-bc8c-091b9771478e,payment ,,2024-09-17T17:01:52,206.0,neutral,Catherine Parker 
26afdf62-1eeb-4f8f-9078-143fbbf225be,c221c81b-7ce3-480f-a25e-f92376bee078,product,2025-12-12T28:77:10,2024-10-20T17:45:43,176.0,negative,Kevin Little
496ee883-1e4a-4bdf-b7e6-7504513dc534,644338cc-6313-4c9d-9d22-49721b7f653a,delay,31-15-2023,2024-04-02T10:25:06,43.0,negative,Judy Barrera--
67ce6db1-5e13-4d7d-a2bc-a91b4259697c,73976e32-fb1b-4d50-b7a3-50c6cddd65c9,tcudorp,2024-06-15T19:57:31,2024-06-23T11:57:31,184.0,negative,LORI CAIN
8da49f6d-8d0b-4510-a01d-6cf97b1d52db,022e5b7c-5076-4ede-9f1c-b1729165fbb3,payment,2026-12-22T15:41:44.209175,2025-08-08T01:49:07,161.0,neutral ,Michael Simon 
21bd47ee-f2db-4ee3-940c-16167f250eb7,126a3bcb-6c45-4d9a-bf44-a6dff8111545,pro,2025-12-12T28:77:10,2024-02-28T08:10:59,65.0,positive,Andrea Aguirre
12b062c8-bec1-45e8-929b-97a325a17cf3,a4ab9f33-b7a0-4051-95bd-cd01dcbd67b5,payment,2024-05-13T03:49:54,2024-05-16T22:49:54,91.0,neg,Thomas Larson
b03fbae3-d622-48bf-afcf-39a9dcdf8206,d79cb140-0427-4b83-a458-39fb9d4f799f,delay,2024-05-24T11:09:50,2024-05-31T10:09:50,167.0,neu,Christopher Washington
ff3a886d-933f-48a2-9bd2-fb69c9a81dbf,964eee58-2cd1-4cba-aa8c-8089bab9fdc7,payment,2025-12-12T28:77:10,2026-11-20T15:41:44.992662,29.0,POSITIVE,Christie Thomas
025ffc52-6f3f-4677-a764-fcf83b748110,641cf63c-8b3f-459f-aaa6-d3459de9ce3e,payment,2024-08-13T19:04:02,2024-08-19T07:04:02,132.0,negative,Jennifer Baarr MD
f13a4449-a41a-4cdf-a8d9-9ee8d944dbd5,838a4e60-690d-4855-8dd8-b76ed72f29a8,refund,2025-12-12T28:77:10,2023-12-26T15:14:20,202.0,positive,Angela Hicks
85726619-20a6-4ea7-b963-7076870bc042,0b42c418-243d-4577-9723-ba659861c717,delay,2024-10-05T09:48:10,2024-10-09T10:48:10,97.0, negative,Tammy Jones
4fa79f22-dadf-4bcd-9f2e-66447635909e,bf12a9a3-980c-4ab0-8214-ed798930ea5a,ref,2025-12-12T28:77:10,2025-04-04T13:29:28,130.0,neutral,Sandra Diaz
e6fa34f8-ea1f-4f68-b2eb-cab7b1abfe90,771e0d3a-4050-463a-9869-1dd11280e949,refund,2025-12-12T28:77:10,,78.0,positive,Cheyenne Robinson
deeea13d-53f6-4686-ad46-895b222a3b66,cfdb3fc0-810b-42ea-8ca4-ba5966db0bc6,refundx,2026-03-18T15:41:44.379299,2024-07-28T05:00:06,117.0,NEUTRAL,Emily Banks@@
004ec979-b51f-4541-bc1f-5953adae5949,6e958330-97b5-403a-9cf5-c7cd140dc4f9,ref,2024-08-07T20:53:34,2026-11-17T15:41:44.686128,31.0,positive,LORI CAIN
375e5147-a742-4d79-a4d5-ef808358dcfe,7d8d787b-35e9-408b-9dd7-4fa868b57e72,product_,2024-08-08T20:41:53,2025-12-12T28:77:10,61.0,neutral,Amanda Dyer
1b5b1290-4216-4b9a-aeca-3b38af075d38,ba9d6c09-960d-49a7-af83-b25f0e92b949,productx,2025-09-28T23:00:58,2025-10-05T01:00:58,146.0,negative,Amy Johnson DDS
81decf14-ac7a-48f0-b979-f95a8ae16656,ffb5a912-aaee-4d35-909e-5fbeba4da173,product,2025-05-09T08:14:27,2025-05-19T05:14:27,237.0,negative, Catherine Parker
3c0b66a5-3f45-44bc-a201-2709215c74ae,72a007de-fe5a-496a-bcdd-3635afd94b6a,product,2025-05-14T23:08:22,2025-05-16T17:08:22,42.0,positive,paul davila
b6c4a276-2e9f-4428-9244-4a3833d46054,2fa89f9b-3811-4cf9-abd9-a29dce84efd6,delay_,2025-12-27T15:41:44.385247,31-15-2023,198.0,positive,Donna Shepherd 
335db756-d0c1-4194-bbfd-38b58d7ea13c,6f91600f-ec16-4a0c-9979-ae4defb11138,refund,2024-08-12T14:14:25,2024-08-13T11:14:25,21.0,NEUTRAL,Michael Zavala
15f970e7-6c07-48d5-83f1-8cd9cd35276a,d14d2574-8442-4354-ae6f-15966db78ccf,delay ,2025-01-26T23:50:05,2025-02-02T15:50:05,160.0,pos,KATHY BERRY
75db8884-0f97-41be-9be6-c553da5caafa,0f620258-a71f-4813-a55a-9c0482a339c9,payment,2024-06-26T06:24:04,2024-06-27T09:24:04,27.0,neutral,Lacey Krueger
a22faf30-56b7-4e30-be79-96681e9973eb,bcee962d-7806-48c5-a1af-e42ce2ed7bec,product,2024/31/01,2025-11-15T09:54:32,222.0,neu,Briana Garcia
0f42c3e8-628f-4644-9ed1-69113b057e87,f93df6d3-1baa-4b8e-83bb-32c3778bd455,delay,2024-11-12T02:48:02,2024-11-16T08:48:02,102.0,pos,Megaan Chaapmaan
50ec425f-913d-49f8-b40b-8fd8b8843b1b,ff14a3e8-ae8e-4332-af49-ad67904f647e, refund,,2024-01-17T11:42:22,194.0,negative,Ryan Gardner
631803fb-fd0b-47bd-9350-74802309f97f,d30dc496-c660-43a6-a52d-09fb090d996e,product ,2025-06-11T21:45:49,2025-06-21T17:45:49,236.0,neutral,Brian Rowe
ba03c5b9-819e-45bb-9cf8-c8a343e09a5e,dc62a552-8301-40e5-aed4-b12d23ecf465,delay,2025-02-08T04:00:34,2025-02-13T16:00:34,132.0,positive,Justin Rodriguez
6c0ab493-7874-4007-9075-d23c41491d68,3026c694-24a3-4567-b43d-301cc0aa1f95,payment,2026-02-04T15:41:44.344253,31-15-2023,181.0,positive,Andrea Green
30c57c0d-dd77-4de9-99b6-b3a1649456d1,8cf47847-2f13-4ab1-a53b-d038beac0afb,delay,2024-06-07T05:22:25,2025-12-12T28:77:10,180.0,neutral,EMILY CURRY
88b8e393-b087-468d-bd00-2d71dd1f62c3,2fc5ad77-7a44-4d2f-b98a-031a6a9a073f,product,2025-11-18T19:08:26,2025-11-20T06:08:26,35.0,neutral,emily banks
96e1fda0-a757-4edf-ace4-692f19b14faf,8453d1af-b232-4885-96fc-3d9fc6fc4a70,delay,2025-09-27T08:27:40,2025-10-03T18:27:40,154.0,positive,Courtney Bailey
a5c71260-ade3-4afa-91bc-22b09046dd87,d245ce88-47d0-4114-bb76-992090cc6459,payment,31-15-2023,2025-03-27T17:13:35,232.0,neutral,Dustin Parks
7c45079c-5c16-4a21-8db4-a947ebc265d6,38c90056-3ba3-4dbd-9f56-62a532fecce1,product,31-15-2023,,99.0,n3utral,Kevin Schneider
2f0cfc3e-0ee3-43aa-8bc3-713db8d72215,ebf072b3-ecd6-40cb-9891-5edea341af90,product,2024-01-14T14:39:37,2024-01-17T14:39:37,72.0,neutral,Anthony Harper
05af5298-7264-4201-be09-be16132d42e8,2208efe4-def3-4f13-8e7f-e84caae4dbf9,product_,2024-07-06T07:38:44,2024-07-10T04:38:44,93.0, positive,Kaaylee Daavis
394df562-f5a4-4716-b364-4688e815b65c,328cd783-76f9-4b9d-9e19-5ba913d0c3b2,refund,2024-04-04T11:13:43,31-15-2023,171.0,neutral,David Jones
a7731a1d-396d-441a-89d4-d302a6a05e32,ca7c7675-69c5-4a94-b4cd-b0cd83c4cb14,pay,2025-12-12T28:77:10,2025-06-01T02:23:14,34.0,positive,Anthony Johnson
1330f253-9036-4acf-a955-30b70b4910ea,5f3dc8fa-3557-4427-b0b1-fafe1086b399,REFUND,,2025-03-28T07:13:14,213.0,negative,Scott Laarson
d87c93e4-0569-4684-9bf5-4482011f26b2,820ffe79-c35c-4ed9-b719-ab0aee688eb6,product,2023-12-29T06:00:41,2023-12-31T00:00:41,42.0,neutral,Miguel Gomez
006e5ddd-5edb-40f7-88f0-9e0b1df4cef6,b4685fd9-93af-4d8b-bf33-095986d54b62,product,31-15-2023,2025-08-31T10:50:50,137.0,neutral,Natalie Hernandez
7a30f940-f24b-4cb5-a6d9-f2db94209cc9,acc088b3-3344-42f9-85b7-e1f1d614d70f,payment,2025-07-20T14:00:09,2025-12-12T28:77:10,126.0,positive,Deanna Smith@@
437969e4-f19e-446b-8ce7-efcf8d8c06ec,6df0b438-a84a-44da-a34c-b57ebded3579,REFUND,2024-01-28T20:36:38,2024-02-01T11:36:38,87.0,neutral,DAVID JONES
a504b00f-6639-4245-9e9d-46486fb9a3a4,d0c7ecce-8d2c-49e9-bc84-696b869cc207,payment ,2024-06-25T19:16:35,2024-07-04T13:16:35,210.0,NEGATIVE,Cheryl Brown@@
4263da64-9da4-4818-ba6f-6d936e4525b8,4120638a-52c5-40f2-8574-ee0e150f20cc, delay,2024/31/01,2025-12-12T28:77:10,118.0,neutral,Heather Parker--
aff217bc-4225-41b6-914a-2da8407ab825,c1effc25-8eb7-4857-8384-3beef318b880,product_,2025-10-04T04:00:21,2025-10-09T22:00:21,138.0,neutral,Christopher Washington
b48e8dba-df5c-4bf9-9689-d6de36b3b171,8c759dec-f70b-4122-aaed-3789683776d5,payment,2025-04-19T10:35:36,,67.0,neutral,ASHLEY LUCAS
5e8407bd-b0be-41b9-b473-e8734fb427aa,50346393-5e52-40de-8122-aa97c15b9752,PAYMENT,2026-06-25T15:41:44.528457,2026-10-31T15:41:44.733256,153.0,positive,michael faulkner
ef920192-735f-4d38-8e3a-2ee7fcf47b89,860d732c-5ded-45fb-b236-d39562e4a07d,payment,2025-10-16T10:31:38,2024/31/01,66.0,positive,Richard Morris
bccad242-b7dd-4986-887f-eb8fd66f447b,19113922-fc21-4eb5-9779-b4107189294a,refund,2025-11-18T13:22:41,2025-11-24T15:22:41,146.0,positive,Andrea Morales
b7b94d1e-6a03-4f36-adcd-97fa8d31ea5b,c44ef51d-41b4-4d18-ab00-dfd381b8528a,payment,2025-06-06T09:35:50,2026-05-16T15:41:44.959256,165.0,pos,Juan Arellano
cfceeb9d-8a19-4f87-8f15-6460aaba85a2,198000a2-6bb7-480c-9c86-750b0eb7fca9,delay,2025-06-23T17:56:42,2024/31/01,131.0,positive,MARGARET MORSE
0bcaab91-93ac-4a44-9375-d73dcb815779,b98f3fa0-67e6-4492-8174-191d5a755109,REFUND,2024-11-09T17:38:40,2024-11-12T14:38:40,69.0,POSITIVE, Elizabeth Lucero
f909562e-fa1e-4863-b2ba-b118f0844f60,8780d88e-c762-47b5-9f40-d60de09539a6,payment,31-15-2023,2024-08-31T09:52:30,182.0,neutral,Cindy Graham
890d316e-b58e-4338-8f8a-20f78db35c82,699b6913-c987-4c5d-9531-46cb7f5c71a9,refund,,2024-01-03T05:58:20,37.0,positive,Clayton Palmer Jr.
29f93a15-5650-413b-9fbb-147fbe9986b1,50f16d30-2cd7-4de2-827b-1a13324e8e1e,delay,2024-12-14T05:40:23,2024-12-18T09:40:23,100.0,negative,Robert Anderson@@
ff277fdd-a436-4016-b675-0ff176e3e336,4c35ec67-430a-40ae-bf86-57d54de0d974,product,2024-07-25T08:37:52,2024-07-31T15:37:52,151.0,negative,Cheyenne Robinson@@
27468ee5-734f-4d88-b918-5460868eacea,a6afbec8-a0ff-4881-a9b0-343a70e61fcf,product_,,,107.0,NEGATIVE,Michael Morgan DDS
bcd8eac8-6c4e-4335-bcb3-ad704d4e3314,2ae09ecc-6795-4844-9038-1fc71166212e,delay,,2024-02-04T17:31:58,122.0,positive,Caleb White--
6b9281ae-a500-4534-8064-ace070d58e22,48b70346-3751-4ef0-9063-cfde9629e716,delay,2026-04-24T15:41:44.412030,2025-03-26T08:57:59,154.0,neutral,Samantha Allen
98a6843e-0e70-4a55-8ae3-e03631388fcd,476580d7-14d7-495c-b76c-bbe4bd4b51cf,refund ,2025-12-12T28:77:10,2023-12-16T21:04:42,135.0,n3utral,john powell
414fdd74-056b-48ea-9d22-be93e19623c9,4f1465ab-68b6-4a60-8dd6-0ece90dbf299,delay,2025-01-16T15:55:01,2025-01-21T20:55:01,125.0,n3gativ3,jacob edwards
6d8e0b8e-f37b-40cc-a5d8-cbb0c87d952d,9b01bf3b-6a8c-4692-9ab9-5cf8dfb80f03,payment_,2025-08-26T14:27:44,2024/31/01,182.0,neutral,Cheryl Brown@@
4ff78bc3-4a9f-449f-b169-4d726bec25bc,3af2d0cc-5348-458b-a3f1-dda857fd06cd,payment,31-15-2023,2025-07-20T13:12:48,213.0,pos,Amanda Garcia
7f9527bb-3997-4401-8955-11d3c09f3b8a,e40a3234-f07b-49f3-bb29-14b71ff817bf,refund,2025-03-22T09:43:42,2025-03-23T22:43:42,37.0,negative,Stephanie King 
8b18d1f1-4fad-48a2-a380-6f5a4b3726c5,d5c502e8-e026-4891-8f72-2b581a6cdfe7,refund,2024-12-08T12:49:01,2024-12-16T14:49:01,194.0,pos,Megan Chapman
b6b97a04-ed7a-47a5-96e3-f5ddb2b4ea7d,c1a346c3-ebca-43ed-b8f5-b514dadc9241,refund,2026-06-22T15:41:44.526323,2025-03-27T09:48:29,38.0,negative,Marisa Cook--
0e0207f5-838b-4410-a798-c87c5e5c6c4b,bbf909e5-1953-4958-bcba-d451936b17d0,refund_,2024-08-15T00:18:45,2024-08-16T18:18:45,42.0,negative , Stephen Gomez
8e1fbef2-9951-43fb-8d16-07a395cdbc60,c874e2c0-0fc2-4996-a098-4f705fd537a8,payment,2024/31/01,31-15-2023,228.0,positive,Joyce Vaughn
5e282f45-a91c-4dc9-9797-bb3437d70d0a,4e9d8e83-649c-45ca-9b05-ad29eb90c35c,refund,2023-12-24T23:48:56,,157.0,positive,Michael Peterson
5a442eb1-f770-42bd-948d-04d1747a4c3f,b28c028d-bae2-4630-913c-a8f0b0ae29e7,product,2026-11-15T15:41:44.407930,2025-01-16T08:02:47,199.0,neutral,Robert Ball
006adb4d-7963-4cdf-98f2-45484c03ed7e,e16eef52-369c-419c-9815-b61094df34bd,delay,2024-02-18T02:45:44,2024-02-25T08:45:44,174.0,pos, Clayton Palmer Jr.
7a4ffe11-2df5-4852-a3a9-66578a4767ca,2e160dbd-89b1-4f77-b34f-113497a8f369,delay,2024-09-01T08:24:00,2024-09-02T21:24:00,37.0,positive,Sandra Diaz
70af92e6-f65f-47f6-a499-b38eb204e032,d764a46e-9fd4-4bde-9d8a-3dbd05113504,delay,2025-01-10T06:42:46,,123.0,neutral,Kenneth Wilson
c49257f2-4ced-4ba9-8fda-5c272f11eb90,b31c4633-2ba0-421d-9e9e-059436681223,product,2024-09-18T01:00:32,2025-12-12T28:77:10,123.0,neutral,Matthew Mccann
e0ee48c5-f9d0-4db4-a6bc-cc8b68b66f93,f4f20a1e-1a50-4b87-8b04-7ad01525c521,product ,2024-12-20T05:12:40,2024-12-27T14:12:40,177.0,negative,Andrea Aguirre
c51a0eaa-060f-4338-831e-af5d7c988010,7224c398-f9ef-4a23-ad11-0f64a2a82252,delay,2026-08-30T15:41:44.497389,2024-10-12T08:47:09,192.0,positive,Derek Stewart
c7777ed1-bcdf-4e47-abc2-5e73f066c7a3,5a2a49ae-15e1-4bc3-87b4-7e79f320d55f,refund,2025-03-11T09:57:41,2025-03-12T20:57:41,35.0,positive,Jeremy Armstrong
1fcc823e-7a73-4e9f-9e7c-822fbec5b588,3087970d-b075-4c90-a344-b3263425a10f,DELAY,31-15-2023,2024-11-14T02:00:42,111.0,positive,Andrea Green--
2b987154-d2b0-4d6e-b3d8-e24e79d16369,49b6afbd-36c4-4365-b8a8-eb20523ea741,payment,31-15-2023,2026-10-16T15:41:44.688605,191.0,neutral,Emily Curry
cc2eb089-cb0b-46e9-90ef-4c5f96014480,b8ae668f-a1a0-4250-bb16-96ce8917a513,product,2024/31/01,2025-12-12T28:77:10,94.0,pos,Samantha Ross
09d84a3e-e32b-490c-bdbd-cf2668f9b183,1f70efab-7c54-424c-8c31-907e4e6a4f5a,delay,2024-06-01T01:06:07,2024-06-03T02:06:07,49.0,negative, Elizabeth Lucero
52e03571-09b4-4131-b3c5-7081a47635e9,0a3abea4-8d85-47ae-9414-cc838c77af4b,r3fund,2025-05-12T08:54:01,2025-05-21T00:54:01,208.0,positive,Randall Hendrix--
d68648f4-f0da-4b9b-96c9-c35b6d07d6d7,b9b4d491-e3bb-4252-94d9-436bf50ac5d7,product,2025-04-24T00:39:33,2025-04-26T04:39:33,52.0,negative,Micheal Cline
ac2abee6-5adb-4352-9464-cfb4003321c4,d1ef0524-0568-4212-8a43-e3163ed1f063,del,,,101.0,POSITIVE,Micheal Cline
c38dc0ba-23da-40b2-a058-4ee7b2998115,cdcc84b8-4608-40aa-8a0b-15094c5a5a80,refund,2025-03-06T10:48:17,2025-03-09T05:48:17,67.0,negative,james williams v
98f9ae58-dcd3-45eb-a31b-28b0d7c2120e,07ed01d1-5e40-40d5-9573-e32628fb666b,product,2026-01-02T15:41:44.573779,2023-12-26T13:05:26,57.0,positive,Christie Thomas@@
3f6790fb-8d50-4a2d-88b1-bff5ff6892a7,3a7081ea-4ec6-4cd0-8af5-f5eba588413c,product,2023-12-19T03:02:45,,120.0,neutral,Tara Simmons
9ad307ac-1ba3-47b3-b741-d7fa2991d3bf,909ad29b-2ccb-484e-a69b-3e0deb4327d6,payment,2025-01-16T11:31:40,2025-01-20T06:31:40,91.0,NEGATIVE,Henry Taylor@@
341ab4eb-7d6b-4dd9-bcde-3a598617e80b,0540aefe-1c47-4293-9fdd-5724ec056bf2,product,2025-02-14T06:46:31,2025-02-17T07:46:31,73.0,negative,juan arellano
dddbc4bb-df11-4bbf-bd80-7c8da8ef3aa8,34ff5c2e-4403-42fd-9e6c-5f1b8f19f475,product ,2026-05-05T15:41:44.590910,2024-10-06T01:19:38,125.0,negative,hailey stephens
0f4661af-8c82-4089-b708-36da3ff883a6,e3469502-0aa1-423e-8f2f-5063ba28e6c2,product ,,2024-07-11T03:53:44,58.0,neutral,Ruth Morris
6ebbc9bc-d6d4-4be9-bf4b-51af2d7dd133,c3086fc0-5fda-4559-846d-3da2fc809271,payment,2024/31/01,2026-09-06T15:41:44.860776,37.0,positive,Sandra Diaz
021c9633-f078-4d79-a555-a70bc0973e63,6add4368-4a9c-4b85-a2f0-5b1a512a9869,r3fund,2024-10-15T14:04:05,2026-07-20T15:41:44.638387,62.0,negative,Catherine Parker
c6b04c2f-04de-4098-a5d1-d78aea038625,3a1153fa-f914-4592-a5af-5981531c782c,delay,,2024-01-21T12:17:52,106.0,positive,Roger Noble
cbdffc9e-74e2-4377-81c0-1bd5a5ff8683,6140a3dd-1fba-4a76-a9e1-4b1cdf8f0ff0,refund,2025-03-19T12:24:06,2025-03-21T06:24:06,42.0,neg,Kathy Berry 
b317d34f-fd88-4549-b35d-1d86897f4084,e50d2b24-a7c5-4f13-8820-89bd9eab4b36,DELAY,2024-01-31T17:24:30,2024-02-05T01:24:30,104.0,positiv3,Michael Smith 
7275df76-db7e-40d9-b797-5bbe02790eb4,c0d9db5c-496a-40e7-9010-414492af091a,del,2024-11-24T04:50:11,2024-11-28T23:50:11,115.0,positive,Micheal Cline
68a2a91f-3ed7-4d72-a7b5-2778a42e4a25,58a34629-7e00-42d5-b6b5-022b891397e1,product,2025-06-09T07:41:11,2026-01-29T15:41:44.647849,120.0,neg,Amanda Dyer
ae165cab-104f-476f-a4ee-86710d5b080a,9a69f9ae-57a2-4a10-bf74-4b75b16d86d3,productx,2024-09-24T20:17:31,2024-09-27T18:17:31,70.0,positive,Christian Juarez
3364e357-1529-4cd7-b192-d1c2ec20f924,d0e6e78e-23a7-4e7b-9524-22c84338ba12,payment,2024-06-13T14:28:00,2024-06-17T09:28:00,91.0,neutral,Isaac Grant
08d0e208-0c03-40ce-806a-bb413165227e,24542ae4-5dbe-4df0-85ef-9a9324993ebd,delayx,2025-04-04T12:09:51,,168.0,negative,Jacob Blake@@
4bd824c6-c22c-438d-bec6-df4f359b929a,eea38ac1-58a1-49f0-ae5f-fe49ca92d6d4,product,2023-12-27T23:54:56,2026-03-24T15:41:44.663185,6.0,negative ,Brenda Wilson
e2722f86-8466-4201-8ab8-14824b94e4d6,7f0c3790-a175-4d01-98f6-3f344a74b805,product,2024-02-08T16:05:13,2024-02-18T06:05:13,230.0,negative,Juan Arellano
85b7e7c7-1fb3-416e-8934-323073f1921c,f18ae0bd-8172-4e1f-89fc-6a09035be848,product,2025-05-30T06:51:38,2025-12-12T28:77:10,45.0,positive,Yvonne Galvan
c46e129c-589a-4eab-b5cb-4d6f99346276,c6fc94ad-ee97-47c7-97bc-e7a970bebf3c,pro,2024-02-05T14:32:32,2025-12-12T28:77:10,54.0,negative,laura shaw
70f73682-e00b-412b-82a1-cc5a2c8ad082,e5c4325a-1696-4470-bfca-1a8b206a677c,product,2023-12-20T14:50:43,2027-01-05T15:41:44.914545,130.0,negative,Andrew Gaardner
c8c87ebb-8af2-4040-909a-06051373a919,01ce9a2a-1600-47cd-a61c-4b6baa3e2b33,payment,2024-01-20T15:13:41,2024-01-24T11:13:41,92.0,neutral,Laura Shaw
931fb730-86da-4e37-bdb5-1c665eae97c2,34f7c18d-429e-4bfa-9baa-7728871d09f2, product,2024-02-08T06:27:51,2024-02-09T17:27:51,35.0,neutral,Sara Hogan
7c2f0efe-0617-4cf1-9312-fff374478441,673ad8eb-55ab-4320-a6ec-6269b3c62007,delay,2024-03-07T02:07:26,2024-03-13T10:07:26,152.0,neutral,Ryan Daniel
aceb1dfb-4f8b-4c3a-ac18-46b35cdc7241,988a403a-9169-458b-80fe-016d54b197c1,refund,2024-03-04T17:15:45,2024-03-08T01:15:45,80.0,positive,Christine Sanchez
0e2486c8-0026-46fd-9ab9-2bb3f5324454,18f51da4-0948-497a-9163-300e6301c65f,delay_,,2024/31/01,234.0,neutral,Micheal Cline
d9bb8c2b-0ac1-432e-8241-5e9a469cc397,e04c1a04-789f-463a-8abe-360e005dca1f,delayx,31-15-2023,2026-08-17T15:41:44.774739,70.0,neutral,John Powell
544c8283-b4b8-442e-8392-71930d57b511,ed3e146f-62ea-4242-a830-9449716e182b,product,2024-04-15T01:20:18,2024-04-20T05:20:18,124.0,neutral,Stephen Gomez
d012a8da-2c6f-4e3b-8268-261972593ea8,c6746493-ad6d-45c9-b9b5-95a622f3cf8c,refund,2025-12-12T28:77:10,2024-05-31T07:48:56,232.0,positive,Kyle Hill
2556e762-98d2-4024-be32-e009b53d511a,815b4543-ace7-490e-94c9-2ec8961d61e3,paymentx,2024-07-07T17:43:04,31-15-2023,182.0,positive ,Judy Barrera
d848d322-8cad-49a7-bf6b-8a35b3313e83,56109bf7-ca6b-492f-ae34-0bfca75beeea,product,2024-07-08T05:08:07,2024/31/01,78.0,NEUTRAL,Steven Cherry 
06707030-5509-49db-b8c3-a296a068abda,407be940-5955-480c-afde-7b83668c7043,payment,2024-05-15T13:37:08,2026-06-15T15:41:44.784339,78.0,positive,Christian Juarez
ad1d5041-8f30-446e-805e-5384429df2f5,d859f1ab-b4c1-4295-af36-ca544ff2d41d,payment,2024/31/01,2025-05-23T10:08:18,3.0,pos,Julie Bishop
e6ed6a18-1a9d-44f0-9258-c864034816bb,c73990d2-4f7d-4a83-b504-7e4ce58a8e23,refund,2024-08-06T13:53:19,2024-08-06T20:53:19,7.0,positive,Christie Thomas
893610b0-96a5-4c24-9354-90b934d6f5ec,23067822-735a-406b-a4ad-e68544d3ed38,tnemyap,2025-10-03T21:25:41,2025-10-04T07:25:41,10.0,positive,Randall Hendrix
55847c7b-0ca0-4aa1-9774-12b197911b65,6270d8cf-d913-49b1-9809-96bc0e6777fb,d3lay,2024-11-17T22:55:07,2024-11-25T10:55:07,180.0,neg,Kathy Berry
b6f965c6-913e-414b-87e2-1fc66482a3f7,56217283-0db0-4f4f-aabc-83f18f16fdcf,refund,2025-10-14T05:37:02,2025-12-12T28:77:10,196.0,positive,Roger Noble
b911bc13-c654-43b0-b8b6-baf956dde86c,605bd328-043a-4f96-873c-d8cfa5688d4a,refund,31-15-2023,2023-12-25T21:36:47,50.0,neutral,Natalie Collins
fe39a6e1-5952-4167-8633-1020cd697b24,3537de78-140d-4437-8c03-c5266b23dbc7,delay,2025-03-19T19:41:04,2025-03-25T06:41:04,131.0,n3utral,Stephen Soto--
16043971-fe33-4e9c-8a32-f5fdb1e348d8,577598c3-897b-4077-9890-075fe6d7c54c,payment,2024-09-08T04:14:48,2024-09-12T02:14:48,94.0,negative,edward gregory
f4950c96-af69-432f-a62c-2bd9c9bf9d7a,567f5db7-ffe2-4319-af50-cd79361d75f9,product,2025-06-20T09:07:15,2025-06-27T13:07:15,172.0,NEUTRAL,RICHARD TRAN
a3d2294b-8619-4b38-a41c-5c6786b80f30,774cceaf-61a6-4a3e-9952-c518d12e39a7,delay,2024-08-03T01:01:00,2024-08-05T08:01:00,55.0,negative,Kathy Berry
d13ed808-ed10-4497-872d-5ab74ad1477d,56e477aa-1d76-4490-8d4b-a3fdce4d9907,product,,2024-09-29T13:32:36,203.0,pos,Jennifer Clark
efbe2c55-b8b9-4114-bfc2-3fe753e6e350,a8a3d7d3-2b2e-4695-995d-25d595b7f7e6, product,2025-06-11T04:24:52,2025-06-19T08:24:52,196.0,negative,Michael Peterson
64865961-5cd8-45df-beef-dbd855236c99,bc3deab6-82ab-441f-870f-16df2ade9be8,delay,2024-02-29T16:29:44,2024-03-06T10:29:44,138.0,positive,scott larson
205c1e4b-5a75-4c1b-8fa0-326db540664d,9191b68a-1372-411c-875b-f44d6aa2ede7,r3fund,2025-09-20T18:35:52,2025-09-25T15:35:52,117.0,positive,Kathy Berry@@
0e817726-18a7-4944-9688-82c38597d0be,8f8fbc4b-d24a-4143-a945-077c63afc16a,delay,2025-11-06T03:56:13,2025-11-12T16:56:13,157.0,neutral,Linda Morgan
5908ae55-ff0e-4e41-bfb3-ef4ffa1ca98c,96116a0b-c1e6-4201-89c0-6ebfa8fada5f,delay,2025-03-08T11:45:45,2025-03-16T00:45:45,181.0,negative,Thomas Anderson
c335a416-2be9-4797-bc06-0dcbb6abeeea,bbf909e5-1953-4958-bcba-d451936b17d0,paymentx,2024-04-25T04:47:39,2024/31/01,77.0,negative,Brian Wong
b51ca849-cc3d-430a-bb61-671e3c23f1e2,b8c6220f-2587-4011-a219-f884af70bb2e,delay,,2025-03-25T09:05:08,152.0,pos,Melissa Barry 
0f95e9a6-f252-4daa-95ff-c4a898048adb,b0e71ab6-5290-4785-91b5-faf598d48fff,delay,2024-10-28T23:38:18,2024-10-30T08:38:18,33.0,neg,amy johnson dds
3baf98d8-5a94-4641-a8f0-35786e11a3e4,ad979d08-7f62-4983-9dc0-9a64fc2a820f,refund,2025-02-17T19:13:17,2025-02-19T17:13:17,46.0,neutral, Savannah Kramer
3dbc05ad-53fa-44c7-8e00-095fbd2fe13b,d2f05957-5a8f-4c1c-aea2-b7a04906b579,payment,31-15-2023,2025-12-12T28:77:10,211.0,NEUTRAL,Marisa Cook 
d361f996-3c02-47d1-a169-9fe6efd35427,df2c214a-49d1-4742-877d-398cc0b9eb1a,refund,2025-11-20T22:06:10,31-15-2023,70.0, neutral,Julie Williams
72f1cec6-2a4b-4caf-9c89-a9b295a17528,cbcdacec-ff48-49e4-83cb-8a37268f83bb,payment,2024-02-16T19:18:51,2024-02-22T05:18:51,130.0,neutral, Jaime Parrish
3bfa67ab-0d47-4d83-a1bf-07456946dc8b,4aa3f4ec-44b9-477e-a07c-d7820cc11138,yaled,2024-08-20T11:43:37,2024-08-26T22:43:37,155.0,positive,Andrew Reeves
8a15c241-1b22-48be-9c66-b6d3a0190fcf,19aea24d-4c54-4043-a5d6-b8f11e6addcc,paym3nt,2025-04-05T18:32:07,2025-12-12T28:77:10,55.0,positive,Kyle Hill
09e18aa9-7961-4eed-aeee-0022c9bb9a05,c6faf657-029a-4d60-88cf-4a5c5c14a8f0,refund,2025-06-10T16:02:10,2025-06-17T15:02:10,167.0,positive,Ashley Carter
b3d2ae68-fcc7-4b96-9f91-9876401fb598,1dbf23be-f23d-42b2-88f6-9448fed21efe,PRODUCT,2026-06-18T15:41:44.490122,2024-10-04T20:40:02,217.0,positive,ANTHONY DAVIS
b99bf9ee-c8c1-4927-b560-ee419fdd83af,f6947772-ce86-45cf-8b67-7ad4bafecbe5,tcudorp,2024-06-12T14:30:40,2025-12-12T28:77:10,124.0,neg,Richard Morris 
aa92b001-354f-4ada-85a4-d97bdb550c98,53d2c35a-a191-4e42-a6aa-574be4f9f72b,d3lay,2025-08-29T23:42:08,2026-11-03T15:41:44.765188,181.0,positiv3,Erica Griffin
b72b36cf-cdc8-44a9-b350-6bf152311040,a4ab679d-f224-4d44-b7f8-6c0f18c249a6,refund,2024-07-22T11:43:22,2025-12-12T28:77:10,212.0,pos,Christine Harris
df31f938-4c59-485a-8334-050c1817a2b2,c357ddec-ab25-469c-9f8c-71b02fc1e463,delay,2025-03-06T03:17:44,2025-03-13T03:17:44,168.0,positive,Logan Young
d6ba8f68-2728-40e6-968a-0584092bcbce,2f5408c0-bddf-4668-9346-f376e0d9be31,DELAY,2024-05-09T13:49:18,2024-05-15T03:49:18,134.0,NEUTRAL,Mrs. Kim Lee
206026b0-1706-469f-81da-856f267cc760,3b10f41f-ff6e-444f-b910-c322fba58e88,delay,2025-03-11T16:45:49,,84.0,positive ,Laura Shaw 
e9731ed3-38af-431a-bffd-eaa3679acc2c,99aa15b9-ce23-4d71-a8cf-38c131d8b4e3,product_,2025-03-19T00:55:11,31-15-2023,144.0,neutral,Jennifer Clark 
f318f1ec-d825-4272-8cd0-a2f7dc57b535,75fdf7b2-f2f8-4df9-9ad0-7694f39db727,pay,2025-11-12T12:10:25,2025-11-17T10:10:25,118.0,neutral,Peggy Lee
c56f9d7f-2b00-4cdf-b015-949d1678e028,ec73bbb7-1b17-43d2-8fa7-d24ed37624f8,delay,2025-11-25T21:44:47,2025-11-27T13:44:47,40.0,positive,Lisa Osborne
d364a20c-d5a2-405d-b661-f4f3eb4e097b,1d1ebd88-69a8-4e38-9c72-cd7c0dac0c85,pay,2025-05-16T13:57:13,2025-05-25T12:57:13,215.0,positive,Anthony Saanchez
24f6284b-b147-45bc-aa2f-e65cad397df0,aaf939d8-2840-45d5-886e-01937bbcf829,payment,2024-09-17T19:01:38,2024-09-27T06:01:38,227.0,NEGATIVE, Amy Johnson DDS
e5141bba-43af-47c7-b3ce-7bc1dbfc5a03,74cd04d3-432d-42d3-9af7-36d2f53f2f8a,delay,2026-01-30T15:41:44.350906,2025-02-11T16:05:29,185.0,neu,David Powell
92d87817-97bd-4f88-a70e-1774bcbe075c,1859a2d4-a5d8-4293-80e3-86e62031c66e,product ,31-15-2023,2024-12-28T00:21:52,172.0,neg,Jacob Blake@@
1ebffcb2-ecc1-44d6-acbe-080cd6927dbc,24eae641-1dde-47c7-be69-5ee1b3bda806,delay,2025-12-12T28:77:10,2025-11-27T03:07:22,5.0,positive,JACQUELINE FREY
5be93005-f870-429a-b278-5e9e904b6667,95af0c20-4b6b-48dd-a4a2-554e9b6b47ce,payment,2024-11-01T00:55:01,2024-11-02T19:55:01,43.0, negative, Micheal Cline
e5d3d160-7056-45e3-962c-94f36c69b64a,da1904d6-25ed-4398-89a6-69ce994df209,payment,2025-03-27T01:19:31,2025-04-04T14:19:31,205.0,NEGATIVE,Jennifer Daniels
2e1c868e-e0ce-4842-b0c8-2897665c788c,bee9e921-fdd7-4f31-8e94-ddbcaa978615,payment,2025-06-10T18:20:33,2025-06-12T17:20:33,47.0,positive ,Lisa Osborne
e7348828-a7dd-4604-9877-d140e5b655e9,35af9600-1aeb-4797-acfb-59d34d932855,product,2024-03-06T00:56:29,2024-03-09T16:56:29,88.0,positive,Isaac Grant
a2ac4c4a-fe3f-475b-85a3-cbdf1bdeebc2,3bbd93f5-cec5-4b41-a049-30c979ea9cfe,refund,2025-05-30T21:36:31,2024/31/01,181.0,neutral,Brenda Wilson
142d0401-9f2d-4401-8a3f-830f7468f576,09360004-9732-4e55-8a61-f77dbb1334f8,product,2025-08-03T12:01:07,2026-11-02T15:41:44.941971,116.0,positive,YVONNE GALVAN
e77ead18-c2c3-46a2-a792-5a627d2b09eb,cc713b5a-9ccf-426f-81d9-ee802e99dd3a,payment,2025-12-12T28:77:10,31-15-2023,18.0,negative,Katherine Hunt
dfff38b0-da6d-4b35-8185-d305201859ed,f2134bea-bdde-414c-b894-9d6692b9ae6a,payment,2025-12-12T28:77:10,2024-07-08T05:19:28,160.0,NEGATIVE,Guy Hernandez
51cff24f-58dc-459f-812a-b6995fdef47f,aa608634-9453-4c41-9b18-9ad3b26ad799,delay,2026-11-19T15:41:44.456805,,77.0,negative,Kevin Espinoza 
a2af88d5-c19e-4846-ae19-3938edff028e,45c73881-5e83-432d-9988-a1ee0db2d7f4, delay,2025-05-26T19:22:48,2025-05-29T17:22:48,70.0,n3utral,David Powell
86388f47-f994-44c9-a893-ba0ae6371a8c,b801cba8-9f06-4375-b1d3-7ff78eeb4b38,refund ,2025-05-04T19:58:36,2025-05-06T13:58:36,42.0,pos,Jennifer Ray
e64d296a-532b-47d7-8d3b-6c50a28d12e8,609b8d85-61a2-4887-a17b-5c069a7e8bcd,refund_,2025-12-12T28:77:10,2025-05-29T03:27:08,192.0,negative, Teresa Davis
17b71efd-f7d8-4ebe-9e32-c6639dc0c785,1bac2b7d-a7e4-47bc-b91f-e1ddce53cc09, delay,2025-03-09T16:59:49,2025-12-12T28:77:10,138.0,neutral,MICHAEL FAULKNER
8b14a696-dca4-41ad-85d1-0e0ae9a30fd9,a413bad1-72c9-4297-b149-5497c4f18af5,payment ,2025-06-09T01:55:57,2025-06-13T19:55:57,114.0,positive,Michael Peterson
17fcd56a-10b2-4351-a3fb-5fba7f3b032a,2e724d26-3a73-42b9-a8d1-f621ce64e09d,refund,31-15-2023,2024-07-16T09:35:56,125.0,pos,Cindy Graahaam
9a7dde3e-24c6-44ed-9137-aaf9054632ae,0ce2dc2d-5d1c-4d2a-81fa-062046c3483c,refund,2025-09-29T08:22:41,2025-10-04T20:22:41,132.0, negative,Robert Ball
10d14807-0ec7-4ee5-9482-5638f09af5de,648797a9-2c94-4952-8ae8-d9ac70b96fcb, delay,2024-11-25T02:13:38,,47.0,neutral,RUTH MORRIS
3176c9ec-5158-48cc-a1ba-320bee32ff62,2171a343-6f48-44f1-bdea-202be080ea99,payment,2024-02-21T17:50:07,2024-02-29T18:50:07,193.0,positive ,CHRISTOPHER WASHINGTON
81d0df04-4b75-46e0-8488-85d64245e3da,d43ae9ce-3363-4335-9fa5-5592f48f7cd6,payment,2024-11-03T01:04:34,2024-11-06T09:04:34,80.0,pos,Felicia Glover
3429395e-4d05-4e71-bb21-427cc5891d96,e1bf00de-200e-403b-a9da-6bd407fd7aa2,payment,2025-07-31T14:01:50,2025-08-02T14:01:50,48.0,negative,Caleb White
4eaef361-5260-431e-a2c7-0c6be8c1f70f,928cd43b-d038-4e56-820c-2db5608c1f47,product,2024/31/01,2024-11-21T15:22:52,221.0,neutral,Chad Smith 
ea237a0a-812d-4a4b-94b8-02b3227d2788,a3ef89ae-f342-4e0e-9889-7a26a09bd4fd,delay,2024-01-28T11:43:09,2024-01-29T12:43:09,25.0,positive,Anthony Johnson
9b1f539c-087a-4264-a15d-667ed01d548c,ac03ed82-b6ad-4124-9655-028f148f924c,refund,2024-07-02T23:13:05,2024-07-04T14:13:05,39.0,NEUTRAL,Erik Thompson
bf19ef1f-2661-4e43-9ab9-4419e1dede17,8ee5758a-e7da-47ee-a999-e33bd9e4a655,refundx,2024/31/01,2024-07-13T06:42:15,4.0,neutral,Gregory Mcguire
bca39c59-fb29-41b1-97d6-85a60ab45581,52474907-4dfd-4ef3-ab47-223c26a2a23a,delay,2024-08-19T20:12:05,2024-08-25T13:12:05,137.0,neu,Paul Davila
2be5a64b-419e-4372-bba9-490417f813cb,2d0ece05-b435-4f39-98a2-c3624993c2be,delay,2024-05-12T15:38:50,2024-05-22T11:38:50,236.0,neutral,MAKAYLA PUGH
538236e8-2458-458c-8607-60b686527a4d,4b71b620-26bf-4f3a-8153-1c0932c622e2,delay,31-15-2023,2025-06-13T08:22:34,106.0,neg,Roger Noble@@
9064c410-d70b-44e9-aaa1-4b58821a6b86,dee8feb0-c92e-40ac-a281-dec65014bdd1,delay,2024-04-05T16:35:16,2024-04-10T21:35:16,125.0,neu,Susan Rush
e8b82363-e7ca-48d3-a9f4-7cd56de1c16f,2828b0ec-2402-42ec-8977-16e136ab8622,payment,2025-02-19T05:59:59,2025-02-24T12:59:59,127.0,negative,George Leach
e6cac023-d440-4547-a7ae-56b712de06c2,eafe0776-e49b-461f-b820-2b48cc9a3236,product,2025-12-19T15:41:44.422337,2025-11-02T19:24:31,154.0,neutral, Jessica Ryan
5858b6c1-34c3-4bba-8506-5b2867ff1e43,9d4b1787-baa8-413a-9629-a933e2c5016d,delay,2024-02-11T17:35:03,2024-02-18T15:35:03,166.0,neutral,Briaan Wong
10b634d4-3bbe-44c1-8f67-027157936413,0e84a2d1-5f1f-427b-9cc6-ad08f0b6a6db,product,2025-02-10T18:12:47,2025-02-11T08:12:47,14.0,neutral,Stephen Gomez
bd7ab436-f6b8-408d-bab1-96c5f58d398a,08f3d92f-bc38-4a76-bffb-7519cc4b9c7d,product,2024-09-19T21:54:52,2026-06-18T15:41:44.895776,142.0,neutral,Thomas Larson
ac93a3ab-0069-43d3-b6f3-73e46ab0c055,ca9bce09-ea4c-49e2-b68b-66ddf5f94377,product,2024-08-23T04:19:04,2024-08-28T22:19:04,138.0,POSITIVE,Nancy Richardson 
e3e4db8e-c22d-41c8-8096-c7d4baa3edd5,cf18c951-1b3a-4dba-86aa-aa28527e0d8b,delay,,2024-02-12T10:50:12,160.0,neutral, Emily Curry
b3ff880d-5081-4593-8b13-2f8c26a54725,6366ec8f-a2df-4b6f-a555-9f60fb62e120,DELAY,2024-05-22T15:25:14,2024-05-31T10:25:14,211.0,negative,Megan Chapman
d312a5fc-9346-4437-9ffb-2ef24921cc90,021f21a6-2028-45f9-a7ad-b46531229302,tnemyap,2024-07-06T02:43:21,2024-07-06T13:43:21,11.0,positive,Lacey Krueger
0d1a0ac5-cf21-4c26-b090-d65770d42c98,a042a045-773e-4817-827f-d3efd922ed94,delay,2025-12-12T28:77:10,2023-12-12T15:48:21,27.0,positive,Clayton Palmer Jr.
ec25588a-c592-4a13-a524-cc0da735d7eb,1d096e54-d5e1-4820-9690-6afe9493514f,refund,2025-08-25T15:37:48,2025-09-03T23:37:48,224.0,positive,Felicia Rodgers
4be8ec7f-fce6-4b3f-9e31-7c34f0689a4b,25f4044f-97d6-40c5-b9c7-b6e28fc44611,product_,31-15-2023,2024-12-20T23:49:25,43.0,neutral, Michael Smith
263487c8-fe19-4b41-b992-21c44c632299,3ab0be10-0cb3-4fc5-844c-e5d53db34284,payment,,2024-02-15T22:37:42,236.0,neutral,Laura Shaw
1632324b-79d6-4464-87ff-85c87edb4596,c4f635ba-6b3f-40ba-b1f6-32df4ac4888e,delay,2025-12-12T28:77:10,2025-05-04T02:10:10,20.0,negative,Christine Sanchez
95f2d5c7-10ba-4023-8095-f0f7fe7d1473,4ec76dd6-8b3b-483e-8dc9-df3561314924,product,,2024-06-10T07:50:32,102.0, negative,Emily Banks
7098bb98-0fff-4e90-b6e0-02dbafd36e7c,8f99a106-a382-411b-9d68-5c72dda2a251,product,2025-01-08T22:36:21,2025-01-17T11:36:21,205.0, negative,Matthew Johnson
9183bcb3-0e7c-4d6c-8f58-225584f3d56b,4b6ac1e3-4995-4e27-8128-c1d3ef00a36b,payment,2025-07-08T07:01:35,2025-12-12T28:77:10,131.0,negative,Amanda Garcia
f2ea10b8-2db1-4554-99cc-3e45f99cc1fd,009c2288-a4aa-452c-8e80-063d925ba33a,payment,,,29.0,positive,Mr. Alexander Ward
669e977c-6958-45dd-ba5d-cf22d09f1a4b,91d849b4-e88b-4e0b-b9b5-d6d3e65b68b8,delay,2025-09-19T14:55:19,2025-12-12T28:77:10,178.0,negative,BRIANA GARCIA
d518864d-4de1-4a94-a621-91b9f1997772,25be51b1-fe6b-4c91-b924-b95ac443a590,payment,2025-01-12T14:23:28,2025-01-21T23:23:28,225.0,pos,Sarah Thomas
ac439fd1-2578-40c1-b910-a6fe8fd95a47,9531b890-ef0b-40f8-976a-4df50605842f,payment,2025-03-23T18:56:34,2025-03-23T22:56:34,4.0,negative,Sean Stout
f75b6c3b-374d-4bf6-8523-725af0d6b103,b004ed1d-ea2f-4e8e-b9fd-138211687916,PAYMENT,2024-08-22T17:22:47,2024-08-27T04:22:47,107.0,negative,Marvin Evans--
018d1664-80a3-4577-87dc-8a9a93e04fc3,f95959e6-3f80-4d35-8b30-8952967badd8,product,2024-03-20T22:53:41,2024-03-30T13:53:41,231.0,negative,Candace Ramirez
193871f9-3986-4fa2-8979-0664f4c706b5,b6a9e4c6-d089-40d6-b1f6-f6c92aa75fcd,product,2023-12-28T14:16:08,2026-05-09T15:41:44.951986,163.0,negative,Henry Taylor
0d355692-5c46-4101-882c-ea0ddbe318c1,b0e81ddf-28ed-4cc9-b2c7-8702c9b28aff,pay,2024-08-04T17:31:54,2024-08-12T10:31:54,185.0,positive,Alicia Simpson
fb89ffc9-0dfe-4b84-8117-aeb365090832,6085f4c0-1e51-4544-bc25-b7f18968ff5e,refund,2025-04-26T19:32:50,2025-04-30T22:32:50,99.0,neu,Eric Moore
4e2953db-96b0-43ac-8065-183b77c54934,380dc1ac-b9d6-43f1-9f75-422cb01a1353,payment,2025-02-05T22:25:41,2025-02-12T18:25:41,164.0,neutral ,Anthony Sanchez
516600c0-9c53-46ac-b929-aff61a7d8dfe,364dece8-be2c-41bc-8c42-0c21797cfc98,refund,2023-12-29T09:42:27,2026-11-18T15:41:44.968105,50.0,negative,Jacqueline Frey
9a3a8b12-e24e-4aa4-8adb-a0ace1307c89,a29ce92d-590a-4326-af6d-5e6e798b9110,delay,2024-11-10T17:13:06,2024-11-20T07:13:06,230.0,negative,Laura Shaw
efd70e54-fe53-4966-8555-8f796cec19d3,a4277232-883e-4e57-884c-e4e90435e191,delay,2025-01-18T03:33:10,2025-01-25T07:33:10,172.0,neutral,Peter Lopez
e768b89d-e663-4dce-8f7f-eaf2aaad1b5a,7d9bfd1c-0994-4c1e-8fb6-570390f31f68,payment,2024-12-14T12:07:27,,63.0,neutral,Logan Young
e89bc752-9926-4914-ba24-d8a90fc14ea5,e823594e-0098-46d3-9fc9-1bfc4a9e416c,ref,2024-09-08T18:49:25,2024/31/01,34.0,positive,Thomas Anderson
8ddc5894-2469-4045-91e2-f6d8db437b7a,9bf67b98-6e20-41ed-b84c-f4e863135405,product,2025-10-27T07:43:46,2026-10-11T15:41:44.796471,123.0,positive,DONALD VILLEGAS
df3bd3d3-c925-44fc-8988-75c4a49c3a75,c59254a5-53f6-47cd-ae37-eae0c157e24d,payment ,2024-11-26T11:57:54,2024-11-29T05:57:54,66.0,negative,Beth Saanchez
ddbdc1ac-6ca4-4cf1-ae32-0c840189abcf,b15cdb30-12a4-4a2f-ba2c-d38b99edb560,delay,,31-15-2023,57.0,neutral,Emily Curry
c7b0af37-8421-4d22-905d-e20086c69623,9f699c2d-079b-4ce8-97b7-500425d45389,yaled,2024-10-23T18:23:40,31-15-2023,115.0,neutral,MELISSA BARRY
e11ef79e-fc79-40ba-9800-0dc4ff293aee,35ab077d-1b95-4a01-86eb-a3b7cd1cf681,pay,2024-08-17T18:35:59,2024-08-25T16:35:59,190.0,negative,Derek Stewart
f2d262f7-2d51-429e-887d-2c2b41524523,dd24c59d-e27a-4925-8d68-e859ca13b5f3,delay,2025-06-09T17:11:57,2025-06-15T19:11:57,146.0,pos,Juan Arellano
175e4af2-40f2-4c58-b62d-e81d42fd4235,a2416d40-8152-480b-924d-0da459e98cc6,payment,2024-08-10T20:26:35,2024-08-18T15:26:35,187.0,negative,Cheyenne Robinson
ba58f2c7-423b-4b90-9326-6fc83f7bbdc4,d63891cd-7280-46be-9634-7ab690e8f17a, product,2025-12-12T28:77:10,2024-10-13T04:15:28,41.0,neutral,Jonathan Alvarez
12a57359-d59a-43df-88e7-f114dc2dff64,a33b4379-cb8b-4aec-96c1-f213b25d98a1,product ,2024-10-14T09:39:31,,163.0,neu,Andrew Reeves
195b7763-b06a-44d3-aebd-86f243736a59,44c749c3-7c59-4cb0-98cd-cb566664e0d5,refundx,2024-10-16T23:31:58,2025-12-12T28:77:10,32.0,neu,Courtney Bailey
b98e258b-066e-49c5-ac0d-f5e361e29bb4,89e69f24-0ad9-43b0-9f5e-7884bcd4321b,delay_,2023-12-15T06:36:27,2023-12-21T08:36:27,146.0,neutral,Kelli Wood
a7eab0b7-b09c-418f-a384-1a36390c64c8,a229f335-4189-49f0-8b24-ac650cd1b2b3,product,2025-11-14T11:44:51,2025-11-17T09:44:51,70.0,positive,Gregory Mcguire
27056a80-49ca-4955-a4fd-1b3ccf93d029,7ff07a69-049a-45f9-b9f2-f730b6f8f204, delay,2025-09-22T19:50:18,2025-09-23T20:50:18,25.0,negative,Robert Ray--
bbf1fbc9-eb15-43a6-a155-b2b5c3994ef4,4d791a8d-7d7e-40cb-91b7-bb5dd1501069,refund,2024-03-01T08:28:09,2024-03-07T00:28:09,136.0,positive,Brittany Bell
a943b824-599e-46fb-b21e-beb95bc1b55d,800b67dd-e15b-4a52-934e-290ea5596948,payment,2025-02-09T01:13:22,2025-02-15T22:13:22,165.0,negative,Kaylee Davis
908fb773-9de3-497e-ab13-0eaa42eb619b,f0a5d9dd-45ce-4834-bc74-db8226fd3e56,delay,2024-04-06T18:14:45,2024-04-09T05:14:45,59.0, neutral,Dustin Parks
ad92c006-a41c-4686-83da-9ca4ae47a158,caa67eae-0516-4be0-bffc-b11cc126ff51,payment,2024-09-19T14:51:01,2024-09-26T13:51:01,167.0,NEUTRAL,Andrew Reeves
6bdca7cc-8acc-4841-abab-938b76249582,1c2db37b-db49-488d-8c4e-595a503c2267,delay,2024-06-17T02:12:21,2025-12-12T28:77:10,206.0,neutral,Christopher Washington
e68bcaa6-1606-4bbc-b9bd-659282670868,af814b50-7842-45b4-aafe-b54e2c3fbdf6,REFUND,2024-04-20T17:46:18,2024-04-28T20:46:18,195.0,neutral,Cindy Graham 
dc45e3ab-5396-4644-9888-d89b509e0ec3,edf3299e-e5a8-411b-b5af-329c27e0d777, refund,2025-02-17T07:51:34,31-15-2023,42.0,negative,joseph webb md
9dfb5a9d-f360-49e9-9add-4dea6ae13b8f,4c8829ae-53dd-4b79-a2d1-70791f856b50,product,2024-12-01T03:38:26,2024-12-10T12:38:26,225.0,negative,Bryan Thompson 
4e891b62-b8af-4056-8b14-63d999394b19,e24c2842-0a2d-4980-a897-1bdd9e6081c8,product,2024-10-07T04:10:49,2025-12-12T28:77:10,140.0,pos,Andrew Reeves
1b706f15-74f2-41b7-9402-fa76a9fd1247,269117b1-fbd8-4f2d-8c5d-454a52443ad3,delay,2025-12-12T28:77:10,2025-04-10T23:05:08,28.0,neutral,Anthony Johnson
f2a02bd5-f5a7-4af7-adf1-adf214198617,fc763a52-132a-4f7d-89d9-3c7d622e6809,payment,2023-12-27T08:28:47,2024/31/01,184.0,positive,Cheryl Brown
15bd72f0-97a8-49fa-9bdf-493b6f5572c8,45a9539f-dcb2-485d-bcd8-0f86a54cc5fe,delay,2024-05-14T21:50:43,2024-05-18T08:50:43,83.0,neutral,LISA OSBORNE
777c3fbf-09d7-403e-806b-7620bd2117e4,f6efc032-ec7d-4019-a1bb-0671ee8efcaa,d3lay,2023-12-04T06:16:31,2023-12-10T15:16:31,153.0,neg,Crystal Walton
81d4e4b4-dd85-4996-8028-d7036596a4e0,16d1294d-37e7-4acf-9065-36d1f52b425f,delay,2025-03-12T02:39:35,2025-03-16T14:39:35,108.0,neutral,Jennifer Ray
3796111c-a97b-4e69-b4fe-4bbfd14e82e8,87e79e5f-6a4c-46a1-ab1e-57ba865ea1ed,product,,2026-03-24T15:41:44.811331,139.0,negative,Jason Marsh
1ecb263f-0f07-46ab-a21b-ecedc08633d2,35710d28-8e92-40bf-a576-378f27672346,product,2024-07-24T19:10:01,2024-07-27T14:10:01,67.0,n3utral,Derek Stewart
3f89b912-ba67-4c4a-8b2c-1ad58f861f70,ca805cc1-8768-4788-a790-b55afa821d35,paym3nt,2024-09-20T13:09:38,2024/31/01,239.0,n3gativ3,Kelli Wood
4f5fa6ce-8f6c-4a22-850a-fc2f3cb7ac22,a059f941-a95a-45be-977c-c67c1cab9eb0,ref,2024/31/01,2024-03-01T21:23:14,22.0,negative,Chaarles Williaams
f8cc56aa-4be2-4f36-a79d-9a46f59200da,9392e663-f0d7-4305-a69c-1c7188b6c235,delay,2024-06-12T07:48:30,31-15-2023,207.0,negative,Joel Lopez
da469cb3-504a-4487-87ce-b1118e0796f7,542afa5e-4495-450c-8247-b4a3ad0f44ef,payment,2025-02-06T18:06:34,2025-02-09T23:06:34,77.0,positive,Julie Williams
f64e1b86-467c-42ae-bb2b-c03180ab05c0,50346393-5e52-40de-8122-aa97c15b9752,refund,2024-05-21T16:09:14,2024-05-30T20:09:14,220.0,neutral,Donna Shepherd
64fbbd16-0fd4-4f1a-8efd-88556bc7d7d5,c5cb3356-5788-4b1d-b62d-ee114f7f98c8,refund,2024-05-14T07:00:12,31-15-2023,104.0,negative,Elizabeth Lucero
9778abfc-5947-4ba2-b088-38fdff04bfd0,1b57e926-6c44-45bd-b8ea-dd51c553d7be,refund_,2024-11-03T12:35:07,2025-12-12T28:77:10,229.0,neutral,Stephen Soto
131a9a18-f227-49b2-98da-6a4c5c9c3e1d,11b6f2b5-2dd8-4247-b9b0-28352e8e2bef,delay,2025-12-07T15:41:44.390468,2025-09-12T18:15:46,90.0,neu,Joyce Vaughn@@
75204678-2efd-4b05-9126-4d59b27e8bfb,88cb2adf-e9dc-4d40-bb12-092ae3de81b4,payment,2025-06-17T14:34:01,2025-06-18T04:34:01,14.0,neutral,George Leach
a4f2683d-0927-4de3-913d-53a2bbd7eb1a,59a44a4a-27b1-4c76-a3fe-b30f6f4e3d4d, product,,2023-12-18T19:42:56,180.0,neg,Michelle Owens
8dcd5491-b477-48a1-b673-bce5827a9840,b36ee947-08ae-4c52-92c3-c5b1d1253045,delay,2025-01-09T01:42:06,2025-01-11T06:42:06,53.0,positive,Isaac Grant
7f3811a8-aaaa-49ae-9ac1-cc21970942f8,4da68419-0fa6-4e11-838a-22d39abd1889,paymentx,2024-11-07T18:04:18,2024-11-13T18:04:18,144.0,negative,Caleb White
4ed71cb5-8e71-4b6e-af4d-015353beaed6,a24785aa-97e6-4a91-aa37-0e0ed1ef8b10,delay,2024/31/01,2025-03-18T05:56:36,70.0,neutral,Stephaanie King
35095e7a-e0b7-4b83-a603-4d5b6c3839a5,74cf5f47-9fff-4646-b725-c87e81dd3e0a,product,31-15-2023,2025-12-12T28:77:10,238.0,positive,Robert Smith@@
0c0c33b3-055b-48e6-8b3b-c1490401ec2c,18721915-231e-4cf5-a9bc-5e6834939273,product,2025-07-10T07:07:14,2025-07-14T17:07:14,106.0,negative,Maark Estraadaa
0c52342d-3fb9-48f4-a66a-eb6cee099965,a7204052-f3e7-45aa-9d6a-36528ca6eee9,payment,2024-10-06T09:40:50,2024-10-11T20:40:50,131.0,neutral,Chaad Smith
5bb6764d-554c-4acc-b26c-366e29630272,0de6ade6-52f2-4cab-9861-33f44ee3c14c,delay,31-15-2023,2025-05-01T22:59:52,29.0,negative,Amanda Dyer
97beb150-330b-4246-84b8-dc14a6225168,794938f5-b102-4d49-8c0a-9525ce1d70c5,payment,2025-09-17T21:00:19,2025-09-25T10:00:19,181.0,positive,YVONNE GALVAN
91a4a966-e6ff-42e9-80d3-d9e52e54bd0c,84cf14e3-3d8c-4d03-b660-7982975b3f3d,payment,2026-02-02T15:41:44.222980,2025-07-09T13:54:46,68.0,neutral,Felicia Rodgers
6b93c2ed-e708-4716-a119-98040b08a6b9,ca55337a-9b49-4167-9b8c-96a98a06910f,payment,2025-02-11T08:52:18,2025-02-11T17:52:18,9.0,positive,Amanda Dyer
81230f1f-af0b-4ef5-a8e7-269c623758ac,8a2cb89a-339e-4acb-af23-734a15d05933,pro,,2026-10-13T15:41:44.713727,102.0,pos,Chloe Singh
fa82c00e-da9f-4858-9d1e-36ce5a4e9995,625c06ee-8df8-4644-a839-745627d1b751,product,2025-08-11T18:53:20,2025-08-15T10:53:20,88.0,neutral,Cindy Graham
1598ca52-f40a-41f9-86ec-10a47cd6654e,6f602a75-80f3-434e-a327-ecab59c03de0, payment,2024-11-11T19:30:15,2024-11-17T18:30:15,143.0,negative,Anthony Johnson
1f756874-19ad-40be-ab60-b470db454b83,0b13af04-5cf9-4a98-919e-6cc65d460337,refund,2025-12-12T28:77:10,2025-12-12T28:77:10,15.0,positive,Bryan Thompson
f97b857c-7087-4304-9f23-92462d75ce7b,76954ddc-ef5b-4238-b063-1c12aa3e8cf4,delay,2025-05-08T01:17:00,31-15-2023,124.0,neutral,Savannah Kramer--
04ff0554-e5ff-4088-a097-3f906966a98b,2d4e32be-670f-4638-8220-9785dbc21625,delay,2024/31/01,2024-06-21T00:50:35,133.0,neutral,Scott Larson@@
ef79b5dc-9854-4fff-949b-95a32aafa8d7,0ff60587-6d86-4340-a1d9-30b3a01a87b5,refund,2024/31/01,2025-02-08T09:51:15,204.0,negative, Edward Gregory
239a0578-223c-41d3-aa1b-51e3a3de1b94,74746e0a-8bfc-4dfd-bdab-6ea12ea0ec26,DELAY,2024-06-17T22:50:13,2024-06-17T23:50:13,1.0,positive,Marissa Graham
bba47cd9-6c2b-495c-bb18-c1a5cb0b5f2d,f6f0b1f5-f6e4-47ad-83aa-9a0e30b82f53, payment,2025-08-26T20:19:32,,152.0,pos,Roger Noble
62f72d8a-8e17-4676-b9f2-d7cb9adb1602,f115775c-9783-4e27-94b7-7b9054b16bc0,REFUND,2025-04-26T15:19:19,2025-05-06T15:19:19,240.0,positive,Greg Sanchez
78e9f4f0-af34-49e0-aff2-a26db382a546,ca77283b-4ace-4d5b-9ef7-bcb5479b21b0,refund,2025-06-03T16:27:11,2024/31/01,239.0,positive,Kathy Berry
a83bb509-1438-42a8-9bac-a29ba5882be9,e55ba1da-7b85-49af-ba75-29ea871ac297,refund,2026-11-11T15:41:44.573286,2024-08-01T00:05:24,50.0,negative,Roger Noble
31ae1fdc-d53a-4c9f-b7eb-405a2ea21b68,a86ce683-942c-4f8b-9091-e9d957f1e317,payment,2025-07-08T19:10:29,2025-07-18T16:10:29,237.0,neutral,Marissa Graham
6aa058c8-0e05-4c0c-ae89-e882753b94ea,8ffea0c5-a642-4fa0-9392-4605c766ff2a,ref,2024-05-18T13:32:29,2024-05-21T14:32:29,73.0,positive,Marissa Graham
89b87f1f-f5b4-4695-bef2-9f1df34ede7c,928a6367-51cd-4a29-a3cd-9906da53d7b0, payment,2025-04-06T23:45:07,2025-04-13T07:45:07,152.0,positive,Stephanie King
ba4d667b-7a25-4a1d-baa1-75d858eaaae0,7041d39c-d529-4a40-8ac9-ce1da1896832, delay,2025-09-02T02:59:41,2025-09-10T07:59:41,197.0,positive,Cheryl Brown 
f0d920c2-5487-4b13-8ce8-a8a1ccd2275c,44f977a2-87c4-4f6a-85ce-5e3be32d95d1,delay,2024/31/01,2025-12-18T15:41:44.928714,110.0,negative,Eric Cooper
04e65817-19b3-4c4b-aecb-0ada6412fad8,e8d88282-79fb-49fa-9739-b5678ba95d66,product,2024-05-29T02:27:24,2025-12-12T28:77:10,90.0,NEGATIVE, Megan Chapman
fac253f7-6c46-47ef-9bd0-8ad30f301390,0b467c5f-6b91-4b3f-b107-e86989dc14b0,product,2026-05-27T15:41:44.258338,2024-11-03T17:51:43,7.0,positive,Andrew Gardner
35c1434d-8e8e-45e9-b5ac-9c67052e4438,1bf74a63-b371-4201-a29a-9ca067718fe3,delay,2025-12-12T28:77:10,2025-10-29T03:03:31,133.0,neutral,Curtis Martin
55b93285-154a-4d87-ad06-323be80f08c6,fada2c7e-16db-4021-87d3-efd108ad02eb,delay,2024/31/01,2026-02-21T15:41:44.915877,73.0,neutral,Marcus Barnes
30ede60b-b6c5-4071-acbe-aa0743e86032,d10b7f17-ad2c-4e00-9b8c-2e5eeea3e8b1,r3fund,2024-11-01T03:57:45,2026-09-06T15:41:44.939751,71.0,neutral,Braadley Chaase
c0bfe058-9a28-4be3-be17-2d3c8b72ea95,8a7b6c6b-7d5e-4274-a93a-f1afd31153c9,delay,2025-02-25T13:46:19,2025-02-28T15:46:19,74.0,neutral,Joseph Webb MD
cc058a55-72b1-486f-a9f3-45de9a150739,f99494b1-65a2-40ca-9b44-d2841d0b0ed7,tnemyap,2024-10-17T13:15:07,2024-10-21T14:15:07,97.0,negative,Sarah Thomas
609740e8-2805-462f-b92a-284f7561ab5e,05c9a44c-3948-45a0-95ff-29bf11cb2711,payment,2025-07-02T09:44:21,2025-07-07T14:44:21,125.0,negative,Ryaan Daaniel
40ff990b-7e9a-42f3-8b81-92dec70417ed,887df875-4c2f-462b-baec-425b95de6008,pay,2024/31/01,2024-10-03T21:28:04,64.0,negative,Dustin Parks
1c7427c5-bd56-4d99-a46f-68c274873a0c,c1d6a331-30fa-47f8-b8d2-ac1dd62059be,payment,2024-02-09T16:31:29,2024-02-18T23:31:29,223.0,negative,Chad Smith
85e4ff51-8fab-45d8-9c3e-381b53d38bd4,24bec06d-9b6b-406c-90b6-60f3b27566dc,paym3nt,2024-07-04T20:07:18,2024-07-12T20:07:18,192.0,neutral,Cheryl Brown
8eac6fff-a8a5-465c-b264-a6f32d2c7078,858ecf95-30f2-4906-810a-58ab9745bdbf,payment,2026-04-10T15:41:44.295648,2024/31/01,227.0,negative,Andrew Reeves
86cd321b-33ae-4163-953b-014032ce2746,ca4bdd8f-46c7-440a-92d5-99d71daa6ddc,product ,2024-01-16T22:19:27,31-15-2023,149.0,pos,Michael Larson--
78038852-4498-4799-91cf-5c01ea69f990,8bd6ee35-2567-473a-8eef-dd58bfcede55,delay,2024-02-15T08:49:21,2024-02-17T02:49:21,42.0,negative,Hailey Stephens
415796b9-34c4-41c9-84ee-25fc699ff277,139644e1-6524-4f52-b5e5-9fc2fe9596f3,delay,2025-07-10T22:09:11,2025-07-15T22:09:11,120.0,NEUTRAL,Amanda Dyer
f06bcee7-61da-4dc2-9ac5-a02e17a0613c,59e7a994-810a-4686-ab66-1f80d0b5a016,paym3nt,2025-08-13T09:23:50,2024/31/01,21.0, neutral, Stephen Gomez
a8c7059b-1a96-434d-b79e-33cbb7c38c04,86dbe797-5a0b-4cde-a4d0-d4117f551ea9,pro,2025-12-12T28:77:10,31-15-2023,209.0,POSITIVE,Scott Larson
a55e3c9e-aa8d-4e93-800d-744a0f3ac69f,130948ea-2b1a-4368-84cd-db1ed8291ac9,refundx,2024-02-21T11:18:31,2024-02-28T05:18:31,162.0,neutral,Jacob Edwards
18a66b73-da2e-43e2-9263-062893b01fd4,95fe1606-9ca4-43cf-b61d-3ca330794d13, product,2025-08-10T18:19:16,2025-08-12T20:19:16,50.0,NEUTRAL, Erik Thompson
dcbb0344-dfb3-4f8d-832c-c764bed89a97,6a87dba9-0a32-481c-ac0e-e501103bc4a2,delay,2024-10-27T06:44:12,2024-11-04T20:44:12,206.0,neutral ,SARAH THOMAS
dd2d9265-2d47-48c4-b57c-668471459307,f93df6d3-1baa-4b8e-83bb-32c3778bd455,dnufer,2025-03-24T10:34:21,2025-04-01T09:34:21,191.0,neutral,Robert Anderson
72bcb49f-f77e-4dd4-8045-ce031ee0ee41,85d6b5cf-7b09-4d58-8b60-2db248ec8a7e,paym3nt,2024/31/01,2025-08-03T03:42:05,123.0,positive ,Andrea Morales
ba639e0c-d8a6-4311-99d2-4fd5213db1d1,fe27fc1b-fdfb-446f-a47e-52d265f84739,delay,2025-12-12T28:77:10,2024-12-26T12:29:07,224.0,negative,Anthony Harper
ee6f34f6-e2d8-46f0-89cd-9481f489fd01,e7bd36b5-cfa0-453a-8412-4c78e628185f,refund,2024-06-20T23:05:30,2024-06-26T05:05:30,126.0,positive ,Donnaa Shepherd
1dee4e5b-382b-407f-aa0e-a20158913834,7420c533-ba6e-4b36-9130-f2498634388e,product,2025-10-08T10:55:18,2025-10-11T08:55:18,70.0,negative,Anthony Johnson
d9a450ec-e4d1-4aab-a0d6-8133872eacf1,69d2fef5-336c-4123-9bf8-70f3d5fd50fd,payment,2024-11-14T07:23:35,2024-11-15T19:23:35,36.0,negative,Samantha Allen
7c9148df-5e39-44f8-9069-aee2da750863,15b0ac9f-893b-4c9e-86fe-2fa0bc5e082a,refund,2026-02-14T15:41:44.365683,2026-05-28T15:41:44.986937,55.0,negative,Joyce Vaughn
f357a48e-9ac4-4fce-a99b-28c8b9d92ce2,6c4162ce-e3a1-47d6-ae61-3ecfe27c8b9f,paym3nt,2024-07-16T03:15:46,2026-11-17T15:41:44.770394,223.0,positive,Jennifer Ray
6352e690-69fd-4a37-805d-6ae6df7690a0,9766eb2f-8dac-466d-bc76-277c974ad8fc,delay,31-15-2023,2024-04-13T19:28:04,139.0,neg,Natalie Collins
eacd620d-a3cc-464c-ae2e-44acdfc1f858,a4bee32c-5cc7-4771-977c-dcb99f58e081,product,,2024/31/01,224.0,negative,Derek Stewart
d245069e-55f1-4171-9cd7-046d417805f6,6cc18848-777d-4b87-b6d9-d36c9a8346c2,PAYMENT,,2024/31/01,129.0, neutral,Andrea Aguirre
b2a69144-6119-4b79-a419-c07bb1d436b9,36a8225f-1a26-40d2-b702-6fa21abc9d15,refund,2025-03-05T16:51:36,31-15-2023,154.0,positive,Jessica Juarez
9485b22d-9ee7-406a-aa06-072d59a55910,f3e5d659-65fd-4a58-aa43-fe160cf2da85,product,2025-01-17T16:54:00,2025-01-20T07:54:00,63.0,neutral,Clayton Palmer Jr.
34fd15d7-04ab-4f1a-81b9-4de00d4842dc,79c9514b-2765-40bb-a1f0-b634f6849c59,payment,2024-07-27T10:55:52,2024-08-01T16:55:52,126.0,neu,Makayla Pugh
b2d97699-5374-42dd-811d-7df6c11c15e9,448f7009-9a02-4965-a72f-152400d4d6cb,delay,2024-10-22T12:51:08,2024-10-26T13:51:08,97.0,POSITIVE,Curtis Martin
3c01b3c3-034e-44b0-ae2d-0a4c5ddfbbce,8c7fd3aa-d818-414d-aff7-510f78ae8f7a,pay,2024-11-18T06:34:39,2024-11-20T00:34:39,42.0,neutral,Erik Thompson
017ac218-122e-424c-939a-de034f44872b,7a277b57-5c61-4e23-bb46-2f3d1bdf806a,refund,31-15-2023,2024/31/01,107.0,negative,Joseph Webb MD
6d5a5aca-132a-4ae1-9878-de14f6065910,71970106-b658-49e3-b94a-eed88c636b07,product,2024-07-05T23:32:20,,121.0,neutral,Natalie Hernandez
43e3957c-13c3-4263-8986-f681ba0159ed,7e82d343-24a6-4273-bc81-a341e819002f,PAYMENT,2026-07-07T15:41:44.504459,2024-02-10T18:11:16,120.0,neg,Greg Sanchez
054438e5-8666-45ce-8876-6df3b6120c0b,f1df8f7d-33cb-4fa4-82f1-3614374c24a2,paym3nt,31-15-2023,2024-09-09T03:25:32,55.0,neutral,derrick walker
ff57ae25-c218-4db6-a6bd-08895c04833e,580601b9-6380-47db-a379-e748106b3e97,product ,2024-04-14T05:27:40,2024-04-22T03:27:40,190.0,positive,Robert Ball 
bdf2fb9d-9ee7-4ac2-a4c2-6f1bcca7116d,932a2fd1-337d-4c27-95c6-81e867a71141,refund,2024-11-09T13:08:04,,12.0,neutral,andrea aguirre
2b1515c4-b4f6-451d-b658-2319838ee9f1,9f3a5ae8-65c7-4793-8f76-508ffba3b5d5,product,2025-12-12T28:77:10,2024-04-02T02:53:48,107.0,negative,Andrew Reeves
93495fa2-3d3f-4d74-b9c4-0ff8c5d8fe7c,e817cf48-c24e-4666-95a7-15ef55181055,r3fund,2024-08-23T05:20:26,2024-08-29T21:20:26,160.0,negative,Jason Marsh
42f0afb9-665a-4279-b5ea-5f4860fa5899,ad0a0683-e919-44fb-bf15-0529eef377c3,product,2025-04-03T12:02:38,2025-12-12T28:77:10,97.0,n3utral,Jennifer Daniels@@
ee03de43-4858-489b-b0ab-05fd2c342fd9,e96d20e3-84ed-429f-8281-0aa8e2efa1b0,payment,2024-04-04T17:34:29,,191.0,negative,Michael Morgan DDS
8048c999-5bdb-44b0-8c41-cd613f32f6b0,15fc6cf1-3dbf-4fe7-927f-bf38a9f6da5c,delayx,2025-01-29T18:53:18,2025-01-30T19:53:18,25.0,positive,Robert Smith
0915bb7c-09f2-4187-9ab2-dc5d1f2c0a6d,1737a4c2-405c-4e84-bd8b-61c8a46ae94a,del,2026-08-10T15:41:44.245639,2026-06-19T15:41:44.804254,231.0,positive,Andrew Reeves
85d360cc-ac7e-4bbb-86c0-acfabc97410f,72990823-4f06-4dc2-9204-5f642c01bee3,payment,2024-05-02T08:10:07,2024/31/01,146.0,positiv3,Richard Yu
9f5e1bfe-a7fe-45e6-9523-227f4efca136,265d3edb-1b31-426d-a94b-9c5046f9f862,refund,2024-11-18T01:16:07,2024/31/01,62.0,negative,Michael Faulkner
58ddce7d-3fd5-4000-80d2-8aef05a7a3f4,510fa4a5-67ba-4445-a4fa-658ca49842a9,payment_,2025-03-07T05:23:00,,145.0,neutral,Jason Marsh
dde45747-8742-41a6-bb4a-fd74a7490bb8,9d97bbed-b4cb-4efe-a2bc-06d749551c23, payment,31-15-2023,2024-08-03T08:24:37,134.0,positive,Michele Claark
b6c0f5a4-1cbd-4d61-bee5-2005dccc9b21,f4ce970f-1862-4ffc-8f99-36ee871da02d,product,2025-10-09T09:12:28,2025-10-15T19:12:28,154.0,pos,Logan Young
ea622edd-66a8-4692-99dc-7e08c0895478,271a5aed-e028-49dc-a3b2-9a0904dfcf1f,payment,2025-03-16T14:32:22,2025-03-19T10:32:22,68.0,negative,William Murray
35ddf41a-02e2-4142-8f21-ac973444f1ce,6d1bf6ed-2d1b-42e5-be6e-53b1b709ad5f,payment,2024-11-06T13:57:10,31-15-2023,30.0,negative,Jaime Parrish
c573a1c5-a0d3-458f-b7db-207f4cbc16ac,be02de73-f928-44a8-9219-08d2c40aedc4,product,2025-09-06T16:47:30,2025-09-10T12:47:30,92.0,negative,Jacob Blake
25c47a0f-bd71-4311-86df-58ab9ff0c86c,84f36f82-18e0-40a0-a70b-8c14405b1df6,delay,2025-12-12T28:77:10,2024-03-05T08:16:13,184.0, positive,Brian Rowe
abbe2fda-c98f-40bf-b4e8-aab08a00410e,86fdd85a-46e8-46a6-aeba-83dabb56220d,delay,2025-04-26T05:27:36,2025-05-05T17:27:36,228.0,n3utral,Sara Hogan
835f5b10-35a6-4cdb-b5ac-fa2681e14f39,afe22ece-88ca-4100-a89e-d7297273376e,product,2024/31/01,2024/31/01,64.0,neutral,Heather Parker
6f22ed61-8688-47f0-9e50-c7b7acf83a1c,9019b260-db19-4d20-b03a-28717c591ef2,product,31-15-2023,2025-03-31T05:47:32,158.0,positive,Marvin Evans
33fc0fbf-d669-4cd4-9e60-e73b13d8acf1,2484460f-be54-4065-9966-ea7538034cc0,tnemyap,31-15-2023,2025-09-22T10:21:26,123.0,negative,Elizabeth Hunter 
64ca8daa-fa5c-4fd2-8037-999a699a048b,46bc4679-9ba0-4623-952c-576d24de7623,payment,2023-12-06T04:28:32,31-15-2023,31.0,negative ,Robert Smith
4961a507-eb56-499f-8a3e-d0e84d34be85,ec20faf7-4c51-4341-bd14-a12d2e310816,productx,2026-02-22T15:41:44.326305,2024-11-13T00:15:59,182.0,negative ,Margaret Morse 
97494673-fdbd-404b-bc6d-58906e98677c,c5e93886-dab9-429c-b17e-72916396957b,refund_,2025-05-04T08:56:17,2025-05-10T07:56:17,143.0,negative ,Kenneth Lopez
bd8badfe-54e6-467a-9a80-43183c8d7284,88468d69-d883-49b3-ae7f-32eeb20c81aa,refund,2024-10-08T02:58:12,2024-10-11T02:58:12,72.0,negative,Megaan Chaapmaan
6c75092f-4f57-472f-b872-c89900fb6097,272f4a35-a924-49ef-85c7-96e83d275d6a,payment,2024-10-25T07:02:45,2024-11-01T18:02:45,179.0,negative,Taylor White
d126d3f8-c079-408a-8e9d-9bac7d9ab2d8,c314569c-6cde-444e-8853-c848e23dc37a,product,2024-02-19T06:21:21,2026-08-31T15:41:44.825325,60.0,POSITIVE,Kevin Schneider
0e369663-dc2c-4061-9d32-09cbe2dd53a3,f4b4a1d2-a5da-4173-baf3-5f3dda96aa4c,delay,,2025-10-12T09:33:08,205.0,neu,Norma Wyatt
debdd3f2-a9cf-4566-9896-1c88019b360f,54b0baea-bd2d-4bed-a4cf-d75f7e0dadc5,product,2024-12-28T12:48:47,2025-01-06T08:48:47,212.0,neutral,Kimberly Young
a28254d5-b3f4-4959-a867-06a92cda2f8d,9a620610-9d1b-4970-afcc-abe6a9996cac,product,2024-10-18T07:46:29,,31.0,negative,Stephanie King
ca4a3b47-a006-494b-aefb-e4571f2720c0,e377f79f-de26-49c7-9258-355806f427cb,payment,,,183.0,negative,Hailey Stephens
bcb3a917-1c89-45c3-b41a-62842c9095c0,44dff08f-43b8-44ac-a56f-7584c5f6a185,payment,2024-05-08T11:03:28,2024-05-10T21:03:28,58.0,neutral,micheal cline
d601b515-3dd9-46c7-959c-8962e6dc76f2,6acfc7c1-cbb0-4c02-a52d-e9cc57fe4bd5,delay,2024-04-26T11:44:36,2024-05-04T04:44:36,185.0,negative,George Leach--
7ff9dadd-6b2a-4a7f-aa09-554e2b106728,c0a8ead8-708f-46ba-b614-66f29a63fe5b,PRODUCT,,2025-06-09T15:27:58,18.0,pos,Felicia Glover
e5b41a92-4fbe-4664-ae89-ba156df0cd38,3a21d28d-12c3-45c4-bbaf-2b583ac26364,product,2023-12-04T17:11:16,2023-12-08T22:11:16,101.0,negative,Kenneth Wilson
0315844c-79be-4a26-ad40-2a60afb72eda,7d7c007d-c662-4f0b-b6c0-8e0d60d3b9f3,refund ,2025-08-07T11:16:13,,164.0,neu,Samantha Ross
33e36d1f-e7f0-4ea8-aaa9-b93256b605a9,015b7e81-5c37-4a2d-b6c9-dfff042131a7,refund,2025-06-09T02:01:32,2025-06-17T03:01:32,193.0,positive,Andrea Green@@
b5dfcc31-e8ac-403c-a6eb-19ddff26517a,c1f02fd4-d16f-4053-b637-a73210d2f8a6,delay,2024-08-16T12:54:29,2024-08-18T12:54:29,48.0,neutral,Joseph Anderson
b3893f4f-c446-4455-9c5a-456bd23c8d68,2b871ec8-f8ef-473a-8a84-94f17a7590d2,delay_,2025-07-09T22:27:27,2025-07-17T04:27:27,174.0,neu,Candace Ramirez
721cf0fd-2e6a-4a2d-8d46-247965c11bed,2a4906c6-2a0e-421f-b965-1952d445268a,refund,2025-09-27T09:55:26,2025-10-06T02:55:26,209.0,neutral,cheyenne robinson
6a34ae5d-8ade-42f7-8806-3bf01788104a,0539915f-68fe-4383-a23f-a1084eb3b831,product,2026-03-18T15:41:44.284856,2025-06-25T09:57:13,6.0,neutral,William Murray
69b930c1-4e34-464e-9871-7867a0d5eede,63c86bf4-d336-4f10-8813-01b62e1d9445,product,2024-05-30T08:29:48,2024-06-01T01:29:48,41.0,neutral,Peter Lopez
f66d4f35-27e1-4ce5-85e4-9a9989580c03,932a0ec9-e43d-4635-9854-cbbd3d3a9a2a,delayx,2025-03-07T19:27:41,2025-12-17T15:41:44.878212,71.0,negative,Christie Thomas
06a601ab-3c09-4206-97d9-ac703899674e,a1568427-4583-4d6b-956f-908985f9d912,refund,2024-09-19T12:18:35,2024-09-20T05:18:35,17.0,positive,william murray
ed18fb90-f41e-4279-9a34-fc559aa02422,b62df4fb-d85f-4a29-a565-9cedfa2337ab,product,31-15-2023,2025-11-13T06:20:28,45.0,positive,tammy jones
b27e5ec3-cc42-4498-a0f5-dec33a464054,9b66e8f3-522b-4b46-8c3a-2bee0392017f, delay,,2025-01-31T20:50:09,26.0,positive,Courtney Baailey
0167c8da-5d60-47a2-9d54-d6fc54b3dc4c,27eab796-c153-455b-9b7f-d0f3a8e74dcb,delay,2024-08-08T12:24:15,2024-08-18T10:24:15,238.0,negative,Christine Sanchez 
7e4d8273-b892-4219-9098-b477144c7dd1,7f37cdb2-a239-458a-9cb7-129a46dd52f6,refund,2024-07-10T20:23:33,31-15-2023,172.0,neutral,Amanda Garcia
2b325253-2e7e-4dad-b6c9-0e71bd723503,044c54cc-d2a3-41f7-8214-831fe68c1f5d,REFUND,2024-06-26T12:57:43,2024-06-27T16:57:43,28.0,negative,William Murray
41532e01-5922-4adb-9f02-9cb8028597ee,2e3c8621-564b-480c-9b92-e42bca4fffda,paymentx,,2024-11-08T00:52:12,27.0,neutral,Gregory Mcguire
9457b433-d72d-4c05-bb05-2b9b21d6c4f8,9858c06a-b5b2-46bf-8a81-5f2c66be67fa,refund,2024-04-27T08:56:34,2024-05-02T15:56:34,127.0,neutral ,Mr. Alexander Ward
a7f36809-e7d1-4b97-ac78-62098924e96f,1aadc541-b425-418b-a157-4cb06129103e,d3lay,2025-10-03T10:17:28,2025-12-12T28:77:10,150.0,positive,Bryan Thompson
9421d136-94c0-4c0e-81df-e266040f302e,8f6d0c3e-3a2c-4ae2-bcc5-477b0f88bea4,refund,2025-03-18T19:55:35,2025-03-28T14:55:35,235.0,neg,Jacob Blake@@
27cca192-06ac-4a97-8f87-5b42d0be0932,fbac0a32-7c6a-435c-91e3-6d3a84952bee, delay,2024-12-13T18:08:00,2024-12-19T07:08:00,133.0,negative,Robin Thomas
ce4c99aa-188b-4b20-bda4-d7fdc272becb,055f39e3-e0d3-443c-b320-2b9643f8fafc,delay,2025-03-16T13:19:41,2025-03-17T22:19:41,33.0,negative,michael larson
1f8df00a-48a3-47c7-9d29-4c30c007af67,b2e01712-4189-4d3e-a9d3-2b48544d628c,payment,2024-09-02T11:13:16,2024/31/01,87.0,negative ,Michael Harris
f0a893f8-0336-42f1-84da-b60a5ed0a079,99a7e303-bb51-4231-a809-df4f0f75e16d,product,2024-12-24T03:40:42,2024-12-29T12:40:42,129.0,negative ,Lisa Butler
477b1579-ce64-4a19-ad84-503a125d23f5,264cf011-30a7-4e27-986b-7b0b72389d9d,refund,2024/31/01,2024-10-30T12:40:25,103.0,negative,Brittany Bell
70f16437-b430-4727-a7d1-2b4ad9a408b7,a36d0e7b-0cd1-4a3b-98a6-b2c15bdbfc0f,product,2024-03-19T04:27:26,31-15-2023,30.0,neg,Miguel Gomez--
1080a6dd-9a1f-475a-9c3a-2eb3bbfd6bd0,f7f0277e-3308-4581-8b1b-00a92ac88363,payment_,,2024-11-25T03:29:36,140.0,positive,Margaret Morse
6a425cc8-d8d1-47ce-a9b6-7ba831d106f9,c0a872ee-1b31-47af-a77c-e70d138b1949,delay,2024-07-23T18:30:31,2024-07-26T17:30:31,71.0,NEGATIVE,Mark Estrada 
72ee2353-0446-42db-bf67-29deddf54420,7497ad60-fcb6-4b51-8925-239ba0047e3e,d3lay,2024/31/01,2024-06-14T05:38:38,232.0,neu,Grace Evans
5b0f869d-56cb-41c8-898d-4823b6ae8733,51fe6141-63e1-4609-b6c6-e205052df6e9,refund ,31-15-2023,2025-05-09T07:17:02,58.0,positive,Marissa Graham
313a35ff-b655-4494-aa56-ad7fe9dd95a6,514fad8a-3330-4b37-af40-dcbf06ae6a58,paymentx,2025-04-04T23:28:37,2025-04-05T05:28:37,6.0,neutral,James Williams V 
166af609-475d-40e0-806d-fbd7cc54b05a,a521d2d7-f41a-4bb7-b317-11143a704514,refund,2023-12-11T12:23:55,,134.0, positive,Anthony Sanchez--
fe83cd01-5a6b-44dc-b391-d5535ddb02e8,f18b2012-ed84-4138-bbc6-4e653d463cfc,product,2024/31/01,2025-11-26T19:50:43,8.0,neg,bradley chase
a106159b-7059-4810-b891-9422fa25807a,ff2195bd-4e6c-46bb-bfbc-3dbd7671e286,product,2024-12-24T08:10:37,2025-12-12T28:77:10,129.0,neg,Jennifer Ray
9db91e78-7d5a-4671-b836-8a09b0cff1f2,ba5ee60d-c487-4aa0-bd19-a5a592bd0757,payment,2025-03-08T13:01:49,2025-03-11T09:01:49,68.0,negative, Felicia Glover
dc2785c3-284e-4a87-bcff-1646685e42c9,2e2ef6b9-0609-4346-bf10-a339490534a5,refund,2023-12-17T17:12:53,2023-12-22T14:12:53,117.0,negative,Marcus Barnes
05257f09-7309-41eb-a282-7cb140c464c5,79c8fd47-897c-4429-85ad-0411fd85f765,refund,2026-08-04T15:41:44.590607,2025-03-28T09:18:44,131.0,positive,Anthony Davis
472a963b-b846-4933-a343-173b1ebc1df9,184fbe6a-4518-42f8-bfec-f4abc5f33ed7,product,2024-06-28T14:59:32,2024-07-03T02:59:32,108.0,negative,Deanna Smith
e0d1852b-0c94-4efa-821c-d29ae1e25efb,6f242b59-1328-4db3-9815-869b40cfce82,payment,2025-02-08T19:48:44,2024/31/01,7.0,neutral,bryan thompson
d4aef667-ae42-438b-8f31-f1655dcb3c98,133ac8e8-1fa1-46eb-bad1-0df2f9204c07,refund_,2024-06-03T08:41:31,2024-06-13T07:41:31,239.0,positive,AMY JOHNSON DDS
f7dd03a0-7a65-4279-882d-fc8eafc16ecf,b0c74b4b-91d9-4387-81a9-0f92cfd42fd7,delay,2024-03-24T04:14:07,2024-03-30T00:14:07,140.0,neutral,Robert Smith
e8bed92f-173e-4e9a-b652-16d8401c91b9,a364c6ce-8e7c-481b-a5fa-cefb7810bcf1,product,2025-10-26T14:57:32,2025-11-02T01:57:32,155.0,negative,Timothy Sandoval
b38efb09-e145-465b-9cdb-ff5c4c9e2bf2,c57b0198-8862-46c1-b4c3-76ae02360f21,product,2024-07-20T18:57:39,2024-07-23T15:57:39,69.0,pos,Kenneth Lopez
ba53fb66-3469-4bcd-9ee0-689aeffe1245,19fd29f3-70f5-4ec5-8b06-9a5fbdaf7dd8,delay,2025-09-19T04:48:46,2025-09-22T00:48:46,68.0,neg,Mark Estrada
330da536-90c9-4661-b538-c2ef51ff17bb,95a48f69-da08-4b8d-a848-8dd13b0c1bb5,PAYMENT,2025-01-26T09:20:38,2025-01-30T20:20:38,107.0,negative,Andrew Reeves
a52c0d78-d83b-4891-b939-462b4ab8464f,903d1298-5a90-4e65-815a-e34efeaa0913,payment,2025-07-01T03:11:33,2025-07-08T07:11:33,172.0,neutral,Emily Banks
c755dddd-df2d-4a04-8331-267024c7a4e3,65a3b2ec-72f2-471e-bd66-7c258b6973d2, refund,2025-12-12T28:77:10,2024-03-03T22:05:40,115.0,positiv3,Kenneth Lopez
b79e5897-de2b-4587-9cf2-ee88054c49fd,42776ce5-9c8b-4dc0-a1d2-1e1f57cd73c1,product,2024-10-09T06:44:34,2025-12-12T28:77:10,154.0,negative,Dustin Parks
e04a10f8-69b7-41ba-b9b0-daadc96b438e,b4ffb214-0cb2-4f1b-80b1-4d6ef7ced558,payment,2025-06-22T10:10:04,2025-06-30T05:10:04,187.0,positive ,Elizabeth Lucero
90724799-0b13-4bc8-87ea-efd93d7d6c20,bfb0f1cf-bcd6-4069-908b-aa76d8ad14b4,delay,2025-01-10T10:07:28,2026-08-03T15:41:44.711380,1.0,n3gativ3, Jessica Juarez
0d52dceb-7613-4f8b-851f-59d6b448f445,b6417f70-5eee-4e2a-8250-4412bdd732c7,payment,2024-04-05T05:06:54,2024-04-09T18:06:54,109.0,positive,Andrew Gardner
3190f9ec-eeda-4559-8e92-81def50b71f0,ab6fb7c0-7379-4743-b0e3-667309de2678,payment,,2025-06-01T21:12:48,198.0,NEGATIVE,Steven Cherry
79a569a4-57a0-4c29-a0aa-e49029a154dc,c6d6743d-3387-4a26-87ca-b05ceaf7bc06,payment,2024-04-24T10:35:40,2024-04-26T22:35:40,60.0,positive,Samantha Allen@@
f31a72de-79af-4e9e-8738-1feb00110fb4,abc8f99a-a6d3-4bea-b35d-2e60a97dfeef,PRODUCT,2024-11-23T01:05:44,2024-11-23T19:05:44,18.0,neutral ,JENNIFER RAY
96a0b962-1019-4e5a-b4d5-36f63db2e538,9551df54-3dd5-41c2-8c21-f34b63c5a4d2,refund,2025-03-05T12:06:00,2025-03-14T04:06:00,208.0, neutral,aaron mcpherson
3f4c91ad-846c-46a6-81c0-c0704045e0c5,20536666-fd3d-4acf-94fb-c041c40dc7d1,refund,2025-12-12T28:77:10,2025-09-02T18:33:47,214.0,negative ,Julie Williams
ba953975-a36d-4cb4-9fdb-400981174228,1bba78f1-244e-4d60-bf89-7f1b6bc36298,refund,2024-08-26T11:48:44,2024-09-05T05:48:44,234.0,negative,Timothy Sandoval
09bf8006-c50b-4599-906e-1bd1dbb2b208,9ab1f203-13a2-4a2c-aeeb-988219fa5413,REFUND,2024-05-03T12:21:53,31-15-2023,229.0, neutral,Elizabeth Hunter
27bc9f4a-44a6-43f4-8186-ee066ffd2532,df157d22-da4c-4804-a587-4d059bd94f56,REFUND,2026-04-10T15:41:44.580111,2025-02-27T03:25:15,197.0,neu,Steven Cherry
2797878c-27fe-4c3d-a8c5-7e273bae3f0a,86b2a2af-d82b-4a80-90ae-099eda4d706b,refund,2024/31/01,2026-08-14T15:41:44.643115,56.0,pos, Matthew Mccann
f163d03a-37ad-4f2c-b0c4-a497386a0309,9ecae33a-040f-48d5-ad68-b014bfffb073,refund,,2024-10-30T11:06:25,196.0,neu,Justin Rodriguez
111d0ea2-8897-40dc-97d6-38f14b4a65b5,c5f08f0d-ffde-4062-ace5-bbb0299ee3d6,payment,2026-01-04T15:41:44.298584,2024-04-22T13:14:23,33.0,positiv3,Taylor White
4f118ec4-3be5-4608-9408-f0640ae4571b,560aeffd-f5f9-4e7f-9235-7ec42d84b9f1,paym3nt,2024-05-29T13:35:58,2024-06-05T14:35:58,169.0,pos,Roger Noble
0edc6fda-1509-474d-a570-622dc972568f,f1ba456a-2b71-4c21-a612-5c3209b303e9, payment,2024-03-14T01:28:24,2025-12-12T28:77:10,238.0,negative,Stephen Soto
7e3308dc-a64d-4246-a2aa-1f0710eb197a,de688ca8-76a6-4172-9e16-3e0b06edb8f6,refund,2024-01-06T19:27:56,2024-01-12T06:27:56,131.0,neutral,Yvonne Galvan--
69fa01dd-968f-48cc-b2f2-526b2011ea32,634cf99f-148c-4bf9-954e-81fe2e605a59,product,2025-12-12T28:77:10,2024-11-29T04:27:57,105.0,negative,Beth Sanchez
ab69ab43-3133-44c3-a162-81865447b239,88a21153-589a-4337-b539-8f880470ca03,product,,2024-07-02T09:38:18,81.0,neutral,Andrea Green
916b05cc-d53b-4e2f-a7ae-488673149b02,9b957f68-9a8d-4070-80c6-7ca6a5f9f39d, refund,2024-07-17T05:44:06,2024-07-26T20:44:06,231.0,positive,Megan Chapman
740c32e5-2dd4-46a9-998d-cb03bf2b172b,ba328b65-660c-41da-810e-5bf75207bc5c,payment,2024-12-15T12:00:21,2024-12-25T11:00:21,239.0,neutral,Christine Harris
a517451b-68c1-4423-9074-39702724aeac,5dce928e-9733-48a9-9bac-2534108de9b9,payment,2025-09-11T15:00:20,2024/31/01,214.0,negative,LISA BUTLER
e08bff03-a4a4-4714-af1d-348932216679,b72d5f9f-37ef-4264-80d4-6785a8b5dfff,refund,2024-11-27T10:48:52,2024-11-27T11:48:52,1.0,pos,Teresa Davis
bf644d16-3447-4ca2-acf7-670e4e7f63e4,cbaea0c0-0f46-4796-99d2-97f9076db3bb,payment,2025-10-31T14:04:12,2025-11-07T06:04:12,160.0,negative,Julie Williams
cc2ebb2a-e24b-4c79-b482-6b79b70963b1,039145f3-4df7-459f-b3ad-c51cb230cfcb,payment,2026-05-19T15:41:44.468233,,70.0,negative,Elizabeth Lucero
b1c01a6f-0be8-4307-b205-80cd367b1796,d06af38f-cd79-4b97-8fd8-8aeb77320274, delay,2025-02-17T06:01:56,2025-02-19T13:01:56,55.0,positive,Jeremy Armstrong
773828b2-79a0-45bc-864a-fabf55082798,cc73b55f-59c6-4e9a-a161-ae62c4475ab4,paymentx,2026-09-27T15:41:44.521269,31-15-2023,207.0,neutral,Angela Hicks
06987cb1-a223-4f64-9dd4-0c690cbbccf8,3b71c1ce-5a92-4f2d-9c42-1560b2fb4bc8,refund,2025-01-28T11:24:02,2025-02-04T23:24:02,180.0,negative ,Mrs. Kim Lee
ada04fce-1b9f-4161-88fe-57206a5d9a4d,48fc082f-641b-4c92-b644-cd865103ed9f,pro,2024-12-22T06:36:21,2024-12-24T14:36:21,56.0,positive,Lisa Butler
5467db7b-1674-423d-a880-d24f99f51c83,bbf429d2-7c22-446b-bd98-3254f8c019fa,delay,2024-04-13T00:19:14,2026-03-29T15:41:44.860502,159.0,positive,Andrea Aguirre
de244ee7-e997-4713-bf9a-83c473db3fcb,da4e3648-5230-4816-b5d5-f4308a80a4da,payment,2024-10-06T01:17:25,31-15-2023,69.0,neutral,Roger Noble
6a51df43-240e-4248-bc58-8540ac1cd908,b4b21231-bdc1-4a08-a2a7-74948d1b7d77,payment_,2025-02-10T14:03:23,2025-02-19T17:03:23,219.0,neutral,Emily Banks--
70cd33c9-694d-49b4-a165-ebfbcedb033d,921d08fa-7563-4e32-81dd-fbcf6a5d699f,payment,,2026-07-08T15:41:44.929638,181.0, positive,Juan Arellano--
55a55961-be59-40c3-9573-035babdbbee4,3255da85-c6af-4048-bc56-71561864e1bc,delayx,2027-01-06T15:41:44.256253,,30.0,neg,ROBERT RAY
07b7bf27-b274-4be1-bd3d-ee6765717c96,bf4e3ff5-40dd-43c5-bf72-db106d1bfb3e,product,2024-01-28T20:54:08,,148.0,neutral,Scott Larson
1c498d23-79ad-4cae-b34f-96c187e7ddb2,447ad458-196b-48fa-8215-f5d5b50889e3,del,2025-10-12T15:48:24,,126.0,negative,Juan Arellano
cfe3c7da-00bf-4a5e-b367-ec29846f7f4e,17dd8fb2-bc56-4bd1-96ab-43a20c7b3a03,refund,2025-09-11T16:18:08,2025-09-12T18:18:08,26.0,positive,Jacob Blake
9cb53adb-dc8d-4564-98d5-505fd157fe75,18fdff8d-d9f5-405b-8fde-a656afee6e71,product,2025-07-03T21:42:29,31-15-2023,135.0,negative,joseph anderson
76dd1bfe-f207-4824-a99e-99341df402a4,8ebd08f3-5b83-4b38-abba-de4a2f6fa3b2,payment,,2024-06-27T20:53:36,170.0, negative,Donald Villegas
c368d82d-e66c-414f-b21e-cf5ad9186d1d,1e19ba8c-dcab-456f-ab77-acfc822313b0,delay,2024-05-30T08:55:31,2024/31/01,48.0,positive,MICHAEL PETERSON
3429bde8-e087-4917-a9f7-821d9f9fb63b,d50b6bfe-cbba-4625-9642-ddbac2989a5e,product,2024/31/01,2025-12-12T28:77:10,197.0,positive,Susan Moore
91d53e40-3b80-47c2-9e19-3883ea980b91,d09cb9b0-afff-4854-aa38-4f5f6e0ad636,delay,2024-12-16T11:55:37,2024-12-25T10:55:37,215.0,negative,Miguel Gomez
88096028-df87-4b70-b931-d5a537791bec,ae549bc3-641e-4c67-9f04-f9b63234215d,product,2024-02-03T03:42:33,2024-02-09T22:42:33,163.0,positive,Aaron Mcpherson
c672d318-18f6-4f22-9a9d-9acc701f6907,20a50f67-8b7a-4991-8f87-5cdb8cc81a72,refund_,2025-07-23T07:25:59,2025-08-01T15:25:59,224.0,neutral,Scott Larson
df6c3b3e-2ae5-43d0-9b13-40bea8a4b9c1,98ad8bcd-4709-43ff-adcf-27f5235041c3,DELAY,2025-05-26T01:06:51,2025-05-28T03:06:51,50.0,positive ,marcus barnes
6cb1c457-1a5e-4b9a-a293-b5c369b99228,3d39e17b-71a9-457f-9054-4a1be55ac1fb,delay,2024-05-11T16:58:46,2024-05-16T10:58:46,114.0,negative,Andrea Aguirre@@
cba467b6-e56b-476e-bf4c-03a5644b5648,c735e911-f1a0-4dad-842f-4ed7d8c2e934,delay,2025-02-05T08:02:31,2025-02-10T04:02:31,116.0,negative,Kathy Berry
37e3b8a7-00a0-40e0-8a9a-c1fa5eb83a5a,b63b48cf-bfcb-4590-92b0-9c48dee35b9a,payment,2024-10-27T22:49:22,31-15-2023,72.0,negative,Marvin Evans
18dd0736-c8c5-4185-8799-abe41dcf0692,f4932a2a-84a6-4e12-84c3-0cc786a3a464,d3lay,2024-09-06T13:03:25,2024/31/01,114.0,positive,john powell
01ad1b00-bb54-4b38-808f-0c91beb448bb,d859f1ab-b4c1-4295-af36-ca544ff2d41d,delay,2026-05-19T15:41:44.463057,2024-02-09T09:22:42,139.0,positive,Emily Banks
124660bd-55f0-4b09-b911-f83dda83e2b4,9d4c7b2f-5b68-4a80-8b1f-ecb6979778f0,product,2025-11-04T06:38:24,2025-11-09T18:38:24,132.0,neutral,Roger Noble
9ac02d61-019b-4a68-8137-9fff5408a67e,d8da306a-b6df-4927-a476-acf706fab61b,payment,2024-07-10T01:38:30,2024-07-11T20:38:30,43.0,positive,Andrea Morales
f7cafb1a-b843-4d57-848d-90df52c30fed,95c46a3b-df54-4214-bc64-ecf17eba6252,product,2024-11-18T02:07:26,2024-11-20T20:07:26,66.0,positive,Maria Woods--
ddd37f65-d2be-43c0-929a-1082190224fd,61cb5fe5-db52-4e5f-a9f7-d981498e5fc4,delay,2024-11-28T04:19:08,2024-11-30T04:19:08,48.0,positive,Savannah Kramer
445ea5ab-afd1-4ea3-b987-8300156c961d,a857cbd2-e0f4-475d-b4d9-76ce07977f92,product,2024-06-09T17:41:19,2024-06-17T06:41:19,181.0,negative,Charles Williams@@
b52ee262-a435-4cf6-b3fd-7f351143d6b6,fef6c2da-372a-4711-b192-46101870292b,refund,31-15-2023,31-15-2023,164.0, positive,Teresa Davis
309d93cc-7789-4d62-8964-b78e7c025b61,03e15543-2b8e-436d-9c5c-e56faf28d8e9,product_,2023-12-09T00:25:37,,194.0,n3gativ3,Dennis Gonzalez
64800f7b-e8a9-419b-8c31-a5661efb9915,acdd2e37-c118-440b-a502-f83bfaa8e667,refund,2025-04-27T18:00:35,2024/31/01,28.0,positive,Mark Estrada
f78514dc-8ae9-448f-9980-524ba37a573b,d116dfc8-4287-4715-addf-14ee2fe113a2,productx,31-15-2023,2024-09-06T08:35:48,122.0,neutral,Robert Anderson
af517af0-7b5d-406d-8f82-541574e95447,ba83e39d-a545-41ec-8ff7-8e1b3bfcffd0,payment,2024-11-12T03:15:36,2024-11-20T23:15:36,212.0,NEGATIVE,Elizabeth Lucero
3e159c10-528a-4c43-827c-10ad1a51ad3a,2d9735cc-04bf-41e5-ad4e-900899e3cd3f,refund,2025-07-26T10:19:29,2025-07-29T05:19:29,67.0,neutral,Samantha Ross
f5944cf2-1130-47c2-80b4-a17296dde165,51cbac07-597a-490c-a0d0-e629e7ffe9d7,tnemyap,2025-03-02T05:30:16,2025-03-11T07:30:16,218.0,negative,Michele Clark
495ffe84-524f-486c-aca3-4c83cb7b05e5,de9da8ea-ed47-4b28-b623-6c25c193853e,delay,2024-04-11T15:55:53,2024-04-18T14:55:53,167.0,positive,Alicia Simpson
8f33f796-aaf2-41f3-bd94-92f801460868,746f5b1f-be7f-4a58-b279-2fb538571c77,delay,2025-12-12T28:77:10,2025-01-21T17:52:04,203.0,positive ,Jacob Blake
c22a602b-9071-42cd-a26a-22b1c0dd527a,00b75ca4-2e41-4793-b8de-51192505e27d,payment,2024-10-03T09:39:19,2024/31/01,87.0,negative,Jessica Juarez
dee7db35-1c01-4050-81c7-757cfe2206eb,feba51e4-3287-4e3e-9aa9-05a63c9af924,product,,2024-05-27T21:24:28,65.0,neutral,christopher washington
e9ba4ee8-93c9-4663-b393-3e10e032b135,2ff0f16f-a349-4828-8b29-77a4019f23bf,product,2025-12-12T28:77:10,2024-12-27T11:05:02,58.0,negative,Christina Salazar--
6568c788-59a2-4b96-a042-4c60b19b3f27,da219eea-3a01-4ec7-8c2f-6c680bed0924,product_,2025-02-24T05:07:27,,43.0,neutral ,Andrea Green
1df832c4-1b01-4907-b4df-ce5307ea9798,7823fd76-f9b6-4ac1-93ef-421b67431b45,product,2023-12-26T09:59:50,,150.0,neg,Eric Cooper
8f53483c-fd14-48ac-9ebf-b1ca875170d1,ec833f56-4e49-402b-a64b-eaeb4c60ed2d,refund,2025-01-09T10:35:13,2025-01-11T11:35:13,49.0, negative,Matthew Johnson
08cdbf1a-8dad-46a3-9c93-7edf9995fd45,140fcc24-f678-4661-bbfd-362aa9d56432,product,2024-10-24T16:01:41,2024-10-31T22:01:41,174.0, positive,Christine Harris
576725f7-4553-47e7-92c9-5f78cc274b0c,d663946b-813b-498b-8bf1-51f9426e7683, delay,2024-03-03T18:24:05,2024-03-09T12:24:05,138.0,negative,Anthony Johnson
667ac30e-7fbe-4d49-8311-35c74dbc20ae,e1b9870f-c918-4d6c-b8b6-1e4e5367b885,delay,2025-10-22T13:05:51,,122.0,negative,brittany bell
3c796255-9e0f-4be7-ac70-2ac62cb72b1b,a537a377-c268-4c19-9769-90c1fad8674f,product,2025-08-28T17:01:34,2025-09-04T14:01:34,165.0,neutral,Kyle Hill
286ebc8d-150c-43dc-95df-96d6134b31f3,f331920b-d7ab-466a-b2a8-05d53476b333,product,2024-06-14T00:50:04,2024-06-22T07:50:04,199.0,neg, Ruth Morris
9b3fbed5-4e8b-49f2-92fc-ab79287bc5be,e3923161-c337-4843-b108-a28deda5343c, delay,2025-11-22T09:34:03,2025-11-25T02:34:03,65.0,neutral,Teresa Davis
f9bb6357-7833-4f72-bf37-1336e4849bb2,b0812006-ea71-4fce-92c8-45a7b2e2dc82,delay,2024-12-14T16:27:31,2026-11-17T15:41:44.715961,135.0,n3gativ3,Jennifer Barr MD
4d340526-0edc-4e15-a27f-22660e8a9cdb,4485dee0-f61b-4948-a8f9-d3cf5e1bab24,paymentx,2025-02-06T22:31:14,2025-02-08T14:31:14,40.0,positive,Kevin Espinoza
bae02ecd-57cd-4a3c-9fbe-e74d077e9d71,d604a7f4-8a58-4a37-b6ad-14d58b62fdbe,product,2024-05-27T17:13:38,2024-06-04T19:13:38,194.0,pos,SAMANTHA SMITH
d25ff710-677f-485a-893e-7fa084749eba,07c02c8d-df2f-4848-834d-9605be2bce36,ref,2024-10-04T07:07:20,2024-10-13T16:07:20,225.0,positive,RYAN DANIEL
e9d95afb-ee20-49fc-9f9b-681a43439b87,74198e9c-11bd-49e8-84f9-ec1b4f765127,paym3nt,2025-11-01T01:08:27,31-15-2023,68.0,pos,Christian Juarez
88053313-e0d0-425c-bd64-63c71ba9e92f,b8ca3009-376b-4fb3-b939-c47975225249,payment,2025-07-23T19:37:47,2025-07-26T20:37:47,73.0,neg,Michael Larson--
0d6aa741-32b4-4315-b7a2-80a24db88375,ba40b22f-537b-452d-9408-07825f640f4f,delay,2026-08-01T15:41:44.516975,,138.0,positive,Elizabeth Hunter
bbb792f7-4eac-4de5-b8dc-2dac3e080c04,4ad4462d-2d1f-40ae-9a39-9112affb44c1,payment,2024-04-11T03:59:17,2024/31/01,18.0,neg,william murray
b2e05417-7000-4db1-8800-85b2da73942e,7a8709ee-fe5e-4c09-8aa9-83507ae9f270,payment,2024/31/01,2024-02-05T21:51:11,147.0,NEUTRAL, Kelli Wood
d20dc4fc-8b26-4488-964b-4de8ccb2ac86,d6c9a33f-f12d-4b4c-b4ee-eb33378c636c,r3fund,2025-10-27T08:45:05,2025-10-27T18:45:05,10.0,neutral,Katherine Hunt
561bfa0b-0d0f-42fe-9ce1-5f4f29c48547,ecf5158a-d921-4a8c-8324-356910dddbd3,payment_,2024-01-30T10:14:40,2024-02-01T15:14:40,53.0,positive,Curtis Martin
65913a03-eaf9-4bbc-935b-c4ed7875a23a,590c452f-2ff7-4b10-bb6f-042595ef5225,delay,2024/31/01,2024-02-07T14:16:11,144.0,positive,Brian Rowe
08bda564-b85d-4a9c-a83e-74852475808c,a88a0ec3-5bf8-43f2-9f4a-dfc3160ba35d,refundx,2024-10-17T23:11:56,,221.0,positive,Ruth Morris 
97bb092d-60cd-4b79-b1d6-db8150f94fff,470edce8-00a9-4534-8253-5ced03a83a0a, refund,2025-12-12T28:77:10,2024-10-31T13:35:28,107.0, negative,Christopher Bush
70c2dd77-fc18-4269-bb31-029d74eb0dad,bf4a8718-4a62-4627-8774-78bda8d371ce,refund,2024-10-20T04:42:22,2024-10-25T13:42:22,129.0,negative,Curtis Martin
e7f9a8d9-45b3-4b62-8e4a-97baf8118ef3,8f875bcb-723b-4a6b-a7b8-2dfa8abb3031,product_,2025-10-06T15:55:21,2025-10-07T00:55:21,9.0,neutral,Ruth Morris
74961114-e75f-4c43-a1d7-5ba19f9608e6,188ff3ed-e66d-44ba-8770-b1a58f446cbb, refund,2025-09-10T17:04:24,2025-09-14T00:04:24,79.0,negative,Anthony Johnson
b49b28b3-9af8-4664-8b0c-aec6d1406af4,f770bd90-59b9-4a33-8909-06199ff77e65,refund,2023-12-10T11:03:51,2023-12-16T14:03:51,147.0,neutral,Beth Sanchez
8d44f4d0-9cb9-4fdd-93b0-d1eccfbdcaa6,4616dc07-9b34-4069-a415-9cc8427aaa06,payment,2024-04-27T13:31:36,2024-05-03T23:31:36,154.0,pos,mr. alexander ward
0909f3f4-23c3-47bb-a33d-697c2163fcba,9cc3e9d6-e5ad-44d0-9518-516fde0b116b, refund,,2025-08-26T04:01:53,235.0,positive,Julie Bishop
febcdb86-bbc6-4b3e-acce-e0b62c591bbf,c36e51e5-edce-4407-aba2-458de2b3b27f,refund,2025-12-12T28:77:10,2024-09-29T16:32:06,105.0,negative,Richard Yu
ea73e792-247d-48f2-bae9-5a3bfc8f0e16,137a48ae-7268-4df6-ae63-10f2986316be,delay_,2025-12-12T28:77:10,2024/31/01,151.0,negative, Clayton Palmer Jr.
e885ebf4-2a8e-4232-a255-d8d6c85dcc86,67697978-a2f7-4cf2-8bde-70420a7c4cde,product,2025-08-10T13:27:03,2026-10-16T15:41:44.628814,138.0,positive, Anthony Johnson
798701f5-ab92-4a6d-88c7-ffabc8fc565c,3d880602-5343-44a5-bca1-883fe3b7aebf,delay,2024-09-22T10:02:50,2024-09-29T00:02:50,158.0,positive,Sarah Thomas
2a204812-4367-4053-a1a1-a1a4baa403a2,fce02f24-a9b2-4960-9fb6-6475fdda6753,delay,2024-12-15T09:09:45,2024-12-19T10:09:45,97.0,neutral,norma wyatt
a1561c71-d47e-4933-8fc4-a97f7caf042e,d66881e7-2768-417f-9529-0080610948b3, payment,2024-11-29T01:48:11,2025-12-12T28:77:10,64.0,neg,Andrea Green
28921e8c-a6b8-468f-96ea-817da9a1fb01,97f4ecda-351a-4ad0-b4b6-7401e1740ebd,payment,2024-09-20T21:30:11,2024-09-27T23:30:11,170.0,positive,Andrea Aguirre
277fef17-6254-4897-b960-f5b73fc81542,12ae02d6-f81b-4181-95b4-f1a4522f4e0a,payment,31-15-2023,2026-12-17T15:41:44.698532,34.0,negative,Andrew Reeves
1b4b523a-fe75-4e2f-850c-41ec89ed9911,acb9a968-d8b5-479e-b796-2bf3b110242a,delay,2025-04-27T14:47:11,,135.0,neutral,Kaylee Davis
f283d9f5-ab9c-41af-9eb4-90317afd69c3,2e7c7516-cb6d-4ce4-b513-24d990871f9f,refund,2025-10-25T03:48:03,2025-10-25T19:48:03,16.0,positive,Kenneth Wilson
cb1d973e-f53c-47db-88f0-e61abfcce487,253844fd-cd2f-4ff4-b70e-dccc7c7ee969,PRODUCT,2025-01-03T07:35:19,2025-12-12T28:77:10,133.0,neutral, Roger Noble
aae9eeea-967f-4440-9690-3e0e537471b6,2d2c2e60-2cdc-4d7b-a66a-b714e45555af,product,2026-03-27T15:41:44.470087,2024-08-02T15:47:19,159.0,positive,Margaret Morse
e39efb1e-642f-4956-84f2-52d2a2ed2193,c7faffca-8ad7-48ac-abb6-6dccad26d2df,delay,2024-06-15T06:15:32,,122.0,neg,Jessica Juarez 
5ec5fea5-cad3-4bc5-baf2-1b6b76f911d1,a2064b2d-07fe-4760-bb7a-c589783ad586,payment,2024-09-11T02:21:44,,181.0, positive,Andrew Reeves
e813d3d8-f293-4edf-a7b0-db5fdb9c4c05,f68bddfc-e56a-490a-ac13-20afbcffd068,refund,2025-03-14T04:19:19,2025-03-17T21:19:19,89.0,neutral,Sean Stout
10a76f83-3e22-44b7-8694-402784187126,f10f7f53-e83b-4d3f-9ed4-20db0ee070c9,refund,2025-04-18T06:39:15,2025-04-20T02:39:15,44.0,negative ,Matthew Johnson
6c2f3c1d-492b-4ca9-819e-def1e649a1b9,83929697-c131-4d33-9ab0-a9641f5a5862,refund,2024-07-15T21:41:34,2024-07-21T01:41:34,124.0,neg,Logan Young 
260e7da5-50a4-4c0d-b6e4-dc8ff7a71fd1,0e1f7f5e-17b0-48fa-9b1f-0984b1f7d18b,refund,2024-07-03T21:21:49,2024-07-06T15:21:49,66.0,neg,Matthew Johnson
5a809ce1-1adc-41c1-866c-458d7bb6a84d,cd8af212-cebf-4358-a191-41bf46971154,delay,2024-01-07T07:04:29,2026-11-20T15:41:44.835207,55.0,neutral,SONIA ALVARADO
0d194f6f-5602-436e-a77d-b32bffdebcff,f1d5cba5-fdda-4498-bc4e-5c5d4a2307a6,product,31-15-2023,2025-06-25T05:05:06,105.0,positive,Susan Rush@@
d5e50e2a-95a2-4354-81bb-adafb491d860,996135b1-b5f3-4032-9473-c0f582d49e54,delay,2024/31/01,2024-12-08T16:06:03,20.0,negative,Scott Larson
72f42eea-e125-407a-877c-8822846edd05,9d681e9c-af36-442c-ab23-7858c774a229,REFUND,2025-06-29T00:36:52,2025-07-04T04:36:52,124.0,neutral,Henry Taylor
12f8c45f-be87-40f8-a1f8-b529448ab2b8,c36de527-2f85-46b3-9c7a-a1d7c4bb20d9,payment,2025-03-21T16:16:54,2025-03-22T15:16:54,23.0,neutral,Eric Moore 
770a0956-c305-42c0-a8a5-4a93c2b79fca,9adad81f-44df-434e-9755-ab79bea19751,refund,2025-11-24T08:16:42,2025-12-04T05:16:42,237.0,negative, Michael Larson
9887627a-e512-46b2-96f1-29e5cc0480d6,5a420dd0-3556-401f-b96d-3c19e6c3ca4a,delay,2024-05-20T11:10:57,2024-05-24T18:10:57,103.0,negative,Cheyenne Robinson
738c55ea-1754-4154-8f19-5eaa1fe939e7,ca05467c-c5fb-48af-b89c-b2d3fbc78964,pay,2025-12-12T28:77:10,2024-04-26T14:23:58,124.0,neu,Juan Arellano
f6efb411-d7d5-4fd7-b4d2-f8f4014ca770,328cd783-76f9-4b9d-9e19-5ba913d0c3b2,payment,2024-11-23T23:02:34,2024-11-26T09:02:34,58.0,neutral,Samantha Allen
d2387678-f067-41d1-8d87-467a75e92cef,a5a44e4c-abc1-4075-972f-edf00b8c2866,payment,2025-03-26T02:05:13,2025-04-01T09:05:13,151.0,positive,Emily Banks
7fd5236a-0ff7-48bc-b5a1-cced922fcd7c,1fbbde23-da9d-4cbf-9c0b-311e204058f7,REFUND,2025-11-14T03:37:39,2024/31/01,143.0,neutral ,Amanda Dyer
65d026dc-b699-46c9-b065-6c0e5db9a088,3e6c0ea0-223f-431e-a9a9-4ecbc6a8a098,dnufer,2024/31/01,2024-06-05T09:12:51,71.0,neutral,Logan Young
d863b98f-a477-42d4-a046-5900a10f1cc6,387b34d6-9083-44fb-95c2-1cef7fb36929,paymentx,2026-04-05T15:41:44.301294,2024-12-22T15:36:00,146.0,neutral, Kathy Berry
9a4ea7af-869b-4c10-99ee-fba6b1d34841,cdb9f2db-76ce-4e90-8133-0ed808aa7b33,payment,2025-10-07T23:58:55,2025-10-15T23:58:55,192.0,positive,Candace Ramirez 
7ca3cabd-a57f-4ee9-a5e9-fe250595cda0,b4bc0efe-b1e2-47aa-8e1b-7183bb0b273c,refund,2025-04-06T01:35:45,2025-04-07T03:35:45,26.0,positive,Susan Moore
5fcc28c9-ba2d-4f3b-a207-100194d4c3a0,9bee716b-14b0-4b65-b784-b978871d0e5f,product,2024-07-27T11:25:25,31-15-2023,61.0,neg,KENNETH WILSON
88c830b5-9519-466f-a5a3-e77e37106065,1d66c326-53ff-49bb-9ddc-c6c09c57066b,delay,,31-15-2023,70.0,positive,David Jones
83646ae9-8247-418f-98ff-c35afcbf3d71,96d38d4d-497f-40ca-9e33-303f85ffc0df,product,2024-10-13T13:13:19,2026-02-23T15:41:44.989933,35.0,neutral,Mrs. Kim Lee
5a82a839-e68e-4553-b0fe-c85ce07e5424,27e63691-952b-4cd6-aaf5-17b08c6bbe1e,delay,2023-12-30T11:33:29,2025-12-12T28:77:10,114.0,neutral,Kathy Berry
1ec7cac2-3309-476e-ad14-b682fa368bb2,1ef51647-603f-470e-9906-fd56ce7f7328,paymentx,2024-04-28T14:35:30,2024-05-07T16:35:30,218.0, negative, Terry Taylor
5a52e340-e5a9-4f32-b39d-cd56e829f0f9,e80f14a5-a7d7-42e3-aefc-b50e4b344741,delay,2025-11-23T18:46:17,2025-11-28T08:46:17,110.0,negative ,Cody Lyons 
32bf142a-828a-4ec9-9d6f-85f801dd4308,d5d6fd1c-ac7c-466c-aca5-d3e69325dc3c,REFUND,31-15-2023,2025-04-01T20:55:38,157.0,negative,Richard Tran
9fa04c97-f5b0-495f-9c21-54bb09c91966,4825cf5f-92ca-4cdc-91bd-815eed87d589,DELAY,2024-05-01T07:45:13,2024-05-11T07:45:13,240.0,positive,Normaa Wyaatt
0ae25260-e21b-4d2b-b389-aadc7420870d,a5f6c606-ea83-46d3-a42d-60002073050e,refund,2023-12-20T21:06:23,2023-12-24T15:06:23,90.0,positive,JULIE WILLIAMS
3020d61e-e410-425e-a5bc-243fedbbbb44,0126f5c7-b2c1-41eb-9610-cd8fe1c8301d,delay,2024-08-01T13:20:02,2024-08-05T09:20:02,92.0,neutral, Michael Harris
4e994b27-f007-4902-8fa5-81ecbabef8d1,d3f9112b-f3c2-42f8-8ccc-2706beb8d918,refund_,2024-11-21T19:36:05,2024-12-01T16:36:05,237.0,neutral,Sean Stout
d26a1ea0-a5ce-4273-916c-5a9de4f3457e,3cb0da47-3be7-4230-ba86-2587e47d066e,delay,31-15-2023,2024-10-24T07:37:14,70.0,neutral,Micheal Cline
0f99d39e-dadd-4ec3-bfb1-82928edcb0c6,727375ae-d725-4463-a5a2-15fd97f0eafd,delay,2024-08-02T07:47:55,2024-08-04T14:47:55,55.0,NEGATIVE,michael morgan dds
4e05fc8a-9be9-4509-94de-d6b15cec76ee,a7be601f-b573-4179-a890-f6e7aea8a91b, delay,2024/31/01,2024-03-18T16:54:22,45.0,neutral,Matthew Mccann
54dee7d1-657a-4b92-97eb-85c522bbccff,e1f239c5-37c5-4118-9ceb-ea08ff4ae86a,refund,2025-01-24T07:31:51,2025-12-12T28:77:10,92.0,pos,Brittany Bell
2a18a426-807f-4dcd-9ab0-31a8cb2f1ec8,d0234b7f-44b8-4fda-aac8-9c13d4e1d404,productx,2025-02-26T02:26:23,2025-03-05T06:26:23,172.0,positive,Lisa Osborne
33aae655-66e5-4642-affb-20cdc263cd28,7ed2fcae-ff3c-4491-820c-1ca51da6097c,product,2024-03-09T06:38:33,31-15-2023,178.0,neutral,Kaylee Davis@@
f614e15c-50ad-4268-b0d7-672fc17fa35e,e1a66e84-4316-4450-a2ab-a47e4f5bf8b1,payment,2024-11-14T04:14:07,2024-11-15T21:14:07,41.0,negative,Leslie Alvarez
573570dd-9729-4f68-842d-049e43a370b6,2eb73649-3af7-40db-99a0-06e1c3171e3e,REFUND,2024-12-27T07:38:06,2025-01-04T03:38:06,188.0,POSITIVE,Kenneth Lopez
0f4e87eb-cc7e-4e66-9455-f5159a7563b9,82293d9b-0de3-47e8-904b-584bd0e2c904,product,31-15-2023,2024-11-13T06:42:23,119.0,pos,Samantha Allen
f50367a8-dcb9-4d03-8e79-6eb68aedaf86,a2a62908-7619-4c8f-acaa-760b678857f3,paymentx,2024-12-04T18:13:14,2024-12-11T10:13:14,160.0,neu,Erica Griffin
dee0a989-78b0-411b-8042-9330ff93a4a2,c0faeeac-60c3-4761-b554-3580a98c46f0,delay,2025-07-02T09:53:18,2025-07-03T21:53:18,36.0,neutral,Hailey Stephens
fe749ea7-5f59-40df-9c8c-841a4b60d940,80f19976-a575-4234-893e-4776d7ab6667,r3fund,2026-10-03T15:41:44.527234,2025-11-13T21:38:27,94.0,neg,Erik Thompson
5d522081-f0c3-447e-9f21-13c2b405dd5e,a08cba13-1190-47fd-b3ec-4a847fda88bf,product,,2025-12-12T28:77:10,71.0,neu,Richard Morris
802d9a5e-f75f-4090-a83a-ee73915a5f77,870e796c-a9a3-4d49-9d9c-56ab1e97bda8,refund,2025-04-14T02:59:18,2025-04-23T00:59:18,214.0,neutral,Derrick Walker
8014529d-968b-4030-8f3f-f66d7a8becf3,db8e29bc-d166-49c1-a69f-0a136818cae4,payment,2025-08-10T01:35:10,2025-12-12T28:77:10,149.0,neg,Desiree Hill
fbd73a70-2cc7-41ad-8763-4a4156cbe173,fc5fb693-6f87-4845-8810-1766e9403f4f,product ,2024/31/01,2024-01-17T11:37:33,104.0,NEUTRAL,Maria Woods
439a3a6c-0a78-4b8c-9d7a-3e28d7fa57ca,8af412cc-8c15-403d-8fd7-36a1f64f7338,refund,2025-05-26T02:29:45,2025-05-28T17:29:45,63.0,negative,Briaanaa Gaarciaa
2e0d26af-da1e-4c4b-8445-1e6b8d7d1d62,4bbe27b1-1deb-4e91-8399-08876465c6b0,delay_,2024-05-13T03:35:11,2024-05-14T22:35:11,43.0,POSITIVE,Curtis Martin
1f2db8db-4f2f-4ea4-a1d2-0492bca97949,04245420-015b-4db2-bade-0194116ebec3,refund,2026-06-06T15:41:44.607320,2024-01-12T04:45:24,31.0,n3gativ3,Desiree Hill
804ad482-b5b7-430f-8819-45c96a25cff7,dac140c3-2bfe-48e5-99f2-77b40d258940,delay,2025-02-23T20:56:09,2026-05-01T15:41:44.832743,31.0,pos,STEPHANIE KING
8185dd28-d6fb-43c6-865b-4848f283c2fe,2f576f83-abad-4b40-b681-24d710ceacd5,delay,2024-11-12T03:21:22,2024-11-16T08:21:22,101.0,negative,Samantha Ross
2592cd8d-76cf-49e1-8b57-991e4e390fc5,c808a5de-ce53-4b62-ad6b-a34b3b9177f6,PRODUCT,2024-08-14T23:23:50,2024-08-20T01:23:50,122.0, positive,Bradley Chase
af189750-ab10-4797-9f0a-3ad69473115e,24514462-cd00-439e-991d-5b3fc4abd096,payment,2026-10-29T15:41:44.225880,2024-10-24T13:08:51,23.0,neutral,Juan Arellano--
386554ee-9bf9-4cfe-ac2a-3a4c63e70a44,2d25c2d1-d106-4869-896b-166f8254ef46,payment,2024-04-23T06:19:37,2024-04-26T16:19:37,82.0,neutral,Sara Hogan
f1f9af1f-6dce-433f-b017-68524dca59a2,626a5cb5-faa9-403c-b624-882cdb0cb585,payment,2024-10-24T20:43:36,31-15-2023,146.0,neu,Marcus Barnes
ec366276-5a56-4e5f-a9b2-5b964cd1309a,b3e4c0bf-1b41-47dd-bb07-9e942fd79235,refund_,2025-11-23T22:06:59,2025-11-24T09:06:59,11.0,neutral,Clayton Palmer Jr.
13de7f7b-63a0-4aa9-a501-e7504944e0aa,4d1a1e8e-ac6b-47c6-b5b4-eb1a6ceb289c,delay,2025-12-12T28:77:10,2025-10-12T22:42:54,239.0,neutral ,Marvin Evans
d3e482c6-107b-41b6-b7e7-d904583608d8,a3d77099-1cfa-4125-b3b3-1761f4662433,product,2024-12-06T12:10:51,,138.0,neutral,Claayton Paalmer Jr.
3ccc06f5-baf5-4526-b7b4-0cf1beb1fce6,70f3a7e5-4dba-46bd-bc35-e319ea5a308a,refund,2025-12-12T28:77:10,2024-11-09T12:27:29,191.0, neutral,Cody Lyons
b51dee4a-77a9-482e-9752-fe0234265a66,f5f85e63-a667-42ae-9938-11c1cf53290d,product,2026-08-19T15:41:44.370048,2024-01-29T08:40:36,140.0,negative,Mrs. Kim Lee 
acb870c5-c45d-43db-b2f4-fd21d541c351,05550f84-799e-4006-ba38-704d9bb47592,refund,2024-05-29T14:44:29,2024-06-07T15:44:29,217.0, negative,Roger Noble@@
ad944a9d-5165-4bb6-bc85-319e713d4244,00fe7515-db4c-4a7d-be13-1e4ab0217f63,payment_,2026-10-31T15:41:44.580674,2025-07-30T18:20:40,193.0,pos,Candace Ramirez
4786929d-88be-4bcc-acfd-d9e45bb7f38c,23482150-301e-4023-aede-c7696cc83170,delay,2024-12-23T14:07:23,2026-07-13T15:41:44.800630,30.0,negative,Felicia Glover
f8e80dac-5e2a-4fe1-9cff-7291eaa921cb,72eb7395-143c-455f-9597-61e94e260182,refund,,2024-05-20T08:45:15,145.0,positive,Leslie Alvarez
784af6c8-e9a4-4eb8-8ff5-944bf6df4e31,a88a310b-6201-4510-aa75-063e234ad66d,dnufer,2024-03-25T16:43:52,2025-12-12T28:77:10,133.0,neutral,Catherine Parker
fe65b237-1eaa-4ebe-ac52-efe5d6711528,38af1e73-b352-4a92-b545-473169dcc2e0,delay,2023-12-13T00:43:13,2023-12-17T10:43:13,106.0,neutral,Jonathan Alvarez
249a5fd6-ab97-4400-b916-98c4ba8602f7,cc40c056-e9f1-4f50-a366-edc1dd99834b,delay_,2024-11-16T05:49:12,2024-11-25T19:49:12,230.0,neutral,Matthew Mccann
67c41a44-1ade-484f-a607-f9a4af848ba4,c7901c4a-5d47-4dd7-9f9f-08c22cc4e155,del,,2025-08-28T20:24:17,64.0,neutral,Lisa Butler
78bf2b68-607f-42a0-8699-3fe45a8f7b14,3d4fa1fe-d3f5-47db-a211-de1e4d6b2d1a,product,,2024-01-02T20:14:02,142.0,neutral,Michael Harris
bf7748e7-e39c-448d-ab4b-e19ffd526fd4,0491c988-d335-4fcb-b7b7-edc2cce905ae,product,31-15-2023,2024-09-23T14:48:59,47.0,negative,Raandaall Hendrix
a1ea4aa7-6d7f-41b4-99b6-d4c00d6afe51,8d0f4498-f2c5-4c1f-b755-055c9a29b110,delay,2024/31/01,2024/31/01,108.0,neu,Christopher Bush
9e10f755-6eab-4021-8291-ee36054d8547,ffb0d71d-cad2-44e3-87e7-368dd68ea4b2,refund,2025-04-25T03:39:24,2025-04-25T21:39:24,18.0,negative,Michael Faulkner
0f0b29fe-b812-4da3-8bac-def40c18f31f,7d3d6869-5849-4738-95a0-f085cf191712,payment,2025-10-01T03:34:51,2025-10-02T19:34:51,40.0,positive,Robert Ray
caaeb333-af72-4dc4-9b06-4ae3cfd12e5a,2315b30f-ec4c-499f-b7e6-a12299f5729e,refund,2024-11-07T22:50:52,2026-02-15T15:41:44.667844,240.0,neu,Guy Hernandez
1f33dfb2-4911-4748-ad91-4c3c32cd2c61,d4fddae2-17bc-47c9-b0f4-d8dd495d4776,delay,2024/31/01,,100.0,negative,Matthew Mccann
2bae2793-e897-48dc-8a23-2734ee0da1d7,2f3c7790-b1e6-4385-8cda-8bc92338e496,product,2025-12-12T28:77:10,2024/31/01,1.0,neutral,michael peterson
7e7bcfe4-d744-4041-8f12-18c8373dc17e,70e4dde7-4705-4652-b3d1-f015cb8a6d5c,delay_,31-15-2023,2024-03-03T12:55:22,32.0,neu,Joseph Anderson
7123cb72-2d15-4480-8416-82c041fdd4c2,ad068591-9ce3-481f-9f7d-f64c2bad6812,payment,2026-11-02T15:41:44.563104,2024-07-31T21:05:30,126.0,positive,Michelle Owens
9ff5903d-1166-42fc-a600-f97e8c6beb26,ebfa2e79-2744-432e-ab8c-5c2d7f46b149,DELAY,2025-02-18T02:57:32,2026-09-27T15:41:44.717648,222.0,positive,Curtis Martin
ecde30ec-7c38-4ee1-913e-d06fe72518e0,84466f04-a3f2-492c-8d9b-2bf4b575076e,product,2023-12-09T04:32:12,2023-12-18T23:32:12,235.0,negative,Felicia Rodgers
dfdc4dbc-0d4a-486e-b773-b4d725ea5ba9,6e18ae08-50e9-4e86-9a49-53e1d33c3d86, refund,2025-02-21T09:22:51,2025-02-27T19:22:51,154.0,pos,Donna Shepherd
3a01d36f-1825-44b4-9ffd-60551f11acdd,b4eff909-b948-4a65-b6a1-be55053ee74c,product,2024/31/01,2024/31/01,147.0,neg,Lori Cain
5e20b013-420c-44ec-b3de-b69e20c3815c,b2ea87f6-a6bb-4e53-94d1-f99e70efd076,delay,2026-06-17T15:41:44.376873,2024-11-10T02:40:22,133.0,pos,Mrs. Kim Lee--
4055be66-ed80-4355-86ce-c008b9c0126f,51a4b0c7-304c-49dd-a265-c3047d709598,delay,,2024-12-02T23:52:10,59.0,neutral,Elizaabeth Hunter
3b91a80b-1fc3-4bfa-bffd-73c7d46cd314,33bb8570-682f-47da-9797-a7d95799a553,refund,2025-07-07T09:07:38,2025-07-15T09:07:38,192.0,neutral,Erica Griffin
dc677309-4e64-44bb-873f-3271911d1508,df1f47ec-124c-484a-a8e7-004e9d1d32c8,product,2024/31/01,2025-12-12T28:77:10,148.0,pos,Michael Simon
051be31c-7187-48f2-a6d5-68513ef8c1ad,31d3fce0-dac4-4bdf-aa8f-abbe098b764c,delay,2024/31/01,2025-05-15T07:19:30,231.0,POSITIVE,Heaather Paarker
c2f972f8-7d7c-4fe8-874a-6219efffe0c2,8e0c92bc-b776-4b7f-8812-5f2c68afff20,payment,2025-07-23T04:26:30,2024/31/01,32.0,positive,Maria Woods
0ddbda08-5fcf-415a-bc72-a18ab94643d6,5e2ee40c-82d4-4160-80aa-838d19f0d792,product,2025-02-24T02:18:10,2025-02-25T13:18:10,35.0,positive,Cindy Graham@@
c8f22ea3-6c19-4fcb-b4e8-58976c318af1,8c8d0b47-6990-44e8-83fe-570146954603,payment,2025-05-02T00:27:06,2025-05-07T03:27:06,123.0,positive,Crystal Walton
9b150d74-0a91-4cea-837e-514073b81481,0cd43d5a-96d8-460f-8298-319fcd54ae46,delay,2024-01-22T11:47:39,2024-01-23T10:47:39,23.0,positive,Michele Clark
ca235c6c-93db-4825-b956-ec6c3499670e,4c9bf3eb-df58-4630-82ee-be6143630050,product ,2024-08-18T05:05:14,31-15-2023,234.0,neutral,Erica Griffin
ca98cdd9-6f1e-4a4c-b343-61872be5dd39,e2fd383a-bd6c-41c7-a3e6-bafe0d2c925d,refund,2025-08-26T22:29:38,2025-08-29T08:29:38,58.0,positive,Jessica Juarez
e54a8605-8037-4f6f-a471-acb948165ef7,888f9099-8ffa-4c41-a47a-76a5db3b7ab2,delay,2025-02-18T16:04:47,2025-02-28T16:04:47,240.0,negative, Chad Smith
37d8335a-7030-4d5f-91c2-e70268c3a3b8,ce845cca-fd3f-41b1-8744-4d30ec04afa1,payment,2024/31/01,2024-06-06T13:12:27,116.0,negative,Richard Yu
b34557d5-c349-4d9b-9684-0fe39b3aee77,bb7bcfca-a03a-4806-85f8-d44a74c4d93c,payment,2024-01-10T08:37:20,31-15-2023,196.0,neutral,Beth Sanchez
b3e4c087-db97-4367-92a4-ef6a6fd81989,43f5fd90-3632-4d1a-aa1a-034b44540fb2,delay,2024-11-09T14:15:40,2024-11-11T11:15:40,45.0,neutral,Julie Williams
df3c396c-39b0-4143-b680-f85e8e5fdc72,9e49e52b-a210-4da6-960d-4175bc1eff1d,payment ,2024/31/01,2024-07-10T06:23:17,63.0,neg,Scott Larson--
1a36c1e5-cdab-4847-a5ce-f53b147b7ced,503663bf-7e81-430c-9f4a-00ccf7af64e4,refundx,2024-03-22T21:48:11,2024-03-31T08:48:11,203.0,positive,mr. alexander ward
5d47eb7d-30ab-4469-8ca7-d63a09611e0d,20ce8960-20c9-45b1-bc9b-b42f0b1e0c28, delay,2025-02-27T11:17:20,2026-06-29T15:41:44.745524,172.0,positive,kenneth wilson
175fefbd-5416-447a-9f9d-0bf2ee6fee62,67a99877-7b87-4b70-8b44-ef8b55c8a4fa,payment,2026-09-10T15:41:44.497537,2024/31/01,78.0,positive ,Thomas Anderson
14dbbbf7-5af0-4ed2-bb5d-9d5e9baaeda1,5b234bdf-8483-4a79-8f04-eb48161f89b3,pro,2024-10-28T02:01:06,2024-11-04T00:01:06,166.0,positive,William Murray
55c730af-317c-42df-a3ea-afe35839aed4,c276dc75-a697-4d58-80bb-e98b34dac0be,product,,2025-10-12T04:50:40,47.0,neutral,susan moore
92dcf469-e3be-46f1-9c64-1bc8249b763c,1d085566-9249-4364-805d-f881fbb2147d,payment,2024-03-30T12:28:54,2025-12-12T28:77:10,237.0, neutral,Jennifer Clark
f5386f48-0f3a-4a73-be7b-04b1b66a667c,944fc30a-aec3-4633-8e4e-8c527d04a022,product ,2024-07-29T19:24:44,2024-08-08T13:24:44,234.0,neutral,Jaime Parrish 
031eef31-b624-47c5-8d21-2d6ee019b6b6,7766687d-aba1-43d6-95ea-8dc53baa081a,delay,2026-01-16T15:41:44.484915,2024-09-29T00:56:19,57.0,n3utral,Erik Thompson
ba36bd40-e2ac-4a5a-9512-1c4fd576f3ac,bc881e1e-be82-43f9-bd3a-15c9e7a5a100,refund,2024-02-20T19:52:52,2024-02-29T07:52:52,204.0,negative ,Christopher Bush
42c57d62-59bf-47ca-804c-42c6698f8a86,1935e172-5fe0-4ece-b5f1-0aaae204ecc8,payment,2024-10-01T18:31:49,31-15-2023,176.0,negative,Kenneth Wilson
2cb0ddb1-43df-4728-9a67-fd95cabad0fa,a824ca77-e982-400e-9af3-d739c2e59dab,delay,2025-04-06T05:58:08,2025-04-13T04:58:08,167.0,positive,Matthew Johnson--
183a78e8-31dd-4d90-83e8-8cc0ef1303a3,159e7a22-ad31-49ee-a8cc-c643b1d78656,payment ,2025-12-12T28:77:10,2023-12-12T22:46:59,33.0,neu,Robert Anderson
7677bdc8-6419-445d-bf7e-5c4e42da7176,997f52aa-20a9-4cbc-9a31-5e9a80e6ca8a,delay,2025-12-12T28:77:10,2026-12-17T15:41:44.749558,162.0,neutral, Erik Thompson
3e4fe014-106d-4ae7-85af-a98b93e7b51a,c4126bfb-633e-4962-a8e2-abe9db8204b4,product_,2024-11-18T15:45:05,2024-11-25T17:45:05,170.0,neu, Amanda Dyer
1eef0782-9f35-446a-b18f-aa2fe0df6943,b00943e8-d055-4dd3-b3ac-4cac1aca3c3c, product,2025-01-28T20:19:15,2026-03-03T15:41:44.762055,107.0,positive,Mr. Alexander Ward
9783cedb-b909-44bc-92e3-ea2bde8bc9c9,d02e1e5f-08e1-446c-bafd-83251716e6cf,delay,2026-07-16T15:41:44.216889,2024-06-14T13:49:42,47.0,neutral,Michael Larson
3ce9d512-dfaf-4f6e-807e-739402ff73cd,5dbd600d-f369-4c05-a939-50611349456a,delay,2025-11-12T16:03:33,2025-11-22T15:03:33,239.0,positive, Marcus Barnes
a58221d1-2a58-47e7-a296-7d2e746c2148,b800b090-1417-494c-a25f-6c5b03d29287,product,2024-12-21T08:24:11,2024-12-22T13:24:11,29.0,neutral,Caleb White
ac0c4c99-8521-40b7-9e4e-4a5c3cf86bad,ec18f440-8422-472d-8303-37cc64d4e01a,pay,2024-04-30T23:22:30,2026-08-16T15:41:44.645248,180.0,positiv3,Donna Shepherd
bc912ee2-f81e-4151-8187-83197eef6d01,5bad00d9-1d64-4c44-9408-dc0b4a7245df,delay,2024-08-14T16:48:08,2024-08-17T01:48:08,57.0,positive,Felicia Glover
9215d6d7-597e-4438-9740-705d5c21fa50,21653785-adad-4c73-af64-44bc9926a9c4,payment,2026-05-07T15:41:44.577608,2025-12-12T28:77:10,35.0,neg,Micheal Cline
3feb4984-475a-4f87-897c-fa259bb3fb84,dbe9cedf-c18f-4de2-a955-2ea7ddf9f373,refund,2025-04-13T14:42:23,2025-12-12T28:77:10,185.0,negative,Bryan Thompson
a70fbf39-3808-4111-8a05-df13208db83a,eb9e0fb8-2c31-422c-9c73-ee98f339e44c,delay,2026-07-14T15:41:44.326816,2024-05-10T09:14:44,14.0,negative,Erica Griffin 
5a87e9d9-e5b6-4abb-9405-c82f2539e837,9839bd5d-11e1-480e-8d7c-3b3283e4b234,ref,2026-08-08T15:41:44.577277,2024-01-22T17:34:28,226.0, positive,Jennifer Daniels
4fee2147-82d0-47ba-849e-bdd8f5f6a12b,9f3a8292-ab87-4652-ab36-a6c843520e81,product ,2025-09-03T17:11:19,2025-09-10T08:11:19,159.0,positive,Kelli Wood
a1f96d57-9b76-4ab0-9791-beffa3dc99e2,bb3d9fe8-3e32-452e-9560-947a49611499,delay,2024-05-15T22:08:08,2024-05-18T01:08:08,51.0,neutral,Yvonne Galvan
efaf3b73-a9fa-48eb-bf3d-661eade3ac89,eedbacb2-4d43-4498-a356-64d9d52795d9,payment,2024-03-15T00:38:32,,97.0,positive,Christie Thomas@@
4d041016-4f9c-4041-b049-db7a2dbf0ebf,672eb6d2-1067-492d-8b9c-53452655d411,product,2024-12-16T12:46:43,2024-12-17T10:46:43,22.0,pos,Edward Gregory
304d872c-250d-42f6-a4a4-073e2ae65799,e5d82cc2-8977-471d-9e42-d3d8c61b02ad,product,2025-09-06T19:41:58,2025-09-09T21:41:58,74.0,negative,Richard Morris
5ef16dfa-8f1b-46e7-b048-c7e3159c005a,e354fbc3-9579-4d2c-9eed-38600bd000a8,delay,2024-09-15T07:44:47,2024-09-16T23:44:47,40.0,neu, Jonathan Alvarez
e137183a-826a-4674-b55e-87991f3bb0cd,0df71520-7f02-46d2-bd66-537057f3eb8b,delay,2024-12-07T03:10:39,2024-12-15T06:10:39,195.0,neutral,Robert Ball
fd89e4a1-53cb-4040-9618-6a1a66bcdc59,fbb68013-16de-45a7-bdde-16e450f77c08,r3fund,2025-07-04T19:24:05,2025-07-11T11:24:05,160.0,positive ,Ashley Lucas
17d472ec-9388-42e1-bcd5-f48f93ccd0e1,f763d765-fd54-4a2d-a14a-5fc85294075e,product,2024-06-26T01:48:27,2024-06-27T19:48:27,42.0,neutral,Marissa Graham
78131dfb-ffb2-4dbf-a30d-6a85f16567bd,339e1d96-2911-44b9-b5f5-5f12dbd619a2,product,2024-06-08T16:19:40,2024-06-10T20:19:40,52.0, neutral,Brenda Wilson 
cd30aade-bc67-47c5-a7fb-d931d4d37a32,e1ff9762-bed4-47a2-aed2-29a12036865c,yaled,2025-09-01T09:01:15,2025-09-06T00:01:15,111.0,neu,Bryan Thompson
46ae13da-bf60-4b97-b465-4031f31882e3,cdf02f33-a6a3-486d-81f3-358067d78bb8,delay,2025-04-26T01:31:18,2025-04-28T03:31:18,50.0,neu,Brian Stewart
ee550ba8-8b21-4464-a238-9e95dd23e9be,0700a017-4a72-43a9-9af6-cea141e5471f,payment,,2025-05-17T02:43:31,146.0,neutral,Marisa Cook
3c706142-cf9b-4688-a58c-b8da2f438b6c,7a7605f4-e6f6-4103-b5f7-070643a48ac6,refund,31-15-2023,31-15-2023,43.0,neg,Linda Morgan
617e52c1-4494-4cc8-a980-fb43f19905ed,c593719f-93c6-4a53-b5e8-2f66cf5877e7, refund,2024-07-07T16:21:59,2024-07-12T19:21:59,123.0,neu,Ashley Lucas
96f128c2-48d0-424a-b33b-07354428f476,247ccaad-cd2d-4ca3-8b01-056880943e0d,refund,2024-06-26T15:11:51,2024/31/01,8.0,negative,Richaard Traan
e76e3e84-dd63-491a-905e-c050ea0b48b3,55c886d1-1cfe-4989-af11-7761d35fff55,REFUND,,2026-04-20T15:41:44.647398,173.0,neu,Donald Villegas
14ba50e3-b7db-4b1c-aa22-b5f5c2973181,36415acc-18a9-45ff-86e6-353d4ce35043,product,2024-07-02T18:11:30,2024-07-06T17:11:30,95.0,negative, Justin Rodriguez
42ce8fd6-4f73-4f27-b51c-da88001b677f,c00f0de7-7e05-45d3-b1ee-b33d18085bc0,delay,2025-06-24T05:26:49,2024/31/01,59.0,positive,Emily Baanks
563c2863-2f28-4d55-97dd-361dbaf6b396,d363c888-e3e3-4fc3-ab5c-fe826a2c0e3c,delay ,2026-02-27T15:41:44.347140,,119.0,negative,Bradley Chase
34e2a2dd-ae51-456c-bec8-8af4e6db2ccd,9e35f67d-e98b-48fe-8c91-eb58f0b29656,product,2024-06-27T11:42:02,2024-07-02T08:42:02,117.0,negative,Kyle Hill--
96d9e31a-c207-4a95-bbd6-b0f9a3de29c8,9f0526a7-165e-43a9-9d2f-12852ba2623c,payment,2024-10-07T01:17:42,2024-10-15T10:17:42,201.0,positive,Brian Wong
2ecc77da-116e-4225-8cfe-560e520416da,8f61534f-f89e-4ea5-9bf9-744d2aa6b7cb,del,2024-09-01T08:53:59,2024-09-05T07:53:59,95.0,pos,Michael Harris 
777ae4e2-c3c5-4364-b1ad-f74900afa21a,5e6acf6a-8528-4028-b032-7ebe7289d24b,DELAY,,2024-03-20T14:16:28,148.0,negative,Terry Taylor
752849af-2e57-497b-85c9-2c09e3a9de4e,f1c65f92-5fa5-450b-89aa-4a49922f87e3,product,2024-04-24T23:11:05,2024-05-04T03:11:05,220.0,neutral,Michael Stone
dc4ad50a-33e8-4edd-a335-85451a6f614c,6324f17e-514a-4904-987a-9382b12c42c3,product,,2025-12-18T15:41:44.794753,121.0,positive,Natalie Hernandez
53806650-91b0-4eb0-9b7d-6ed8f35acbab,2c8686b6-772f-44b2-8611-ccdce0176147,delay,2024-07-19T14:15:27,2024-07-21T07:15:27,41.0,negative,Jacqueline Frey
36d33cd8-ee36-41ae-b5b5-4425ccd486c7,d663946b-813b-498b-8bf1-51f9426e7683,payment,2024/31/01,2024-02-09T16:12:09,138.0,neutral,Michael Larson
b1ad2e7e-fc01-4e26-bb2e-fc7cf6fd02b9,bb971529-b3c5-413e-a8e7-8bed3b799df6,refund,2024-04-15T03:49:17,2024-04-21T21:49:17,162.0,neu,Charles Williams
304f1575-2873-47f8-8dce-8698cd9a50bc,d88e5669-3bde-43ab-9b00-d9a7af189fcb,delayx,2025-03-08T17:41:59,2025-03-17T14:41:59,213.0,POSITIVE,Michael Peterson
afd9eb2e-9401-4135-876a-787f6352bdb6,c9cfb0c6-cca4-42b4-a635-a9b099976a66,delay ,2024/31/01,2024-07-31T13:44:35,148.0,NEUTRAL,Matthew Mccann@@
99bf33ee-6737-45a4-9eeb-f7f81c78e67f,3341cb8e-1cf0-4c10-ad5c-57f29cc152e1,refund,2025-12-12T28:77:10,2024-09-23T22:36:37,51.0,neutral,Heather Parker
b4f4e0de-dbb1-48ae-bb85-6f46dc4b00d1,a5f638f6-0791-4209-a498-4e86024b3f5a,paymentx,2025-01-25T05:57:01,2025-01-31T05:57:01,144.0,negative,Taylor White
e9bee19a-e546-4daa-8d48-8135044ca0fc,db496f1c-42d0-4249-ba13-711b16caa964,delay,2025-06-06T11:15:24,2025-06-08T04:15:24,41.0,positive,Andrea Morales
27c36826-cde7-4658-9546-3a6f584f6ff4,0d54d66f-3f6e-4954-a63e-75a71b2dcfd7,refund,2024-02-04T16:06:42,2024-02-10T05:06:42,133.0,positive,Juan Arellano
cced2df2-bbf4-4316-be6f-0be5fb437e30,e25de9aa-ffc8-4882-b780-1de868b5cbed,refund,2024-07-13T22:24:44,2024-07-19T08:24:44,130.0,positive,Andrew Gardner 
8886f7df-77d3-4abd-92de-16595f74c31c,3d46136a-5837-4b08-9af2-017600db9110,delay,2024-02-13T00:14:18,2024-02-18T06:14:18,126.0,negative,Christie Thomas
6e970a09-063a-4390-8599-77c19d4e4ec3,25f857a7-4f6e-4599-bf1e-3b08c8c1384f,refund ,2024-03-07T01:00:36,2024-03-12T11:00:36,130.0,positiv3,Julie Williams
ccf693c6-cfda-4b93-a8b3-d685b589f316,d396dd45-aac9-499c-99e0-f291186a4cce,tnemyap,2024-12-11T09:44:22,2024-12-20T16:44:22,223.0,negative,Gregory Mcguire
4884b9a1-6e5a-46a1-a8a5-5bf1a89e8ac9,07a06814-a5c5-4701-b8d5-f5bb885389ba, delay,2025-11-08T09:49:10,2025-11-13T02:49:10,113.0,negative,Robert Ray 
1f57f2b2-0965-4116-877d-677f2d4208f4,0be227a3-372d-427d-a690-a03a31c78c97,refund,2023-12-26T06:18:29,2023-12-26T15:18:29,9.0,neutral,Michael Zavala
f6a57c4f-15b7-41e9-bb2a-940a92b7b271,ee620ff8-2e68-4140-ab95-9b83387da71d,product,2025-04-27T00:09:01,2025-05-03T14:09:01,158.0,positive,Julie Williams
042f4812-44cf-4dca-a0ba-bffd0d4f1928,fcdc3cca-e673-4a8e-b488-b02b6bb780e2,payment,2024-03-08T01:44:45,31-15-2023,65.0, negative,Marisa Cook
adf04039-550e-482a-843c-a34d27e5cae1,a4edc0c2-e69e-40ae-baa4-bd280751543c,payment,2024-08-15T18:39:08,2024-08-24T10:39:08,208.0,negative,Catherine Parker
c031fc3e-fdfe-467e-b1af-45db5ade468d,980607a0-411f-44df-92f0-8ee9155c9d38,PAYMENT,2026-12-24T15:41:44.397789,2025-03-17T13:21:53,86.0,neu,Savannah Kramer
bad445f0-1c68-4ccc-ab19-b66bc5547638,14e279af-5e55-46f1-bc22-4f9c8c7b86e8,payment,2025-06-22T06:56:35,2025-06-30T06:56:35,192.0,negative,Angela Hicks
9837e986-40d7-4bdf-99cb-cfe1d0a36c4e,78960d98-e4bb-4340-ae27-c3253f287800,delay,2025-03-07T15:42:21,2026-06-26T15:41:44.780013,154.0,neutral,Joseph Anderson
78a589b4-8729-4851-98c3-774faaa5849a,6950b145-30e6-4dff-ac08-44e22e899723,refund,2025-04-13T05:57:08,2025-04-21T22:57:08,209.0,negative,Nancy Richardson
9110d2a7-4ec4-47d8-8361-a7ba2247b401,2da52257-ebdf-4d4a-a054-945f6337b82f,refund,2024-12-21T14:07:01,2024-12-28T08:07:01,162.0,neutral,John Powell
5c073ffb-075e-4a85-a178-d2df67afd540,29ff11b0-f4ba-404a-ac47-fd03bc80c540,delay,2024/31/01,2024-11-19T20:25:44,222.0,positive,Juan Arellano
8bc15c0b-b571-4b1e-8d72-c472543cc627,3e2c754a-b6bc-4a89-9251-8f627b12e542,pro,31-15-2023,2025-11-09T14:15:50,230.0,negative,Christine Harris
70ecd6b9-19ac-4438-99ac-660ded859daa,09e5e541-37de-4a1f-affc-25885b21e6a1,refund,2023-12-19T15:19:39,2023-12-19T16:19:39,1.0, neutral,Makayla Pugh
2ddb99e2-ff5a-48f0-a344-88cb667829e7,38859a30-e759-41fb-9b6f-5b2c6c6a14dd,refund,2024-10-23T18:22:12,2026-05-21T15:41:44.922345,146.0,positive,Sarah Thomas
2ba1a0f3-c90e-4e72-9fdb-22f28f914557,706da889-88d6-417a-9956-252d0b565cf6, product,2024-10-11T16:23:18,,177.0,neutral,Cody Lyons
37b94b6a-ff1a-4759-8ee6-2c1af09e5b2b,bd06ac1d-4e8d-406a-8af0-52e8daebed83,payment_,2024-01-22T20:55:14,2025-12-12T28:77:10,135.0,neutral,Isaac Grant
6832c89a-3049-4739-a7da-2243bc28b40d,42776ce5-9c8b-4dc0-a1d2-1e1f57cd73c1,product,2024-12-20T23:54:45,2024-12-23T21:54:45,70.0,neutral,Bradley Chase
2b054f8a-9a52-424d-85bd-0dcd28443f2f,38b82763-7cb2-44e8-b18b-f506c8d78782,payment,2024-02-17T18:29:07,2024-02-23T23:29:07,149.0,negative, Ashley Carter
eb780adf-3f9c-4e38-94c6-84681165caa0,0eb6cb3d-1f51-4fa8-9cbb-5bdaa462317b,delay,2025-12-28T15:41:44.455568,2025-12-12T28:77:10,105.0,pos,Dennis Gonzaalez
56da6140-2a92-4571-a002-338c53a60602,f3ba26af-ef34-4eb0-8a19-25e549af74c9,delay_,2024-10-31T07:40:40,2024-11-07T03:40:40,164.0,n3gativ3,SCOTT LARSON
cfea893e-7440-4ab7-8946-766407f01298,062d588d-6952-4b1c-a9b0-2303f46403ae,product,2023-12-27T21:11:54,2025-12-12T28:77:10,129.0,pos,Robin Thomas
fd83df7c-3174-4238-bacc-806ea5de9d3a,1b446c97-89f1-4ba0-a6c3-e1a095be129d,yaled,2025-03-07T15:40:37,2025-03-07T17:40:37,2.0, negative,Jennifer Ray
8e47ef45-633f-48e4-8a65-959354f402f2,ecf62e56-0e4a-42ff-89b1-1158a3851cdf,delay,2024-06-05T09:13:38,2024-06-12T11:13:38,170.0,neutral,Emily Banks
4d1344ee-1ced-4dec-9930-81de0bbf3341,5f6d1518-3cc4-4a90-8c48-193ca5525bab,product,2024/31/01,2024-06-16T07:53:33,57.0,negative,Tara Simmons
0125c1a2-76c1-409d-8ea9-47924065f511,e4ed8f3a-ecba-4fbb-ae8f-0d8c2a1c51ac,delay ,2025-12-12T28:77:10,2024-05-03T12:24:53,46.0,negative,Jacob Blake
7dc9be61-06d1-421c-a2af-79257b266c5a,8c6c5a10-279a-4cee-a40f-a4689489728a,product,2024-04-06T08:22:33,2024-04-13T20:22:33,180.0,positive,Jennifer Ray
430b1e4a-9314-49f4-8a26-e9f3997753c9,f2725056-011c-473d-892c-59997f6f4fd2,payment,31-15-2023,2024/31/01,76.0,positive,Michelle Owens--
fb7da64f-b9b8-4600-9365-c082b67312b5,37b7511d-a98e-4e47-b46f-8bb336b4bb9d,payment,2025-11-26T00:54:31,2025-12-02T02:54:31,146.0,positive,Derrick Walker
626861a1-2c7d-4d1b-9c53-fa93c11772f2,da99530e-fbf1-492a-8a90-652256add8c7,payment,2026-06-27T15:41:44.398996,2026-05-09T15:41:44.841080,223.0, positive,Jessica Ryan
735ce3d1-9b31-4f81-be73-57781e72474d,fb1abc9c-60b6-41f5-aded-da89432ea587,product,2024-09-03T00:40:54,2024-09-12T18:40:54,234.0,negative,Aaron Mcpherson
3b38dacd-19b2-4ba2-831a-814c8a50431e,9be02c9c-1978-4df0-957f-b284f1f786d7,refund,2024-03-31T09:32:40,,174.0,positive,Taylor White
2a6bc005-cf51-4801-94fe-3370ccf3850f,555e9fb6-2c6a-4111-8fc0-e6e336e76b70,refund,2024-03-31T00:58:53,2026-04-08T15:41:44.953076,213.0,negative ,Clayton Palmer Jr.
720f2803-da7a-4574-9f1d-61a3267dace3,6f174523-bc2a-4e0b-b914-171253fbb627,product,2026-10-15T15:41:44.533534,,229.0,negative,Anthony Skinner
495635ac-eeb0-48a2-9168-e92ae688ad35,a65ec6fb-3b8b-40e8-b5ba-8d5730e5d575, product,2024-06-01T18:55:42,2026-06-15T15:41:44.720464,214.0,negative,Maria Woods
984661cb-8932-4b2f-9102-0089bb2c4ecf,b8f59ef1-f01b-45ba-a453-32a9fb029088,payment,2024-11-19T21:57:38,2024-11-21T05:57:38,32.0,positive,Jessica Juarez
be19dc42-f208-457b-a57b-49f3e82403d6,a34759d5-5d99-4b81-b899-f110cc858980,product,2025-11-23T13:49:29,2025-11-24T06:49:29,17.0,neutral,Julie Williams 
d4e41f1a-a51d-427a-b5ae-1e851b7a1e46,f0e52eb6-decb-4251-a345-e33e396c787c,delay,31-15-2023,2026-08-23T15:41:44.670321,239.0,positive,Stephen Gomez
4e1a866d-a1ba-4056-9b11-e87e1a56f471,0c2e25b7-0d69-434f-b9a0-3364183587ef,ref,2024-12-28T02:37:06,2024-12-29T10:37:06,32.0,negative,kevin little
bfff1092-ec53-469b-830f-8c00dad28ee5,6086eac2-00a9-4696-8a75-75b71788582e,payment,2024/31/01,2025-01-30T08:24:08,97.0,positive,Christina Salazar
d9cc358c-958e-448f-a58c-870422bcf1c8,e5470490-67c8-4708-9ad8-740658ade778,product,2025-12-01T14:11:48,2025-12-12T28:77:10,52.0,positive,Paul Davila
7ce18189-793d-4b89-9148-d2cf04a981d3,3d7fb75a-b61b-4791-a87f-d098a1b6ba0f,PAYMENT,2025-06-25T07:01:12,31-15-2023,227.0,positive,Richard Yu
55eaf106-2f0c-41c3-b0f0-768b5de44a4e,73fbc55f-98bd-47db-ba44-fea0542e1fe8,productx,2024-02-01T07:55:40,2024-02-05T10:55:40,99.0,negative ,Brian Rowe
a74f6b13-c4d8-4fd4-a4aa-83901fbff5f0,50b0c239-6c26-4fc8-a898-1d7b593ff5bc,delay,2025-02-26T23:48:49,2025-12-12T28:77:10,203.0,negative,Logan Young
10196d4d-d7a7-417c-afac-c61164a11cfb,8dd30114-6370-4d56-b8ff-d45b3b9a2291,yaled,2025-01-31T04:32:25,2025-02-01T03:32:25,23.0,neutral,Joel Lopez
aedef8a3-53bf-497d-8ce9-ea6a0f5820b0,3efa23a3-fbee-4485-b7ec-fdefeeed3428,refund ,2025-02-24T12:18:21,2025-03-01T15:18:21,123.0,neu, Joseph Anderson
5aa9be2b-4fab-4106-bc80-fc26b22ed25a,470fe5f7-98a2-4306-b7ec-ac117014f979,product,2024-10-11T01:53:29,2024-10-17T22:53:29,165.0,negative,Michael Zavala
1a195982-f81d-4734-9dfa-f8c40889013e,3aff9585-5755-4571-a6d2-69ee68d9c029,PRODUCT,2024-09-18T21:14:49,2024/31/01,179.0,neutral,Derek Stewaart
d0d8c64a-e399-4d8a-9feb-14eca91958f1,20995e2f-6454-4456-94e2-c8dbe52b7815,delay,2025-12-12T28:77:10,2024-01-06T18:46:02,167.0, positive,Ruth Morris
1a2320d9-19c0-4f92-a938-5f5edcc4fb16,c944aa41-31d3-43e2-aead-2fe65c6eca5d,tnemyap,2025-10-13T11:44:21,2025-10-20T06:44:21,163.0,positiv3,Derrick Walker
08b0e2ba-adc6-4613-a279-ce92f0bc096a,42bb2817-0499-4bd6-be65-52b9961a7e0a,refund,2023-12-16T07:01:10,2023-12-23T13:01:10,174.0,neutral,Brenda Wilson
6f8ec0c2-3c69-489c-b946-1fd7ab1adf2e,afe22ece-88ca-4100-a89e-d7297273376e,delay,2025-08-18T20:01:42,31-15-2023,105.0,positive,Kenneth Wilson@@
8d292012-bb86-45f1-bc16-0ab31e32c076,2ee73209-adce-494e-bf86-9eea6c7462fd,product,31-15-2023,2024-06-16T23:06:08,99.0,positive,Michael Morgan DDS--
d3350738-8a9f-45ba-a1f5-0d5471599d44,5c2da6a8-1d76-4045-bad7-7d3252c128b3,product_,2025-04-27T04:18:33,2025-04-28T22:18:33,42.0,positive,Michael Faulkner
b30233ca-ce45-46db-ba96-85cf6880a43c,c4c746e7-8cc3-4666-a866-eac424717d92,product,2025-11-26T01:02:41,2025-11-29T09:02:41,80.0,neg,Kenneth Wilson
bd8448be-9406-44a7-bb55-b2b4f22a1b14,5c258216-bb47-47c8-8de5-41f56d61c76e,dnufer,2024/31/01,2024-01-05T20:44:29,69.0,positive,Katherine Hunt
34ba89d7-1fb0-44d0-bda4-55b49089f077,fb6cc824-2b62-473f-94d5-26344e75661d,refund,2024-05-04T07:35:38,2024-05-12T19:35:38,204.0,NEGATIVE,Eric Moore
a81fc8e3-89a9-42f9-90a6-0e8c06f0be50,a01047cb-40b3-4b64-a06c-fa2a715f62a8,payment,2025-01-11T16:14:51,2025-01-13T00:14:51,32.0,positive,Samantha Smith
fd17a311-d945-4ec8-bd2b-611e01dce77e,65a5bdca-289a-41b1-9269-7dba5e263413,product,2024-03-22T14:27:20,2024-03-26T09:27:20,91.0,negative,Judy Barrera--
bc34de41-f55e-42f3-8948-9aa8801574a2,be6411d7-d6cc-4a8f-9c0b-0f7124ae2b0f,product,2025-12-12T28:77:10,2024-07-04T20:54:06,3.0,positive,Brittany Bell
87ac73ed-4d6d-4ea6-a4da-ec4a86b484e9,2f3cb835-447a-4909-a26d-7fe1bdeda606,delay,2024-10-01T19:09:00,2024-10-03T01:09:00,30.0,positive,Aaron Mcpherson
e68c06f9-ad73-4024-bcf8-078b06c9f9cb,782fc8ff-8091-4e7b-a476-09298be02355,refund,2023-12-30T20:27:49,,192.0,n3gativ3,Charles Williams
81e341d9-5d65-4c7b-96ca-f6fe3bbfd470,7d6e7aa2-e892-459b-a35d-7f03a2752040,delay,2025-10-29T22:34:34,2026-02-21T15:41:44.907925,68.0,neutral,CHRISTINE HARRIS
1f3f77cc-dd0f-4eb7-bc89-df2e456d0ca4,25ae777d-c993-4803-b7bc-ef6959be4766,product,31-15-2023,2025-01-20T05:27:29,27.0,positive,Melissa Barry
477d6f1e-2d65-4d9e-9e3f-0231e8a51c02,b4568682-f040-48fb-bde7-3626950893e4,refund,2024-04-28T12:34:00,2024-05-01T00:34:00,60.0,positive ,Kyle Hill
9fdadf77-0c62-4fef-a730-1cfe2325b5c7,3b5b3226-81e0-4fcf-a177-52105001ed0d,refund,2025-02-02T15:07:17,2025-02-07T21:07:17,126.0,neutral, Matthew Johnson
0f664c57-66e6-4843-bcfc-4e008c3767bb,5347d63a-a202-43c7-af9e-ba4a58ff3303,payment ,2026-12-15T15:41:44.368905,2025-05-17T19:43:42,98.0,NEGATIVE,Cody Lyons
347c1aa3-acbc-4f81-9364-9e7cc861eaa0,75e3cf45-e34a-40c0-8148-bb881af9f17d,payment,2024-12-30T00:19:12,2025-01-05T08:19:12,152.0,negative,Jennifer Clark@@
d9b18052-3321-4458-9bf2-51a25e9ad56d,046cb657-e9c2-47f5-8f29-5b41345453df,del,2024/31/01,2024-09-09T13:24:36,34.0, negative,Lori Cain@@
000af455-a17f-4e4f-bf4b-3bf2fe0f988b,efbcb1f2-6cab-426a-93b5-04a88ee0a80a,product,2024-06-07T04:50:33,2024-06-09T13:50:33,57.0,pos,Emily Banks
5beb1ab6-aef5-4fb2-829e-e35802187776,26855f35-e41b-4dce-93a0-dbf4198f4ed3,delay,2023-12-26T14:13:14,2024-01-04T05:13:14,207.0,positive,Michael Zavala
8c7c8cc5-b362-4339-9564-77b6dcb6ae75,33eac935-be8d-4a4b-92ac-f67be421bbcf,delay,2024-05-21T11:21:54,2024-05-31T11:21:54,240.0,negative,William Olson
14e79343-5436-4837-b42b-8f5e3c099f15,2a6b571a-7f3e-4512-9c6f-88d3188077ad,product,31-15-2023,2024-12-06T07:26:06,53.0,positive,Teresa Davis 
3a947c45-81af-4c7c-aaca-3fb4d260631a,20f2e66b-d74d-4592-ac4a-8baf79de3fcf,delay,2025-02-15T15:40:12,2025-02-23T05:40:12,182.0,negative,EMILY CURRY
2a343941-9e0c-433d-9c29-c31c29d6e094,b87d24d5-694f-4e29-8d06-d7ca7ae28e89,delay,2025-04-21T10:57:36,2025-04-28T13:57:36,171.0,neutral,Aaron Mcpherson
b6c0cda9-b40e-4b78-8d1b-5f70e4babcd0,1b9fef2e-daa6-45c5-8fa8-162a2e24a587,payment,2024-12-06T04:58:27,2024-12-13T23:58:27,187.0,negative,Robert Anderson 
c7301c0e-22d4-4091-8edd-239ab5467daa,f784bc8f-c200-40e7-95c1-bd9f549aac39,product,31-15-2023,2024-08-04T22:13:09,159.0,negative ,guy hernandez
ee2e3176-7f1e-4e42-8f7f-46d832ccaa6b,4d171b8d-ac4b-4f69-a496-e6c5c30d6cfd,payment,2024-09-25T02:11:16,2024-10-02T04:11:16,170.0,neu,JEREMY ARMSTRONG
abef4f19-1c91-427c-a6d5-e9f99911d4cd,8cde7737-425a-4491-af96-fcbb3e14f257,payment,31-15-2023,2025-10-01T16:54:46,155.0,neutral,Christian Juarez
4ea95ba3-542c-4594-8241-d5455d15d9c9,6fa86b05-db62-4f13-a96a-d19366d63b6a,delay ,2024/31/01,2024-12-26T00:59:39,240.0,negative,Leslie Alvarez
d7a0f4cf-7355-4e04-8c37-be7c9b4017a4,daa3e8af-1e18-412b-8ae2-722953231b99,d3lay,2024-10-19T05:18:34,2024/31/01,101.0,neutral ,natalie hernandez
ff154ac1-a45c-4cae-a59f-11f74e8744e7,9cf54938-94c5-48ff-87bc-0c07c442bf27,tnemyap,,2025-09-02T22:53:00,24.0,neutral,Matthew Mccann
2b237ee0-3562-4d19-9307-4577b00bf12e,da0b7227-7ee7-4029-b35a-1ccd63e4e5be,refund,2025-03-21T03:07:41,2025-03-29T09:07:41,198.0,positive,Norma Wyatt
7cea2b47-612e-4be5-9648-69c3a9d2a41b,5fc81697-2ede-48d1-bc0c-4f93b29cfb15,refund,31-15-2023,2023-12-19T13:22:37,75.0, positive,Kathleen Jackson
53e7810e-3065-4194-b71b-404b7b1984d4,6fa999ca-3184-47a2-a496-a771d6b1ffdd,refund,2025-05-13T21:36:37,2025-05-15T07:36:37,34.0,neutral,Caleb White
ee012c2b-9bec-4dc3-a0dd-c1d8d239b645,42478ce9-7d8d-4923-8601-dff18ddaf52d,delay,2025-12-12T28:77:10,2024-04-16T19:36:37,173.0,neutral,Derrick Walker
c3a59796-6a63-4cd1-8352-bc120043462f,a9aff1af-8703-4968-a2da-183b246a3851,delayx,2025-12-12T28:77:10,,38.0,neutral,Julie Bishop--
f4b8a95e-3993-4eed-a5fc-3dd4b5a64ed3,e8d88282-79fb-49fa-9739-b5678ba95d66,delay,2024-09-15T05:07:26,2024-09-18T07:07:26,74.0,positive, Emily Curry
1ece7934-c897-4651-9b37-0233dc3836de,0042f2f5-064f-422f-b7a0-5b3c4bf3c35a,refund,31-15-2023,2025-01-26T22:32:01,57.0,negative,Jessica Ryan
71b4a7e8-bc45-4e82-a866-d01f8e269ea2,69c51120-fb86-4d05-9034-73203c1502b3,delay,2024-05-13T14:48:02,2024-05-14T08:48:02,18.0,positive,felicia rodgers
90400653-8c9f-448b-978e-eeec0144698a,2aade0f7-be72-44cd-8170-62dac8730e00, payment,2025-04-27T09:11:18,2025-04-30T21:11:18,84.0,neutral,Ruth Morris
04a881be-2ed1-4475-9d9e-b6113c9f90bf,010ba807-aa89-4cd5-9a2a-64bb95f499c2,product,2024-07-12T10:01:24,2024-07-13T16:01:24,30.0,neutral,James Williams V@@
834d322a-bf4f-4464-8f40-b52271227083,bfe7cf90-ba60-4115-aab1-3ce783f78071,refund,2024-07-06T16:48:42,2026-11-21T15:41:44.955801,62.0,neutral,Julie Bishop
36a09c25-dc8b-4266-ac22-be4a2fc04d23,3dc13c0f-460f-43a7-923f-03722d533af9,product,2025-12-12T28:77:10,31-15-2023,89.0,negative,Christina Salazar
d3b10e76-98c1-4b21-b9ea-b932b5440d04,a4ebb0c4-119c-451f-accc-d50e7c766d88,product,31-15-2023,2024-11-06T23:05:17,112.0,negative,Samantha Ross
7a58ca23-dc54-4e5e-9370-8bcacadd212d,cc10b6f3-992d-4731-8743-99dba82d43ff,product,2024-10-30T04:56:28,2024/31/01,153.0,n3utral,Henry Taylor@@
6f52ec62-a6c8-447f-b263-10709d0f9650,4a0af55a-926d-4e5d-a91d-d341ba25b094,payment,2024-01-02T01:34:32,2024-01-03T11:34:32,34.0,neutral,Jeremy Armstrong--
b9b5aa20-2e8d-41ea-ab7b-12a8551c5076,c84564ea-5bdc-4a17-bdfe-a939cb8d3f37,product,2025-08-17T05:19:13,2025-08-25T11:19:13,198.0,negative, Julie Bishop
725fdddf-055d-4472-9c40-0004e82086b1,3d8c6895-bf2c-42b5-9abc-0569c5c8f440,payment_,2024/31/01,,140.0, positive,Mark Estrada
ebc5af99-0b5f-465c-9082-745d1e170956,18255676-5e42-4713-9437-f8dbbc9ce392,refund,2024-08-24T15:53:57,2025-12-12T28:77:10,169.0,negative,GREG SANCHEZ
e4196aab-0691-4023-af79-2d597fbf257e,3207a1e7-95f5-440a-a851-df620afe9fc1,refund ,2025-12-12T28:77:10,2024-07-05T11:22:22,112.0,NEGATIVE,Beth Sanchez
92e78387-5d61-4075-829a-25931b340dbd,7d19cb17-9393-40ef-ae4b-7b8ecfd06338,refund,2025-09-16T11:19:19,,124.0,pos,Robin Thomas
0559e973-8379-447d-a45c-6102a547146e,bf4cad44-33f0-4cb6-8bda-a89c8283c63f,delay,2024-05-23T09:39:19,2024-05-23T22:39:19,13.0,positive,Juan Arellano
653acc6a-a7a9-4777-9231-6df7cd5252a0,564ddcde-6a7f-46cf-b679-e9d4cd7aec6a,product,,2024-05-05T04:53:33,71.0,positive,Briana Garcia
edbc3e9f-9df8-4bb2-ac85-95498299f12c,1518cb10-6adb-4909-bd4d-61fcf386c638,delay,2025-02-22T19:25:49,2026-09-26T15:41:44.960366,180.0,positive,Julie Williams 
f10a1ec5-f179-46ec-aff7-b1af4a5efc16,a08fd3c3-9b0f-46d6-90f9-f10c7edc0cc1,product,2025-01-26T17:11:44,2025-01-30T23:11:44,102.0,negative,Marissa Graham
ce1566bf-bda0-41e1-a6f0-888eecb442d5,06abd27d-f790-4445-ba67-99df7e3981e1,delay,2025-12-12T28:77:10,2026-04-24T15:41:44.944232,201.0,neutral,Christie Thomas--
7c3fd7d4-09a5-430a-aac1-100de5d517a5,afa51226-fb4e-4e14-b0cb-9eb6ef74574b,payment,2024/31/01,2024-05-01T05:05:15,104.0,neu,kimberly young
8c9919cf-e21b-411d-89bd-a05de606da02,f32741c5-d67b-4519-95b5-e931f55b5461,product,2024-01-28T23:12:48,2025-12-12T28:77:10,35.0,neutral,Robin Thomas
885d64f3-316c-43fa-99c0-a6c53fdfe1e3,68feca3f-cf66-4a04-9463-dfda905f034c,refund,,2023-12-13T03:44:11,161.0,negative,cody lyons
d13158f9-549f-49b7-9b6c-689308baae0e,ca6503d4-f759-4763-a618-70349a43cb10,product,2025-06-26T08:21:53,2025-07-05T02:21:53,210.0,positive,Dylan Lawson
b3727a4b-1444-4791-8d9d-04c13ddb1350,fc0e3e3c-1157-4af7-89f0-3a20808f9555,delay_,2025-01-30T16:54:20,2026-03-16T15:41:44.835882,79.0, neutral, Stephanie King
f4bc2038-acef-4481-a810-dbf7f30a2097,edb92a27-dd3f-4711-832b-0f042c28d842,payment,2025-12-12T28:77:10,2024-04-22T00:16:38,222.0,positive,LOGAN YOUNG
d987e898-b67f-4a44-baff-ea64f46ba25e,8260a201-f2d4-4214-b1fb-ec1b16ffe973,PRODUCT,,2025-03-20T22:35:12,33.0,negative,Jonathan Alvarez
3e8bba18-fdd5-488f-8ce6-b8fc7d46647e,4ec1b0e3-9397-46c2-a17f-cf8134441e4f,refund,2025-11-13T04:50:58,2025-11-20T13:50:58,177.0,neutral,Jeremy Armstrong
2e3e4b01-b6e6-47ca-b071-b8810315e9c9,ee620ff8-2e68-4140-ab95-9b83387da71d,payment,2025-03-20T07:23:08,2025-03-28T15:23:08,200.0,positive,Michael Stone
9a1be90a-d014-4f43-8907-b5b39d3b15f6,2bc9a2c8-c0d9-409c-bfd3-47ebb915a889,payment,2025-06-10T02:33:01,2025-12-20T15:41:44.843837,66.0, neutral,Sarah Thomas
560f45e7-4e82-4d2d-9699-bad1fde7ac16,8d01e1a2-1afc-43e1-a30d-82bc53875910,ref,2025-02-28T08:14:50,2025-03-07T05:14:50,165.0,neutral,ISAAC GRANT
422aa24a-db8f-42d8-a5da-4543da9429e4,6def9b90-5a5c-491f-93a9-d6893abb779e,payment,2024/31/01,2025-12-14T15:41:44.970908,108.0,positive,Felicia Rodgers
4f733712-d443-41a9-9247-a2dcaf489794,7e079dca-488b-4952-a9e7-c73c4dd61901,refund,2025-05-02T13:32:56,2025-05-11T16:32:56,219.0,neu,Kathleen Jackson
545e3ebe-5cf9-4755-a6ae-bd1f917f2ee2,d527139d-a56f-4e06-968c-b99895b5c482,productx,2025-10-24T04:49:30,2025-10-24T11:49:30,7.0, neutral,Maria Woods
e25cb8ac-de37-430d-b4f6-044a1dcc9f8e,29bca66a-38c7-4e83-a07c-60b8e141dd35,refund,2025-04-26T03:48:06,2024/31/01,2.0,negative,Taylor White
7dfb6efd-6863-4b7b-b050-90ae5b29c2b8,1bd16b1c-25de-4f1d-aba6-2268e33a9f7a,payment,2024-11-17T22:18:49,,15.0,negative,Megan Chapman
5a4bfcba-de96-4bc7-9d56-428a1e0e175a,e51b7b21-e6ae-49d2-8f76-ea8e4a7940ff,yaled,31-15-2023,2024/31/01,3.0,negative,Beth Sanchez
3557f30f-52a5-48e3-8ca8-cf4ef5cda807,7e78310e-d1e5-40b8-9a20-736ec6ec3c5a,REFUND,2025-02-08T02:16:51,2025-02-17T12:16:51,226.0,negative,andrew reeves
8bc436ad-2289-43a7-8bf8-5866ae7ae855,4c4d49c1-07b2-49cb-bef6-db2da1b2b82d,product,,2025-12-12T28:77:10,235.0,positive,Anthony Skinner
6be8151a-36cd-4e5c-a6c9-96c5b99b91aa,267ac587-a476-4131-be77-9a9eeb99d674,product,31-15-2023,2025-05-24T04:20:44,151.0,negative,Jacqueline Frey
c1a9e1c1-0883-4b23-8876-354ba7d40328,609eac46-64c9-4d90-93ae-cc3f0ebb7686,productx,2024-01-22T01:42:59,2024-01-27T13:42:59,132.0,positive,CRYSTAL WALTON
d9a68e3d-6019-4a70-ac76-0eb81fb6dfb2,b510c3df-a261-402c-9aad-e062f545e226,delay,2024/31/01,2024-06-19T19:29:55,80.0,neutral,Tammy Jones
365db25a-7e4e-448f-a08a-dd78910ddf34,4ebf37ce-2a84-41d2-a4c1-04b784167511,product,2025-06-04T22:46:33,2025-06-14T13:46:33,231.0,negative,Brian Rowe
46f092c1-d169-4e43-aa07-01e5af067431,537cb65d-084f-404b-9f01-b0e3555e68a4,DELAY,2025-12-12T28:77:10,2024-10-20T14:22:48,75.0,neutral,Anthony Skinner--
5d3c9bb0-2b41-461f-8eaa-819a4a78f02c,e70264fa-782b-4296-8408-79ef0c5efb93,delay,2025-07-18T17:46:51,2025-12-12T28:77:10,179.0,neu,Andrea Aguirre
6f312417-aa30-49ae-bccb-788eff92be20,6ceca683-2d61-44c0-943b-3fe08d4d32b5,refund_,2024-03-15T16:37:04,2024-03-17T10:37:04,42.0,neutral,Sarah Thomas 
cf36b63f-c25b-462a-8d1d-5c6db9ddd3eb,98d4965e-9c58-4768-8a29-357e401168da,payment,2024-06-16T00:55:35,2024-06-21T15:55:35,135.0,neg,Michael Simon--
9eb3bb37-08f8-4f00-89e3-5d8ae5d89f7c,b3604725-abf6-4c48-9b87-83b1d357dc18,refund,2026-07-24T15:41:44.429063,2025-08-14T11:47:34,156.0,positive,Chaarles Williaams
25428c20-4421-4e84-9d76-ee6deaa30aaf,a65ec6fb-3b8b-40e8-b5ba-8d5730e5d575,delay,2025-07-28T18:10:10,2025-12-07T15:41:44.746690,215.0,neutral,Julie Bishop 
9453c5ff-b7de-437c-9b04-1e9036aad8e6,4cc841ce-b3b6-431a-a1a0-9a175735ea0b,product,2025-03-11T11:24:13,2025-03-14T16:24:13,77.0,neutral,Christiaan Juaarez
a62fccd3-2622-40fd-8438-55ba22549ad3,5dd4118e-a2b4-493f-b03d-58acb8b9cc10,refund,2025-12-12T28:77:10,2024-02-17T08:03:20,86.0,positive,Bryan Thompson
4216eb0a-a35a-414a-abbd-58ba14cc8563,c959cdcd-6132-4082-add4-f68640c439cd,product,,2024-11-03T15:45:44,212.0,negative,Andrew Reeves
31216b8b-7284-4b39-83fc-036f91b27b41,0645444f-06db-402b-8ee1-dbe8730b3623,product,2024/31/01,31-15-2023,9.0,negative,Jacob Edwards 
97d8d0a3-f41f-4891-a49b-4d06f4b51bdb,10e1a966-932c-4213-abb8-30a42c0f6b83,delay,2024-11-12T19:21:18,2024-11-21T15:21:18,212.0,positive,JAMES WILLIAMS V
904f44eb-11d9-4984-8e48-ff8abe95d740,e2dbe9f2-455f-4f2c-8c8e-b9bcab4e3bfc,product,31-15-2023,2024-11-11T10:48:39,16.0,negative,Jessicaa Juaarez
c1db552e-0c68-4ad0-8e84-10dd2b876c06,074f0939-c71e-487e-921b-756c0236e69b,refund,2024-03-19T03:56:56,2024-03-24T15:56:56,132.0,neutral, Ashley Lucas
0fbb1a1a-d3d2-4d83-b373-251da47cd536,0acbcf02-fada-4925-9243-36421e06eb49,payment,2024-01-30T15:45:12,2024-02-03T22:45:12,103.0,negative,DAVID JONES
e3c8b742-f182-403b-a0a7-edb63164598f,d585ba55-1c25-4c48-a9b3-52c2f4f09a84,refund,2024-03-21T03:55:49,2024-03-24T20:55:49,89.0,pos,Briana Garcia
ca128649-7348-4722-a9a0-3771ebf5fa9a,1dca0484-7358-4816-bf7d-4aa2a3eb0303,delay,2025-12-12T28:77:10,2026-06-27T15:41:44.744539,185.0,pos, Lisa Osborne
9f1725bc-1f61-41d8-a062-92516a04e131,aeeb6fb5-873a-4547-aa60-e51f16c241a2,product,2025-12-12T28:77:10,2026-05-17T15:41:44.644425,212.0,pos,Michael Simon
9aa202b8-f6dc-4bd0-b9fe-d2f9f0b4abae,a8f9d4c7-a803-4881-8d21-7907baa5012e,product_,2024-08-06T07:47:28,2025-12-12T28:77:10,25.0,negative,Haailey Stephens
d6ba56b1-eb3a-4d5c-9d5e-03c40e0c2d5f,a5f5338b-ea91-436f-b366-7b568226894e,refund,,2025-12-02T02:32:06,7.0,neutral,George Leach
79b114fa-e360-4898-aba5-a999770f8211,36288d1e-1de0-4e75-adc4-8c80c6bef939,payment_,2024-03-29T00:38:06,2024-04-02T08:38:06,104.0,positive ,Kyle Hill
9899b43b-6151-4180-af2d-03eec81ccb37,17743911-c84d-4756-b23f-792bf40ba751,REFUND,2025-01-15T07:39:03,2025-01-21T12:39:03,149.0,neutral,Sara Hogan
c53aaefb-9b50-4c09-90fc-3e40ef365048,4820903b-11dd-466a-add3-d630bad93272,delay,2025-02-18T18:06:15,,221.0,neutral,Christie Thomas
b5fcaf4c-3210-41dc-8f72-901d32f8079a,fd91dc1b-2b91-4662-9b7e-f36c1fdd9718,refund,2023-12-25T10:12:53,2026-10-15T15:41:44.859538,132.0,negative,Beth Saanchez
55576f6c-5dd4-4a1f-9892-662494324694,87309a0f-c39b-4d9b-be33-130afa4dc15e,delay,,2025-06-28T01:51:59,210.0,neutral,CRYSTAL WALTON
2180575c-67d6-445f-9ab0-35350f224a14,e61bb35f-1761-49a4-9100-ff86f1a4bad1,payment,2024-12-18T12:52:09,2024-12-21T19:52:09,79.0,negative,Chad Smith
c69f2846-1857-4004-8393-bacf28b8ce5a,5c82b734-2672-480a-a97e-7e8cbbb74126,product,2024-03-09T18:26:52,2024-03-18T19:26:52,217.0,neutral,Michael Morgan DDS
c453e05d-535d-42de-bb8d-4ff439229338,b6bbf5c1-30e7-44d4-bb0d-6335eeffeb73,paym3nt,2025-12-12T28:77:10,,219.0,neutral ,Jonathan Alvarez
f6b3d735-e0e2-48d0-8e9c-d1b222595dc1,13ad25fc-6895-4539-9ebe-1e46bc99a384,product,2024/31/01,2025-11-18T13:57:41,96.0,neu,Clayton Palmer Jr.
b2316563-165f-4462-90a6-7bf7eaf01138,7232be03-1695-4b75-a8b1-32dc9f2397b2,product,2025-10-05T11:17:34,2025-10-14T00:17:34,205.0,negative,Christopher Bush
79c9d939-124c-4b77-bb4c-e00daa66c05a,eb778837-fb44-4668-97e0-f2261e49959d,refund,2025-11-05T13:53:26,2024/31/01,68.0,positive ,Marcus Barnes
bbb53e58-6646-42dd-8851-6d9fee35a969,71c8d7ba-b7cf-48d0-8c91-2cd4b627cbfc, product,31-15-2023,2026-02-09T15:41:44.967652,183.0,negative,Cody Lyons
a22e9540-0592-485f-89b8-3cfc3abf8220,24501c33-09b5-4b32-a73b-8772cff52baf,dnufer,2024-08-12T00:08:58,2024-08-13T03:08:58,27.0,positive,Christian Juarez
09b78ace-54be-4912-8e30-f92676de63b8,53b87af2-4801-496f-bd41-805ea26cfeb1,payment,2025-11-10T20:18:45,2026-12-14T15:41:45.005697,233.0,negative, Logan Young
02c9ec89-12c6-44f4-b0ce-34f49c1d059a,1a938aaf-d2a5-4d16-9aec-be303766f185,delay,2024/31/01,2026-03-29T15:41:44.701570,125.0,pos, Logan Young
8d35e7b0-05bd-4285-bbc1-813a0d9a0c8d,11fe5a9a-06c6-48ce-a453-5bf2051ddc43,delay,31-15-2023,2024/31/01,218.0,neu,BRIAN WONG
e8e3d014-b90b-4f8b-8989-18fd9780c22d,e3e05671-5c61-44a0-ae35-ec54163a31c9,payment,2024-07-26T19:02:54,2024-08-05T16:02:54,237.0,positiv3,Taylor White
7ee79206-f48d-41d7-bcd1-bb866f6e1395,a1214093-6b1a-4292-a926-d22dedc7cc89,product,2026-04-05T15:41:44.508024,2024-05-27T18:02:37,216.0,pos,Christopher Bush
5cd54346-cd23-4fce-8ffe-31dd0b74994c,0642b80c-b889-446e-8b67-9c852a92aaba,payment,2024-09-17T18:18:51,2026-10-04T15:41:44.847690,190.0,negative,Terry Taylor
976da6f7-66c9-40a4-bd7f-7dba74e2b23c,673ad8eb-55ab-4320-a6ec-6269b3c62007,payment,2024/31/01,2025-11-12T01:45:11,214.0,positive, Joel Lopez
06fa9ad8-f533-449e-8116-dd2eb1103103,2f64afc9-fea7-4e4c-a58d-42bc84929752,refund,2024-04-28T15:01:06,2025-12-12T28:77:10,24.0,pos,Matthew Johnson
0f6af7d8-cb15-487a-89dd-1a7ebfff725e,99d327b6-8ccc-49f0-a2b6-9164b65d27b4,productx,2025-10-09T06:39:48,2025-10-14T23:39:48,137.0,negative,Amanda Dyer
8590a3d9-84c8-41da-bba8-52d9d915a92d,c66222f8-b3dd-47ca-a009-cd39b6f91be9,product,2024-09-27T10:23:55,2024/31/01,169.0, negative,David Powell
dc48acb3-424a-4a71-a57d-279b183700ec,0e981fcd-fca8-4982-a771-f2922e28ca02,REFUND,31-15-2023,2024-09-19T12:05:59,162.0,negative,Robin Thomas
11ad7336-be39-4c8f-be4e-3dbfd1d04d3d,fd805118-012c-4d58-97cb-af0260c97a5d, payment,2026-09-02T15:41:44.368372,2025-02-21T09:04:39,145.0,neutral,Joseph Webb MD
029d8698-f5be-4687-bbd0-414c72907379,07feadc8-19a7-4867-95b5-27dcbb430216,delayx,2025-11-05T10:13:28,2025-11-07T10:13:28,48.0,NEGATIVE,Donald Villegas 
485ac836-35c1-4d33-91d6-cad2d16cceca,6033b78c-a3e1-4c07-aad7-ab7aa7f211f1, product,2024-11-27T12:20:57,2024-12-01T05:20:57,89.0,negative,Joyce Vaughn
56c3e8b8-a955-4f53-893c-2b9668af93d6,bd1399fe-5d8d-4618-be82-0ae0586138d1,payment,,2025-12-12T28:77:10,71.0,neutral,David Jones--
dc1862b0-313c-4f8f-aa56-2bc587efdcbe,3f4aa9f7-8c05-44aa-9db1-866ad5ebb8c3,payment,2025-04-30T12:08:00,2025-05-02T03:08:00,39.0,neu,Curtis Martin
172d6972-c603-48c9-93d9-46ad8d72faac,51738b33-ea8e-4413-a3b4-05b9d60da0d6,refund,2024-06-02T02:33:36,2024-06-03T08:33:36,30.0,positiv3,Bradley Chase
05f0090f-8282-4b8c-8b2a-4896fd7392e7,3f0e6b4c-312a-45ce-a6dd-176c185becfd,refund,2025-02-10T12:10:00,2024/31/01,5.0,positive, Emily Curry
4b26de17-1d8b-4a29-8d40-e639939948bb,58571ac1-5748-4aa3-87f1-3cf0cfeadb80,refund,31-15-2023,2024-04-21T20:51:05,63.0,neutral,Greg Saanchez
e1adc00b-3f81-440a-89cd-912f19489de5,da154548-ac65-4c7a-8301-e80eb8ed5e92,payment,2023-12-22T10:35:56,2023-12-28T09:35:56,143.0,positive,Peggy Lee 
d0ec96e6-766e-43d8-9059-1c554a2667c0,db51ea3d-a25d-49a4-8f39-7230258edacb,payment,,2025-06-02T12:40:46,28.0,positive,jennifer barr md
b25b8d4c-ef5a-4387-b0d3-d546aebb7042,f24ea017-99c8-444f-8462-6880cb39b93b, payment,2024-03-24T03:18:40,2026-08-29T15:41:44.852419,217.0,negative,Ryan Daniel
20f84545-cf16-4336-ab69-62e5de0bd747,13fbbbba-179f-49e6-b928-a2e3ceb1c719,product,2026-07-07T15:41:44.572384,2024/31/01,207.0,pos,Anthony Davis
1d0fe59a-2fa2-4b1a-80e5-039fc47c7c17,a4b2f946-6b7d-44b1-86ef-3f1a42c4faa3,payment,31-15-2023,2025-12-02T23:26:41,45.0,NEUTRAL,Derrick Walker
750ce66a-7250-468c-a6de-faea22a3894d,959fc18c-28d6-48de-9b55-3b2795eaf83e,REFUND,2024-02-05T07:44:25,2024/31/01,107.0,neutral,Beth Sanchez
4d9ab37d-e384-479e-b9b7-3a423067cd85,a2cbbf7f-ff3b-486d-baa9-e9869a9e69ce,payment,2025-05-09T07:35:53,2025-05-13T20:35:53,109.0,pos,Joseph Webb MD@@
8b518ece-1446-42b2-a3d6-552cf5d74700,a63f435d-1cf0-4fce-b664-6af4a7aac46e,payment,2024-09-14T08:07:14,2024-09-19T21:07:14,133.0,negative,Kristine Pena
6c1f33e3-0bda-4af0-a212-1de91397f9b6,186e204b-7292-497a-a4d0-2226d3a181b7,refund,2025-10-12T18:25:40,,170.0, positive,Anthony Davis--
08fa7aff-4ae5-480e-8ebb-582a4acfb665,0faf3e5e-e779-4736-b5c0-03b31a6800e3,refund ,2024-06-18T17:12:32,31-15-2023,159.0,neutral,NORMA WYATT
d6bcab0b-2f85-45fb-9179-b35c587a1515,c004b1f1-27c4-465b-ae13-912ca19003c8,payment,2024-09-28T05:30:04,2024-10-03T02:30:04,117.0,neutral,Stephanie King
02fcb7bb-cfdf-4dbc-bfd7-a376644fcd4c,8d3b8a11-6bba-4119-807b-d784a10bb535,refund,2026-11-10T15:41:44.291365,2025-02-19T00:50:59,78.0,positive,Michael Faulkner 
bd80d172-72b2-4f03-a60e-1f0556994fb2,d3a51b73-3550-464e-a8ea-e7b64553b47f,payment_,2025-07-16T17:38:09,2025-07-19T05:38:09,60.0,positive,Robert Ball
be1ae547-7d46-4125-970d-19bd91b6a456,3121e2d4-78a1-4db3-91a5-372eaf271313,delay,2024-03-27T14:20:48,2026-02-11T15:41:44.935765,106.0,neutral,Christina Salazar
c72cd6d4-3a7f-4ddb-9e5a-c0cdbd00f7bc,cabd62b2-1c02-4b3c-94ff-09cea6c542b2,product,2025-03-06T04:03:50,2025-03-11T02:03:50,118.0,neu,Mark Estrada
c6635c1b-b7fc-4039-966c-0c9334396fc7,9a455f9d-43f0-41f4-b2c1-0b246f58830d,refund,2024-01-01T00:27:26,31-15-2023,158.0,neutral,David Jones
a2ad5c4c-2375-4070-b52d-c7d909bfa63a,aa8741ac-8877-43b2-a1fe-70ecf8df1f34,refund,2025-12-12T28:77:10,2024-01-31T11:21:00,145.0,positive, Kimberly Young
8f2dd9a5-220c-4daf-9230-9c7fce23d631,466d9aa7-1772-42fd-a296-e03dfa1e246e,product,2024-01-10T18:23:50,31-15-2023,29.0,n3utral,Catherine Parker
516bd319-8f79-4a07-94a5-49f226198f8e,df76a497-20f1-477a-b9b7-f576b2e0df98,tnemyap,2026-05-20T15:41:44.315136,2025-02-10T06:06:45,141.0,positive,Derek Stewart
799bb8a5-34d9-4b8f-af2e-02940fd0101e,710b9544-9b01-4364-84b3-e04f8368a5ad,refund,2024-04-25T12:35:56,2024-04-28T10:35:56,70.0,negative,Logan Young
09e9670f-e52d-4801-998e-9078539810ef,8100704d-0194-4aba-aa1d-827edd51c5d1,product,2023-12-17T19:44:44,2025-12-12T28:77:10,38.0, positive,Anthony Davis
726cee37-4407-4767-bb21-8ef4428a5044,248096f0-989f-40f7-8ba3-4fe3698631c6,PAYMENT,2024-11-03T01:38:27,2026-02-01T15:41:44.924754,87.0,negative,Kenneth Lopez
9486a2cf-ad81-4072-b2be-74ea94b26e21,6f7f7887-37e0-481e-82e6-d1c978686e67,paymentx,2024-09-23T10:04:45,2024-09-23T20:04:45,10.0,positive ,Andrea Aguirre--
513ff6e4-9eb8-4305-a251-b195ca3cebc2,13932000-15d5-49cd-9608-664846f0b302,payment,2024-02-01T07:11:08,2024-02-09T04:11:08,189.0,neutral,Steven Cherry
cf5ede05-796b-4478-b9a3-68efe234c6e1,ba82ae50-52df-411f-b4b6-cb85d8d1c9f7,refund,31-15-2023,2025-04-16T06:25:54,79.0,neu,Lisa Osborne
0b5bf2ab-e09c-400e-a7b3-5ebdf05afe3b,30cc52eb-07e8-40cc-b7a0-e33070da80ab,refund_,2025-09-04T13:59:26,2025-09-14T05:59:26,232.0, neutral,Lori Cain
77b22c91-e447-41b2-8cb8-18ad8e1b4ee6,79b06f21-0b2b-4742-a57f-95bde8411549,pay,2025-05-12T01:11:37,2025-05-14T15:11:37,62.0,positive,Natalie Hernandez
ea51df22-bb7b-444e-a258-326ca6549e06,f049c5ef-d3f0-43dc-8191-90153935a1bf,delay,2024/31/01,,15.0, negative,Andrea Aguirre
83111c6f-5228-4e96-9c45-75ff75630877,7e1e0c8f-5e81-42a2-a94a-1c92972f853b,payment,2024/31/01,31-15-2023,187.0,negative,Joseph Webb MD
6bd4b182-ffe1-4a10-b726-d1018c688950,369797ab-f3d2-4129-860c-083a4f40d577,ref,2025-08-27T12:55:38,2025-08-29T16:55:38,52.0,positive,JOSEPH WEBB MD
61031473-f36c-4820-86d5-7c238dc17410,ab1e4528-3973-42aa-921f-51cbd4fcfacf,payment,2026-01-05T15:41:44.263296,2024-11-29T05:01:03,126.0,positive,Christie Thomas
40fe7849-803e-4500-a184-c68369d15e76,59db110f-ea82-44bc-a652-b1469bc7b4aa,product,2024-05-04T19:49:27,2024-05-10T16:49:27,141.0,negative,Elizabeth Lucero 
d86643e6-1fad-4c34-8dfa-8aff30416a05,f2870cdd-075c-4172-a197-b8c76a9da8b2,refund,2024-06-07T00:05:19,2024-06-14T16:05:19,184.0,negative ,Ryan Daniel@@
2f542be4-e5ad-4e45-9341-29d3b97d90b9,f3200b5f-53a3-44db-be14-446fd9cce479,r3fund,2025-04-09T00:00:13,2025-04-12T09:00:13,81.0,neutral,Jessica Juarez
ff312c06-e292-4113-a0ea-d559c5eab968,2f924016-d945-4f36-adaf-9a4622104e09,payment,2025-08-08T12:55:32,2025-08-17T12:55:32,216.0,n3gativ3,robin thomas
7d572e3d-0a97-45fb-aaff-a3186c014334,2b74f41f-57ee-432d-b9a0-9d271b8f1c53,productx,2025-01-21T05:00:22,2025-01-24T12:00:22,79.0,positiv3,Cheryl Brown
b8235ef1-4b1f-4b30-82c0-2eb3ab4756ce,b8ca3009-376b-4fb3-b939-c47975225249, product,2025-02-09T02:23:14,2025-02-13T13:23:14,107.0,negative,Thomas Anderson
03a03318-bdf7-4139-bb11-257f8126a81e,ad78dc80-9d25-432d-b79e-94505a14a592,product,2024-06-20T14:33:20,2024-06-22T09:33:20,43.0,neutral,Natalie Collins
fcd26738-6bca-408a-869c-90b7feeb83d3,eacaafe9-7554-47ac-9059-43d0d76a55a6,refund,2024-05-30T22:39:08,2025-12-12T28:77:10,166.0,neutral,Laura Shaw
cba03a51-475a-4c50-8db5-b8fc582d5239,e5fcdaa3-1a0f-4417-ac57-69040e7131da,delay,2024/31/01,2026-05-22T15:41:44.799010,200.0,n3utral, Margaret Morse
d73b3d3e-55a8-4ec5-93d4-6f789a07d2c6,d2a78dbc-80d8-4a0c-9012-68d338fb465c,dnufer,2025-06-16T12:48:15,2025-06-17T09:48:15,21.0,neu,Ryan Daniel 
7578e169-b3fe-4620-a058-e1f038287e81,58ee5f77-9d4f-467a-bb1d-72c88b348461,product,2025-02-13T10:21:01,2026-06-24T15:41:44.855502,187.0,neg,Felicia Glover
026de56e-9bde-4c10-878d-6f9f4f45d8a4,f2fbac8b-37a6-4ede-98ae-094d15c6a6b4,yaled,2025-06-22T04:58:56,2025-06-25T22:58:56,90.0,positive,Maria Woods
71b645c5-c808-44f9-94e3-16c8c56485b9,e0ae61ad-8c75-403a-8f59-ec7bdf66a78c,refund,2024-03-18T15:19:27,2024-03-19T00:19:27,9.0,pos,Brittany Bell--
6f077fce-b7c0-4f13-9f17-4ef25cec915b,f70e67c4-81bf-4f37-9bce-abc3b5f2eb87,product,2025-10-16T21:02:11,2025-10-22T06:02:11,129.0,negative,Joseph Webb MD
696f2394-99ca-41e1-b85c-f6b78679e517,75883a9d-5a21-471c-8422-e688aaa46e25,delay,2025-01-02T13:49:06,2024/31/01,25.0,negative,Cheyenne Robinson
d2bbce03-b7ff-48e7-9902-5bd72bfaf7fa,d9dafebd-f912-4d47-a137-43d35170ac2f,d3lay,2024-01-15T12:20:45,2024-01-19T20:20:45,104.0,neg,Natalie Collins
53b67c94-6c26-46e1-9fd9-3b6b9ac41c84,2cbbe609-a4e5-48d6-8855-7fec0ff35694,product,2025-12-12T28:77:10,2024/31/01,12.0,negative,Briana Garcia
33fd0f4d-4b3b-4853-8e70-981a1b0e703d,da44ef85-50cf-4067-84ac-bc37b481aa57,refund,2025-04-22T08:06:27,,31.0,positive,Joyce Vaughn@@
3d2380ba-8a76-4a7e-beda-c6d49fa63df1,8ca38a05-6731-4963-8f9a-b6c8da6c6b5d,ref,2024/31/01,2024-02-08T20:30:37,69.0,positive,Jason Marsh
fd5d860b-94e2-40a4-b43e-e59dd8f03b5f,546a08ec-64fd-4645-9960-b75f7d10a1c9,refund,2024-12-06T18:22:05,2024-12-13T22:22:05,172.0,neutral,Richard Tran
c338bbb1-8c9d-42b6-9267-49e7c1414feb,fb6a0cd3-34c3-4be2-89e6-9bf181b24719,payment,2025-05-06T18:46:57,2026-07-22T15:41:44.656948,80.0,negative,Jessica Ryan
24dc67cf-aec0-447d-89ac-9ab3ead25692,b6c4328e-5747-49f3-bdd6-2063d18dcffe,delay,2024-10-15T11:00:50,2024-10-21T14:00:50,147.0,positive,Joel Lopez
212d6e23-4002-4368-bee5-250fabf8b392,b0272da2-df26-4cd0-b19f-59ae824deb4d,payment ,2025-06-10T04:16:54,2025-06-15T16:16:54,132.0,pos,Bryan Thompson
a7881e51-d678-440c-8888-810cac7c6d26,a45f89d3-67fd-441e-9cbc-b6ba2d769a49,delay,31-15-2023,2025-08-23T15:58:38,167.0,neutral,Tammy Jones
60fd3fdb-898c-48af-9a84-471877229967,5f075b7a-6218-4e41-9ba8-1870b4c58f59,payment,2024-03-19T03:34:17,2024/31/01,5.0,positive,Jeremy Armstrong
59b02492-c48f-4537-bd0a-322f2e035b7b,bbfa8858-4ed7-43c5-83db-9cbd5417cfe4,refund ,2025-07-30T23:35:54,2025-08-07T23:35:54,192.0, neutral,Saaraah Thomaas
51f3b7a5-69a1-49f2-b06f-f3cb599508d3,7893b838-1dc4-4cfe-9a16-fd9fbe6d28c3,product ,2025-03-12T00:16:09,2024/31/01,57.0,neutral,Marcus Barnes
847dea18-2395-4999-a12a-8c12a81b05a6,ebdcb3bd-8977-45ae-afea-afed2886efa1,product,31-15-2023,2025-03-22T06:22:28,65.0,neutral, Julie Bishop
9f92e336-78db-4e09-80f5-2634516d8ead,c5677286-dffa-422b-b881-df0a8064372d,payment,31-15-2023,2024-02-14T03:25:25,191.0,positive,Catherine Parker@@
59cfcbd1-b6b9-465a-9608-429852dc866a,9c458b96-9d88-4651-a60b-237fd39c2a0b,product ,,2024-08-24T09:29:55,208.0,neg,Anthony Johnson
dc14a14e-d082-4581-a485-8789d61e26ce,2c7d99cc-cca1-47b0-9cb5-9c2194d03bb1,product,2024/31/01,2025-12-12T28:77:10,23.0,positive,David Jones--
b305a43e-3a01-40e4-8cc8-589657feb8b2,067ca740-9cd1-46a2-8544-9298ed10a2f1,product,31-15-2023,2024-05-11T22:22:23,145.0,negative,Lisa Butler 
c64d51f6-3657-4e31-b4b0-8867f9613918,fe071304-9ead-45b6-9d37-1820a5198bc3,refund,,2025-08-12T21:25:19,19.0,positive,Angela Hicks 
4416441e-44c3-4380-a248-090984b12293,45e44167-6803-4d9f-903b-f65b199fb1ff,delay,2026-05-16T15:41:44.300934,2024-12-28T05:20:42,28.0,POSITIVE,Peggy Lee--
82cc8951-78a5-4996-9ab7-a985282221e4,ed6c666e-d5c9-4776-94c7-09c8f1755dc8, payment,2024-01-25T17:45:22,2024-01-28T05:45:22,60.0,neutral,Thomas Anderson
4f643796-faf1-48ac-820d-c524605648a0,e7852eee-0a28-46dc-aa34-445a02530746,payment,2025-03-15T09:49:09,2025-03-24T13:49:09,220.0,neg,Robert Ray
b305713c-42a3-4fd0-b6a0-8b9d86d041bd,d2e58e46-5fd1-4cb6-ba7e-ba800abccaf2,payment,2025-07-04T02:45:51,2025-07-13T03:45:51,217.0,NEUTRAL,Michele Clark 
c0184c8c-af18-4802-9a58-39c9c4ab5853,6e1c15f5-1d81-4f7b-a773-7c51589f48f1,product,2026-01-22T15:41:44.240245,,46.0,negative,JUDY BARRERA
29626501-80e9-4afd-a449-1b0cb2da7613,35aa7628-e63f-4e9c-a246-0465c445abeb,product,2025-12-02T08:15:47,2025-12-03T23:15:47,39.0,neutral,Jaime Parrish@@
f9a15b6c-137a-4d00-9e88-937ac8a05d70,ab4d454a-d1c0-497c-a9c5-55d17dc0fe85,refund,2024-04-28T15:31:03,31-15-2023,64.0,negative,Makayla Pugh
f86a5f5e-1dca-4679-a2f6-e2f66e608952,1f94a208-e2b8-48b7-b607-1be59ab44857,payment ,2024-03-22T18:09:57,2024-03-25T09:09:57,63.0,negative,Felicia Rodgers--
d35e592c-746f-4e41-a3f8-ed6785dccaf0,af160e19-b84b-41d9-8f87-13feb17bdd7e,PAYMENT,2024-11-12T14:50:01,2024/31/01,92.0,neg,Jacob Edwards
27bea59e-8ea2-4c72-a89f-25381d2207b0,ae25ee43-ace5-4056-8509-f01b0745f352,tnemyap,2024/31/01,2026-02-06T15:41:44.840929,8.0,positive,Ryan Daniel
d7a0128c-5ce4-4a41-b5f2-9e7301508ba7,b32dad7d-f00a-465a-81ad-fb66794b5c17,product,2024-01-07T03:26:38,2024-01-14T21:26:38,186.0,negative,Amanda Dyer
10c684c9-ca8c-4979-b621-0d50fb92cf6a,6bd2e24e-6e8a-4820-9f74-a137c646dce1,delay,2025-03-15T04:30:21,2025-03-16T14:30:21,34.0,positive,Natalie Hernandez
c7c20136-ab8d-4659-bf18-2b302b180f48,d3d94790-409c-4bf0-91b6-6529fd39574a,del,31-15-2023,2024-11-14T03:20:34,201.0,pos,ELIZABETH LUCERO
cc873494-48ff-49ff-a824-4ba5ed640f36,ef818db0-7ed7-41bd-85bb-ef6ff341fd4e,r3fund,2025-10-20T15:14:56,2024/31/01,217.0,pos,Nancy Richardson
d043062e-9871-4b9e-81b2-b2ac5490004b,668f94d0-0461-4f5c-99f6-e4f84f6af709,delay,31-15-2023,2024-07-20T04:19:10,213.0,neutral,Caleb White
18ac92ef-97ad-4378-87a9-169397a48481,f1448100-d974-474b-963f-15184708b332,payment,2024-11-04T13:23:38,2024-11-10T09:23:38,140.0,neg,Brian Wong
af55b746-352c-4e82-b855-c35bb8495e3b,ed2f0086-643e-4bfb-b358-2c25cd7312d3,payment ,2025-06-27T16:36:22,2025-07-04T14:36:22,166.0,neg,Kimberly Young
301c85e6-7960-4e3f-b318-c51782037403,1894bc7a-79f4-4b62-b683-39f99db6279c,product,2025-09-10T15:42:26,2026-06-03T15:41:44.846985,57.0,neutral,Stephen Gomez
b40e69e4-fc41-41a6-8b10-641af23a6dc5,fcf3895d-c635-48a0-9123-b4ee43c4e800,delay,2024-08-13T22:51:35,2024-08-22T08:51:35,202.0,neutral,Maatthew Mccaann
2f39d1e8-46c0-419f-afaf-7f54b9a88a65,010d3006-70b0-4a9f-a0e5-32b2857eaf3a, refund,2025-07-05T06:26:19,31-15-2023,45.0,n3gativ3,Susan Moore
f1fedb6a-469e-4bf9-b666-2eac1b1a046f,c1dcb7fd-9cfc-49db-8783-f353eab662fd,refund,2024-08-03T18:23:47,2024-08-07T14:23:47,92.0,negative,Brian Rowe
c28f53d7-0964-4dbd-aa47-44e01d51d75a,7b985f17-3e1e-4e81-b72e-e6c6bcc269ab,pro,2025-08-14T08:35:38,2025-08-20T07:35:38,143.0,positive,Christie Thomas
cc80ecfe-1673-43d9-9297-8bbd2f7f28ea,bb59ae99-ae93-4d25-8bdf-eeae87d7ae51,product,2024/31/01,2025-12-12T28:77:10,90.0,negative,Jeremy Armstrong 
9c7e1510-9e5d-4560-8bd6-a7c3f540a59f,586587e9-c59a-4cc3-85d6-8a3e774dbf43,product,2025-07-14T10:32:06,2025-07-22T13:32:06,195.0,negative,Lisa Osborne
107f5564-da99-4de5-9a14-3f2ba9256e5b,2689361a-ae8a-4604-891e-b651fea75849,product,2025-04-05T23:20:49,2025-04-15T18:20:49,235.0,negative,Lacey Krueger
44f4fd75-fd51-44e7-8412-616baf15c1bb,97af8e32-862c-4904-831c-e52aaad740b0,delay,2024-02-28T03:25:23,31-15-2023,70.0,neutral ,Brittany Bell
c668cf40-fe6b-4c58-a790-d3e14a1a3c16,7dc89d01-dde3-4ac4-950c-57862b24e29b,productx,2025-02-17T08:17:23,2025-02-19T05:17:23,45.0,positive,Amy Johnson DDS
d58049d2-fb30-4209-add8-b39d2f449523,f50770d5-7f4a-445d-941a-66a6b12e01ad,refund,2025-12-12T28:77:10,2024-07-22T22:39:30,14.0,positive,Maria Woods
4a5466e2-18d3-4233-9791-436b87bab984,8e10b57a-18c7-4290-8272-65ce2bb16ac6,PAYMENT,2024-10-25T06:14:33,2024-10-28T02:14:33,68.0,negative,Felicia Glover 
8e632070-cb9c-49ca-9142-a99dbf57f731,2df70027-ccbe-4584-90bb-bd9ba3702dca,product,2025-01-19T06:29:35,2025-01-23T23:29:35,113.0,neu,Jennifer Barr MD
27c143fd-8993-4cab-92cf-e8d173fb159d,bc34e2a2-7928-49f9-a710-70aff4610788,paym3nt,2024-09-06T11:14:00,2024-09-08T14:14:00,51.0, neutral,Grace Evans
929ba354-ee44-47eb-89ef-99b2ceb4543e,84566b92-ffd8-45eb-af97-558f0bc04ab8,delay,2024-07-11T09:10:18,2024-07-20T10:10:18,217.0,neutral ,Amanda Garcia
948ab3b4-b2d3-408e-9ff7-5bc87dbc6b13,78086e8a-c4a2-40f0-969e-518d4b7a7af4,product,2026-01-05T15:41:44.218674,2025-05-05T16:36:49,105.0,positive,Amaandaa Gaarciaa
8130688d-7bea-4545-86f2-6c2aa73d0870,70383e18-c7f3-4e79-a3d1-9cdb58fd7223,payment,2024/31/01,2026-08-16T15:41:44.830358,151.0,neu,Amanda Dyer
0540af30-4f4e-4cb8-95d0-48662c313dcf,c71232d2-db44-4bac-872c-2cd80f5d5979,delay,31-15-2023,,138.0,negative,Clayton Palmer Jr.
15a85038-137a-47e2-91a0-7fa6f6ce5a9e,3559186a-278f-4221-b8af-6fda21c7204d,refund,2024-05-16T07:22:20,2024-05-17T02:22:20,19.0,negative,Jonaathaan Alvaarez
072a3ec1-45f0-42cc-890e-4ebd5b38566d,28c6a4f8-04b7-4a1f-989b-63f12303b2eb,payment,2025-05-13T21:39:55,2025-05-17T14:39:55,89.0,negative,Peter Lopez
5de034f8-d80c-4685-9346-203d6d6c2a9b,bba9e0fe-d1e2-40d0-97e4-d29043ed84cb,payment,2025-01-31T03:06:54,2025-02-03T01:06:54,70.0,positive,Taylor White
f19368a5-e513-4048-97ca-f05e8fb40e57,79d58f26-27bb-4c19-87b7-134f28a2a78a,delay,2026-04-04T15:41:44.494838,31-15-2023,162.0,negative,Courtney Bailey
5391b988-5342-4179-a32a-4c03ef087ef0,60b58989-3fec-4f2e-8f96-d9d3f099b8f6,product,2024-10-22T22:13:34,,84.0,positive , Jacob Blake
47c8b938-e005-4598-9ddb-1ff47895b623,4de37f98-10dc-4c80-b258-1fc2c6e4e814,product,2024-10-28T20:39:24,2024/31/01,78.0, neutral,Samantha Smith
aece778a-bcf8-4620-bbeb-046dec78af64,cd5fd608-5ea9-4387-be2d-5a7b9f01f957,refundx,2026-04-20T15:41:44.318518,2024-12-23T14:22:44,208.0,neutral,Kathleen Jackson 
137e582f-ec48-45fd-bfc1-d0fbbc8c0f28,15e3cdb7-8462-45e1-9231-555512ff1121,refund,2024-03-12T15:55:16,2024-03-16T18:55:16,99.0,neutral,Roger Noble
62b43ffe-8dc9-4861-bbcf-c9a74e546421,efe66365-944b-4688-8033-50d222dccc69,refund,2025-10-01T12:41:46,2025-10-03T19:41:46,55.0,neutral,Samantha Allen
901388cd-99a4-4793-a4a1-651e5c1a84b9,ae86c132-4a54-4b9d-b7f8-a6ba650ada9e,payment,2025-12-12T28:77:10,31-15-2023,217.0,positiv3,Matthew Johnson
acafb8c0-2049-4525-8b7e-0749a721cac8,5075da2f-5671-45ee-84d4-7422358d1584,payment,2024-03-29T07:07:23,2026-02-17T15:41:44.786796,27.0,neutral,Michael Larson
4a1737c5-c510-48a4-a525-402f7f40fbf6,fd9cbd55-29ed-43c7-ac3e-2c3495c974d0,payment,2024-06-09T05:18:07,2024-06-15T18:18:07,157.0,neutral,Jessica Juarez
382ffcf7-358a-45cd-abba-46878770e221,4b4e580b-6ab9-4f5c-8ed4-7053709fb58f, payment,2026-04-06T15:41:44.545200,2024-11-23T19:02:53,19.0,neutral,Lacey Krueger
51ad745f-157c-4e0e-9bf6-5a53a7a3de82,869d4181-02f0-443b-beb9-f9936e2f9e61,DELAY,2026-04-16T15:41:44.455944,2025-01-08T19:00:23,226.0,neg,Briana Garcia
b0488b1a-060b-43e6-b38a-57503fe611ba,953220fc-4814-44e2-abdb-dae5320648d7,product,2024/31/01,2024-11-09T23:45:10,29.0,positive,Sandra Diaz--
8f3e2b14-47c9-492a-8e56-74424fa3806d,081567a8-d3bb-4903-a546-a109bb1d1cf6,dnufer,2025-08-09T06:21:26,2025-12-12T28:77:10,107.0,negative,Kristine Pena
0201b0f9-1d71-4ef2-a2d1-732bcc427fcb,0399b97e-e105-448b-9c79-e8437cb0534d,delay,2025-08-23T09:24:28,31-15-2023,75.0,neg,timothy sandoval
1a29d486-fca6-42a0-ae20-9194ff66b42c,12d94950-3eb8-414b-8efa-df0618e2f1e9,payment,2024/31/01,2025-12-12T28:77:10,143.0,pos,Amanda Garcia
4d0c65fa-2214-4099-9c59-9c3a1496113f,c9a0a185-59e5-46c7-b43e-2ee57f474a00,delay,2025-09-12T23:43:57,2025-09-22T21:43:57,238.0,negative,Amanda Dyer 
3e3cd67e-fb69-4d10-8ad4-b5632b1f2274,abeb0146-fcac-4a61-bb03-50feec88fffb,payment,2024-05-20T21:34:01,2024-05-28T10:34:01,181.0,positive,Brian Stewart
cfaa2255-b617-4d9b-9dc4-6f4f4b821464,5cce209e-fbac-4685-b849-32387d25824d,delay,2024-10-06T16:05:42,2024-10-08T09:05:42,41.0,neutral,Christie Thomas
5d4858ef-6640-401c-8c4b-db1402cc3e29,b5c36543-84c6-4488-bbf3-6dd0feb6a1eb,refund,2024-11-05T13:16:14,2024-11-10T23:16:14,130.0,positive,Marisa Cook
7cfb1a68-d4e4-4b09-9fa0-94a63371f837,afe37f86-f062-4dcc-bc65-70eaee1670ec,delay,2024/31/01,2024-05-22T07:25:12,89.0,negative,MICHAEL PETERSON
dcea3ad2-5d68-4e8e-ba4b-d736a3d0668e,0ea861e6-2182-4f7f-b746-4c807aabb253,delay ,2024/31/01,2024-10-31T11:43:32,99.0,NEUTRAL,Charles Williams
617d5f22-b9fe-4229-931a-23ecd7f3514b,a0ca492d-0fed-4f98-9a8c-f51e4f9fdec5,delay,2024-01-09T05:32:45,2024-01-14T02:32:45,117.0,neu,Candace Ramirez@@
1442e7c9-8694-45d4-82c1-27093f4bf8b9,eda32f72-2b55-4233-b1cb-cd73c7772439,PRODUCT,2026-03-23T15:41:44.288821,2024-05-07T22:16:41,199.0,negative ,Cindy Graham
b7c62903-fe9a-42d9-b081-9e5ce915b454,50ea0e76-93f8-4d6b-8ba2-b3b08134b116,r3fund,2025-06-18T09:06:33,2025-06-23T16:06:33,127.0,negative, Sonia Alvarado
80d92eb0-60bb-45c9-9eed-65820515e4b4,3fed4139-56fe-49ed-9274-2045f096021e,payment,2024-12-25T09:49:06,2024-12-25T14:49:06,5.0,NEGATIVE,Kimberly Young
df3c3474-33e4-48eb-b49c-7e205b3e5022,5f4bb56f-dbf2-400c-98ef-be482b8bcae0,refund,2024/31/01,2025-06-05T02:49:18,191.0,negative,Kyle Hill
31cf003c-b0e0-49b0-8628-24a86ec8e17a,9a0865dd-c71b-404e-934d-7e19bada41e7,REFUND,2024-09-30T06:00:02,2024-10-10T00:00:02,234.0, positive,Anthony Davis
99d463ed-873d-4acd-8fdf-8ce3f438073d,39a26bd5-acab-44bf-b77e-fb1970054c10,payment,2025-06-18T07:47:51,2025-06-27T06:47:51,215.0,neutral,Grace Evans
af5e8f92-7265-4e7e-afab-8a01f2e9f481,21548de5-8b9a-4fbe-99d9-6b23551dd239,product,2024-09-25T18:39:11,2024-09-26T20:39:11,26.0,negative,Chad Smith
3c335b40-90a3-490e-ba8e-d3ef71192928,674f5ca3-762f-4e19-bf32-e5dd906ccaca,dnufer,2025-12-12T28:77:10,2025-12-12T28:77:10,23.0,n3utral,christie thomas
94899bb5-1700-44a5-be4d-7be598e2ae2c,9334495b-aaff-4ebb-a76d-9e02b4f28831,payment,2025-12-12T28:77:10,2025-12-12T28:77:10,231.0,positive ,Lacey Krueger
377a8120-0556-4387-92c6-071c53e72cd4,eb3fa149-963a-474a-a1fa-9a00457e681e,delay,2024-09-15T15:11:08,2024-09-16T21:11:08,30.0,positive,William Murray
520681b6-e498-4fbb-b3a3-f9e504863aba,cc1b1702-bb12-4ed8-a48d-3947d44b0029,payment,2025-07-19T09:28:52,31-15-2023,113.0,neutral,Kenneth Lopez
34d55c24-d4d0-44de-b61f-59d201946bd2,91f250d7-3e98-46d9-963c-fc56eca64669,ref,2024-01-22T01:50:45,,151.0,positive,Richard Tran
d9653251-b36a-49fb-b3b7-5a9fa60722d1,833a8e88-c2bd-47c9-b8a5-ed264f76648f,paym3nt,2025-12-12T28:77:10,2024-02-14T18:40:34,175.0,neutral,Crystaal Waalton
12de33dd-12b2-4871-9f19-1f053072c206,3cb77734-0540-4aec-8002-e65769e683ae,REFUND,2025-09-04T05:49:21,2025-09-06T06:49:21,49.0,positiv3,LAURA SHAW
0a3b3ebb-9fdf-4038-a424-a213ab4ba76f,d612da51-870d-4f0a-a923-a402368ff6a1,refund,2023-12-30T09:14:17,2024-01-03T01:14:17,88.0,negative,Anthony Skinner
01064a03-d405-4078-8e06-e63a786230af,9a08274e-b0db-498a-a53a-49e0cb15c22b,delay,2024/31/01,,54.0,neu,Andrea Aguirre
7c2d68f6-ebb5-4c9e-afd2-385c370199f9,82d05253-5475-4c8c-aa10-a31ffd58029d,refund,2024-11-24T21:01:26,2024/31/01,181.0,positive,SUSAN RUSH
26e63fd3-146c-4b76-a708-b7728e77009d,a8594ff8-5207-4aa4-9074-6e1ee819849f,refund,2026-03-29T15:41:44.529697,2026-12-26T15:41:44.806312,175.0,neu,Erica Griffin
11eb4be7-407d-478d-a8dc-a37975424ba1,b6eb946e-ec93-472c-a77d-b3a38fbfcab7,delay,2024-04-29T05:48:01,2024-05-05T09:48:01,148.0,negative,David Powell
84650c8d-de56-40cb-8ffb-e459154ac321,cb84bf56-a31e-4ebc-94e6-0415c54c8528,yaled,2024-06-24T06:14:25,2024-07-01T16:14:25,178.0,pos,Jaime Parrish
07bbc55a-2e3c-4b8b-9998-93651248b281,863ebfa8-2206-4181-89af-0c41af76e7bf,DELAY,2024-10-20T07:21:58,2024-10-25T17:21:58,130.0,neutral,Cody Lyons
60f595c1-e0b3-4c3c-a839-9a3088ada3db,98ac2779-6f9b-46da-a849-b40a3e43cf19,tnemyap,2024-10-04T04:26:08,2024-10-04T21:26:08,17.0,positive,GEORGE LEACH
dc6d1209-ac11-48b0-afba-3d0227b1e6f6,696879af-90fc-4675-923e-817f7acf40be,payment,2026-06-10T15:41:44.249683,2025-12-12T28:77:10,98.0,negative,Andrea Aguirre
dcaea05c-dbe1-4238-8396-7d856617c038,0716d638-41ea-4ff9-9888-6c3598526c8b,tcudorp,2024/31/01,2025-01-21T14:00:30,213.0,neu,Norma Wyatt
571cb28a-b204-4cf0-a49a-34d6c5833e01,587f6d87-d3e8-43d6-bfc9-d12b212f3bb3,dnufer,2025-12-12T28:77:10,2024/31/01,222.0,neutral,Grace Evans
44f07034-b1e1-43af-8a95-ab70098e3342,83089b40-0e14-4056-b11f-8b552b8724d0, product,2024-05-26T07:19:55,2024-05-30T07:19:55,96.0,neutral,Elizabeth Lucero@@
f6b32241-59d6-48c9-9163-c55f620c7f87,7ab110fe-8a3f-4e6e-9ede-2d3ed51a3d5c,refund,2025-02-14T12:03:23,2025-02-19T23:03:23,131.0,negative ,Marcus Barnes
35ce24e8-7ee7-4e16-9b35-97ae0d51b6fa,c0a30a35-77d9-4fc5-8286-1e845c149d75,delay,,2025-01-19T08:19:22,136.0,neutral ,Angela Hicks
dfe65e05-bd33-42b0-a434-b3603f80a601,ddce7854-73f7-4ab1-b495-213abe2c2940,refund,2024-09-17T18:07:11,2024-09-25T14:07:11,188.0,neutral,Cynthia Tran
500d150d-2b09-4f01-8497-97360c70b4fa,6fa0ab57-e271-48db-96f8-68970d3b89ee,payment,2024-08-30T01:13:42,2024-09-01T09:13:42,56.0,neutral,James Williams V 
e6bce145-b31a-459b-9d21-b5aeee4c3176,a161df53-65b9-4001-882d-8206aab0ee81,delay,2024-10-20T13:40:54,2024/31/01,157.0,positive,Robert Ball
7f681adf-139b-484c-8e61-2556663414eb,4aeaff95-1e67-46c3-abe1-1215b04bb5c1,product,2024-09-05T16:52:03,31-15-2023,230.0,negative,Lisa Butler
be319c58-27e6-4ca9-a2b0-93435333b7d7,5525b416-51b2-4797-9a9c-a6b40c2204da,ref,2024-09-09T12:49:12,2024-09-18T18:49:12,222.0,neu,Elizabeth Hunter
e9fa8264-b8f5-4891-950f-4fff77c34265,efff6d7a-8da7-476c-a908-ca71626fdbf2,payment_,2024-12-19T16:58:49,2026-02-09T15:41:44.772055,217.0,neutral,Jennifer Clark
2175fc62-6fee-43a2-9263-0152b15d1f16,0f9b9260-91f2-4be4-b617-9fd425fa4f6e,refundx,2026-10-26T15:41:44.235872,2024-04-14T14:30:30,127.0,pos,Donna Shepherd--
ba469c0c-8636-409c-85df-00e696ca7ed7,efbcb1f2-6cab-426a-93b5-04a88ee0a80a, product,2024-04-07T06:39:27,2024-04-14T20:39:27,182.0,neutral,ryan daniel
20bd0176-6d8c-48d8-a6f2-3abb917aa4b8,98562d50-2d68-4657-8db2-4ecb70817aa4,PRODUCT,2024-06-07T05:03:57,2024-06-16T01:03:57,212.0,negative,David Jones
0ab7f233-b940-4337-8f06-3e52da04e45e,62fbb9d0-77ab-4470-b6ba-25c4e4daf974,payment,2024-12-02T01:10:01,2024-12-02T21:10:01,20.0,positive,Michael Zavala
547c19d6-e230-4d78-8891-37e90446a133,91711ad6-e7b6-4b97-bc6f-da89ab806548,tcudorp,2024-12-18T13:53:59,2024-12-19T12:53:59,23.0,positive,Paul Davila 
2134d93f-80bd-4434-a11a-b6be0423147d,fd751d6f-5bb4-43ae-8cd9-5b927908a033,delay,2025-12-12T28:77:10,,164.0,neu,Lori Cain
54a30447-cca6-4cd2-8ac6-3e8b2b756201,9b53b0a8-ec89-4131-abaf-397c634556b1,product_,2025-02-03T18:48:45,2025-02-11T04:48:45,178.0,neu,Roger Noble
e5b4fa14-5ec0-4bb9-b227-9803a70d58d2,67476f33-cab6-4554-a783-93c604c2debc,delay,,2024-12-10T23:44:45,116.0,neutral,Angelaa Hicks
278192e7-d52d-4b95-8556-6e212c903d37,548865a0-506e-4569-ab06-8bc15208e916,product,2025-12-12T28:77:10,2024-05-21T23:36:12,214.0,neutral, Anthony Harper
057b28db-d4a4-46ae-8699-ab4d70209aee,acef8baa-27da-4af4-8ed0-d0e1865df2a2,delay ,2025-04-23T03:08:25,2024/31/01,145.0,negative,Jennifer Barr MD
63a699a2-e926-4b37-9de2-9b017dbae4b2,ecde883e-6b21-4ca3-816a-15d353eff67c,product,2026-08-31T15:41:44.212504,2024/31/01,219.0,negative,bryan thompson
07889dd6-d48d-40a1-8be9-de32b6379235,186ffdb7-9f7c-4c88-8ce0-00dde7d9e6da,delay,2024-12-24T15:07:16,2025-01-01T04:07:16,181.0,neutral,Lori Cain
8f9da943-49ce-444e-9a00-f1d2e254c0aa,d47853cf-f8bb-4b4c-a0c7-fbe661440236,refund,2024-02-08T16:59:55,2024-02-15T16:59:55,168.0,NEGATIVE,Felicia Rodgers--
4f17ff51-06f8-42dd-89fb-3d492d8a7869,c0d9db5c-496a-40e7-9010-414492af091a,tnemyap,2025-05-01T16:38:34,2025-05-02T21:38:34,29.0,neg,Richard Tran
8ec2e409-05cc-4944-b609-1c0fc4ee1db9,96d4772c-0e92-420e-afad-7adda0a45feb,delay,31-15-2023,2026-02-27T15:41:44.764949,35.0,pos,Lisa Butler
794e4fa1-0d91-44c4-b3db-91978d9977f8,a251d5e5-e9c8-4b6e-b5fe-ad508ba9223f,PRODUCT,,2024-09-19T09:56:28,24.0,pos,Kenneth Lopez--
b47280b5-3be1-4bfd-9651-4ad4c980ec09,124ddbb8-d769-407d-b321-53b0cd4401b2,r3fund,2024-04-24T22:03:25,2024-04-26T09:03:25,35.0,negative ,MATTHEW JOHNSON
f69eef49-8d27-4559-aa95-694b75805ff8,09987591-05b4-441a-b755-d1c104f39545,refund,2024-01-06T11:46:41,2024-01-10T07:46:41,92.0,negative,Saaraa Hogaan
9e973573-cc42-403b-8ac6-e2d3a58059d6,f3c65065-ab71-4464-9189-eaf963abf856,delayx,,2025-12-12T28:77:10,225.0,positive,Jessica Juarez--
c6e2db53-9599-4f12-a74a-7de3e3725620,cab894c0-d2ed-48a1-8de8-ec0934bd5f1a,tnemyap,2024-06-10T10:34:10,2024-06-14T02:34:10,88.0,positive,Michael Harris
c525aa89-0e8e-4cbc-bbfa-2fe5267fe4e0,e2036abd-d525-4402-8abc-956d11cfa247,del,2024-08-25T02:50:55,2024-08-30T14:50:55,132.0,neu,Christine Harris@@
bcfd28ed-20ea-45fc-89e7-e98e76f47b3c,4f978867-8155-4990-9116-09200d2c4255,refund,2024-06-22T16:19:39,2024-07-01T19:19:39,219.0,positive ,Ashley Carter
0fde2b01-7282-455c-9d52-784405158a2a,555774e6-d785-4d7c-b3f1-2c4faaea8a25,payment ,2025-12-12T28:77:10,2024-05-31T08:21:49,116.0,positive,Brendaa Wilson
adb335ba-9c59-4e67-a6ad-23b38f7013f4,3d39a8b1-1a62-4382-976d-40a452c51b49,delay,31-15-2023,2026-03-31T15:41:45.011942,114.0,negative,Sandra Diaz
b18fefc3-8a7a-4093-b9cf-e9ee5af8d814,65390593-5f25-4985-8f7c-9813ac2f0f8e,delayx,,2024/31/01,76.0,positive,Marissa Graham
0e8ac6e9-0f5b-450b-8142-bf082a72652e,fe88f26b-667c-4ee3-9539-cb5e897dbce2,payment_,2024-03-06T12:40:42,2024-03-07T12:40:42,24.0,positive,ANDREW GARDNER
bdec98c0-7de8-4149-aeab-a1f7faa093b3,101d93eb-1575-4207-ba7f-512585c2a409,pro,2024-09-03T21:47:57,2024-09-09T06:47:57,129.0,neutral,Michaael Smith
85e67459-96c1-4d14-b0f7-5fa6a3907293,d32858f6-dccb-4920-97b6-8398cbc63bbb,payment,2025-10-18T13:56:39,2025-10-27T03:56:39,206.0, neutral,Clayton Palmer Jr.--
5898e27f-b5d2-4186-9ca9-546a0ca8195b,ba020b01-1e86-4ba5-90ea-83789d70efc3,delay,31-15-2023,2025-12-09T15:41:44.638959,215.0,positive,Melissa Barry@@
615663db-739c-4065-b5da-43c889c17999,7c2f4744-ff68-4c32-8de6-27d0f5e6af15,refund,2025-12-12T28:77:10,2024-11-04T18:22:26,33.0,neutral,Cheryl Brown--
e34667de-99d0-4f39-a5b3-1cbdb2e053d4,81bd19f9-f53c-4abe-a3db-e5a2b149b18d,refundx,2024/31/01,2025-08-09T07:01:08,93.0,positive,Julie Williams 
de888c3e-0ece-4c59-b87a-add87e080f2c,a07e530d-00ce-40e2-b417-86b730140454,refund,2024-01-15T22:43:04,,117.0,neu,Kenneth Wilson
0a96356c-87f6-4079-8b75-211218e84f8c,b52d1ff7-7f38-4d54-aec2-5600e302d74b,product,2024-10-09T21:18:10,31-15-2023,194.0,neutral,Cheryl Brown
8f5ac53e-1676-45d4-be4c-a7eb2c9089b4,90ff5ad6-32c4-4e07-9725-fb63cebca565,payment,2024/31/01,2025-04-16T06:30:05,188.0,neutral,Kenneth Lopez
a517cc57-6e57-40a0-9dad-b833eaf42cb0,695b6181-b831-4213-872b-90a374103a66,refund,2024-10-10T03:35:32,2025-12-12T28:77:10,189.0,n3gativ3,Taaylor White
526dbec4-643c-4a61-99f4-6e3d368d275e,a8e24922-bcc5-4123-81a3-74e2581f95e7,paymentx,,2025-04-29T02:39:07,45.0,positive,Kevin Espinoza
029dab57-78d4-4671-a389-72176fbdcaa6,b45a47fd-139f-4b59-8ba9-9e4760fd59fc,refund,2025-04-09T05:56:05,2025-04-15T21:56:05,160.0,negative,Christine Sanchez
7ddb01a9-8bd7-4525-94b9-87572d7f4bc1,84bfcce8-38f1-4b23-8d2b-abed5330894a, product,2024/31/01,2025-06-29T04:15:48,149.0,negative, Cheyenne Robinson
79fba4df-3ad6-42ac-9d33-7457da63e1a1,5c457115-e8a8-4d5e-b498-a43b25d19b4b,del,31-15-2023,2025-03-24T19:34:13,161.0,positive,Timothy Sandoval
7e6b535d-4c00-46de-85e3-37d73897d985,03c5028d-6c25-47d8-aca3-eb04ac3b00ca, payment,2024/31/01,2024-02-18T05:33:41,51.0,neutral,John Powell
000e3693-046f-44c8-a41e-0ac7b143d255,67966948-2340-4fb3-b82b-cb4fbb97ad3c,pay,2024-10-30T18:53:08,2024-11-05T11:53:08,137.0,positive,brian stewart
b8a234af-0a7d-42f3-8a58-ddcdbd41baa2,b378bcec-d7da-4805-a3ef-392a10c637bd,product ,2024-01-02T10:46:08,2024-01-03T17:46:08,31.0,positive,Makayla Pugh
560f0b9c-2542-4035-a3b6-c71140771b37,2373482c-72a6-4ef5-a42b-e96c470b0505,refund,2025-06-28T22:38:41,2025-07-06T10:38:41,180.0,negative,Teresa Davis@@
f36a561f-f6bb-4355-9584-4f65a1d7f655,35235c2e-a44c-46ba-8835-5f3f67a3d5af,product,2024-10-12T07:23:56,2024-10-17T13:23:56,126.0,positive,Robert Smith
2a5dc57f-6717-4fba-9608-dde053724e1f,87a17c98-663c-4c54-8728-b47669237c95,payment,2026-04-20T15:41:44.382335,31-15-2023,131.0,positive,Susan Rush
26178263-4642-416c-96cf-b4d3ce0459b6,67b48087-b919-480e-bd17-69c3ea8cfed9,delay,2024-06-01T08:13:34,2024-06-10T06:13:34,214.0,neutral,grace evans
ba2889a7-b238-4ba9-ab19-7893cb2fd591,09e971f5-c30f-4a01-a24a-8ba9e2fa98a7,dnufer,31-15-2023,2024-02-05T23:55:15,10.0,negative,Derrick Walker
4aa43b0a-42af-4ffd-9e8c-aeadf09c17e6,a728fc46-4a89-4dad-a45f-93fc23a91511,delay,2024-07-09T11:42:48,2024-07-17T11:42:48,192.0,negative,Lacey Krueger
af233417-3528-4423-90ca-7e6dfa6f5d0f,22589707-8acf-4b73-b816-d7365d4a2186,refund,2024/31/01,2024/31/01,117.0,neutral, Christopher Bush
182746f5-b75c-4e6e-a805-db25d869c6ae,434b1481-509b-45de-a33b-40b0e6264669,pay,2025-06-20T06:51:52,2025-06-26T00:51:52,138.0,neutral,Desiree Hill@@
9b8064a3-7afc-4747-ac67-dd02ee3628a4,b3d421db-991e-498d-9734-289fc8990b5f,payment,2024/31/01,2024-07-05T16:18:38,33.0,neg,Guy Hernandez
3aaeb0ae-4103-4f3f-b36b-d18984295826,2379f7ad-49b4-4342-822c-3ce79bcd6424,yaled,2024-06-27T00:36:07,,26.0,neg,Maria Woods
765cddcf-bc9f-4be9-8c70-def17c329a26,ff0403ee-b24f-474f-b992-a2cc14d40223,product,2024-01-13T14:57:13,2026-05-30T15:41:44.628547,165.0,neutral,Mrs. Kim Lee
7a540c4d-2086-4a49-866b-60d29eeb81e3,016a8a4c-9929-4a59-a191-52317e423962,payment,31-15-2023,31-15-2023,69.0,neutral,Jennifer Daniels
a7697616-93a2-440b-86f5-fbf2bfafa05b,be506b0b-629f-4255-87ad-63b11eeba502,payment,2024-04-11T03:20:53,2024-04-11T07:20:53,4.0,neutral,Deanna Smith
19256440-53a0-4aa3-b4d8-6e3fc06bdca4,d94d11e3-f225-45da-93ec-f83e825dc050,product,31-15-2023,2024-09-14T17:34:40,135.0, negative,Anthony Harper
6a7ce42a-ce31-4670-8227-cc83b63fd9e8,ab039ba0-8b9d-45ac-95c4-96e1d137ae3a,delay,2024-03-09T10:14:36,2024-03-09T16:14:36,6.0,neg,Kenneth Wilson 
dfed12b4-09d7-41ee-98ce-1dc570b0593c,3d470549-5a4b-45b1-a906-5b432040e466,refund,2024-03-11T05:00:44,,71.0,positive,Jennifer Barr MD
3e92fddb-1e7b-4601-b675-8e41228d3d9a,5ee64742-600c-4686-9ce7-dc97f01eb0d8,delay,2024-01-06T20:41:39,2024-01-08T11:41:39,39.0,neutral,greg sanchez
5a9f1c27-620e-4c19-b56b-7437afb5cd98,1239d9a7-8156-42df-94d8-d1068b8b80d8,payment,2025-06-24T01:09:44,2025-12-12T28:77:10,230.0,neutral,lacey krueger
b859c8ff-3be0-41c6-94e2-30a58273160b,e82b37e5-2170-4675-9217-b43135da66e4, delay,2024-09-28T22:17:38,2024-10-06T02:17:38,172.0,neutral,Chloe Singh
a7fb9455-5b70-4dfe-92a3-90cd57649783,11a84369-90d3-4eaf-84b4-f86ddfbed482,product,2025-04-11T05:24:26,2025-04-21T02:24:26,237.0,neg,Jessica Ryan
267a7ed9-fdf2-43c1-8f75-f06a91835989,6db422a9-4b5a-4587-a63d-af8207e53c15,delay,2024/31/01,2024-11-30T02:38:07,143.0,neutral,Jacqueline Frey
2c29919a-c22e-48c4-a303-1b0e3b99f3f4,c93ca82f-7104-4a0f-b549-d414ac7d7ecc,refund,2023-12-09T17:12:26,2023-12-15T12:12:26,139.0,positive,William Olson
43615bcb-c4c5-46af-a452-5131c654d842,56dca69c-d8cb-4096-8b99-1458dd2d7252,payment,2023-12-26T09:53:31,2024-01-01T10:53:31,145.0,neutral,KENNETH WILSON
fd6e8d39-3d64-4d74-aafb-9ffd63197a69,2476613a-fcdf-44dd-a28f-c82d086d7f6b,product,2025-10-06T19:48:20,2025-10-12T16:48:20,141.0,positiv3,Anthony Johnson
e42a772f-8d94-443a-a80d-211d00cbb18a,51ea9831-2e98-4ad7-a52c-f3ccc75091d9,delay,2024-11-29T19:20:30,2024-12-02T19:20:30,72.0,negative,Henry Taylor
364c42f5-63d6-43df-877a-3f6de97c997e,d8a0aa9d-4af6-46f5-a4fd-ecee95981551,product,2024-04-10T20:34:01,2024-04-12T10:34:01,38.0,neg,Cheryl Brown
66fe1b63-ac5d-41c2-acfe-497a25aa75cf,332a1a37-c5d7-4d2d-9786-3506bdb0b35d,product,2024/31/01,,83.0,negative, Tammy Jones
13650e2a-2e80-4add-ab8a-2e8de8e80073,6349b1ec-2ae5-44ff-8fce-23497183892a,paym3nt,2025-08-13T21:22:59,2025-08-21T11:22:59,182.0,negative,Emily Banks
5257e39c-916e-4d30-8634-56ad74aa93f2,b7efcdd6-4626-47f3-932e-5be5fdc5c116,refund,2024-05-27T02:29:06,2024-05-31T17:29:06,111.0,neutral,Leslie Alvarez
94e9742a-450c-49d3-84a4-5a457620b14d,7ed10b54-b84e-48b4-8052-6060dc679e63,product,2025-05-21T13:18:31,2025-05-27T05:18:31,136.0,neutral,Joseph Anderson 
ccdb61ab-3c53-487f-91b7-4155ea097923,4d732a8b-12aa-4781-8035-a6168c0a943b, delay,31-15-2023,2024-05-10T20:03:28,46.0,positive,Robert Anderson
4ecb3527-bd2c-444d-8e35-1b8f33344c86,44ab73bc-1c53-4850-b23e-f20b369e8204,r3fund,2025-10-17T01:32:54,2026-10-30T15:41:44.691601,140.0,negative,Emily Curry
165e9b44-5bc2-414c-bdfa-c017eaaaca55,5ea6f91f-4039-4654-a433-275c3b8b3bff,delay,2025-10-22T02:28:18,2025-10-28T21:28:18,163.0,negative ,Amanda Garcia
37ef1a01-2009-4cbd-8c29-3d7ce1c8f336,780b79cb-99e9-417c-a801-1b14d1272f7a,delay,2025-08-23T15:59:54,2024/31/01,217.0,negative,Lisa Butler
7cdc91ff-f99f-4242-aa39-ca8b24beb557,aa8fe582-1924-4c0c-8c4e-e9d3760ebe7d,pro,,2024-01-03T10:12:35,233.0,neutral,Cynthia Tran
b1d8b383-1ee0-49da-a0ce-a04430a832f8,dd9e4edb-a050-490b-84e3-fe659c294226,DELAY,2024-08-15T00:05:52,2024-08-24T11:05:52,227.0,neu,richard yu
0ea60bc5-9c2d-4d98-bac1-bcbca14a9888,29e89080-f152-4166-acba-c1f2e58a460d,delay,2025-10-19T19:46:40,2025-10-26T05:46:40,154.0,POSITIVE,Robert Anderson
f29265e5-7020-4d98-b2e7-5389097b50b7,54deabb7-430b-4b52-b46f-89f8a60917f2,refund,2023-12-10T17:16:01,2025-12-12T28:77:10,92.0,negative,Eric Moore
75daafe4-f73b-4ff5-9403-5dc7ab6fec4e,7bedbd20-0969-4eca-83f7-4a482f2f07b9,payment,2025-09-03T05:11:23,2025-09-11T15:11:23,202.0,POSITIVE,Henry Taylor
376eae17-c123-4a7d-9403-9943f5d0ba9c,83a3e417-1f51-4d5f-8963-41e33027b4d8,payment,2024-12-25T02:11:27,2024-12-31T23:11:27,165.0,negative,Aaron Mcpherson
5cb6fcbf-841e-4cfa-999a-c1f09c83d6b0,e2b1a4f6-f07d-44ff-b23f-67988d3ef577,payment,2026-03-16T15:41:44.388523,2025-07-30T19:19:39,102.0,positive,erica griffin
1cb20538-3cf8-41fc-87e5-035f6afadd3a,6beec799-fa5d-42d1-aad4-0868188b913d,product,2025-03-12T16:22:15,2025-03-13T20:22:15,28.0,negative,Savannah Kramer
bedcea4c-8df4-4682-aae1-620c2abb7223,6d3186b8-943a-471f-9461-73eeb9153a16,refund,2025-12-12T28:77:10,2025-05-13T13:46:11,199.0,negative,Robin Thomas
294cdee7-10d1-462b-9485-d07c90146db7,c6cb9e9f-2349-4e9e-8083-30680e38c44f,refund,2024-07-26T10:49:36,2024/31/01,184.0,negative,Juan Arellano
a2db34ae-4537-48a6-a4c7-2b9e79efef4e,5275a689-97b4-4f6a-b21d-ffb17d4bec76,payment,2024-08-31T10:34:12,2024-09-06T09:34:12,143.0,negative,Taylor White
a0652f1a-83b9-41de-a05d-984810b6cc96,d1ea34c3-dc18-4d8a-9e9a-050ed20b13c8,delay,31-15-2023,2025-02-27T20:58:59,63.0,pos,Michael Smith
bd783cdb-a4ec-401c-888a-ea60ac21f0a7,4e1f3fb4-260c-4eb8-ac88-892a2106e34d,PRODUCT,2025-03-06T19:28:59,2025-03-14T13:28:59,186.0,pos,Margaret Morse
a12647c3-af99-4ad5-9f8b-76fc973674d0,dbc87be6-8b43-497a-b3a5-9bc658a579d9,REFUND,2024-10-21T08:18:18,,80.0,positive,Marissa Graham
fa005652-44e0-4c0e-8cf2-71bad2b5da29,4d64d81c-b8f8-484d-b8da-aaf39e7ceafe,payment,31-15-2023,,26.0,neutral,Michael Faulkner
7f30573c-f90c-41c8-997c-dda310cee1b6,2bcd8338-3cca-4877-bc07-e74466565a52,tnemyap,2025-12-12T28:77:10,2024-02-04T19:20:09,112.0,neutral,Curtis Martin--
67242388-3355-4625-b0cc-2951c2eb6230,8249a1e6-14db-44e4-8763-d0e088d2790c,payment,2024-07-27T04:08:34,2024-08-02T08:08:34,148.0,positive,Brian Stewart--
d051bfd5-17d5-4d4f-b7d9-ac4a2d6bbdc9,a1b0a342-6654-41bd-a3bd-74faa6b7ad25,delayx,2024-02-25T04:07:38,2024-03-01T10:07:38,126.0,neutral,Amanda Dyer
b1031b97-9d54-4485-bc2f-5bd0d7346593,12f2f5e0-b8d0-40cd-88b0-a8ba1d584ba2,refund,2025-07-25T03:24:58,2025-08-01T20:24:58,185.0,POSITIVE,Kevin Little
f01981ad-b747-46d3-9552-1d01ce1e271e,358a9d70-ec9a-4c20-8cbc-2b07c7fe2baa,delay,2024-10-01T08:43:14,2024/31/01,136.0,neutral,Jennifer Daniels
dfe72d40-064c-4c11-9bc0-388b2ab5e927,d5538780-6558-46d1-b143-44b14109101c,delay,2024-07-21T22:32:40,2024-07-27T22:32:40,144.0,negative,Brenda Wilson--
6380c470-9514-4b52-8734-98565f6891ef,4995b74d-6d67-4ec4-beec-79d386764b9b,payment,2023-12-28T18:48:53,2025-12-12T28:77:10,2.0,neutral,Christine Harris
d4716dd3-54bf-4a15-b90f-d9934fa0576f,a7ea66cd-84b1-417e-9247-b99113fb9872,payment,2025-12-12T28:77:10,2024-08-21T15:47:50,144.0,neutral,Normaa Wyaatt
00c36cb3-1d67-4b31-b1e4-5ef545a1075a,375c76f5-0535-452f-aef9-c7875990540d,delay,2025-12-12T28:77:10,2025-07-16T16:58:17,20.0,neg,joel lopez
1721c0c7-d1ca-4a38-8470-5e89eb105e28,616b9ae8-5395-48bf-b9d2-0d391b16fa9f,product,2024-12-23T02:36:32,2024-12-31T08:36:32,198.0,neutral,Mark Estrada
fd278d3e-1731-4aad-bbfc-cc7dab393b20,0d5cfb6d-cd63-4313-a25b-0f3fc52ca28c,delay,2025-09-15T18:53:39,2025-09-20T19:53:39,121.0,positiv3,Ashley Lucas
2620068a-f964-4c5c-9e45-9378234cf057,34a57b95-0bfc-47ca-8ddb-196940c186f4,r3fund,2025-06-09T16:45:30,2025-06-09T21:45:30,5.0,neutral,Timothy Sandoval
f5b3fcb2-34d0-4330-9ced-6092f45983b6,3e44e4f3-5ace-4da8-934e-97d820b96ec6,pro,2024-09-15T21:12:55,2024/31/01,90.0,neutral,Michael Larson
fe29dde1-7c6d-4c2c-867f-c8dde9e2f698,3decef59-2114-4b1e-b5c4-584182a0f430,d3lay,2024-12-29T05:53:49,2025-01-06T07:53:49,194.0,neg,Susan Moore
746548ef-8360-4a30-a14c-617e0e39b574,ca9ea441-280f-4c11-be18-de46d5b0dd15, refund,31-15-2023,2025-06-08T15:45:13,151.0,positive,Clayton Palmer Jr.
b7d2709e-765a-4ffa-9b04-e142e8c2d8ca,af62c63f-7a73-4281-b868-c693494b7c2c,payment,2024/31/01,2024-07-10T10:01:13,48.0, negative,Ryan Gardner
9cb8a322-6ce7-4426-952e-4ccdbf12885c,d0861f38-c998-43f6-9d9a-8ee56fade3e6,refund,2024-10-11T14:26:34,2024-10-14T11:26:34,69.0,n3gativ3,Eric Cooper
6ad3d2fb-c96f-4c0d-a49c-097afdafbc37,c1be6d05-06b2-45cf-a5d4-557ed753244d,payment,2024/31/01,2024-08-17T11:12:05,162.0,neutral,Andrea Aguirre
f123a56d-024d-4081-8f75-280b1879eaef,c43e4961-cb44-409e-b9be-d6f729c61502,delay_,2024-07-12T15:16:27,2024-07-20T12:16:27,189.0,neutral,Cody Lyons
14784d06-cb48-4872-bbf1-33f5312a0553,3deb3f6d-4350-4031-a368-7ad30dcb12ca,refund,2024-06-19T10:51:28,2026-01-01T15:41:44.684112,130.0,neutral,Tara Simmons
9854d07c-2757-4dd8-9b59-31dab2f555fe,d4c5acd4-d143-4e8c-9d09-8a5aa3686f01,refund,2024/31/01,2025-08-16T23:51:38,63.0,NEGATIVE,Michael Larson
9e9617c4-5645-40b1-b5e1-41324b3e4149,1d87df53-0fb9-4d7a-bc6f-ff6116e42e61,refund,2024-12-16T23:17:40,2024-12-18T05:17:40,30.0,positive, Clayton Palmer Jr.
b566571d-51d7-4382-908c-aa65696b008d,60253f37-7527-4ed6-a3bd-93b2bc64a63f,product,2026-08-08T15:41:44.506568,2025-10-17T11:14:06,102.0,positive,brittany bell
43dffb04-e1b1-4c06-9006-1da2712682a8,f833f6fe-f2a2-4283-b7a6-9cd4c3e04853,payment,2025-01-09T04:31:41,2025-01-16T02:31:41,166.0,positive,Laura Shaw
45f4eaee-1cb4-4195-811e-419a590cec0a,ed3607ad-6a54-4ed0-9eae-79e92336ac8d,del,2025-03-05T17:10:05,2025-03-11T04:10:05,131.0,negative,Christine Sanchez
c226aa36-7e41-4d42-a833-1702a58c6b56,fcf2c2cc-f5e6-4d12-9fcf-ef78cdf5bf58,tnemyap,2025-08-07T20:32:08,2025-08-11T03:32:08,79.0,neutral,LORI CAIN
113aa676-f2d1-4220-aca1-be74e25380d1,b01fe56d-bd1f-4cbe-864b-f58e98c73c7c,product,2024-10-05T05:12:46,2024/31/01,155.0,negative, Sarah Thomas
b0aa4408-185b-4b6a-8935-7081ede3c9f3,5c94db98-58df-481e-9977-ddb8c5922050,paym3nt,2025-02-15T04:43:24,2024/31/01,30.0,neutral,Judy Barrera
6000d4b5-bd9c-475a-b40c-931d7d4fff3f,109be5df-4f96-489a-a1bb-c345345cb660,refund,2023-12-26T13:39:20,2024-01-03T06:39:20,185.0,neu,Guy Hernandez--
d64910ec-cb03-4fc9-8931-3e035eeb2048,40af03a0-2dda-438f-b97b-cf18a201a084, product,2025-10-21T03:12:35,2025-10-25T22:12:35,115.0,POSITIVE,Seaan Stout
3301d9d1-686f-4a2c-84b2-dcfce8f1d39f,b493fae0-310d-42bd-948d-471a78135536,delay,2024-07-13T10:29:24,2024-07-15T22:29:24,60.0,neutral,Michele Clark 
aef6bed7-9e05-49b9-af7f-675756e9757b,946f0389-0f3a-4382-b855-a079d0f61dbb,product,31-15-2023,2024/31/01,14.0,neu,Donald Villegas
a7a036c2-17ee-4812-a71d-567bbd94b5ef,1ce9ca7f-9ced-49aa-a9eb-00b107aecdab,payment,2025-12-12T28:77:10,2026-12-27T15:41:44.772280,87.0,positive,William Olson
4fd3993e-cd5c-4638-a333-30a756ddff64,560007f3-ea1c-44ba-8268-9c771c04e3d6,delay_,2025-07-04T14:27:30,2025-07-06T00:27:30,34.0, neutral,Clayton Palmer Jr.
c9a6d730-6aca-4a04-9ea5-d3ecfa3652c9,fd0024cf-5d17-46ba-be7c-c717d18ea88c,refund,2026-03-11T15:41:44.518712,2024-11-06T09:12:47,116.0,neutral,Emily Banks
1e79263e-e2c9-4351-bc0f-3d71f302943f,d1ef56a7-32ff-4494-b408-a7e419f6f902,payment,2024-01-14T17:35:05,31-15-2023,135.0,positive,Michael Larson
a2f49b92-4eeb-4e7c-8636-f4a02adca7c8,33169f8b-7d2c-41a0-b6c0-f862b28bda11,delay ,2024-12-22T11:20:30,2024-12-26T11:20:30,96.0,positive,Ashley Lucas
dedc2176-a11c-4a13-9f92-a681592a2d56,f2a86ec8-dc79-4b92-8301-e3bdcf21875a,product_,2026-07-03T15:41:44.310274,2025-04-24T18:30:00,233.0,negative,Robert Anderson
bdc0972c-ed54-4cc3-8aed-5c9672d8e9ed,80fe00e5-3dba-4a50-bb57-56ba3786d69b,pro,2025-05-12T07:16:13,2025-05-13T06:16:13,23.0,neutral ,Chad Smith
4a6b5d42-45ae-4731-bc52-33e45f07855e,35c5a852-e2f2-40c3-9f5e-244caa927d6f,tnemyap,2025-01-25T18:50:34,2025-01-28T21:50:34,75.0,positive ,Elizabeth Lucero
3152e2be-178a-4609-8719-c368cd3f504e,56eb9296-5122-40d4-b0b5-55a0a0b8eceb,refund,2024-06-04T13:17:43,2024-06-06T19:17:43,54.0,neg, Kevin Little
1d6d68ee-55e9-4552-acb9-b45edb813021,d0fcaf3a-ac37-4c7d-bc6f-77aad2de65ab,payment,31-15-2023,,194.0,positive,Mark Estrada
b2b30249-7f30-42ad-85cf-c329850d3904,f8d1b0d8-0bd2-4512-bb3b-2073c8344728,payment ,2024-10-13T07:12:48,2024-10-13T11:12:48,4.0,neu,Jacob Edwards 
fba9c600-3a4c-4d38-a824-1623b5625f6e,c29dd4d0-6a09-44e8-9598-462214cb0230,pro,2025-06-14T03:14:12,2025-06-14T19:14:12,16.0, positive,Kimberly Young
2f2914c2-ff88-44e3-95d1-6108f94180a2,65866961-a9af-4339-91cd-75e1bf633056,payment,2023-12-07T14:52:01,2023-12-09T10:52:01,44.0,positive,lisa butler
cea52122-35d5-4cf1-92ad-3fdd0fef8e77,6974f029-e1bd-4bdc-bea8-cd24ee8ec7aa,payment,2024-05-31T00:19:06,2024-06-03T21:19:06,93.0,negative,Jennifer Clark
84ef017a-c336-4c09-87a4-d27f22f6fab8,d6f2a3e0-c16a-44e3-a5ad-52bc4fa122ab,product,2024-05-19T11:17:00,2024-05-20T08:17:00,21.0,neutral,Richard Tran
1b485eaa-89b0-4e8e-9aa2-cc091c5b1903,f14753b9-bc9a-4c4a-8812-e08abd60a1a8,dnufer,2024-08-21T12:21:18,2024/31/01,42.0,POSITIVE,Aaron Mcpherson
bc94ef92-2ac7-40aa-8787-605b41efda83,cd65d27b-32da-433b-8683-294c3158ce85,yaled,2025-08-24T13:36:24,2025-09-01T04:36:24,183.0,neutral,Timothy Sandoval
68b5cfb9-1fbc-46a2-9551-247aa913d14d,cdc84f1c-fcd8-4891-b409-d156099b500c,product,2024-05-10T06:38:52,2024-05-10T10:38:52,4.0,positive,Jacob Edwards
663166af-5b28-4646-a665-4559577820f3,207039c9-ea32-4893-869f-47e38845c543,product ,2025-05-09T03:39:13,2025-12-12T28:77:10,62.0,neutral,ROGER NOBLE
d19f3863-a229-4eb7-b2a2-d1dcdc5d217e,4a2aa4ef-5504-4c60-8e60-02cfc66599b1,refund,2026-02-26T15:41:44.266728,2025-08-31T20:49:42,79.0,negative,Beth Sanchez@@
ad02174b-238d-4c15-9ba2-8fa70e1ea4da,3a20b34d-6cf1-4307-a834-dc41fc73f13e,delay,2024-09-27T20:45:17,2024-09-29T07:45:17,35.0,neutral,Roger Noble
4ebaaf5a-41bd-4e6a-af69-766d0e4d1537,da9af346-faef-4dd8-beeb-0d9eb659f0e6,payment,2025-03-25T06:33:12,2025-03-27T22:33:12,64.0,neutral,Lisa Osborne
6350f70a-946f-4d2f-9d5a-c73afa0848e8,19f9e1b7-f6fa-4313-8680-3c8162ff8228,product,2024-04-04T02:08:07,2024-04-05T21:08:07,43.0,negative,Kimberly Young
ffdd28ba-f4e6-4167-80fa-4c09ef9f2531,7c5f8562-d783-492e-b63f-b1e70d60441b,refund,2024/31/01,31-15-2023,202.0,neu,Jacob Edwards@@
edad9953-a00e-4b3d-8a7e-7034d40e649e,e2111d16-4540-4e06-ab0d-dc69c5cadd65,refund,2024-05-02T11:43:35,2024-05-12T07:43:35,236.0,positive,Cynthia Tran
2d183222-7059-4134-9bbe-5692c101b883,bea6a328-0c6c-4812-ba8b-292585f4da9a,product,2024-10-09T08:04:35,2024-10-18T18:04:35,226.0,pos,Laura Shaw--
7e82458b-cbfb-4cf4-906f-6c2f193a2525,8e387f7c-a674-4039-8994-998a6b59e14e,product,2024/31/01,2024-01-18T07:17:42,74.0,neutral, Justin Rodriguez
b1ccce14-3413-44a4-8c63-9c970663168a,fcf2c2cc-f5e6-4d12-9fcf-ef78cdf5bf58,product,2025-05-19T17:59:40,2025-05-21T12:59:40,43.0,neutral,George Leach
08687429-c4cd-42d9-a135-ffe1f8025b5c,c3a635e6-9b35-44d6-b6b1-3166ed1a4ecd,delay,,2025-12-12T28:77:10,49.0,neutral,Angela Hicks
24c4c4b2-d81d-4a4d-aea6-aac6030fc911,beea4b9e-d731-44e5-9fb0-8fd549bd3d95,product,2024-07-06T17:26:07,2025-12-12T28:77:10,92.0,neg,Donna Shepherd
feb2c51a-46e5-430f-b198-aaa65ed2920d,234a8735-8f92-4a37-a926-cc943546b212,payment,2024-05-16T00:20:06,31-15-2023,238.0,positive,David Powell
9ee631e8-8aac-48a6-9263-82920d32b5dd,3e97009e-f385-4f36-b20e-31aa9994ea51,payment,2024-08-22T05:51:47,2024-08-27T08:51:47,123.0,neg,Melissa Barry
01e2be28-f8cb-45ca-9e57-7e12114fc8f9,c2491f84-b6a3-4d6c-bdf7-035c5ce15327, delay,2025-09-17T05:51:15,2025-09-22T18:51:15,133.0,n3gativ3,Erica Griffin
85cd55c1-fec5-43eb-a19f-4dbeae6665d1,29a78a06-e10a-49b9-b2c1-0bb2b575cf1c,paymentx,2025-02-25T21:31:51,2025-03-01T20:31:51,95.0,negative,Michael Harris--
6f2b4c70-4ac7-4e6f-b2e8-ee8b9abf10c4,bbe21674-b835-4381-bf1c-0eda587d4eb6,payment,2024-02-01T06:57:37,2024-02-09T23:57:37,209.0,neu,Nancy Richardson
e3d9546d-2c25-471f-b408-085697a99ed7,34c0df58-002c-43af-aa8d-9ee17e2ada5a,delay,2025-08-19T06:19:06,2025-08-21T11:19:06,53.0,n3utral,Catherine Parker
3da5accb-cb27-40a7-b7ce-58661cb01a0a,6ac99773-6196-43b9-b291-15bcc3bf2439,payment,,2025-02-26T03:00:59,232.0,negative,Miguel Gomez
1eb10ca5-4054-4bd3-b9ab-27a2effb0c95,96b18f5b-b5f4-4e84-9d4b-aafb9f0e3ae1,pay,2025-07-13T16:36:30,2025-12-12T28:77:10,87.0,positive,Heather Parker
3620c7f2-e14f-448e-ad21-838e80bd0fa0,5de2b3b4-aa21-4e22-873b-1217a3ef3ba4,payment,2026-09-27T15:41:44.219367,2023-12-11T08:22:54,155.0,pos,Miguel Gomez--
58a8f544-3b27-476e-bc40-aca467f8aa37,1825f19d-7c15-4b45-9d9f-6f74870f68bb,product,2024/31/01,,165.0,positive,Heather Parker
3c89f83c-0605-4e48-b3b7-51951a21c5f6,7dd0d7d0-55ab-45d2-ac3e-df8917e1c100,payment_,2024-08-10T21:36:39,2024-08-13T21:36:39,72.0,negative,Savannah Kramer
21363d6c-3268-499f-8b09-7cb1bb2f0447,4bf89fa9-bd36-4518-a99a-063d128d54f7,refund ,2025-06-08T02:13:44,2024/31/01,13.0,negative,Andrea Aguirre
cfb6eff8-ab50-4539-ba5f-3e24c5f2a129,546cfc4b-11f6-45f1-872a-2fa1456a163a,refund,2025-02-28T15:38:45,2025-03-09T15:38:45,216.0,positive,Christine Sanchez
ccdcb35b-75f5-4148-b5ce-2a1e18d47f85,8afdc85c-2c0a-42ad-9c27-8deb3723e587,refund,2024-09-16T02:39:43,,14.0,NEGATIVE,Maria Woods
2cae1925-d20b-4da6-83f8-26d3c5cdd21a,adbf254e-f80b-4bae-a8dd-40fd3a51aea9,payment,2025-11-24T19:27:10,2025-12-03T19:27:10,216.0,neutral,Andrea Green
08b4a9b6-7c00-42f1-ba2b-ca24a27bbb46,f1df8f7d-33cb-4fa4-82f1-3614374c24a2,delayx,2024-01-27T02:55:31,2024/31/01,190.0,neutral,ERICA GRIFFIN
10878a81-a02f-4b11-84af-c96bcd200e3b,c2293c6d-0f1c-4837-ab37-28e2b5287af0,PRODUCT,2023-12-06T22:13:19,2023-12-11T01:13:19,99.0,negative,Cheryl Brown
b5d94054-245b-42c5-8e01-e458a581622e,1b20b776-edfd-46c1-9dbb-ddb4bb538a3d,delay ,2025-02-01T05:17:57,,43.0,neutral,Christie Thomas
5829e365-95e9-439b-9f43-002524cfa64b,bdb448e8-f23d-4e5d-8512-b7c0435fd09a,delay,2024-07-06T21:42:13,2024-07-16T15:42:13,234.0,positive,William Olson
ffe8e365-ea23-4719-9cdb-115e00af7e82,8c26c6ac-be81-43d7-9490-d2e626a83dee,tcudorp,2024-03-24T08:23:52,2024-03-29T00:23:52,112.0,negative,Ryan Gardner
22885aa4-b28b-41c7-8b28-659f8e537061,e8dc2f3f-dcba-449e-a28f-9e5dd05ff773,refund,2024-09-24T08:05:34,2024-09-28T14:05:34,102.0,positive,William Murray
1d3396bb-8f67-4c3a-914a-e0e2687e9b0a,08fd7dd3-cbb0-4e62-8b11-e2218930ee57,payment,2024/31/01,2025-07-10T17:20:32,60.0,pos,Candace Ramirez
5b600013-2e3d-4745-a987-113996332727,609eac46-64c9-4d90-93ae-cc3f0ebb7686,refundx,2026-08-11T15:41:44.221073,2025-06-18T10:32:21,225.0,positive,Kelli Wood
c0086417-a004-4ecd-9662-44b577a5fdb8,9efea9c3-712e-4482-bc4e-41994e65e48c,payment,2024-11-27T12:34:04,,189.0,neutral,Taylor White
f4a08f5b-681e-4065-8d80-29477b0ac01b,611856da-0399-4e5b-aa0f-f094898c28d8,refund,2026-04-26T15:41:44.591553,2024-09-05T22:00:47,2.0,negative,Michael Peterson
8db52c16-76b7-43b2-b561-fc7a8ed2630d,57d5f99d-4981-4fc6-a124-b5bf969d85ad,refund,2024-12-09T06:58:11,2024-12-19T03:58:11,237.0,neutral,Christopher Bush
4ff68903-079f-4a7b-bd38-3e0c4177d2a2,a3d097cd-e2d5-477a-9598-91129ab30e90,pro,2024-05-01T10:12:05,2024-05-04T17:12:05,79.0,positive,kimberly young
d741d332-6eba-48f4-9e4a-88256c2e968d,23d07a8a-f305-423c-b562-79471ea4311e,REFUND,31-15-2023,2024-12-18T19:49:30,2.0,positive,Michael Peterson
661e60bf-241f-47dc-83f9-0345e0556b76,7e2fac80-525f-4274-9448-35b038203d63,payment,31-15-2023,2024-02-14T05:16:40,138.0,neutral,Jennifer Barr MD
a8206af8-0f05-4b4b-b8c1-04dbc045a4a5,f6abd8be-1e1b-4b65-b2b8-b965949628c2,product,2026-05-07T15:41:44.209841,2024-03-22T15:11:43,125.0,positive,Paul Davila
47194673-0c84-4fac-b8a8-d2c6e1686cb4,7b1c3887-4965-4bd5-8ebe-e54c9f24edbb,PAYMENT,2024/31/01,2024-11-28T02:58:14,82.0,positive,Richard Yu
fe8b2a29-3572-49db-ac8a-3e66595ded10,da853a30-2352-4e52-81dc-0154861d91bb,payment,2024-06-26T15:54:05,2024-06-30T21:54:05,102.0,negative,Alicia Simpson 
ccd186d4-edb5-4e7e-8206-680d518ae184,338b34e1-3a44-4cc2-a944-0126c7f26a94,payment,2024-12-21T07:28:45,2026-03-23T15:41:44.994813,151.0,negative,Angela Hicks--
db069e3a-ff1f-4f3b-8f0f-692c24dab833,112cc401-2e5e-4a4c-abae-e8e6a846a8d0,refund,2025-03-16T09:35:02,,21.0,positive,Sean Stout
7a7f34d9-06e4-42af-9d19-33202e61de85,d2da6641-b9a0-4d99-bcb2-2915c8d9620d,refund,2024-06-04T18:48:18,2026-01-07T15:41:44.751047,106.0,positive,Lisa Butler
e304b387-8537-40b9-8d81-e6bca7c07935,21a003e9-a738-4ab0-8ceb-5fe3f3b20838,refund,2024/31/01,2025-08-03T08:58:57,31.0,neg,Marcus Barnes
5dff26ac-c946-4c09-a498-bd4a1ba1069d,23a2f545-419b-450a-94c7-dc8a6feba6e5,refund,2025-08-27T10:09:07,,64.0,pos,Briana Garcia 
f2937c06-97db-44cb-aa36-66077954869a,31a075c2-6ecc-4743-81f5-396810484b1b,dnufer,2025-04-08T10:31:03,2025-04-12T06:31:03,92.0,neutral,Dylan Lawson
bbf5a1b8-a8ef-42df-b9b4-dbe293a46a0d,a40633b2-c12a-4806-b809-4b70ed227a67,delay,2024-11-03T05:18:18,2024-11-04T19:18:18,38.0,neutral,Andrea Green
5ed3721a-5332-4d46-baf5-37e161847ce6,42504222-df13-490e-b430-bf7543fc37b6,product ,2024-07-17T01:34:05,2025-12-12T28:77:10,117.0,negative,Robert Smith
076adea7-fe7b-44d4-9e46-ea38493a5770,e76563ee-638e-401a-9959-a7196730bae9,PRODUCT,,2025-07-02T19:15:44,48.0,neg,Kevin Little
de6adaa9-916c-416d-9af5-3b8a171aac1b,b0b6fed5-852e-495f-a6ef-8ce9a9d387a8,delay,2024-04-30T02:24:22,2024-05-02T05:24:22,51.0,positive,Kyle Hill
57613523-8ad2-4fca-92ff-1e61182ff7a7,d64a3fc5-80ac-4126-83d4-fd9a1cc73359,tnemyap,2024-04-06T01:38:28,2024-04-11T18:38:28,137.0,neutral,makayla pugh
0e7f2585-7b57-4943-b7e1-485169735afa,5af4009d-51fb-4a24-811b-35ff3c7f950e,paym3nt,2025-06-19T05:28:24,2025-06-28T15:28:24,226.0,negative,Jessica Juarez@@
07326d69-8e2c-4886-b4f3-317bf9c35f4a,d05e37a3-afea-4812-a41b-1f8f928204c1,delay,2025-12-12T28:77:10,2025-11-05T06:14:22,141.0,neutral,Lisa Osborne
8ebbfa88-8723-40e6-9ca1-ebefbae9c30f,e5288318-51a2-4629-a438-2fec75b70f5e,refund,2023-12-14T00:29:20,2023-12-22T15:29:20,207.0,neu,Donald Villegas
4d1e30d6-99eb-4dbd-8608-099f5e985520,b779c5e2-6b0e-417d-8c38-9d1e75cff724,dnufer,2025-04-27T00:45:23,2025-05-06T22:45:23,238.0,positive,Andrea Green
50d4c91f-203a-4078-b691-51e8bd9042ca,0cdf0c1d-5193-408d-b644-1ac59d87f3ae,refund,2025-02-11T15:23:51,2024/31/01,122.0,positive,CODY LYONS
f95abab2-0c90-4f60-bf56-d582e665afc4,76c744dd-78a2-4f15-9fa2-ea3ae4e8f6a2,del,2024-06-16T12:53:32,2024-06-18T06:53:32,42.0,neutral,Beth Sanchez
5a3dc0a9-4882-448c-9004-0d0fb98caf3a,bc2af34c-fd25-4675-9fa5-fb7ff27dedd8,refund,2025-12-12T28:77:10,2024-04-01T12:22:18,182.0,negative,Yvonne Galvan
fddb58fa-3321-4b67-b981-48e81f6402b4,4682374f-5ecf-4aa1-96e4-a1343e0304a5,refund,2025-12-12T28:77:10,2025-05-07T05:01:04,173.0,positive,Susan Rush 
73ed4435-d639-4c10-b337-c3201aba67e2,16271b84-436b-4cc5-acb1-6e93e03a8494,REFUND,2025-12-12T28:77:10,2025-02-25T22:26:07,19.0,neg,Robert Ray
9725c419-35be-4e41-9820-611fbee9b255,cd1a4d11-a001-4e51-ac5a-2e84f9442c00,refund_,2024-05-17T06:04:20,2025-12-12T28:77:10,215.0,positive,Logan Young
fb30c95e-b200-44cf-8ba0-7e54467d2e42,23f19af2-dc08-4681-adea-6658c79db76c,PAYMENT,2025-01-19T13:46:18,2025-12-06T15:41:44.884437,92.0,neutral,robert anderson
69dc05c2-79f9-4342-81e6-e98142146738,17e12295-183e-445f-839d-743c0f0f7ad1,delay,2024-11-01T23:08:12,2024-11-06T15:08:12,112.0,positive,Lisaa Osborne
1563c37a-e6d1-4677-8de1-25b0f9efd689,ef7e9908-48e8-46b0-8f87-53f610914e76,delay,2024-01-16T17:43:59,2024/31/01,1.0,negative,Julie Bishop
bdbd4dd9-dfdd-47e0-aed8-627bcb26eaa2,5e462e95-c2f3-4d8c-b6b1-b18307f2e6bb,delay ,2024-08-01T16:25:32,2024/31/01,156.0,positive,Eric Cooper@@
2177f770-995f-4d37-9638-53d8aa107f73,1805a327-dbd7-49bc-8ef0-41b81329626e,product,2025-09-07T08:07:45,2025-09-13T06:07:45,142.0,positive,Angela Hicks
783d0ef3-95c7-4b02-a416-8a57111fb8f9,3bb00e58-5e4c-4e15-b12c-d0fb632eb648,tcudorp,2025-10-14T21:11:27,2026-09-19T15:41:44.867194,19.0,positive,Catherine Parker
70bdb895-0c77-4b27-81b1-dc4798d88c35,9cd614aa-fd10-4f2b-b7d3-5167a2e14ae2,product,31-15-2023,2024-11-25T13:56:07,103.0,positive, Elizabeth Hunter
39ab9a71-7d54-4f4c-ac52-4d28147a6ca3,6ff94e63-6ca1-49db-8e79-7d98fa0bc2dd,refund,2024-01-31T22:00:56,2024-02-08T00:00:56,170.0,pos,Marcus Barnes
413f52dc-94dd-434e-b206-1153a38cb518,29e0f092-298f-44e3-989f-633feee5ecce,paym3nt,2025-11-10T01:17:30,31-15-2023,135.0,negative ,Brian Rowe
b83d8d7b-b053-403a-a799-59c121a2a49f,41ae23e4-3c2c-4b83-ada8-d0b213a401b7,delay,2024-12-24T10:52:15,2024-12-26T08:52:15,46.0,neutral,Jonathan Alvarez
9ada5d08-dc64-48f6-b7d2-e0dc11395a60,443ce36b-86a8-40e3-ba06-1eed8ba0fa0c,product,2025-01-17T00:17:26,2025-01-17T10:17:26,10.0,neutral,Derek Stewart
17f58e28-f753-438c-857f-3335f56a6dd5,4ef683a0-e643-4ee9-90fc-79f5495ba2df,product_,,2025-04-08T05:22:15,150.0,positive,Brenda Wilson@@
f5eb90e1-8bdd-40a1-8356-53609718db6f,693a271e-8151-47fd-bf01-11bd7beb847a,PAYMENT,2024-10-16T14:08:28,,95.0,neg,Kathleen Jackson
e543cb40-6699-41ab-a4f5-9ca2c481d3ab,62c670b5-becd-4b98-b941-8a044cb3d812,refund,2025-04-24T06:37:34,2025-05-02T16:37:34,202.0,neutral,Brenda Wilson@@
12ea9a45-68ad-4f23-bf8f-63348b72b1d7,6020d3e6-e339-4393-a2d4-ac965cb2fbdb,refund,2025-10-17T12:46:39,2025-10-23T00:46:39,132.0,positive,Richard Tran
0cb7c041-a66f-4d5e-bc58-9368376faa46,427174eb-2d9f-4a97-a7f1-fed1d2c1dd24,yaled,2025-08-14T07:58:25,2025-08-15T06:58:25,23.0,neutral,Lisa Osborne
be2f1b28-5963-4c9a-9293-1a0bcee1e48e,275a448b-908c-42f1-ba87-a42adcd13bdd,delay ,2025-02-13T04:14:09,2024/31/01,202.0,negative,anthony skinner
c79bc45d-1bda-4ec2-b675-cc28445391ad,7eda6994-acc1-4e1e-8f04-195fe015ab34,delay,2024-04-01T10:52:32,2024-04-03T02:52:32,40.0,positive,Desiree Hill--
5726ce8e-f231-4b17-821a-6b0beaec3030,2840af60-6e6c-4cd7-a312-8be55205bbe6,refund,2025-08-30T13:22:43,2025-09-03T09:22:43,92.0,positive,William Murray
1e8753f0-2981-490a-88e9-b733721deb8b,69986f87-7bcc-4f4b-8524-b3d454a743c8, product,,2024-05-28T01:24:42,213.0,pos,Micheal Cline
88643afb-cd90-426f-8d3a-a12016d804d7,ef1d2967-480e-46cb-aa21-8167d486f1c5,ref,31-15-2023,,142.0,negative,JENNIFER BARR MD
eba5403b-ab80-44f2-b65f-d65c09b47605,50f9a749-eaed-4c56-8580-866c75bad0c1,refund,2026-04-19T15:41:44.365203,2025-07-08T01:50:15,50.0,positive,LISA OSBORNE
2aa80851-f2db-4cdf-86b9-b50755e279dc,323b53cd-c9e6-4e23-8c22-dd04de35093a,product,,2024/31/01,21.0,positive,Savannah Kramer
2b3f05dd-94fa-43b6-996d-643e2299ca7a,dd54ee7c-899d-438b-876e-e99efb8b91bd,product,2025-06-15T19:07:33,2025-06-21T14:07:33,139.0,positive,Christie Thomas
cc950e94-2279-4525-93f8-1c32b3afd310,67593a5b-01b5-4b39-8302-95bc0f009caa,del,2025-01-02T08:28:28,2025-01-07T12:28:28,124.0,pos,Crystal Walton
5fd60a19-2a6e-4b88-8058-8cdd3b5d5546,b69049d1-9a55-4e1d-82e7-6b9e889dd889,payment,2024-10-02T03:56:45,,12.0,positive,Desiree Hill
1cabf345-317f-40ae-a2ee-ab4cdfd5ccc5,d0cf9f7c-92f4-44d2-b451-0ac79ddd1379,payment,2024-03-20T15:38:36,2024-03-30T07:38:36,232.0,negative,Derrick Walker--
035a4431-faf9-45f0-b5c4-42abef0651b1,c77377db-315e-4fdb-b0f4-ff404a9b25e9,DELAY,2024-03-11T04:28:43,2025-12-12T28:77:10,140.0,negative,Sonia Alvarado
7cd64b58-31b5-46d0-bf32-7af787fdd9ec,ec04d7cb-5f13-4a18-9510-8de9c619d7db,delay,2025-03-26T02:51:04,,189.0,neutral,Emily Curry
9184750d-7abc-4bfc-ab9d-2769faf6389e,17df5b6d-1f88-4d26-8c09-293a2e57033a,delay,2025-04-18T01:20:34,2025-04-22T18:20:34,113.0,neu,David Powell
7e774ae4-a65a-4c64-a98d-d2ab7d6e09f8,49dedc4f-2abd-4ed4-a575-eb44f18f5cca,refund,2024-02-01T21:23:55,2024-02-10T14:23:55,209.0,positive,Elizabeth Lucero
5438dc6c-4acd-4ff4-8c98-44b46ab74634,3d7f4880-f5f2-4090-aaf2-111d69c0808b, product,31-15-2023,2024-10-17T10:30:00,13.0,negative,candace ramirez
30d54f69-f27c-4a49-be3b-adcb2e880cb8,dcf94f06-c345-40d0-ac66-4940c271420c,product,2024/31/01,31-15-2023,131.0,positiv3,Katherine Hunt 
2ebd5606-4267-4b70-97cc-e4444c0e21bd,4b18fe16-c798-4b42-867e-e9f6cdf74000,product,2025-03-23T14:51:54,2025-03-29T21:51:54,151.0,NEUTRAL,Logan Young
4b416bf8-7d8a-4175-a95b-f32e57df8218,82faa757-bdb0-4885-90a2-8fa9aa2a318b,payment,2025-12-12T28:77:10,2025-01-18T22:19:18,62.0,neutral,Peggy Lee
80474897-e2f6-4277-bd94-fcd70d2f8deb,0746198f-4592-43e7-9e32-eaae34c4481b,delay,2025-01-22T04:06:36,2025-01-23T01:06:36,21.0,negative,Derrick Walker
39e04e8d-b449-4cf3-a163-8331c74fe43e,05ec186b-8f4f-4455-bd23-9cd6ffeb76a3,product,2025-07-16T13:16:18,2024/31/01,207.0,neg,Eric Moore
07202f03-f0b1-477d-a0dd-f74e819105be,c832bc8e-bf3b-4cd8-89e2-cb421ba6e210,payment ,2024-10-05T16:20:48,2024-10-10T16:20:48,120.0,positive,miguel gomez
4f2db03c-a5cb-4183-93c7-1a6d1f8f8aa6,6c76e03d-48c1-4da0-a565-5823273b88cc,refund,2024/31/01,2024-03-25T13:37:20,144.0,positive,Julie Bishop
124eea07-d40a-4d67-ab80-bad117268df9,1d41095b-e5cc-4903-a123-dcf927f60ada,refund,,,25.0,pos,Desiree Hill 
a1746d9c-3fbe-445c-aeda-6f5c3c86c97a,9aa5e2ed-a57c-4386-b57f-9aa5648c46be,paymentx,2024-03-15T22:08:40,2024-03-21T23:08:40,145.0,positive,Cheryl Brown
6c230de4-17a0-4661-8c3e-18785e82bdf1,6c3abab0-8d18-4c34-a10e-a2cd87934f8e,product,2024/31/01,2025-04-18T05:07:07,112.0,positive,BRYAN THOMPSON
707f6611-db56-48bb-916a-837843501ab9,7b8c5130-5817-4016-94a7-c9f44c86c3ec,delay,2025-11-25T13:22:59,2025-11-30T12:22:59,119.0,negative ,Sonia Alvarado
36b1cb84-141e-47f0-9d43-ceefc257c319,d2642fbd-7190-4c4a-a446-0730a8095c28,delay,2025-10-03T15:22:28,2025-10-10T04:22:28,157.0,negative,Felicia Glover
7bdc258b-9cec-475b-8426-82ae68fbc282,8b19ddb7-dc1e-4008-9961-bc413e501d99,delay,2025-03-04T16:06:59,2025-03-13T14:06:59,214.0,neutral,Robert Ball
2ad9d86e-4065-4bce-bedf-8bfa9dc09190,b43e6927-e03b-4639-b87b-c5400d59434a,paym3nt,2024-02-18T23:02:27,2024-02-25T12:02:27,157.0,positive,Erik Thompson
a4d39532-eca6-40fb-bd3d-9b07175543c8,69aac64d-9246-474b-8298-14839c76a475,delay,2024-03-03T23:45:33,2024-03-06T21:45:33,70.0,negative,Julie Bishop
06bc119c-7b4c-4190-b7df-de2628dc6e8f,01374c17-e325-4c87-9ae9-f1e5cad73781,delay ,2025-08-28T12:52:53,2025-09-04T02:52:53,158.0,positive, Christian Juarez
f6d8a9fe-959e-4729-94dd-c70863e8ffbd,88efa946-6af2-4562-8899-dd5369a9f48f,product,2024-07-11T03:24:23,2024-07-15T07:24:23,100.0,positive,George Leach
423cf768-22aa-417e-8ea9-5e70dc790a45,7386fb74-827f-49c0-aebe-f7e58537d5de,payment,2025-07-29T15:43:31,31-15-2023,34.0,neutral,William Murray
ff34c930-572d-43a3-b959-1d9c384dbc4e,0f208d0c-58b2-4f29-aa1e-b58344bd6b16,yaled,2025-07-04T12:24:53,2025-07-07T18:24:53,78.0,positive,Felicia Glover
f42f1e27-6506-42f1-9cc7-3c18efa7013c,0f36325d-ab21-40ea-9898-3b29f26a9deb,refund,2024-01-29T10:14:25,2024-02-04T03:14:25,137.0,negative,DAVID JONES
1c61db62-ec48-4e09-b9aa-b1865d84260c,c7e33e87-30ed-4a2f-bca3-183ca5c4dd92, delay,2024-12-09T16:22:08,2024-12-16T18:22:08,170.0,neutral,Samantha Allen
81423cc1-b113-4948-8c2c-841fac931c23,e1154f65-9f4b-4192-8ee0-692099e0c3d3,refund,2025-03-28T12:19:19,2025-03-29T06:19:19,18.0,negative ,Christopher Washington
4079396f-98b6-47f1-8295-c5e5646dcb52,91696b7f-3e5d-4b44-941a-cc8b54a27ab8,delay,2026-09-03T15:41:44.481313,2025-12-12T28:77:10,166.0,negative,ANDREW GARDNER
eced036a-ad6d-450e-aeb1-ecefee4d5c99,42c7e87a-5d6a-41dc-b500-f6557fe68b1b,payment,2024-02-15T18:07:11,,131.0,positive,ANDREW GARDNER
195d4ad2-2d60-4714-8df2-0dcec6a449aa,7552dea1-d147-460d-abe9-66c6e604d1cb,payment,2025-08-31T17:34:35,2025-09-08T03:34:35,178.0, negative,Amanda Garcia
6fe417ea-1c22-4643-b645-fe041624037b,7383f286-aed4-4f9a-b37c-477e139f2a75,delay,2025-02-27T09:55:47,2025-03-04T01:55:47,112.0,positive,Dustin Parks
4cef112b-13b8-4338-9018-253dff34e8d1,4d0c81e6-18f8-465c-9b67-7ae9f2f73a70,payment,2024-05-24T13:13:13,2024/31/01,71.0,neutral,Juan Arellano 
f0a5ca84-6ed2-4f05-8047-464bba7b818d,fbc2ac91-0c3d-4254-b03a-c7dd123f34f3,payment,2025-05-13T00:58:13,2025-05-16T05:58:13,77.0,pos,Ryan Gardner
5377e98d-7e25-47a0-bea2-21c4e3b6643a,db885377-0eb9-4aec-a31d-cab7ed9dd4e3,delay,2024-02-12T03:04:46,2024-02-12T05:04:46,2.0,positive,Juan Arellano
343a88cd-d316-4f89-b9ed-3e43ef2d05cd,29320371-9f9c-4b15-a14b-8550df6986ba,product,2025-07-26T11:27:39,2025-08-03T21:27:39,202.0,neu,Jason Marsh
00e28a66-e054-446b-ac94-1480f00eec76,eb4e13ea-64dc-4750-9edf-326434670bd3,delay,2024-09-17T03:16:13,2024-09-22T06:16:13,123.0,positive,Julie Williams
60aeeb7e-2326-46cc-9d5e-e04453bfd35c,f86c82df-8d69-4399-a687-06a1077a437d,payment,2025-07-30T23:28:19,31-15-2023,11.0,neg,Savannah Kramer@@
7562857e-6897-42b4-9984-460b8d7cb39d,88f75ebf-2d23-4480-8bfe-fd054410e5fd,delay,2025-11-12T22:12:09,2025-11-14T20:12:09,46.0,positive,Donald Villegas
b68c2d3b-a8f0-41d6-9f54-aec982f44697,ae3077c5-a73c-47e8-a3d6-1da18a48beac,delay ,2025-07-11T09:24:47,2025-07-14T16:24:47,79.0,negative ,Kathleen Jackson--
aa1d1b7b-c18d-4a0d-8729-e3ea91c3cee6,f3ea3c64-5e02-4b4c-8bad-4bfb92b37927,refund,2024/31/01,2024/31/01,135.0,negative,Robert Ball
39292fbc-ac9c-4851-a7c3-48acf8da3e44,f729cd4b-7294-4efd-be9e-d55a1a9d3949,payment,2025-12-12T28:77:10,2024-05-04T17:55:32,182.0,pos,anthony skinner
278f6b2e-ef04-4777-a499-d02cda03917b,c6192d0f-5102-4503-88de-b7934a9465fb,tnemyap,2025-12-25T15:41:44.329490,2023-12-13T11:48:09,82.0,NEGATIVE,Chloe Singh
95ed3d20-e7cd-43e5-a4ba-e95bb5ff70fc,e2a73460-79bd-4019-959e-c7180271966a,payment,2025-12-12T28:77:10,2025-05-28T19:00:45,101.0,negative,steven cherry
120a9b1f-75ad-4d59-97b9-8b03da2ca758,af15f268-ff77-4d8f-a73e-6854cc3233f3,product,2025-06-11T07:44:41,2025-06-11T15:44:41,8.0,POSITIVE,Sonia Alvarado
d6d182ae-e887-4abe-8d58-f927c7f0f731,bf4e3ff5-40dd-43c5-bf72-db106d1bfb3e,refund,2024-03-01T07:05:43,2024-03-02T04:05:43,21.0,neutral,Michael Faulkner
f5cbb233-ff1c-4a50-b912-01903d1dc911,2173672f-e906-4da1-bb5d-1cf521692cb2,delay,2025-05-13T06:30:06,2025-05-13T09:30:06,3.0,POSITIVE,Courtney Bailey
7b9f1975-0b05-4fa4-80d1-15011c3d9dff,8f84e23e-092d-49bd-86f8-ec739e8b2b2d,refund,2025-03-12T08:24:14,2025-03-13T00:24:14,16.0,neutral,Jessica Ryan
9266d2bf-6839-40ca-aa45-524dafc9024a,728622ad-780a-4e86-a15a-bb33e1c94c5e,refund,2024-04-24T01:11:35,2024/31/01,39.0,negative,andrea green
e2070195-29cf-428e-ab0f-391cd2ab242b,2b0c1f34-c2a5-4939-bb78-e044c1f98450,refund,2024-12-19T16:48:06,2024-12-29T08:48:06,232.0,neutral,Gregory Mcguire
c7bae8b9-d029-4d25-bae0-9139aad2f0ae,e2793d53-e275-4b7e-9bf8-cba4e8cae81c,paym3nt,2025-08-22T18:15:55,2026-02-27T15:41:44.827986,183.0, neutral,Lacey Krueger
a459d9cf-0ea7-4b46-bc5e-c63e424ab6cb,8f1a37ee-8701-47d1-8354-32d9e228fed9,payment,2024-03-10T13:40:13,2024-03-14T19:40:13,102.0,neutral,Jennifer Clark
1ab3b57a-e352-43b1-bb17-38eb6a68e21b,6962e0be-a560-4f8e-b892-36eca084d15d,refund,2025-08-31T04:57:02,31-15-2023,228.0,negative,Andrea Morales
bfa14a8a-2d16-41ad-bf1a-c1aa3447a0e0,341db2dc-33a1-45b0-8d51-87af08765b14,payment,31-15-2023,2025-04-21T21:56:20,199.0, neutral,John Powell
6f0cdf2b-3739-43e3-887e-2481adda5c52,068f5e31-77a9-4452-90d1-ee6ebcf67500,product,2024-01-01T03:32:01,2024-01-09T18:32:01,207.0,neutral,Julie Williams
66183104-4eee-4471-b19e-7f14db52210a,5560cc6a-7f85-4be2-b10b-b5c30013d76d,product,2024-05-27T20:04:25,2025-12-30T15:41:44.859651,127.0,negative,Tammy Jones
36666402-45d1-4405-92a6-443b42b64d8b,da4789d5-fb56-4282-9294-7cc41c2de031,payment,31-15-2023,2024-04-22T23:25:11,134.0,neutral,Sonia Alvarado
3e6b78d6-84e9-49b3-b600-c4929fd11278,9fd5cabe-444e-4f6a-9c0a-671e5a4cc5fb,payment,2026-11-23T15:41:44.468330,2025-10-19T18:44:27,208.0,neu,Donna Shepherd
f293f6ad-acfd-43ea-868d-691429f9f0c2,e27a25e8-553b-4d49-a695-9b667eb040ac,product,2025-03-02T09:57:53,2025-03-04T23:57:53,62.0,negative,Alicia Simpson
bc90aa46-e16e-4b6b-94e0-1f95ee20f2e6,02d2a935-1985-4d12-b244-0201d7c8ad0e,refund,2024-08-26T07:21:55,2024-09-01T02:21:55,139.0,positive,ruth morris
09a93d07-11d7-4a3f-93df-3e7beedc8478,2482f60b-b238-465b-a1d5-8e9930b344b9,delay,2023-12-15T09:48:25,2025-12-12T28:77:10,190.0,neg,Briana Garcia
7e8f5081-f96c-4467-a68b-db82def5c0a5,6b71b0b0-f77d-4f26-afe5-afbfadb8987d,pay,2025-06-04T10:25:09,2025-12-12T28:77:10,173.0,negative,dylan lawson
503a2bbd-34f0-41c2-b8e2-2a9ed53f64be,da03f953-164c-42e5-bf72-fe59117a9c69,delayx,2024-07-26T14:50:00,2024-07-30T23:50:00,105.0,neutral,Kathleen Jackson
c04ed104-b0e1-4360-ae4e-a2b931a2a10d,7d0097b1-fdd5-427d-9e48-d4ae9a2406f9,delay,2025-06-02T04:47:40,2024/31/01,152.0,negative,Ashley Lucas
f8c1237d-7618-4d2c-9f60-7584e1b2bac6,66325fc7-4b59-44b6-939f-5c791a361f21,product_,2024-07-21T14:51:51,2025-12-12T28:77:10,29.0,positive,Crystal Walton
568c298b-7b0b-49ef-ba84-3ce06d64e3a6,cf52e131-df95-4d66-8c36-14e76a9b8583,delay,2025-05-07T00:50:33,2025-05-09T07:50:33,55.0,negative,amanda garcia
291ffea6-b310-4dc9-981f-48d8dd4ba13d,0708edf3-6e19-4bb2-830e-a8fcf1a5f63f,product,2025-06-10T20:10:49,2025-06-16T06:10:49,130.0,positive,Yvonne Galvan 
51664c22-588a-4559-9ed4-3e48cae1768a,c0d02ac7-205f-4688-9d81-3305d5dc1089,product,2024-02-29T16:10:26,2024-03-09T02:10:26,202.0,positive,Yvonne Galvan
0df4c276-f6c8-4f50-8a4c-0e85919a7386,670cebe4-387a-4911-88d6-815ce97da540,delay_,2025-03-23T01:44:14,,70.0,neg,Donald Villegas
0b6bd6d5-4308-4bbd-9c91-795ca128522c,2187f564-76c3-474f-9f1f-7cfb2f66f97b,PAYMENT,2025-12-12T28:77:10,2024-12-09T21:27:49,215.0,negative ,Andrea Green
00ae802a-b5a3-4fb4-bdaf-6b87984bbc69,5f2d629f-5066-42b7-8fb1-e7da34215fb1,product,2024/31/01,2024-06-28T10:20:12,174.0,negative,Jonathan Alvarez
36e4296e-7c79-4d52-83fa-204828745935,8cac9f59-b8d0-4b86-ae72-98c6d3ac29d7,d3lay,2025-05-05T18:04:04,2025-05-11T03:04:04,129.0,neu,JESSICA RYAN
37871977-b40e-4360-be5b-bd667a9b537f,9f9de701-cdd4-4fd8-864f-659c5ad87970,product,2025-09-23T04:51:03,2025-09-27T08:51:03,100.0,neutral,Scott Larson--
e2bea10d-327d-4f64-a6f2-87074528d68d,62fbb9d0-77ab-4470-b6ba-25c4e4daf974,refund,2025-01-12T01:06:32,2026-07-30T15:41:44.909362,196.0,neutral,Eric Moore--
839db425-ebc8-4801-9306-268d8f8a7fac,0de1c833-cfdc-4668-b19b-7125536b1121,refund,,2025-11-09T17:00:10,68.0,negative,Margaret Morse
4bdf509e-51ef-4794-a670-d5440429eb1a,614cc676-830c-4bfc-b7d5-cdfe5bbee3a3, delay,2024-11-09T15:53:26,2024-11-16T21:53:26,174.0,NEGATIVE,Andrew Gardner
7a4ef9dc-d941-490d-8f28-e7ed9ce42736,bf614111-62ea-4b93-b3cd-4bb66b9afa0d,REFUND,31-15-2023,2024-10-21T04:50:45,136.0,negative,Dustin Parks--
dbb5968a-40e1-4fc1-b831-84030c602e97,d9cbdd09-f2e0-428f-9a74-28bd7b990750,pro,31-15-2023,2025-09-12T08:06:28,220.0,negative,Leslie Alvarez
d92ef4ce-fddd-4f8d-8288-b490b36e0a5c,9076c301-2ea5-4b2b-92a4-7c97c29c8366,delay,2025-12-12T28:77:10,2024-05-23T11:17:38,195.0,neutral,Raandaall Hendrix
3fec5865-f2ba-4843-ab99-4618fcdc3811,2fb18354-45ec-4a78-8574-362e8e687a92,payment,2024-05-17T00:11:21,2024-05-25T19:11:21,211.0,neg,Michael Smith
efb997c7-354b-40d7-ba99-b0ad921775eb,f670aa2f-97f0-4920-9ca6-8597c9697c33,product,2024/31/01,2025-10-01T20:00:51,1.0,positive,Dustin Parks@@
c94c787a-dd8f-4c4d-a128-a7ba096b94f4,5f94f068-cf02-42a6-90eb-80c35d0560a8,payment,2025-01-21T16:01:35,2025-01-27T06:01:35,134.0,neutral,Kathy Berry
02a4a87c-b042-47b8-9bf4-24bbdbc7f54d,64666fec-7de1-4e43-a74d-bca5dce4cdcf,payment,2024-08-29T23:05:42,2025-12-12T28:77:10,210.0,neutral,Christopher Washington
7b615975-552d-42f5-ad70-907553ad8e9f,ff7317ad-4123-4e98-bc1f-2fdba03b25c9,delay,2025-12-12T28:77:10,2024/31/01,208.0,neutral,Sara Hogan
7752fc22-8fe7-44bf-a699-02e6d2d8b95a,7e5ee9aa-8d0e-4ae1-9b1d-0967487affcc,r3fund,2024-09-01T16:36:10,2024-09-01T23:36:10,7.0,neg,Taaraa Simmons
40fee522-9961-4c75-a574-e8aee23f3a28,0fa4098e-f996-491c-97b1-c4edd6f46506,payment,,2024/31/01,83.0,negative,Matthew Johnson
ef13e9cf-8541-45d9-a7de-2fff68c156db,555acb23-7549-4b4b-af74-7efaa6b9f060,refund,2025-10-06T00:21:50,2025-12-12T28:77:10,104.0,positive,Kenneth Wilson
02d6edb0-2f71-4b34-ada5-047b18ebf860,4f1a713b-006a-4e89-9d6a-dbb0993c11dd,delay,2024-09-26T03:57:40,2024/31/01,68.0,neu,Jason Marsh
f4149923-16c0-437f-8c43-99ac9e655d18,65508545-88f9-446a-a2ae-5d2c972a8230,product,2025-02-07T06:58:56,2025-12-12T28:77:10,54.0,n3gativ3,Randall Hendrix
90ee6fd2-df66-4062-a24d-7a5452a5c955,fd147b91-1b1c-440f-b6ad-66a7dd02aad9,pay,2024-11-09T10:50:23,2024-11-16T13:50:23,171.0,pos,Chad Smith
6734384c-a964-4d51-bfb1-1addb137318d,79684e53-6b99-4427-825a-81d63b28dfcf,delayx,2025-05-10T02:57:41,2025-05-17T23:57:41,189.0,positive,Christine Harris
6cc577b6-80c3-45b9-9754-67c414db06ff,4bd83b73-10eb-41b4-bc6c-9ef591ab193d,payment_,2025-04-26T02:24:34,2025-05-05T19:24:34,233.0,positive,Jacob Edwards
e60ae37e-7cc3-4d64-bf01-4feee1990cc3,6f42a305-3237-4450-a459-696f921459c2,product_,2025-06-03T04:50:42,2025-06-06T02:50:42,70.0,negative,Derek Stewart
c58b2947-4928-46f3-ae62-3d2c259c3330,8e6bde7d-73be-4c27-a92f-63009857ea4e,pro,2025-07-23T09:28:41,2026-12-28T15:41:44.679634,27.0,NEGATIVE,Saamaanthaa Ross
b8518548-3071-44cd-aa3a-800b466e550b,8f2ac51d-99db-43cb-a1bd-1374250726c3,delay,2025-04-18T06:17:03,31-15-2023,98.0,positive,Jennifer Clark
34f71375-5076-4676-b949-2829ed4cfc3c,2e00f0c4-b390-4162-befe-8561cd7e8908,delay,2025-03-12T19:43:25,2025-03-15T17:43:25,70.0,pos,DESIREE HILL
c9e03258-76c1-4080-9dd4-6542ba63da46,da9e3d2d-5977-42f9-a281-1b6bb80d719c,delay,2024/31/01,2025-01-02T13:18:21,84.0,neutral ,Kyle Hill@@
3840ff20-a0cb-4c93-b97d-d82f37f094dc,38c90056-3ba3-4dbd-9f56-62a532fecce1,refund_,31-15-2023,2024-06-20T11:37:08,78.0,neutral ,Samantha Smith 
97858b32-fc02-4c91-8fde-4a856dfa5a6f,5de5788e-1e62-48ad-a6b4-b8319ade74dc,delay,2025-06-04T05:51:32,,216.0,pos, Donald Villegas
8cebf956-3f9a-4360-b9bb-4837ddb2d560,73763c64-e488-40ce-a3f0-c630d9e79b55,product,2026-06-21T15:41:44.575958,2024-01-04T01:29:47,24.0,neutral ,Justin Rodriguez
ddfa6ab5-7d6e-4df5-adcc-6eacc8ad3cca,f4a29466-c833-4b7b-947a-6b6f8a3dc8c3,product_,2025-02-07T07:38:20,2025-02-11T21:38:20,110.0,negative,Angela Hicks
ebf64921-3ba6-46be-9d34-c7940a4d474d,9bbeb65c-028b-4b04-a316-f0ee054b9f3d,payment,2025-12-12T28:77:10,2026-09-27T15:41:44.644471,166.0,neutral,Randall Hendrix
b9331ccd-42d8-419b-958b-b5377c139ec3,b4ce2bdd-5936-40d8-9bb1-4017b29c7054, product,2024-07-28T13:12:18,2024-08-02T06:12:18,113.0,pos,Jacob Blake
6d9c8f12-ee53-473b-91fd-1f9df1a8f0a0,6c0ab9a7-c50b-4a03-9281-92259cc434ec,payment,2024-08-05T21:35:30,2024-08-09T00:35:30,75.0,neutral,christine sanchez
21518613-43f5-4ac3-866f-ce078685f8ee,85f54d16-1652-4f7c-9552-43e599d86710,tnemyap,2025-09-16T19:52:47,,185.0,negative,Laura Shaw
3a381d39-8d48-432e-bfb7-107afaf7f548,8f86f89d-9e59-475e-856d-5d4dd168fbf0,refund,2025-01-23T00:11:55,2025-01-23T20:11:55,20.0,neu,Christie Thomas
6d990a2d-5795-4ca4-aa90-f9db73e152af,dd014885-a7ed-4adb-a09f-e7611222a954,payment,2025-08-31T08:22:54,2025-09-05T12:22:54,124.0,positive,Miguel Gomez
ee2e0226-6ba1-4a2f-b959-a7363ac7a7f6,87a2448c-b515-4710-bf41-26e765285295,paym3nt,2025-12-12T28:77:10,,22.0,negative,Laura Shaw
6f9b981d-8937-4243-9347-52683e5db42b,2aff57b3-3243-406f-b347-99f6c8d65804,payment,2025-09-09T21:25:34,2025-09-18T03:25:34,198.0,positive,Robert Ray--
219dc029-7cb1-439b-83ed-df6cede06768,ec93257f-ce9b-4ea2-8e82-4d3ced28e750,refund,2025-12-12T28:77:10,2024/31/01,104.0,negative,Richard Morris
713efe1a-86fc-46d1-81e9-53ca4f5a31d4,4a401d53-f8ca-4edc-9582-487628cd667d,product,2024-08-26T21:53:17,2024-08-28T18:53:17,45.0,neutral, Joseph Anderson
15a46e68-2f7e-4cb3-ac9a-1f98ed8509bf,6fa86b05-db62-4f13-a96a-d19366d63b6a,refund,2024-06-01T02:00:11,2024-06-04T08:00:11,78.0,NEUTRAL,Jeremy Armstrong@@
8ed0cb10-e739-4cbe-9387-36caea166bf5,5dac4714-2975-4be6-8ffd-ad51e1175673,delay,2026-04-25T15:41:44.322020,31-15-2023,214.0,neg,Robert Raay
ab7b3d8c-b2f6-41ea-b17c-f576b095b8a7,a5d24a4a-5c9d-40f9-a59f-e1e117a7fe17,payment,31-15-2023,,54.0,positive,Michael Zavala
4dd4e5f8-8899-41cb-a86b-f0bcb608a039,5273de3e-c51d-45b0-84d6-ac21c10efb56,ref,2025-12-12T28:77:10,2024-10-10T05:09:00,108.0,neu,Deanna Smith
40af4627-10fe-426d-acad-781c9e2ba8d1,e2a3eeaf-39e6-4fa3-96e8-3af5aff69753,refund,2026-08-18T15:41:44.340961,2025-12-12T28:77:10,176.0,negative,TARA SIMMONS
9b822a2f-5048-47cc-a5f4-c63fec0e6f24,be075992-c75e-4e01-be47-21bf9dc069e5,tcudorp,2024-02-09T19:02:05,,236.0,POSITIVE,Samantha Allen
1a05102d-98da-4919-9cb7-b33c1a904eb0,dbcc231b-f392-4d5d-b901-1a0f6e48dcdb, payment,2024-11-22T17:04:04,2024-11-29T07:04:04,158.0,POSITIVE,Maria Woods
5c882ee7-ed8b-41d4-b021-8a0718b9e6a8,442b3828-5c9e-4481-b4e1-1eae14924140,refund,2025-12-12T28:77:10,,135.0,negative,Joseph Anderson
c30c8db6-3075-4112-a0d5-08107b75b77d,06a04add-e13d-4cae-94d2-2fc6decb22fc, product,2024-01-14T14:38:47,2024-01-14T15:38:47,1.0,positive,Lisa Osborne
cd4ec567-bb71-4200-ba32-937edf3369fc,63b2e148-e405-40a1-906c-b4e2b2894773,payment,2024-12-09T16:55:44,2024-12-19T11:55:44,235.0,neutral,Bradley Chase
676d6472-2431-4fe9-beee-27c944bfda6d,2cb08e1f-bbed-40db-9088-f0946e931c58,payment,31-15-2023,2024-10-05T10:54:53,63.0,negative,robert anderson
70d69f4f-2682-4cf8-8535-183ad3d4d71a,5e462e95-c2f3-4d8c-b6b1-b18307f2e6bb,payment,2025-04-14T22:02:09,2025-04-22T16:02:09,186.0,negative,Donna Shepherd
5d805fcd-6678-4a1a-ae15-2ca28bc898c1,96ef62fb-1537-45fa-ac70-ad5f14f1d816,refund,31-15-2023,2024-06-15T23:08:33,135.0,pos,Jeremy Armstrong
d604920f-70b0-4398-9be6-32236de61e03,9eab1ce1-6973-495a-a75d-7340739c96c8,refund,2025-09-13T04:55:23,2024/31/01,134.0,neutral, Terry Taylor
7afd983a-ef77-4fad-b089-1582af0bd1bd,947ea32d-0902-4a1c-941d-47b55cc24fba,REFUND,2024-12-22T14:01:26,,64.0,neutral,Susan Moore--
8c26484a-6378-4ae5-9a1c-162e74055af7,d977a919-2b65-4370-9c62-1601e0761255,product,2025-11-08T17:35:01,2025-11-14T12:35:01,139.0,negative,Randall Hendrix 
1c439b9e-c386-47d0-9998-1928c585f10c,d49cbca0-a9a2-409e-8728-90fd4babb23c,refund,2025-02-17T02:54:31,31-15-2023,186.0,n3gativ3,Chloe Singh
fe20f249-9ef4-48b7-9ad3-6cf440d7af4a,75ed593c-ad16-465a-b653-a2ac43796297,payment,2025-10-03T15:46:14,2025-10-04T02:46:14,11.0,neutral,Charles Williams
08f2acfa-68e1-43be-8ffb-b1f74ff3dfb9,dfdb0132-a163-44a8-af1d-c46ee4b05b5b,delay,2025-06-04T18:50:23,2025-12-12T28:77:10,189.0,negative,Feliciaa Glover
dc54c094-9252-4327-93f2-a70d3cc38b2e,7d2c54cb-303c-43e1-9c73-085f5a53036d, delay,2024-05-13T20:17:28,2024-05-21T14:17:28,186.0,neutral,Christopher Bush
12de4b72-897f-412b-9c96-a3871863b33c,6d11846b-e83c-474c-80c8-e7f223627bc8,REFUND,2024-05-20T10:01:37,2024-05-26T03:01:37,137.0,neu,Felicia Rodgers
1d3c4367-3204-42c7-968f-161c1fdf0c04,b2e2bcfc-e82b-4f5f-a200-a4314490723b,refund,2024-01-10T05:50:36,2024-01-10T12:50:36,7.0,negative,Jaime Parrish
3c953d6b-fd5f-4556-90eb-c397c852ab89,d32858f6-dccb-4920-97b6-8398cbc63bbb,payment,2024/31/01,2024-06-13T05:20:39,71.0,negative,Taaraa Simmons
9b5d6f0a-b756-4fc6-bbe8-f89166c91582,2d774b92-7904-4b41-ab28-a1aeeeda65dc,delay,31-15-2023,2025-12-12T28:77:10,214.0,negative,CODY LYONS
c12bb8c1-0665-46d9-84b1-47e9cf1fbb8c,f59cb5b3-bb9b-449d-a0f4-e1ed577b8cd4,product,2023-12-14T10:48:11,2025-12-05T15:41:45.003977,124.0,neutral,Kimberly Young
c12e7142-c535-4913-877b-92ac23b5fd7c,21a003e9-a738-4ab0-8ceb-5fe3f3b20838,delay,2025-03-30T20:23:45,2025-12-23T15:41:44.925034,233.0,positive,Micheal Cline
2dd53880-24a7-45c2-b1f2-8a0a1a2755a2,6b859f40-5ebb-449a-af38-c120b18ed510,refund ,2024-11-27T18:51:21,2024-12-01T08:51:21,86.0,negative,Kyle Hill--
849a03e9-91a4-473c-a421-d8ced9b17011,76afee94-67eb-43b6-a1be-8384f35736ac,refund,2024-10-16T02:28:21,2024-10-17T14:28:21,36.0,positiv3,peggy lee
6c393c58-4535-4834-886e-c1366fb8702f,65f3cfeb-c098-49c1-93a0-7b4181887588,refund,2024-02-27T09:25:52,2024-03-05T20:25:52,179.0,negative,Ashley Lucas
a881db8d-fa09-4190-be56-37950e1ad4b5,36566b8e-c42a-463a-bf92-b8c9dce5b26a, payment,2024-06-12T21:46:58,2024-06-17T13:46:58,112.0,negative,Randall Hendrix
c62bab7b-3dc3-4db3-a81d-745a9026ce9c,42f96a51-a8f3-4e5a-bd3b-f784c23cd347,payment ,2026-11-10T15:41:44.478818,2024-11-18T07:59:05,54.0,positive,Taylor White
c210b52e-7a48-4363-adf4-a96ec7717179,16624752-17c5-48a8-9cfd-9d08e23484d0,PRODUCT,,2025-12-12T28:77:10,138.0,neu,Sara Hogan
141034a5-abe0-4998-a267-432705c413f4,ff63b40f-e071-4097-9adb-bb67af180e25,product,2025-01-09T06:38:19,2025-01-15T20:38:19,158.0,POSITIVE,dylan lawson
1acfff40-bab5-4f1b-82d2-72fe9fbe7e5c,9d7312c5-5f9a-4555-9f99-90a84bb610f4,delay,2025-04-11T11:17:23,2025-04-14T04:17:23,65.0,positive,kimberly young
8ec26c33-da48-4a30-81d8-ad23403b32ec,fcd04f43-35da-4526-b3fd-5c63081a09c9,refund,31-15-2023,2025-05-12T14:30:34,21.0,neutral,Chaad Smith
07156ec9-5162-4135-b366-9f08109c9054,d0323ccc-2112-4805-9484-9b644c894a65,paymentx,2024-09-21T15:40:29,2024-09-25T03:40:29,84.0,neg,Jennifer Barr MD 
61546095-ebea-400a-8162-19a7c2318f16,134d72eb-83e0-4ff7-8b55-1136d2369ac2,DELAY,2024-03-28T11:19:31,2024-03-28T23:19:31,12.0,negative,Kevin Little
595ee0f6-2fb5-4d98-abf6-23576ebbe956,2472fc02-e691-4590-9271-317958fa94ce, refund,2025-06-01T04:59:01,2025-06-01T17:59:01,13.0,neu,timothy sandoval
93246369-76b7-45fe-a7f2-a707f3687c8e,178cfa26-af01-4730-833d-b0fdac2d2df2,yaled,2026-07-25T15:41:44.598921,2025-10-30T05:16:44,180.0,NEUTRAL,Kenneth Lopez
584bc53e-9182-4dec-a7c9-8e82fb57508f,6772fac7-8c70-414c-b0e2-5c236f8eb25c,refund,2024-06-03T22:30:00,2024-06-04T16:30:00,18.0,positiv3,Michael Stone
1fca5020-d8df-4f07-a684-80536a06ffbc,12849063-a3df-4fa3-8b42-54fddcdb044b,delay,2024-11-17T20:22:13,2024-11-27T16:22:13,236.0,neutral,BRIAN ROWE
84b1c77e-0087-4b2d-9222-f7bebf2eba62,23e79bf9-efce-4484-80d8-7456611955c6,payment,,2024/31/01,49.0,negative,Lacey Krueger 
09749aae-c17f-4328-a5c5-382cbf34b313,9ebb06e0-06eb-4b5c-b421-21f8e78d8179,refund,2025-06-25T12:07:36,2025-07-01T10:07:36,142.0,negative,Joel Lopez
d9cc55f6-b907-4048-8066-85a7c5e671db,50ffe835-96ea-46ad-a8c4-ff213324eb97,product ,2023-12-18T21:06:29,2023-12-28T01:06:29,220.0,negative,Natalie Hernandez
d5e230ea-6f4e-4577-82f5-80475662aa98,942f8979-6bd7-4cec-8664-0ffa6e3c4591,payment,2025-05-23T14:35:35,2025-05-31T06:35:35,184.0,positive,Kenneth Lopez
0c7b48a5-2bbc-44e2-8ccb-19a7b71b678a,be3e4d14-22e7-476a-88ef-5a17c54fd116,delay,2025-11-23T08:34:47,2025-12-01T02:34:47,186.0,neg,Yvonne Galvan
4eca6ccc-6a17-495d-942c-dd0d01428e92,fa94a177-8b5e-410f-be17-5a656191a0e1,product,2024-10-05T07:27:41,2024-10-07T12:27:41,53.0,positive,Julie Williams
05574231-e943-47b2-b16c-4a115eaf6db0,64baa3a6-44f3-4c89-9c8c-e27e6ef6aa39,product,2025-04-22T01:46:33,2025-04-25T14:46:33,85.0,positive,Donald Villegas--
5fdb35b1-fa6f-4c48-96df-f3e1a5fa3666,63afc309-4270-4f60-b2f5-6fe74dcda4a8,payment ,2025-07-10T22:41:44,2025-07-15T20:41:44,118.0,neutral, Jonathan Alvarez
a26c9ee6-2954-4633-add4-090fe7a33694,09698f28-b748-421b-bda5-a343270ec924,tnemyap,2024-01-13T02:02:30,2024/31/01,12.0,neutral,Amanda Dyer
a828e2d0-aed5-43c2-bc2d-b213376ae45a,fc7bf225-6c75-48a5-adca-71430c470bf6,PAYMENT,2025-10-19T00:13:45,2025-10-27T05:13:45,197.0,neutral,Kevin Little@@
2d999477-ec15-4ad8-bb18-0cad78def3cf,7507d775-02fc-4236-afb0-49c3540b477f,refund,2025-10-20T21:42:38,2025-10-26T00:42:38,123.0,neu,AMANDA GARCIA
98aa09cd-b9eb-4c78-96e7-1f262b327ac2,e421f79a-8149-4c62-8e39-96151455eec5,product ,2026-05-10T15:41:44.568946,,160.0,positive,Katherine Hunt
d8aaa7dd-b899-40f3-9235-6b0ee40d5f08,9b960770-eb7f-49e1-9770-48a04487b3e4,delay ,2025-02-16T18:53:52,2025-02-19T08:53:52,62.0,negative,Timothy Sandoval
80ac94e5-8ad9-43b2-b45e-f25d751af9e7,c37f3e5d-7fa6-4787-983a-05a30c95a369,product,,2024-11-01T15:45:25,47.0,neutral,Hailey Stephens--
bad75c0a-b18c-493f-bcf6-bc37eb8d1af2,d6a07ff0-d0ea-4b80-a41c-2a5e503e7643,product,31-15-2023,2024-04-27T18:19:46,202.0,neutral,Richard Yu
f769a57a-44f1-4f49-a58d-7e806e28509d,f4c135dc-6a7c-4b4b-b79f-9ca9a019c6d0,refund,2024-02-04T19:29:59,2024-02-14T04:29:59,225.0,positive, Anthony Davis
c33be1bb-bdfa-414c-bd84-dba2488d6e32,0400f75a-4b77-457b-835b-2372f3436466,product,2025-09-20T02:54:41,2025-09-22T01:54:41,47.0,negative,Samantha Allen
c6fb7404-77b7-4b42-8a5c-1caf14f4857c,3596df2e-ef0e-4ec1-a434-490cc86b0be2,product,2025-02-03T21:40:21,2025-02-07T10:40:21,85.0,positive,Robin Thomas
4cb0103c-de3f-4db9-8b27-481de7d28029,00d9dc70-c1e6-470a-b282-0e4d7b3c9435,product,2024-12-15T07:31:31,2024-12-20T14:31:31,127.0, neutral,Christie Thomas
41495c71-46f3-4041-942f-5159461f467e,189fe06b-208b-4081-929b-c54012de0b0e,pay,2025-03-19T19:11:05,2025-03-27T00:11:05,173.0,neutral,Samantha Ross
517959f1-5c76-4bfa-8966-0c5177860193,e1be91b2-c499-4d8d-9453-2250160ef0ff,refund ,2025-01-11T03:11:38,2025-01-20T11:11:38,224.0,neutral,Tammy Vazquez
15fa40cc-6393-46b4-8d1b-30fcfe50d2cf,c7984bad-260f-4ff8-9c7e-45b272875386,product,2024-10-28T00:54:37,2024-11-03T12:54:37,156.0,negative,Joseph Anderson
e180457e-ecdf-43ba-9296-bdc09e58bf42,2abe8dbd-86b4-4ef7-ae3a-3aeeef668880,ref,2024-01-20T18:28:03,2024-01-25T07:28:03,109.0,positive,Greg Sanchez
ba085f28-85c2-4f82-821c-97e8d0716940,a4160baa-9102-47cf-8a40-46d104e038dc,PRODUCT,2025-02-24T20:48:34,,140.0,NEUTRAL,Taaraa Simmons
f56b65a3-2509-4540-b007-20fcb2f6c9c6,2e21e9a3-5dff-4605-a384-49dc129511be,tcudorp,2026-10-28T15:41:44.491149,31-15-2023,227.0,negative,DEREK STEWART
746403eb-54a9-4e0c-9180-ff04ccf4e607,51d26f39-9b00-4edd-919b-dc501806deb2,PRODUCT,2024/31/01,2025-06-13T15:23:18,166.0,positive,Mrs. Kim Lee
ebf806b4-7d8f-4be9-9582-c9e2f8db36e3,7059914f-a909-4bcf-8a67-9d58bd2c4ce3,refund,2024-10-20T19:38:20,2024-10-28T18:38:20,191.0,positive,Richard Morris
7e8030fb-1e74-4482-931f-18db7b58f92b,ceaa782a-29fb-453c-ba8d-0fdd31cd4fad, delay,2025-01-23T08:27:11,2025-01-29T21:27:11,157.0,neutral,Marisa Cook--
8b308914-fdd4-4e14-81ee-da58ac303123,37c5b09a-5d36-417a-b0c6-ada1692781be,payment,2024-11-23T11:07:33,2024-11-29T02:07:33,135.0,n3utral,Anthony Davis
ff051575-552a-4a82-8689-229d788e26a3,12876552-9a95-46f0-8a33-b1d4499541b4,pay,2024-01-30T11:56:30,2024-02-07T00:56:30,181.0,neutral,Brian Wong
153dfb53-c298-4feb-9ae9-08b7c5e83355,d84e22f3-3801-4bf0-9f7b-686a5acd38be,product,2025-12-12T28:77:10,2025-07-13T05:21:03,3.0,neutral,Anthony Skinner
1e1aa079-1ff2-4511-ab38-fe04eb6b54f0,d010f1e7-d872-4bb7-90c7-4b68f9a035d2, refund,2024-08-08T07:00:21,2024-08-08T08:00:21,1.0,neutral,Mrs. Kim Lee
6c77e648-462c-4a28-aec1-3babc6c34220,d6a66eca-b8e9-4f1f-8468-2fb3e0b43c9c,refund_,2024-03-17T08:05:07,2024-03-23T21:05:07,157.0,neutral,Mark Estrada
17c2e8bd-c710-48a2-a842-bc00f394ccbd,a75247d8-1d90-4d59-a201-4134011772e2,paym3nt,2025-11-08T19:20:44,2025-11-12T08:20:44,85.0,positive,Mrs. Kim Lee
a6ee5717-693a-491e-9ec9-7c4a9b0deaf3,2c041536-f657-43a1-9f8d-ce7e1c18f3ce,refund,2026-01-13T15:41:44.482858,2025-05-10T20:48:25,51.0,negative,richard morris
d561fe3d-35a8-46f8-9bf9-887caa39a5ef,0d69ef41-2b8d-49c1-89ad-8f3b946a496a,payment_,2024-05-30T15:11:17,2025-12-12T28:77:10,155.0,positive,Jaime Parrish
f4a7e15a-5f52-48a9-89f6-2b4296730ee1,e49b2932-ed60-46ca-9668-53db4342b950,refund_,2026-10-09T15:41:44.379594,2025-01-04T04:44:03,173.0,positive,Jennifer Ray
0b646827-5d91-4fae-8643-74481b2767f3,c34d4975-e53d-4e84-96d8-7c9d62e1acd2,DELAY,2025-09-12T07:09:48,,238.0,negative,Scott Larson
5ab4fa89-f196-46f0-b49e-308850db8192,a626b272-7cd7-43f8-afd8-926fbae8fb3a,product,2025-04-13T20:10:32,2024/31/01,220.0,neutral,Erica Griffin
589b5478-776e-4251-9b62-4b96f6991bf1,c822a188-4212-4d2f-8f83-b3e64524a6a0,refund,2026-06-18T15:41:44.621348,2024-04-06T23:14:45,222.0,neutral ,michael harris
357f0672-054a-4e15-847f-479edafbd2f7,53b7b9df-fed4-4286-ab28-54223f7fd785,paym3nt,2024-03-14T06:16:03,2024-03-19T13:16:03,127.0, negative,Kevin Little
77e815a3-1253-49cf-b802-a71be74af47b,b0acdd4a-d0b7-4e77-beb6-266d950cdf23,product,2024-05-04T23:23:37,2024-05-06T12:23:37,37.0,neutral,Jacqueline Frey 
8e2096af-cf90-4e02-beb1-e5b702121f0f,98c62f1c-1c89-4466-8239-0b8c26a95029,payment,2024-01-20T15:09:20,2024-01-21T10:09:20,19.0,neutral,Robert Anderson
19bcb27e-3fcd-4b75-8470-a06ec9a7de36,0c8edce5-e83c-4d09-a76d-78bc78d8c2af,delay,2023-12-04T02:32:43,2023-12-09T00:32:43,118.0, positive,Lori Cain
85e73700-163e-4017-a3f6-68764d38ad5b,aef7492e-3b9e-41b0-893b-d04f16a9445c,delay,2024-07-26T09:39:27,2024-07-31T17:39:27,128.0,positive,Emily Curry
a447ddb0-d0a7-4c53-8dda-c868dfb38280,a52ac711-2e77-4cd1-b7fc-ac34dbb42cce, delay,2026-05-15T15:41:44.294930,2024-10-17T11:49:30,198.0,POSITIVE,Makayla Pugh
c03ee048-a92b-4c2f-9100-ac5c80148f50,a43b0cda-ed0f-411e-991f-76d355eb460b,productx,2024-07-26T13:02:30,2026-02-04T15:41:44.782377,79.0,negative,Leslie Alvarez--
a2a5b3fd-ea77-4dcb-97f2-caf2de9ab3d4,eb1f6590-b608-460f-93dd-0aeae2ab9c4e,product,2024-01-14T07:18:30,31-15-2023,66.0,positive ,Katherine Hunt
6bdc014d-b6de-454b-806c-bc38e3d82d15,65216a6a-fda9-46c4-aca4-ed3a7b81005f,refund_,2025-10-29T08:44:29,,188.0,negative,David Jones
77301377-1349-450e-a622-2735bcaeb533,62567891-dac7-43e8-a112-e869387e2453,refund,2025-04-10T07:04:40,2024/31/01,220.0,neutral,Brian Stewart
2558d8ae-6f96-48e9-95d3-e06a8ebbd4f4,a97a62bc-e6a8-427d-b3c4-8b7fb262080b,product ,2025-09-13T16:43:49,2025-09-21T01:43:49,177.0,negative,Michelle Owens
af0e83f1-5da1-4e93-80f9-67fe4cb98850,b41bf707-5890-4941-8b1a-706e08a1521d,payment,2024-02-18T04:37:27,2024/31/01,57.0,neg,Savannah Kramer
11b14487-2cc7-4aa6-867b-ebfcf92c608d,a6eacdf7-5c1c-442f-a047-c888801d278c,payment,2024-09-25T06:29:23,2024-09-30T13:29:23,127.0,negative,Linda Morgan
79731c68-ce14-4a93-801d-57b59ffc6969,81b00b6b-8fa6-472d-9910-97a8e155f84f,refund,2025-09-07T10:08:28,,217.0,positive,Hailey Stephens
c9e40bd2-1139-46d2-b628-36af424c5f10,73e21cd9-e0e5-429e-918a-bfde56bc9c29,refund,2025-07-31T13:26:19,2025-08-10T09:26:19,236.0,neutral,Michael Stone
c4787137-0361-42a2-8367-fbbad51e03a7,b1d624f8-5fdf-44b9-af51-a20a6ce7717b,refund,2025-03-19T10:11:36,2025-03-26T14:11:36,172.0,positive,michael larson
c52272e7-7a06-4401-805f-055ddeb8b0ca,c2ec4a5a-d97e-437e-ac46-99abaac2501b,refund,,2024-06-23T06:02:38,131.0,negative, Matthew Mccann
78c5178e-0d5c-4556-b2e0-1af5d7c39039,61ef3c5b-8db6-4a88-90c3-8edc8d3dd026,product ,2024/31/01,31-15-2023,53.0,neu,Sandra Diaz 
f3ba698f-2341-477c-9728-c8674c1dbb9b,c4888f67-6b03-4dd2-9d49-322ddc226f8f,product,2024-12-07T18:11:15,2024-12-15T19:11:15,193.0,positive,Courtney Bailey
9b74825c-15f2-4570-a15a-d98964a4f921,e77607a2-f41f-40b5-92fa-a9381e23dc46,refund,2024/31/01,2025-07-02T07:56:21,143.0,neutral,Guy Hernandez
d8cbaf25-42e9-44ff-886f-e513e6a256f2,85935131-af54-4f3a-a70f-1b795b8a4151,product,2024-01-16T15:03:47,,110.0,positive ,KENNETH WILSON
ab5b8e65-2dcc-4b9a-8186-497973aa4c14,316de760-a45d-45aa-92c6-b37619aecfdc,delay,2025-01-05T12:19:41,2025-01-14T03:19:41,207.0,neu,Emily Curry
f4468902-7851-41ff-bce6-64bdc5960ea6,b3b76e0a-abc5-4cbd-88e4-5bfbd4aed503,refund,2025-08-02T16:56:51,2025-08-07T16:56:51,120.0,negative,Julie Bishop@@
ab7b723f-ad88-420a-b99b-be54f01b10b8,b3eec3e5-4efe-4fb7-8b4a-14f3e7c9bbab,productx,2025-03-06T13:01:10,2025-03-09T05:01:10,64.0,NEGATIVE,Michael Larson@@
1931ea78-3000-44d1-ac76-00ff6e2871f5,116a8f6d-fd81-4c5c-8fbe-36c41c9665b3,product,2025-12-12T28:77:10,2024-09-16T15:59:42,147.0,positive,Amy Johnson DDS@@
bd4ebdc4-1702-4377-938e-6a19de1abadf,36c2762e-5ce3-4490-8dc5-69c4cfecb1a8,tnemyap,2025-10-26T07:10:07,2025-12-12T28:77:10,76.0,negative ,Henry Taylor
3e7e8976-d0a1-4f87-a240-5366ed6528cd,6bf80fa6-acfc-4504-abee-f9e480c53f12,ref,2024-03-18T10:19:05,2024-03-20T19:19:05,57.0,neutral,Joyce Vaughn
e8fafa79-9799-4d02-bef4-169caffa0b28,7fa5bcd3-f22a-4ff1-a78f-71ace48397b9,refund,2024/31/01,,128.0,positive,Beth Sanchez@@
f8dec114-f9f2-4285-9c8c-99135355b7b5,7eb55642-3b10-4f00-b5cb-8692d4c31646,refund,2025-12-12T28:77:10,2025-03-28T08:32:56,157.0,negative,Erica Griffin
02da8bc1-fa28-45ed-a877-2b7c2ceee3bd,ef802511-6e25-4a5f-b508-f5c65d560d9b,refund,2025-08-17T17:38:01,2026-04-26T15:41:44.697567,227.0,negative,Michael Larson 
69e0c761-36f3-43fe-9a74-bc0ab4e53113,128da54e-d33d-4989-adf5-446124bbca6c,delay,31-15-2023,2025-10-17T13:13:56,9.0,negative,MICHAEL FAULKNER
c4eddcd7-bb25-495e-a933-108e48e6fca2,d124539c-87d2-4f26-b135-3fd56b18ae8d,payment,2025-10-17T10:15:35,2025-10-24T09:15:35,167.0,neutral,Cody Lyons
91e693cc-0ee6-47ce-9ad3-8d5299826930,8ac026ca-04ae-4eb3-abcd-fd40a46a7619,product,2024-08-11T02:12:19,2024-08-13T06:12:19,52.0,neg,Lori Cain
ac4f899d-af15-47b0-a5df-f0f128ac3952,9fed8622-bdb3-4895-b580-f85484344c54,pro,2024-06-05T16:30:06,2024-06-05T23:30:06,7.0,neu,catherine parker
128444b1-7c7b-4756-ae14-5ef764776de7,5f2b2f20-50a9-49a9-b7ef-7554a12ebf0d,payment,2026-07-27T15:41:44.471913,2025-06-27T13:44:03,68.0,neutral,Jennifer Barr MD
658b63a2-8224-44be-8b03-9635bd4b6f9a,112cc401-2e5e-4a4c-abae-e8e6a846a8d0,payment,,2024-09-13T10:06:23,129.0,positive,Angela Hicks
e543f5b2-b7f4-4add-a41e-02f7332e9a01,5e6d6c4c-47f3-4eb8-a8f5-dc3651c390ec,delay,2024/31/01,2024-08-08T13:53:08,17.0,negative ,Amy Johnson DDS
a0220c87-87c5-4794-a395-b2eec84e3961,db328dcd-4ffd-4dac-b47f-fd0add70f82c,DELAY,2024-06-04T08:43:30,2024-06-08T09:43:30,97.0,positive,Kathy Berry
99f86917-d99a-4f2e-ba1d-821d620bdc3a,38cd63b3-f923-47f6-a5a0-772a7cbdc405,PAYMENT,2025-10-09T02:54:06,2025-10-13T21:54:06,115.0,negative,Michael Morgan DDS
7f2146a3-3b3c-486f-9158-126c51c98c23,db8ca1ff-0e8b-489d-ba49-0044b106f707,refund,2024-08-30T19:54:26,2024-08-30T20:54:26,1.0,neu,Richard Morris
33e807f9-afbf-4e55-ab4d-3660e7f5fa98,81f9c738-3eb5-4fcf-a5b5-e57a23b76385,payment,,2024-05-17T05:17:06,59.0,pos, Dennis Gonzalez
b6ee0019-fa24-459a-b11f-da72519ef4b3,6e2a27d7-12f1-4f2d-aaa3-aa6d809640e1,payment ,2024-03-06T09:40:10,2024-03-11T07:40:10,118.0,neutral,Derek Stewart--
ad2e455b-13f0-4d8d-a993-ca006b404bdc,f4350361-2373-4009-bffd-52ba337ab90b,payment ,2024-11-18T09:27:19,2024-11-25T14:27:19,173.0, negative,Elizabeth Hunter
dc62fef7-2250-4b63-a57e-8b591f15301d,2707a3d2-824f-4991-8673-e911cb6f57cd,product,31-15-2023,2024-12-31T20:30:55,44.0,neu,Tara Simmons 
34059b52-5674-482d-b7e5-3d86db88543d,41cdc3ce-11ff-44d6-851b-b809ee39be5f,payment,2024-09-30T02:32:00,2024-10-02T08:32:00,54.0,positive,Cheryl Brown
fcad7f6c-9ca6-48e7-a03c-46b963a33c90,ce94eaab-c621-4b7d-b207-c1fbf4918eb2,delay,2025-07-03T02:00:52,2025-07-10T14:00:52,180.0,positive,Stephen Soto
a47edbcd-54b0-4ced-8612-b1e942836654,9f6665d6-71b1-4f19-84b1-c042bc14ec15,refund,2025-08-02T08:03:24,2025-08-11T16:03:24,224.0,negative,Sean Stout
f0287b3b-bf55-42bd-a5e5-e478707f3959,94925361-db2c-49b3-b487-abdbbf6f815a,payment,2025-03-27T14:22:57,2025-04-01T15:22:57,121.0,negative,Kevin Little
9a9e9955-7c40-4a91-a5d9-3dbbcecaa640,eb35dacc-105c-4830-974a-27878e546d81,r3fund,,2025-08-31T06:05:00,239.0,negative,Jacqueline Frey
1e4f4876-b9e9-498c-8586-ef639bee398b,c44afe8d-b689-4aa3-a2f6-5d0806ab89a1,delay,2025-11-20T08:04:37,2025-11-22T17:04:37,57.0,neu,Tara Simmons
459ed5dd-6530-478d-874b-4a4151b5cb7b,215c4b2d-fdf5-4405-ba02-0e2c905fc720,dnufer,2024-04-06T00:22:08,2024-04-07T14:22:08,38.0,neutral,JENNIFER BARR MD
2e95b491-e67c-4be8-87dc-5c37b68acbcd,e383fe5c-8fdb-42ba-8914-11a2cd051bd8,refund,,2024/31/01,77.0,positiv3,Tara Simmons
641d63a0-3f01-4c25-bdc3-77bcd18be264,a50a27e7-c4b5-452c-8706-0245f638b5bf,REFUND,2025-05-21T03:58:27,2025-12-12T28:77:10,214.0,positiv3,bryan thompson
