date,brent_usd,wti_usd,usd_pln,eur_pln,brent_pln_bbl,brent_pln_l,brent_wti_spread_usd,brent_usd_dod_pct,brent_pln_l_ma30,crude_source
2018-01-02,66.65,60.37,3.4546,4.1701,230.24909000000002,1.4482258926830498,6.280000000000008,,,eia_public_xls
2018-01-03,67.85,61.61,3.4616,4.1673,234.86955999999998,1.4772878285645996,6.239999999999995,1.800450112528118,,eia_public_xls
2018-01-04,68.73,61.98,3.4472,4.1515,236.92605600000002,1.4902228232497,6.750000000000007,1.296978629329426,,eia_public_xls
2018-01-05,68.01,61.49,3.4488,4.1544,234.552888,1.4752960179134142,6.520000000000003,-1.0475774770842383,,eia_public_xls
2018-01-08,68.48,61.73,3.4735,4.1647,237.86528,1.4961303754395014,6.750000000000007,0.6910748419350021,1.477432587570053,eia_public_xls
2018-01-09,69.08,62.92,3.4992,4.1779,241.724736,1.5204056683879814,6.159999999999997,0.8761682242990565,1.4845947677063744,eia_public_xls
2018-01-10,69.79,63.6,3.4999,4.1784,244.258021,1.5363395812236222,6.190000000000005,1.027793862188786,1.491986883923124,eia_public_xls
2018-01-11,70.36,63.81,3.495,4.1758,245.9082,1.5467189141250544,6.549999999999997,0.81673592205187,1.4988283876983655,eia_public_xls
2018-01-12,69.64,64.22,3.4366,4.1669,239.324824,1.505310648040406,5.420000000000002,-1.023308698123937,1.499548638847481,eia_public_xls
2018-01-15,70.31,,3.401,4.1696,239.12430999999998,1.5040494505840099,,0.962090752441136,1.4999987200211338,eia_public_xls
2018-01-16,69.4,63.82,3.419,4.1825,237.2786,1.4924402624113922,5.580000000000005,-1.294268240648555,1.4993115875111576,eia_public_xls
2018-01-17,69.19,63.92,3.4109,4.1739,236.00017099999997,1.4843991710014024,5.269999999999996,-0.30259365994237397,1.4980688861353444,eia_public_xls
2018-01-18,69.48,63.96,3.4108,4.1663,236.98238400000002,1.490577116368005,5.520000000000003,0.4191357132533602,1.4974925961532413,eia_public_xls
2018-01-19,68.56,63.38,3.3994,4.175,233.06286400000002,1.4659240315245903,5.18,-1.3241220495106565,1.4952376986797662,eia_public_xls
2018-01-22,69.32,63.66,3.4036,4.1696,235.93755199999998,1.484005308610138,5.659999999999997,1.1085180863477095,1.4944888726751244,eia_public_xls
2018-01-23,69.81,64.45,3.4084,4.1712,237.940404,1.4966028920603571,5.359999999999999,0.7068667051356226,1.4946209988867014,eia_public_xls
2018-01-24,69.91,65.69,3.375,4.1637,235.94625,1.4840600174857064,4.219999999999999,0.14324595330181822,1.493999764686643,eia_public_xls
2018-01-25,71.08,65.62,3.3376,4.1493,237.236608,1.4921761401875624,5.459999999999994,1.6735803175511377,1.4938984522144718,eia_public_xls
2018-01-26,70.08,66.27,3.3299,4.1477,233.35939199999999,1.467789139992578,3.8100000000000023,-1.4068655036578503,1.4925242778870038,eia_public_xls
2018-01-29,68.41,65.71,3.3375,4.1423,228.31837499999997,1.4360820381540629,2.700000000000003,-2.382990867579915,1.4897021659003566,eia_public_xls
2018-01-30,67.78,64.64,3.3442,4.1461,226.669876,1.425713272154327,3.1400000000000006,-0.9209179944452472,1.4866550757219743,eia_public_xls
2018-01-31,67.78,64.82,3.3318,4.1488,225.82940399999998,1.4204268525099535,2.960000000000008,0.0,1.4836447019396097,eia_public_xls
2018-02-01,68.6,65.92,3.3346,4.1504,228.75356,1.43881927453188,2.6799999999999926,1.209796400118024,1.4816957703131868,eia_public_xls
2018-02-02,67.45,65.5,3.3329,4.1615,224.80410500000002,1.4139779038537743,1.9500000000000028,-1.6763848396501357,1.4788741925440447,eia_public_xls
2018-02-05,67.69,64.18,3.3375,4.1585,225.91537499999998,1.4209675948347977,3.509999999999991,0.35581912527797854,1.4765579286356745,eia_public_xls
2018-02-06,66.75,63.48,3.3498,4.1547,223.59915,1.4063989508576173,3.270000000000003,-1.3886837051263035,1.4738595064134417,eia_public_xls
2018-02-07,65.74,61.91,3.3677,4.1593,221.392598,1.3925201305767139,3.8299999999999983,-1.513108614232217,1.4708469369380073,eia_public_xls
2018-02-08,64.26,61.3,3.4119,4.1733,219.24869400000003,1.3790353550919259,2.960000000000008,-2.2512929723151665,1.4675679518720757,eia_public_xls
2018-02-09,63.04,59.2,3.4263,4.2024,215.99395199999998,1.3585636058294073,3.8399999999999963,-1.8985371926548478,1.4638091813188803,eia_public_xls
2018-02-12,62.2,59.41,3.4122,4.1846,212.23884,1.3349446181134308,2.7900000000000063,-1.3324873096446588,1.4595136958786987,eia_public_xls
2018-02-13,61.94,59.33,3.3916,4.1764,210.075704,1.321338876763509,2.6099999999999994,-0.41800643086817857,1.4552841286813807,eia_public_xls
2018-02-14,62.29,60.7,3.3769,4.1716,210.347101,1.3230459157037997,1.5899999999999963,0.5650629641588578,1.4501427315860207,eia_public_xls
2018-02-15,62.86,61.48,3.3259,4.153,209.066074,1.3149884833351153,1.3800000000000026,0.915074650826786,1.4443015869222011,eia_public_xls
2018-02-16,64.3,61.89,3.3173,4.1559,213.30238999999997,1.3416341587676979,2.4099999999999966,2.290804963410742,1.439846191617344,eia_public_xls
2018-02-19,64.95,,3.3411,4.1467,217.004445,1.3649194273745653,,1.010886469673422,1.4354724933485128,eia_public_xls
2018-02-20,64.68,61.91,3.3597,4.1472,217.30539600000003,1.366812355727198,2.7700000000000102,-0.41570438799075626,1.43035271625982,eia_public_xls
2018-02-21,64.81,61.73,3.3697,4.1562,218.390257,1.373635938787448,3.0800000000000054,0.20098948670377315,1.4249292615119475,eia_public_xls
2018-02-22,66.12,62.72,3.4009,4.1811,224.86750800000002,1.4143766974658307,3.4000000000000057,2.02129301033791,1.4205178542899732,eia_public_xls
2018-02-23,67.04,63.52,3.3911,4.1738,227.339344,1.4299241070024595,3.520000000000003,1.391409558378709,1.4180049695887085,eia_public_xls
2018-02-26,67.96,63.81,3.3799,4.1717,229.698004,1.4447596595948096,4.1499999999999915,1.3723150357995095,1.4160286432224019,eia_public_xls
2018-02-27,67.59,62.94,3.3816,4.17,228.56234400000002,1.4376165598445159,4.650000000000006,-0.5444379046497749,1.4142011864701727,eia_public_xls
2018-02-28,66.08,61.43,3.4188,4.1779,225.914304,1.4209608584349664,4.649999999999999,-2.2340582926468455,1.4120865760512913,eia_public_xls
2018-03-01,64.23,60.98,3.4356,4.1854,220.668588,1.387966236233151,3.250000000000007,-2.7996368038740838,1.4086662133801298,eia_public_xls
2018-03-02,64.26,61.19,3.42,4.1986,219.7692,1.382309245410002,3.0700000000000074,0.04670714619336991,1.4058790538429766,eia_public_xls
2018-03-05,65.78,62.49,3.3995,4.1895,223.61911,1.4065244957134861,3.289999999999999,2.3653906006847025,1.4032963600797548,eia_public_xls
2018-03-06,65.67,62.54,3.3936,4.1891,222.85771200000002,1.4017354374886,3.1300000000000026,-0.16722408026755842,1.4001341115940298,eia_public_xls
2018-03-07,65.09,61.09,3.3744,4.1922,219.63969600000001,1.381494688244951,4.0,-0.8832038982792723,1.3967152672860046,eia_public_xls
2018-03-08,63.87,60.13,3.3935,4.2024,216.742845,1.3632740098247027,3.739999999999995,-1.8743278537409869,1.3924185296072429,eia_public_xls
2018-03-09,65.19,62.02,3.4132,4.1989,222.50650799999997,1.3995264266889744,3.1699999999999946,2.066697980272436,1.3901431058304559,eia_public_xls
2018-03-12,64.53,61.35,3.4066,4.1942,219.827898,1.3826784454074863,3.1799999999999997,-1.012425218591806,1.3883629860722366,eia_public_xls
2018-03-13,64.2,60.69,3.4143,4.2097,219.19806,1.3787168762225843,3.510000000000005,-0.5113900511390046,1.3867964395411785,eia_public_xls
2018-03-14,63.61,60.89,3.4055,4.2114,216.623855,1.362525583852768,2.719999999999999,-0.9190031152648048,1.3848663972526056,eia_public_xls
2018-03-15,63.67,61.16,3.4117,4.2168,217.22293900000003,1.366293715838402,2.510000000000005,0.09432479169941832,1.3824488786294897,eia_public_xls
2018-03-16,64.68,62.29,3.4214,4.2162,221.29615200000003,1.3919135023618285,2.3900000000000077,1.5863043819695388,1.381713398579758,eia_public_xls
2018-03-19,64.82,62.01,3.4341,4.2176,222.59836199999998,1.4001041720392233,2.809999999999995,0.21645021645020357,1.3810179511532392,eia_public_xls
2018-03-20,66.0,63.37,3.4296,4.2242,226.3536,1.4237239522728273,2.6300000000000026,1.820425794507874,1.3815954512004125,eia_public_xls
2018-03-21,68.15,65.1,3.4544,4.2416,235.41736000000003,1.4807333932963074,3.0500000000000114,3.2575757575757702,1.3845358932910656,eia_public_xls
2018-03-22,68.98,64.25,3.4264,4.2261,236.35307200000003,1.4866188556297057,4.730000000000004,1.2179016874541482,1.3881220099756584,eia_public_xls
2018-03-23,69.03,65.8,3.4319,4.2295,236.90405700000002,1.4900844534458795,3.230000000000004,0.07248477819656873,1.3925060382295409,eia_public_xls
2018-03-26,68.81,65.49,3.4145,4.2316,234.951745,1.4778047576216924,3.3200000000000074,-0.3187020136172669,1.397268042879816,eia_public_xls
2018-03-27,68.63,65.21,3.3921,4.2164,232.799823,1.464269550340594,3.4200000000000017,-0.2615898851911158,1.402032398665719,eia_public_xls
2018-03-28,68.13,64.3,3.3956,4.2097,231.34222799999998,1.4551015366036215,3.8299999999999983,-0.7285443683520354,1.4064342526957132,eia_public_xls
2018-03-29,69.02,64.87,3.4201,4.2093,236.05530199999998,1.4847459352022492,4.1499999999999915,1.3063261412006533,1.4120928344246175,eia_public_xls
2018-04-03,69.02,63.41,3.4177,4.2094,235.88965399999998,1.4837040386949876,5.609999999999999,0.0,1.4168284970888607,eia_public_xls
2018-04-04,66.04,63.35,3.4224,4.2065,226.01529600000003,1.4215960801826568,2.690000000000005,-4.317589104607345,1.4187177188491304,eia_public_xls
2018-04-05,66.54,63.53,3.4301,4.207,228.238854,1.4355818651839458,3.010000000000005,0.7571168988491861,1.4210100358310218,eia_public_xls
2018-04-06,66.51,62.03,3.4315,4.1984,228.22906500000002,1.4355202941120975,4.480000000000004,-0.04508566275924775,1.4230728476751768,eia_public_xls
2018-04-09,68.19,63.4,3.4174,4.1967,233.032506,1.4657330850950079,4.789999999999999,2.5259359494812728,1.4247847272628162,eia_public_xls
2018-04-10,70.67,65.48,3.4068,4.199,240.758556,1.5143285677445326,5.189999999999998,3.6368969057046563,1.4275982092875519,eia_public_xls
2018-04-11,72.74,66.81,3.3859,4.1911,246.29036599999998,1.5491226704070142,5.929999999999993,2.9291071175887806,1.4310769763146254,eia_public_xls
2018-04-12,71.44,67.07,3.3924,4.1882,242.35305599999998,1.5243576896224218,4.3700000000000045,-1.7871872422326018,1.4339683473072222,eia_public_xls
2018-04-13,73.18,67.35,3.3862,4.1769,247.80211600000004,1.5586313094781337,5.8300000000000125,2.435610302351643,1.4385573623419947,eia_public_xls
2018-04-16,72.05,66.23,3.3666,4.1628,242.56353,1.5256815337103034,5.819999999999993,-1.5441377425526204,1.4431478722578994,eia_public_xls
2018-04-17,71.71,66.5,3.3572,4.1582,240.744812,1.5142421204249403,5.209999999999994,-0.4718945176960476,1.4475456347583977,eia_public_xls
2018-04-18,73.73,68.44,3.3721,4.1677,248.62493300000003,1.5638066823073586,5.290000000000006,2.8169014084507227,1.4527883743115269,eia_public_xls
2018-04-19,74.85,68.3,3.3693,4.1665,252.19210499999997,1.5862435607942786,6.549999999999997,1.5190560151905563,1.4589386450883823,eia_public_xls
2018-04-20,74.62,68.26,3.3881,4.1724,252.82002200000002,1.590193047230277,6.359999999999999,-0.3072812291249005,1.46589525705456,eia_public_xls
2018-04-23,74.54,67.61,3.4156,4.1802,254.598824,1.601381395963192,6.930000000000007,-0.10720986330742255,1.473832169925843,eia_public_xls
2018-04-24,75.86,67.66,3.4401,4.198,260.965986,1.641429714379163,8.200000000000003,1.770861282532854,1.4818956128488492,eia_public_xls
2018-04-25,73.79,68.0,3.4548,4.2159,254.92969200000002,1.6034624969337117,5.790000000000006,-2.7287107830213486,1.489255081233057,eia_public_xls
2018-04-26,75.39,68.18,3.4827,4.2392,262.560753,1.6514605156396434,7.209999999999994,2.1683154899037715,1.498346535880292,eia_public_xls
2018-04-27,75.33,68.11,3.5003,4.2259,263.677599,1.658485278670583,7.219999999999999,-0.07958615200955865,1.508211859040886,eia_public_xls
2018-04-30,75.92,68.56,3.4868,4.2204,264.71785600000004,1.6650283104907952,7.359999999999999,0.7832204964821399,1.5181696788626324,eia_public_xls
2018-05-01,74.85,67.28,3.4868,4.2204,260.98698,1.6415617629114332,7.569999999999993,-1.4093782929399445,1.5264912875476193,eia_public_xls
2018-05-02,73.14,67.91,3.5563,4.2675,260.107782,1.6360317636033135,5.230000000000004,-2.2845691382765487,1.5343555405997555,eia_public_xls
2018-05-03,73.45,68.45,3.5563,4.2675,261.210235,1.6429659972198987,5.0,0.42384468143286114,1.541663608764658,eia_public_xls
2018-05-04,74.75,69.71,3.5754,4.2771,267.26115,1.6810251781592205,5.040000000000006,1.7699115044247815,1.5483400015934217,eia_public_xls
2018-05-08,74.16,68.83,3.5884,4.2662,266.115744,1.6738207777994427,5.329999999999998,-0.7892976588628753,1.5545800656657462,eia_public_xls
2018-05-09,77.6,71.16,3.609,4.279,280.0584,1.761517608357916,6.439999999999998,4.638619201725991,1.5636278374961476,eia_public_xls
2018-05-10,77.59,71.36,3.5773,4.2473,277.56270700000005,1.7458201425273767,6.230000000000004,-0.012886597938133182,1.5725616836596705,eia_public_xls
2018-05-11,77.37,70.69,3.5708,4.2569,276.272796,1.7377068313761506,6.680000000000007,-0.2835416935172086,1.581676259694189,eia_public_xls
2018-05-14,78.17,71.01,3.5558,4.2615,277.956886,1.748299458446288,7.159999999999997,1.0339925035543374,1.591449523755611,eia_public_xls
2018-05-15,78.94,71.34,3.5931,4.2823,283.639314,1.784040921584784,7.599999999999994,0.985032621210169,1.6014260233016955,eia_public_xls
2018-05-16,78.19,71.43,3.6241,4.2893,283.368379,1.7823367885424595,6.759999999999991,-0.9500886749429949,1.6113804482966114,eia_public_xls
2018-05-17,80.09,71.47,3.6283,4.2868,290.590547,1.8277629428821225,8.620000000000005,2.4299782580892826,1.6249193437199267,eia_public_xls
2018-05-18,78.38,71.23,3.6385,4.2958,285.18563,1.7937669746583054,7.1499999999999915,-2.1350980147334386,1.6368588473690722,eia_public_xls
2018-05-21,78.34,72.26,3.6615,4.2991,286.84191000000004,1.804184681766434,6.079999999999998,-0.05103342689460888,1.6491476602908832,eia_public_xls
2018-05-22,80.42,72.09,3.6252,4.2812,291.538584,1.8337259272770732,8.329999999999998,2.6550931835588543,1.6614140883636188,eia_public_xls
2018-05-23,78.69,71.85,3.6693,4.3037,288.737217,1.8161058262625245,6.840000000000003,-2.151206167620001,1.6714733303142186,eia_public_xls
2018-05-24,78.9,70.77,3.659,4.2953,288.6951,1.8158409178108905,8.13000000000001,0.2668699961875909,1.6803639385610145,eia_public_xls
2018-05-25,76.6,67.92,3.6686,4.3022,281.01475999999997,1.7675329429450206,8.679999999999993,-2.9150823827630012,1.6884697803384343,eia_public_xls
2018-05-29,74.51,66.8,3.7299,4.3056,277.91484900000006,1.7480350531804492,7.710000000000008,-2.728459530026095,1.6947832384618449,eia_public_xls
2018-05-30,75.89,68.24,3.72,4.3195,282.31080000000003,1.7756848044179716,7.650000000000006,1.8521003892094878,1.7031166808187672,eia_public_xls
2018-05-31,76.45,66.98,3.72,4.3195,284.394,1.788787762521464,9.469999999999999,0.7379101330873716,1.7122682022219846,eia_public_xls
2018-06-01,74.54,65.81,3.6934,4.3146,275.306036,1.7316260826356873,8.730000000000004,-2.4983649444081046,1.7178621822329287,eia_public_xls
2018-06-04,73.41,64.76,3.6665,4.2931,269.157765,1.6929545497430607,8.649999999999991,-1.515964582774365,1.7214192151978884,eia_public_xls
2018-06-05,72.91,65.51,3.6569,4.2804,266.624579,1.6770212595998415,7.3999999999999915,-0.6811061163329302,1.7243134889435405,eia_public_xls
2018-06-06,73.23,64.75,3.647,4.2829,267.06981,1.679821683533874,8.480000000000004,0.43889727060761885,1.7269281651958965,eia_public_xls
2018-06-07,75.23,65.96,3.6062,4.2634,271.294426,1.706393768043928,9.27000000000001,2.7311211252219136,1.729093633651389,eia_public_xls
2018-06-08,75.11,65.77,3.6479,4.2912,273.993769,1.72337215621403,9.340000000000003,-0.15951083344410977,1.733090622294066,eia_public_xls
2018-06-11,74.58,66.1,3.6247,4.2717,270.330126,1.7003284922666635,8.480000000000004,-0.7056317401144985,1.7347195548483,eia_public_xls
2018-06-12,74.86,66.38,3.6271,4.2776,271.524706,1.7078421883550228,8.480000000000004,0.37543577366585534,1.7363647851711148,eia_public_xls
2018-06-13,75.07,66.63,3.6461,4.282,273.712727,1.7216044519363216,8.439999999999998,0.2805236441357106,1.7382506565526323,eia_public_xls
2018-06-14,74.77,66.91,3.6155,4.2757,270.33093499999995,1.7003335807330158,7.859999999999999,-0.3996270147861969,1.7402097171466848,eia_public_xls
2018-06-15,72.02,65.01,3.6922,4.2802,265.912244,1.6725407989332461,7.009999999999991,-3.6779457001471227,1.741426684991016,eia_public_xls
2018-06-18,74.87,65.91,3.7003,4.2887,277.041461,1.742541597740696,8.960000000000008,3.9572341016384405,1.7447458716750428,eia_public_xls
2018-06-19,74.92,65.09,3.7316,4.3113,279.57147199999997,1.7584549176976734,9.829999999999998,0.0667824228663072,1.7473268629929912,eia_public_xls
2018-06-20,74.25,65.92,3.7352,4.3171,277.3386,1.7444105492901936,8.329999999999998,-0.8942872397223689,1.7496798553760162,eia_public_xls
2018-06-21,72.87,65.68,3.7607,4.3323,274.042209,1.7236768352129421,7.189999999999998,-1.8585858585858483,1.7484184962711837,eia_public_xls
2018-06-22,73.67,69.02,3.6977,4.3149,272.409559,1.7134077566090309,4.650000000000006,1.0978454782489377,1.7473380834072387,eia_public_xls
2018-06-25,72.82,69.91,3.7087,4.3242,270.06753399999997,1.6986768352129418,2.9099999999999966,-1.1537939459753122,1.7460370835351318,eia_public_xls
2018-06-26,73.58,75.23,3.7151,4.3372,273.357058,1.7193673570795096,-1.6500000000000057,1.0436693216149484,1.7450726801562395,eia_public_xls
2018-06-27,76.09,77.41,3.7351,4.343,284.203759,1.787591180410977,-1.3199999999999932,3.4112530578961797,1.7451910221171125,eia_public_xls
2018-06-28,76.26,73.45,3.7705,4.3566,287.53833000000003,1.8085650399089237,2.8100000000000023,0.22341963464318493,1.7460652971626611,eia_public_xls
2018-06-29,77.44,74.13,3.744,4.3616,289.93536,1.8236419329882319,3.3100000000000023,1.5473380540256931,1.745927930166198,eia_public_xls
2018-07-02,76.71,73.89,3.7703,4.3899,289.219713,1.8191406404297208,2.819999999999993,-0.942665289256206,1.7467737190252455,eia_public_xls
2018-07-03,75.87,74.19,3.7723,4.3978,286.204401,1.8001748633536077,1.6800000000000068,-1.0950332420805453,1.7466400584114843,eia_public_xls
2018-07-04,76.99,,3.7759,4.3969,290.70654099999996,1.828492524546032,,1.4762093053907854,1.7464656116537831,eia_public_xls
2018-07-05,77.09,73.05,3.7485,4.3833,288.97186500000004,1.81758172051803,4.040000000000006,0.1298869983114903,1.7465148081289665,eia_public_xls
2018-07-06,74.98,73.78,3.7222,4.36,279.090556,1.75543004144993,1.2000000000000028,-2.737060578544559,1.744501112250268,eia_public_xls
2018-07-09,77.08,73.93,3.685,4.338,284.0398,1.7865599074138139,3.1499999999999915,2.800746865830872,1.7451353443992277,eia_public_xls
2018-07-10,77.8,74.11,3.6973,4.3356,287.64993999999996,1.8092670469912633,3.6899999999999977,0.9340944473274604,1.7471764108595882,eia_public_xls
2018-07-11,75.35,70.47,3.7,4.3322,278.795,1.7535710466893522,4.8799999999999955,-3.149100257069415,1.7464392856019677,eia_public_xls
2018-07-12,72.11,70.28,3.7055,4.3262,267.203605,1.6806632303270077,1.8299999999999983,-4.299933642999331,1.7428351345288189,eia_public_xls
2018-07-13,74.11,71.03,3.7244,4.3302,276.015284,1.7360871266204156,3.0799999999999983,2.773540424351695,1.7429838359949767,eia_public_xls
2018-07-16,71.03,68.22,3.6828,4.3076,261.589284,1.6453501481253185,2.8100000000000023,-4.155984347591413,1.7413970226077184,eia_public_xls
2018-07-17,70.87,68.03,3.6619,4.2998,259.51885300000004,1.6323275047645407,2.8400000000000034,-0.2252569336899879,1.739907230779875,eia_public_xls
2018-07-18,70.52,68.78,3.7031,4.3036,261.142612,1.6425406605571524,1.7399999999999949,-0.49386200084663434,1.7386645300139845,eia_public_xls
2018-07-19,71.94,69.42,3.7163,4.3155,267.350622,1.6815879411524213,2.519999999999996,2.0136131593874174,1.7378376691176007,eia_public_xls
2018-07-20,71.99,70.31,3.717,4.3275,267.58682999999996,1.68307364753093,1.6799999999999926,0.06950236308034263,1.7364943854948307,eia_public_xls
2018-07-23,73.45,67.9,3.6957,4.3262,271.449165,1.7073670488782102,5.549999999999997,2.0280594527017692,1.736729004048549,eia_public_xls
2018-07-24,73.53,70.77,3.702,4.3256,272.20806,1.7121403636775334,2.760000000000005,0.10891763104152741,1.7368722765592994,eia_public_xls
2018-07-25,73.67,71.13,3.6793,4.3035,271.054031,1.70488172617887,2.5400000000000063,0.19039847681219246,1.7363148523673844,eia_public_xls
2018-07-26,74.51,71.59,3.6649,4.2927,273.071699,1.7175724996383355,2.9200000000000017,1.140219899552064,1.7368894829975616,eia_public_xls
2018-07-27,74.84,68.66,3.6937,4.2945,276.436508,1.7387365507871713,6.180000000000007,0.44289357133271423,1.7390960080593592,eia_public_xls
2018-07-30,74.99,71.19,3.6684,4.2836,275.093316,1.7302881116066096,3.799999999999997,0.20042757883482754,1.7386875585215562,eia_public_xls
2018-07-31,74.16,69.88,3.6481,4.2779,270.543096,1.7016680357513507,4.280000000000001,-1.1068142418989124,1.7367946624566788,eia_public_xls
2018-08-01,72.28,68.8,3.6603,4.2758,264.566484,1.6640762074886626,3.480000000000004,-2.5350593311758263,1.7341168510632945,eia_public_xls
2018-08-02,72.95,68.95,3.6783,4.2745,268.33198500000003,1.6877605401699514,4.0,0.9269507470946348,1.7329196412285282,eia_public_xls
2018-08-03,72.48,68.49,3.6926,4.2758,267.639648,1.683405863372477,3.990000000000009,-0.6442769019876615,1.7319195781206431,eia_public_xls
2018-08-06,72.51,69.01,3.692,4.2672,267.70692,1.6838289923075473,3.5,0.041390728476820016,1.7314246500237966,eia_public_xls
2018-08-07,72.31,69.17,3.6722,4.2554,265.536782,1.6701792096209125,3.1400000000000006,-0.2758240242725196,1.72978504510851,eia_public_xls
2018-08-08,70.71,66.92,3.6782,4.2619,260.08552199999997,1.6358917521558365,3.789999999999992,-2.212695339510451,1.7247283975000052,eia_public_xls
2018-08-09,70.55,66.81,3.6846,4.2715,259.94853,1.6350300968003675,3.739999999999995,-0.22627633998019148,1.7189438993963868,eia_public_xls
2018-08-10,71.0,67.61,3.7481,4.2942,266.1151,1.6738167271537925,3.3900000000000006,0.6378454996456506,1.7139497258685723,eia_public_xls
2018-08-13,70.62,67.25,3.7862,4.3094,267.38144400000004,1.6817818060596152,3.3700000000000045,-0.5352112676056286,1.709371098056235,eia_public_xls
2018-08-14,70.77,67.04,3.7768,4.3001,267.284136,1.6811697560177876,3.7299999999999898,0.21240441801189114,1.7054042611450413,eia_public_xls
2018-08-15,68.38,65.07,3.7768,4.3001,258.257584,1.6243943467075925,3.3100000000000023,-3.3771372050303783,1.6986009885504267,eia_public_xls
2018-08-16,69.21,65.44,3.7871,4.3105,262.105191,1.648595111550001,3.769999999999996,1.2138052062006466,1.6929681015848257,eia_public_xls
2018-08-17,70.14,65.93,3.7784,4.3061,265.016976,1.666909722178543,4.209999999999994,1.3437364542696173,1.6900174242757795,eia_public_xls
2018-08-20,71.11,66.5,3.7695,4.2997,268.049145,1.6859815267914988,4.609999999999999,1.3829483889364003,1.686664811588369,eia_public_xls
2018-08-21,71.65,67.32,3.7375,4.3101,267.791875,1.684363344172794,4.3300000000000125,0.7593868654197866,1.6825013548277532,eia_public_xls
2018-08-22,72.96,67.85,3.7104,4.2937,270.710784,1.7027227634963864,5.109999999999999,1.82833217027214,1.6808064120546544,eia_public_xls
2018-08-23,73.73,69.13,3.7069,4.2868,273.30973700000004,1.7190697163919066,4.6000000000000085,1.0553728070175517,1.6820866282568179,eia_public_xls
2018-08-24,74.41,69.71,3.7014,4.2801,275.421174,1.7323502802115898,4.700000000000003,0.922284009222829,1.6819620667098567,eia_public_xls
2018-08-27,74.41,69.97,3.682,4.2748,273.97762,1.7232705818714738,4.439999999999998,0.0,1.6845594145013953,eia_public_xls
2018-08-28,75.91,68.54,3.6548,4.2732,277.43586799999997,1.7450223477391231,7.36999999999999,2.0158580835909046,1.6883159092672146,eia_public_xls
2018-08-29,76.07,69.68,3.6747,4.2871,279.534429,1.758221923805091,6.389999999999986,0.21077591885125813,1.6921719513754794,eia_public_xls
2018-08-30,77.05,70.25,3.6724,4.2917,282.95842,1.7797582192254713,6.799999999999997,1.2882871039831878,1.6954442939779144,eia_public_xls
2018-08-31,76.94,69.84,3.6808,4.2953,283.200752,1.7812824444765927,7.099999999999994,-0.1427644386761795,1.6987179205427698,eia_public_xls
2018-09-03,77.81,,3.6991,4.2954,287.826971,1.8103805405473405,,1.1307512347283666,1.7021517035984075,eia_public_xls
2018-09-04,77.51,69.82,3.7241,4.3073,288.654991,1.8155886393227119,7.690000000000012,-0.38555455596966937,1.7055999794532468,eia_public_xls
2018-09-05,76.68,68.69,3.733,4.3183,286.24644,1.800439281199092,7.990000000000009,-1.070829570378018,1.7087852312872542,eia_public_xls
2018-09-06,75.67,67.81,3.7143,4.3218,281.061081,1.7678242938101858,7.859999999999999,-1.3171622326552002,1.7104602910929825,eia_public_xls
2018-09-07,75.55,67.73,3.6995,4.3079,279.497225,1.7579879172510962,7.819999999999993,-0.15858332232060457,1.7111020033084468,eia_public_xls
2018-09-10,76.77,67.55,3.7283,4.3138,286.221591,1.800282985401322,9.219999999999999,1.6148246194573224,1.7134351657682705,eia_public_xls
2018-09-11,78.22,69.29,3.7087,4.3077,290.094514,1.824642983388579,8.929999999999993,1.8887586296730596,1.7175343306895114,eia_public_xls
2018-09-12,80.02,70.37,3.7198,4.3103,297.658396,1.8722184581129275,9.649999999999991,2.301201738685754,1.7244724057103202,eia_public_xls
2018-09-13,77.66,68.6,3.713,4.3126,288.35158,1.8136802380068813,9.060000000000002,-2.9492626843289127,1.7286697289715511,eia_public_xls
2018-09-14,77.87,68.98,3.6817,4.3093,286.693979,1.8032542220433119,8.89,0.2704094772083554,1.7326646742605791,eia_public_xls
2018-09-17,78.22,68.86,3.6876,4.2968,288.444072,1.8142619962638455,9.36,0.44946706048540896,1.7370124410591223,eia_public_xls
2018-09-18,79.25,69.87,3.6817,4.303,291.774725,1.8352112122374786,9.379999999999995,1.316798772692418,1.7425135078130078,eia_public_xls
2018-09-19,79.43,71.08,3.6685,4.2929,291.388955,1.8327847874354508,8.350000000000009,0.22712933753943343,1.749076608988995,eia_public_xls
2018-09-20,79.03,70.77,3.6702,4.2912,290.055906,1.8244001459238806,8.260000000000005,-0.5035880649628677,1.7553889439597787,eia_public_xls
2018-09-21,78.9,70.8,3.6402,4.2929,287.21178000000003,1.8065110983916928,8.100000000000009,-0.16449449576110275,1.7598120896677087,eia_public_xls
2018-09-24,80.89,73.23,3.662,4.3092,296.21918,1.8631660450225491,7.659999999999997,2.5221799746514506,1.7658582309664732,eia_public_xls
2018-09-25,82.21,73.4,3.6511,4.2939,300.156931,1.8879337996188368,8.809999999999988,1.6318457164049782,1.772750365753175,eia_public_xls
2018-09-26,81.87,72.22,3.643,4.2865,298.25241,1.8759547006987993,9.650000000000006,-0.4135749908770081,1.7811357108862151,eia_public_xls
2018-09-27,81.54,72.18,3.6557,4.2814,298.085778,1.8749066150062585,9.36,-0.4030780505679732,1.7886794276680902,eia_public_xls
2018-09-28,82.72,73.16,3.6754,4.2714,304.029088,1.9122889796021059,9.560000000000002,1.447142506745136,1.7968587362488757,eia_public_xls
2018-10-01,84.94,75.37,3.6867,4.2795,313.148298,1.9696471912797904,9.569999999999993,2.683752417794971,1.8063142583984857,eia_public_xls
2018-10-02,85.63,75.16,3.7326,4.2975,319.622538,2.010369011302811,10.469999999999999,0.8123381210266123,1.817181113969486,eia_public_xls
2018-10-03,85.45,76.4,3.7103,4.2949,317.045135,1.9941576040808369,9.049999999999997,-0.2102067032581978,1.8268956086556343,eia_public_xls
2018-10-04,86.07,74.44,3.7512,4.309,322.86578399999996,2.030768452766578,11.629999999999995,0.7255705090696285,1.83728556653479,eia_public_xls
2018-10-05,85.12,74.26,3.7518,4.3117,319.353216,2.00867502374408,10.86,-1.1037527593818819,1.8464963913192065,eia_public_xls
2018-10-08,84.22,74.27,3.7574,4.3112,316.44822800000003,1.9904031650386511,9.950000000000003,-1.0573308270676707,1.8554008107581124,eia_public_xls
2018-10-09,85.16,74.95,3.7629,4.319,320.448564,2.0155645681722403,10.209999999999994,1.1161244360009537,1.8644188847725498,eia_public_xls
2018-10-10,83.82,73.18,3.7507,4.3082,314.383674,1.977417486964343,10.639999999999986,-1.5735086895256045,1.8717254035445245,eia_public_xls
2018-10-11,81.35,70.97,3.7399,4.3179,304.240865,1.9136210193286243,10.379999999999995,-2.9467907420663297,1.8761874968812964,eia_public_xls
2018-10-12,80.71,71.41,3.713,4.3022,299.67623,1.8849102756829175,9.299999999999997,-0.7867240319606617,1.8796417579215075,eia_public_xls
2018-10-15,80.91,71.84,3.7091,4.2927,300.103281,1.8875963506450213,9.069999999999993,0.2478007681823824,1.8822156182580967,eia_public_xls
2018-10-16,80.53,71.93,3.7036,4.2919,298.250908,1.8759452533854968,8.599999999999994,-0.46965764429612866,1.8842275053935227,eia_public_xls
2018-10-17,79.91,69.63,3.7123,4.2936,296.64989299999996,1.8658751533144218,10.280000000000001,-0.7698994163665818,1.8864087011307007,eia_public_xls
2018-10-18,80.3,68.63,3.7302,4.2966,299.53506,1.884022341449301,11.670000000000002,0.48804905518708974,1.8902819693853377,eia_public_xls
2018-10-19,80.38,69.16,3.7601,4.3049,302.236838,1.9010160453370402,11.219999999999999,0.09962640099625553,1.8950495736548691,eia_public_xls
2018-10-22,80.45,69.25,3.7273,4.2922,299.861285,1.8860742387742395,11.200000000000003,0.08708633988554482,1.8979092821006327,eia_public_xls
2018-10-23,78.67,66.49,3.7485,4.2984,294.894495,1.854834011585853,12.180000000000007,-2.212554381603482,1.8989156497072088,eia_public_xls
2018-10-24,77.34,66.56,3.7698,4.3036,291.556332,1.833837559045708,10.780000000000001,-1.6906063302402408,1.897636286404968,eia_public_xls
2018-10-25,77.3,67.25,3.7796,4.3123,292.16308,1.8376538962305093,10.049999999999997,-0.05171967933799149,1.8984354083457557,eia_public_xls
2018-10-26,77.4,67.58,3.7899,4.3125,293.33826,1.8450455697635655,9.820000000000007,0.1293661060802087,1.899828453269764,eia_public_xls
2018-10-29,77.56,67.0,3.793,4.3164,294.18508,1.8503719172007778,10.560000000000002,0.20671834625323182,1.9010321173009952,eia_public_xls
2018-10-30,75.68,66.18,3.8062,4.3258,288.053216,1.8118035814248965,9.5,-2.4239298607529602,1.9002518629405758,eia_public_xls
2018-10-31,74.84,65.31,3.8203,4.3313,285.911252,1.7983310081956387,9.530000000000001,-1.1099365750528611,1.8991034036325822,eia_public_xls
2018-11-01,71.25,63.67,3.8203,4.3313,272.196375,1.7120668671023418,7.579999999999998,-4.796900053447361,1.8953589610051975,eia_public_xls
2018-11-02,71.11,63.12,3.7804,4.3244,268.824244,1.6908567618736126,7.990000000000002,-0.1964912280701725,1.8915038164545948,eia_public_xls
2018-11-05,72.68,63.12,3.7907,4.3144,275.508076,1.732896878361124,9.56000000000001,2.2078469976093418,1.8871615108992141,eia_public_xls
2018-11-06,70.64,62.16,3.7802,4.3115,267.033328,1.6795922182316794,8.480000000000004,-2.806824435883337,1.8802167915196424,eia_public_xls
2018-11-07,70.1,61.69,3.7398,4.2972,262.15997999999996,1.6489397246315736,8.409999999999997,-0.7644394110985386,1.8726496256507346,eia_public_xls
2018-11-08,69.29,60.71,3.7599,4.2951,260.52347100000003,1.6386463736028734,8.580000000000005,-1.1554921540656071,1.8647742842706216,eia_public_xls
2018-11-09,69.01,60.19,3.7838,4.2901,261.120038,1.6423986741054302,8.820000000000007,-0.4040987155433662,1.8557779407540658,eia_public_xls
2018-11-12,69.81,59.85,3.8163,4.2962,266.415903,1.6757087246127043,9.96,1.1592522822779339,1.845979991865163,eia_public_xls
2018-11-13,65.45,55.63,3.8268,4.2994,250.46406000000002,1.5753744645788652,9.82,-6.2455235639593205,1.8314801736410318,eia_public_xls
2018-11-14,64.88,56.16,3.8114,4.2954,247.28363199999998,1.5553701371810273,8.719999999999999,-0.8708938120702947,1.8168539247443711,eia_public_xls
2018-11-15,65.61,56.45,3.8074,4.297,249.80351399999998,1.5712197475265273,9.159999999999997,1.1251541307028434,1.8015356345697027,eia_public_xls
2018-11-16,65.29,56.49,3.7876,4.295,247.292404,1.5554253115034564,8.800000000000004,-0.48773052888277935,1.7864273108283488,eia_public_xls
2018-11-19,64.14,57.16,3.784,4.3242,242.70576,1.5265761351557046,6.980000000000004,-1.7613723387961522,1.7709664098322506,eia_public_xls
2018-11-20,61.5,53.39,3.79,4.3314,233.085,1.4660632630340846,8.11,-4.115996258185217,1.7526496996609786,eia_public_xls
2018-11-21,61.65,54.41,3.7829,4.307,233.215785,1.4668858774616793,7.240000000000002,0.24390243902439046,1.7356319793442232,eia_public_xls
2018-11-22,61.11,,3.7764,4.3064,230.77580400000002,1.451538830218823,,-0.8759124087591275,1.7202292397072299,eia_public_xls
2018-11-23,57.69,,3.7779,4.2972,217.947051,1.3708482517438532,,-5.596465390279826,1.703093838909261,eia_public_xls
2018-11-26,59.7,51.46,3.7701,4.2883,225.07497,1.4156815966085279,8.240000000000002,3.4841393655746344,1.6873633471080445,eia_public_xls
2018-11-27,59.58,51.31,3.7948,4.2919,226.09418399999998,1.42209227169517,8.269999999999996,-0.20100502512563345,1.6722349143850337,eia_public_xls
2018-11-28,57.97,50.06,3.8114,4.2994,220.946858,1.3897165051230604,7.909999999999997,-2.7022490768714325,1.6563629594453215,eia_public_xls
2018-11-29,58.29,51.46,3.7728,4.29,219.916512,1.383235811733035,6.829999999999998,0.5520096601690616,1.6396700751214464,eia_public_xls
2018-11-30,57.71,50.78,3.7731,4.2904,217.745601,1.3695811670136553,6.93,-0.995024875621886,1.621955579177333,eia_public_xls
2018-12-03,60.17,52.98,3.7672,4.2818,226.672424,1.4257292986219,7.190000000000005,4.262692774215915,1.6066107478389218,eia_public_xls
2018-12-04,61.22,53.21,3.7516,4.281,229.67295199999998,1.444602086963085,8.009999999999998,1.745055675585827,1.5929363503514964,eia_public_xls
2018-12-05,61.4,52.64,3.7832,4.2896,232.28848,1.4610532936655198,8.759999999999998,0.2940215615811814,1.5805102081721567,eia_public_xls
2018-12-06,57.83,51.54,3.7844,4.2919,218.851852,1.376539289375861,6.289999999999999,-5.814332247557008,1.5651397212770017,eia_public_xls
2018-12-07,61.71,52.76,3.7694,4.2845,232.609674,1.4630735468937712,8.950000000000003,6.709320421926335,1.5524073205146753,eia_public_xls
2018-12-10,60.29,51.07,3.76,4.2911,226.69039999999998,1.4258423644700509,9.219999999999999,-2.301085723545615,1.5382563354236511,eia_public_xls
2018-12-11,59.73,51.65,3.7763,4.2982,225.55839899999998,1.4187222791800587,8.079999999999998,-0.9288439210482724,1.5251536253488234,eia_public_xls
2018-12-12,59.94,51.04,3.7934,4.2993,227.376396,1.4301571575034437,8.899999999999999,0.35158211953791874,1.5128811636590835,eia_public_xls
2018-12-13,59.03,52.69,3.7739,4.2937,222.773317,1.4012046079239182,6.340000000000003,-1.5181848515181784,1.5025190883531359,eia_public_xls
2018-12-14,58.56,51.26,3.8095,4.3021,223.08432,1.4031607615717008,7.300000000000004,-0.7962053193291574,1.4929292216764054,eia_public_xls
2018-12-17,57.59,49.8,3.7871,4.2906,218.09908900000002,1.3718045437677295,7.790000000000006,-1.6564207650273222,1.4808928105232924,eia_public_xls
2018-12-18,55.26,46.12,3.7668,4.2853,208.153368,1.309247724656733,9.14,-4.045841291890961,1.468547994070794,eia_public_xls
2018-12-19,55.6,47.96,3.7619,4.2846,209.16164,1.3155895765062553,7.640000000000001,0.6152732537097361,1.4574363224666167,eia_public_xls
2018-12-20,52.84,45.64,3.7331,4.2849,197.257004,1.2407115298735116,7.200000000000003,-4.964028776978413,1.4441718276756381,eia_public_xls
2018-12-21,51.93,45.38,3.7528,4.2889,194.882904,1.2257788624227137,6.549999999999997,-1.72218016654051,1.4302845006195475,eia_public_xls
2018-12-27,51.49,44.48,3.7616,4.286,193.684784,1.218242900362923,7.010000000000005,-0.8472944348160927,1.4150356398112216,eia_public_xls
2018-12-28,50.57,45.15,3.755,4.2969,189.89034999999998,1.1943765842490266,5.420000000000002,-1.7867547096523606,1.4023357104668934,eia_public_xls
2019-01-02,54.06,46.31,3.7619,4.3016,203.368314,1.2791505846389957,7.75,6.901324896183514,1.393128392048826,eia_public_xls
2019-01-03,53.23,46.92,3.7827,4.303,201.353121,1.266475378490065,6.309999999999995,-1.5353311135775205,1.3829702464142772,eia_public_xls
2019-01-04,55.64,47.76,3.772,4.3018,209.87408,1.3200706976042067,7.880000000000003,4.527522074018409,1.3751250926176355,eia_public_xls
2019-01-07,57.1,48.27,3.7575,4.2989,214.55325,1.3495018460628856,8.829999999999998,2.624011502516166,1.3692226163145416,eia_public_xls
2019-01-08,56.91,49.58,3.7559,4.3013,213.748269,1.3444386585066703,7.329999999999998,-0.3327495621716414,1.3651684628302942,eia_public_xls
2019-01-09,59.46,52.19,3.7509,4.2989,223.028514,1.4028097517407083,7.270000000000003,4.480759093305231,1.3630325919729285,eia_public_xls
2019-01-10,60.47,52.42,3.736,4.3055,225.91592,1.4209710227880268,8.049999999999997,1.6986209216279802,1.3620136650585688,eia_public_xls
2019-01-11,59.24,51.44,3.7289,4.2957,220.900036,1.3894220030568538,7.800000000000004,-2.0340664792458996,1.3626327901023354,eia_public_xls
2019-01-14,58.8,50.31,3.7458,4.2936,220.25304,1.3853525130985553,8.489999999999995,-0.742741390952073,1.3616218206520032,eia_public_xls
2019-01-15,58.65,51.8,3.7542,4.2922,220.18383,1.3849171944875998,6.850000000000001,-0.25510204081632404,1.3603826514117507,eia_public_xls
2019-01-16,59.81,52.08,3.7619,4.2929,224.999239,1.4152052620654518,7.730000000000004,1.9778346121057222,1.3612322766431637,eia_public_xls
2019-01-17,59.85,51.83,3.7615,4.2875,225.125775,1.4160011510375063,8.020000000000003,0.06687844841999357,1.3623244546199793,eia_public_xls
2019-01-18,62.04,53.6,3.7694,4.2964,233.853576,1.4708974696044332,8.439999999999998,3.659147869674184,1.365701664706339,eia_public_xls
2019-01-21,62.18,,3.7751,4.2928,234.73571800000002,1.4764459861498112,,0.22566086395874319,1.3673922209572689,eia_public_xls
2019-01-22,60.9,52.59,3.7727,4.2862,229.75743,1.4451334385830288,8.309999999999995,-2.0585397233837233,1.3674099326779336,eia_public_xls
2019-01-23,61.05,52.44,3.7747,4.2867,230.445435,1.4494608678697,8.61,0.24630541871921707,1.36702351848474,eia_public_xls
2019-01-24,61.09,52.94,3.7844,4.2942,231.18899600000003,1.4541377345317543,8.150000000000006,0.06552006552007494,1.3696101333232698,eia_public_xls
2019-01-25,61.49,53.53,3.7893,4.2935,233.004057,1.4655541459364603,7.960000000000001,0.6547716483876309,1.3696928199580258,eia_public_xls
2019-01-28,59.71,51.79,3.7592,4.2885,224.461832,1.4118250674583457,7.920000000000002,-2.8947796389656832,1.3692255767243025,eia_public_xls
2019-01-29,60.98,53.07,3.7563,4.2974,229.05917399999998,1.4407415323265425,7.909999999999997,2.1269469100653193,1.3699595518291852,eia_public_xls
2019-01-30,61.89,54.18,3.7577,4.2952,232.564053,1.462786598904313,7.710000000000001,1.4922925549360588,1.3710471998758809,eia_public_xls
2019-01-31,62.46,53.84,3.7271,4.2802,232.794666,1.4642371137262795,8.619999999999997,0.9209888511875874,1.373148283402626,eia_public_xls
2019-02-01,61.86,55.29,3.7243,4.2706,230.385198,1.4490819878354835,6.57,-0.9606147934678178,1.3746789909447523,eia_public_xls
2019-02-04,62.26,54.57,3.7408,4.2813,232.902208,1.4649135338109405,7.689999999999998,0.6466214031684459,1.3777826239461928,eia_public_xls
2019-02-05,61.67,53.69,3.7542,4.2869,231.521514,1.456229213709297,7.980000000000004,-0.9476389335046465,1.3826820069146113,eia_public_xls
2019-02-06,62.22,53.94,3.7706,4.2936,234.606732,1.4756346871127828,8.280000000000001,0.891843684125182,1.388016843934829,eia_public_xls
2019-02-07,61.01,52.68,3.7919,4.3019,231.343819,1.455111543711121,8.329999999999998,-1.9447123111539732,1.3951635110627494,eia_public_xls
2019-02-08,61.37,52.75,3.804,4.3082,233.45147999999998,1.4683683571612773,8.619999999999997,0.5900672020980213,1.4032498275540348,eia_public_xls
2019-02-11,61.3,52.43,3.819,4.3172,234.10469999999998,1.4724769949744319,8.869999999999997,-0.11406224539677323,1.4117242973744186,eia_public_xls
2019-02-12,62.58,53.14,3.838,4.3268,240.18204,1.5107023844716865,9.439999999999998,2.088091353996746,1.4222684907151737,eia_public_xls
2019-02-13,63.27,53.84,3.8261,4.3312,242.077347,1.5226235289677774,9.43,1.1025886864813206,1.430384255526133,eia_public_xls
2019-02-14,64.0,54.4,3.8516,4.3394,246.5024,1.5504563266178997,9.600000000000001,1.1537853643116769,1.4398502871303942,eia_public_xls
2019-02-15,65.65,55.58,3.8326,4.3243,251.61019000000002,1.5825834187700882,10.070000000000007,2.578125000000009,1.448600711169257,eia_public_xls
2019-02-18,66.41,,3.8286,4.3317,254.25732599999998,1.599233434180153,,1.1576542269611467,1.4569250974398325,eia_public_xls
2019-02-19,65.86,56.12,3.8311,4.3303,252.316246,1.5870243856415935,9.740000000000002,-0.8281885258244248,1.46501128834433,eia_public_xls
2019-02-20,66.82,56.9,3.8221,4.3371,255.39272199999996,1.6063748734173233,9.919999999999995,1.4576374126935798,1.4717967924002173,eia_public_xls
2019-02-21,66.91,56.95,3.8247,4.3322,255.910677,1.6096327183983596,9.959999999999994,0.1346902125112237,1.4780855155872283,eia_public_xls
2019-02-22,66.91,57.01,3.8242,4.3387,255.877222,1.6094222923886858,9.899999999999999,0.0,1.4854188585649561,eia_public_xls
2019-02-25,64.02,55.32,3.8241,4.3402,244.818882,1.5398672973261966,8.699999999999996,-4.319234793005533,1.490569351372544,eia_public_xls
2019-02-26,64.51,55.4,3.8124,4.3338,245.937924,1.5469058728072107,9.110000000000007,0.7653858169322181,1.4959689739831978,eia_public_xls
2019-02-27,65.55,56.92,3.7886,4.3173,248.34273,1.5620316755457992,8.629999999999995,1.6121531545496781,1.5008631877658762,eia_public_xls
2019-02-28,65.03,57.21,3.7853,4.312,246.158059,1.5482904828696686,7.82,-0.7932875667429395,1.5052728321602815,eia_public_xls
2019-03-01,63.71,55.76,3.792,4.3079,241.58831999999998,1.5195476359702365,7.950000000000003,-2.029832385053054,1.5068945043724749,eia_public_xls
2019-03-04,64.44,56.6,3.7893,4.2984,244.182492,1.5358645172246788,7.839999999999996,1.1458169832051501,1.5088751220749708,eia_public_xls
2019-03-05,64.24,56.55,3.7977,4.3018,243.96424799999997,1.5344918012164515,7.689999999999998,-0.3103662321539469,1.5118537341627512,eia_public_xls
2019-03-06,64.51,56.22,3.8038,4.2992,245.383138,1.5434163673759491,8.290000000000006,0.4202988792030071,1.514985584146293,eia_public_xls
2019-03-07,64.82,56.6,3.8038,4.3019,246.56231599999995,1.5508331876191133,8.219999999999992,0.48054565183690556,1.5182087659158716,eia_public_xls
2019-03-08,65.66,55.77,3.8409,4.3068,252.193494,1.5862522973576456,9.889999999999993,1.2958963282937441,1.5222320376299112,eia_public_xls
2019-03-11,65.06,56.79,3.8199,4.2983,248.522694,1.5631636171510879,8.270000000000003,-0.9137983551629536,1.5272766559530024,eia_public_xls
2019-03-12,65.33,56.89,3.8116,4.2976,249.01182799999998,1.5662401831596293,8.439999999999998,0.41500153704272513,1.5314599443141053,eia_public_xls
2019-03-13,65.89,58.27,3.8077,4.3006,250.889353,1.5780494820331223,7.619999999999997,0.8571865911526144,1.5353020404183988,eia_public_xls
2019-03-14,66.18,58.59,3.8018,4.3015,251.60312400000004,1.5825389748847394,7.590000000000003,0.4401274852026127,1.5392454357903478,eia_public_xls
2019-03-15,66.11,58.51,3.8014,4.3037,251.310554,1.5806987615339618,7.600000000000001,-0.10577213659717088,1.5436326615802969,eia_public_xls
2019-03-18,66.65,59.09,3.7876,4.2993,252.44354,1.587825042299056,7.560000000000002,0.8168204507638777,1.547729711863234,eia_public_xls
2019-03-19,67.13,59.12,3.7823,4.294,253.905799,1.5970223917678805,8.009999999999998,0.7201800450112428,1.5524228177985202,eia_public_xls
2019-03-20,68.35,60.12,3.7767,4.2864,258.13744499999996,1.6236386937296758,8.229999999999997,1.8173692834798194,1.5573562846857498,eia_public_xls
2019-03-21,68.3,59.98,3.7581,4.287,256.67823,1.6144604904803537,8.32,-0.0731528895391298,1.5626679162447243,eia_public_xls
2019-03-22,66.29,58.87,3.7948,4.2894,251.55729200000002,1.5822506997427463,7.420000000000009,-2.942898975109798,1.5664639943307737,eia_public_xls
2019-03-25,67.37,58.71,3.7966,4.2978,255.77694200000002,1.608791548994572,8.660000000000004,1.6292050082968856,1.5710078127981113,eia_public_xls
2019-03-26,67.51,59.87,3.7969,4.297,256.32871900000004,1.6122621283501168,7.640000000000008,0.20780762950869391,1.574393137594059,eia_public_xls
2019-03-27,67.35,59.39,3.8113,4.2991,256.691055,1.6145411574531252,7.959999999999994,-0.23700192564065636,1.5774570585435705,eia_public_xls
2019-03-28,66.08,59.29,3.8202,4.2998,252.43881599999997,1.5877953291778573,6.789999999999999,-1.8856718634001401,1.578701691962236,eia_public_xls
2019-03-29,67.93,60.19,3.8365,4.3013,260.613445,1.639212294086938,7.740000000000009,2.799636803874095,1.5805893211394642,eia_public_xls
2019-04-01,69.08,61.59,3.8267,4.3035,264.348436,1.6627047242856334,7.489999999999995,1.692919181510355,1.5827050308096469,eia_public_xls
2019-04-02,69.68,62.53,3.8403,4.3004,267.592104,1.6831068200544699,7.150000000000006,0.8685581933989717,1.5859077786234093,eia_public_xls
2019-04-03,69.21,62.46,3.8192,4.2941,264.32683199999997,1.662568838961676,6.749999999999993,-0.6745120551090888,1.587780910808221,eia_public_xls
2019-04-04,69.8,62.12,3.8215,4.2921,266.7407,1.677751640071201,7.68,0.8524779656119197,1.5900515415306493,eia_public_xls
2019-04-05,69.93,63.1,3.8215,4.2921,267.237495,1.6808763924094425,6.830000000000005,0.18624641833813183,1.5924333448646744,eia_public_xls
2019-04-08,71.12,64.37,3.8188,4.2897,271.593056,1.7082720977186814,6.75,1.7017017017016967,1.5980468382110906,eia_public_xls
2019-04-09,71.02,64.05,3.8003,4.2871,269.89730599999996,1.6976061313189126,6.969999999999999,-0.14060742407200344,1.6030701801614808,eia_public_xls
2019-04-10,71.63,64.62,3.8023,4.2852,272.358749,1.7130881707309402,7.009999999999991,0.8589129822585084,1.6081053966676522,eia_public_xls
2019-04-11,71.3,63.61,3.7964,4.2821,270.68332,1.7025500198129406,7.689999999999998,-0.4607008236772292,1.6132473812324277,eia_public_xls
2019-04-12,71.57,63.86,3.7899,4.2847,271.243143,1.706071207079824,7.709999999999994,0.37868162692846763,1.6194648336027475,eia_public_xls
2019-04-15,70.9,63.43,3.7789,4.277,267.92401,1.6851944498606806,7.470000000000006,-0.9361464300684519,1.6244424980239474,eia_public_xls
2019-04-16,70.74,64.01,3.7802,4.2737,267.411348,1.6819698969098102,6.72999999999999,-0.22566995768690257,1.6293584345470593,eia_public_xls
2019-04-17,71.14,63.74,3.7778,4.275,268.752692,1.6904067124985063,7.399999999999999,0.5654509471303415,1.6342581127178113,eia_public_xls
2019-04-18,70.71,64.02,3.8002,4.279,268.712142,1.6901516601986324,6.689999999999998,-0.6044419454596661,1.6389020618037953,eia_public_xls
2019-04-22,70.71,65.66,3.8051,4.2802,269.05862099999996,1.6923309515872365,5.049999999999997,0.0,1.6424380169447814,eia_public_xls
2019-04-23,74.39,66.24,3.8118,4.2886,283.559802,1.7835408052230686,8.150000000000006,5.204355819544637,1.6497839232138476,eia_public_xls
2019-04-24,73.59,65.96,3.8229,4.2895,281.32721100000003,1.7694982042556942,7.63000000000001,-1.075413362011024,1.6565591905837167,eia_public_xls
2019-04-25,74.94,65.23,3.8537,4.2959,288.796278,1.8164773094655537,9.709999999999994,1.8344883815735846,1.6645067848314643,eia_public_xls
2019-04-26,71.03,63.29,3.8508,4.2906,273.522324,1.7204068508746,7.740000000000002,-5.217507339204697,1.669102380697793,eia_public_xls
2019-04-29,71.22,63.39,3.8468,4.295,273.969096,1.7232169674250095,7.829999999999998,0.26749260875686964,1.673852987560828,eia_public_xls
2019-04-30,72.19,63.83,3.8291,4.2911,276.422729,1.7386498833237938,8.36,1.3619769727604591,1.6788804822616525,eia_public_xls
2019-05-01,72.01,63.55,3.8291,4.2911,275.733491,1.7343146986860563,8.460000000000008,-0.2493420141293723,1.6834568924922584,eia_public_xls
2019-05-02,70.56,61.75,3.8177,4.2795,269.376912,1.6943329454609497,8.810000000000002,-2.013609220941537,1.6858133675499676,eia_public_xls
2019-05-03,71.95,61.98,3.8177,4.2795,274.683515,1.7277105360815666,9.970000000000006,1.9699546485260733,1.689588369070008,eia_public_xls
2019-05-06,71.95,62.3,3.8313,4.2847,275.662035,1.733865253133904,9.650000000000006,0.0,1.6946421875163797,eia_public_xls
2019-05-07,70.98,61.41,3.8278,4.2858,271.697244,1.7089274217388843,9.570000000000007,-1.3481584433634453,1.6979800499411903,eia_public_xls
2019-05-08,71.09,62.13,3.8325,4.2914,272.452425,1.7136773761376718,8.96,0.15497323189630485,1.7013605582007754,eia_public_xls
2019-05-09,70.61,61.58,3.841,4.2977,271.21301,1.7058816758602906,9.030000000000001,-0.6752004501336395,1.7044052421476807,eia_public_xls
2019-05-10,71.63,61.65,3.8242,4.2955,273.927446,1.7229549963204538,9.979999999999997,1.4445545956663253,1.7089105643857674,eia_public_xls
2019-05-13,72.35,60.97,3.8321,4.3029,277.252435,1.7438685867397963,11.379999999999995,1.005165433477595,1.712399107474196,eia_public_xls
2019-05-14,72.53,61.82,3.8323,4.3085,277.956719,1.748298408045941,10.71,0.24879060124396446,1.7152522302662063,eia_public_xls
2019-05-15,73.09,62.03,3.8457,4.3128,281.082213,1.7679572103379524,11.060000000000002,0.7720943058044938,1.7180805766089893,eia_public_xls
2019-05-16,74.7,62.93,3.8259,4.2929,285.79473,1.7975981055054817,11.770000000000003,2.202763715966616,1.7225815521604493,eia_public_xls
2019-05-17,73.94,62.77,3.8545,4.3072,285.00172999999995,1.7926102763118994,11.169999999999995,-1.017402945113799,1.7264101733684722,eia_public_xls
2019-05-20,73.21,63.12,3.8543,4.2995,282.173303,1.7748199727021705,10.089999999999996,-0.9872869894509084,1.7295416260448968,eia_public_xls
2019-05-21,72.94,63.02,3.8625,4.3055,281.73075,1.7720363929126282,9.919999999999995,-0.368802076219088,1.7316671025513617,eia_public_xls
2019-05-22,71.94,61.42,3.862,4.3098,277.83228,1.7475157088315398,10.519999999999996,-1.3709898546750754,1.733330755135116,eia_public_xls
2019-05-23,68.37,57.65,3.8696,4.3107,264.56455200000005,1.664064055551712,10.720000000000006,-4.962468723936608,1.7316966179624749,eia_public_xls
2019-05-24,67.98,58.4,3.8436,4.2989,261.287928,1.6434546723945984,9.580000000000005,-0.5704256252742401,1.7297267730485302,eia_public_xls
2019-05-28,70.19,58.91,3.8386,4.2967,269.431334,1.6946752501776874,11.280000000000001,3.250956163577512,1.7293469078184591,eia_public_xls
2019-05-29,70.64,58.84,3.8554,4.3007,272.345456,1.713004560121268,11.799999999999997,0.6411169682291051,1.7302739114938117,eia_public_xls
2019-05-30,69.55,56.47,3.8548,4.2919,268.10134,1.6863098240736665,13.079999999999998,-1.5430351075877757,1.7304185757326072,eia_public_xls
2019-05-31,66.78,53.49,3.8498,4.2916,257.089644,1.61704821148899,13.29,-3.9827462257368773,1.7279732923656232,eia_public_xls
2019-06-03,63.16,53.25,3.8292,4.2809,241.852272,1.5212078471824741,9.909999999999997,-5.420784666067691,1.7223418319317512,eia_public_xls
2019-06-04,63.56,53.5,3.8041,4.2788,241.788596,1.520807336448892,10.060000000000002,0.633312222925908,1.7166243780938066,eia_public_xls
2019-06-05,62.14,51.57,3.7929,4.2782,235.690806,1.482453320082774,10.57,-2.2341095028319713,1.70658812858913,eia_public_xls
2019-06-06,62.77,52.59,3.8065,4.2783,238.934005,1.502852465924887,10.18,1.013839716768583,1.6976999373114365,eia_public_xls
2019-06-07,64.1,53.95,3.7958,4.2762,243.31077999999997,1.5303816035273323,10.149999999999991,2.118846582762446,1.6881634137801624,eia_public_xls
2019-06-10,64.31,53.33,3.7745,4.264,242.73809500000002,1.5267795165642475,10.980000000000004,0.3276131045241826,1.6817091693031507,eia_public_xls
2019-06-11,63.56,53.3,3.7722,4.2675,239.76103200000003,1.5080543189065776,10.260000000000005,-1.166226092365108,1.6745370810192028,eia_public_xls
2019-06-12,61.66,51.13,3.763,4.265,232.02657999999997,1.4594059891689255,10.529999999999994,-2.9893014474512314,1.6652289512140406,eia_public_xls
2019-06-13,63.28,52.38,3.7736,4.261,238.793408,1.5019681357595276,10.899999999999999,2.627311060655213,1.6574840657831562,eia_public_xls
2019-06-14,63.13,52.47,3.7727,4.2554,238.17055100000002,1.4980504758250677,10.660000000000004,-0.2370417193426011,1.6509413167952935,eia_public_xls
2019-06-17,62.56,51.94,3.7989,4.2599,237.659184,1.494834068194255,10.620000000000005,-0.9028987802946253,1.6431787678657166,eia_public_xls
2019-06-18,63.35,53.86,3.8097,4.2631,241.344495,1.518014020014215,9.490000000000002,1.2627877237851637,1.6359837267617268,eia_public_xls
2019-06-19,62.85,53.74,3.8104,4.2673,239.48364,1.506309572480769,9.11,-0.7892659826361448,1.629229798453123,eia_public_xls
2019-06-20,65.44,56.88,3.8104,4.2673,249.352576,1.5683834275758395,8.559999999999995,4.120922832140006,1.6243866668343956,eia_public_xls
2019-06-21,65.99,57.35,3.7705,4.2622,248.815295,1.5650040254863604,8.639999999999993,0.8404645476772554,1.6196907451552645,eia_public_xls
2019-06-24,65.16,57.73,3.736,4.2538,243.43776,1.5311802851805494,7.43,-1.2577663282315465,1.6132982547839343,eia_public_xls
2019-06-25,66.24,57.63,3.7376,4.2554,247.578624,1.55722558448175,8.609999999999992,1.6574585635359185,1.6070768213753326,eia_public_xls
2019-06-26,66.85,59.17,3.754,4.2642,250.95489999999998,1.5784617610244862,7.679999999999993,0.9208937198067702,1.6014155998079507,eia_public_xls
2019-06-27,66.78,59.18,3.7426,4.2561,249.930828,1.5720205299804386,7.600000000000001,-0.10471204188480243,1.594884377129367,eia_public_xls
2019-06-28,67.52,58.2,3.7336,4.252,252.092672,1.5856181448797702,9.319999999999993,1.108116202455811,1.5878183784418431,eia_public_xls
2019-07-01,65.1,58.91,3.743,4.2406,243.66929999999996,1.532636630667916,6.189999999999998,-3.584123222748814,1.5791525902537105,eia_public_xls
2019-07-02,62.72,56.0,3.7593,4.2457,235.783296,1.4830350657600937,6.719999999999999,-3.655913978494618,1.5694264266889746,eia_public_xls
2019-07-03,63.53,57.06,3.7596,4.2442,238.847388,1.5023076603747476,6.469999999999999,1.291454081632648,1.560435468937712,eia_public_xls
2019-07-04,63.62,,3.7618,4.2427,239.325716,1.5053162585620208,,0.14166535495041543,1.5523621539287278,eia_public_xls
2019-07-05,64.23,,3.7689,4.2445,242.076447,1.5226178681275828,,0.9588179817667575,1.5476472810145903,eia_public_xls
2019-07-08,64.89,57.35,3.7857,4.2519,245.65407299999998,1.545120500418273,7.539999999999999,1.0275572162540714,1.544369475282046,eia_public_xls
2019-07-09,64.3,57.57,3.8074,4.2637,244.81581999999997,1.5398480378898902,6.729999999999997,-0.9092310063183895,1.539208568205786,eia_public_xls
2019-07-10,66.41,60.28,3.8066,4.2729,252.796306,1.5900438778013297,6.1299999999999955,3.2814930015552024,1.5351098787951218,eia_public_xls
2019-07-11,67.64,59.93,3.7859,4.2682,256.078276,1.6106868863491985,7.710000000000001,1.8521307032073553,1.532589114204306,eia_public_xls
2019-07-12,66.65,59.99,3.7889,4.2669,252.53018500000002,1.5883700239642236,6.660000000000004,-1.4636309875813103,1.531633174620147,eia_public_xls
2019-07-15,66.86,59.3,3.7856,4.2673,253.105216,1.5919868668507489,7.560000000000002,0.3150787696924118,1.5339924752757563,eia_public_xls
2019-07-16,65.87,57.44,3.7867,4.2582,249.42992900000002,1.5688699642109105,8.430000000000007,-1.4807059527370603,1.5355945628678238,eia_public_xls
2019-07-17,63.67,56.5,3.8038,4.2644,242.187946,1.5233191770396324,7.170000000000002,-3.339911947775931,1.536956758099719,eia_public_xls
2019-07-18,60.7,55.08,3.7933,4.2635,230.25331,1.4482524357337392,5.6200000000000045,-4.664677242029214,1.5351367570933472,eia_public_xls
2019-07-19,61.04,55.42,3.7855,4.2592,231.06691999999998,1.4533698981677747,5.619999999999997,0.5601317957166341,1.5325697002480287,eia_public_xls
2019-07-22,61.96,55.87,3.7869,4.248,234.636324,1.4758208155383774,6.090000000000003,1.5072083879423381,1.5308710768804998,eia_public_xls
2019-07-23,62.28,56.58,3.7997,4.2492,236.645316,1.4884570184983679,5.700000000000003,0.5164622336991664,1.5302178335335592,eia_public_xls
2019-07-24,63.83,55.9,3.8229,4.2581,244.015707,1.5348154691893048,7.93,2.488760436737314,1.532731482867572,eia_public_xls
2019-07-25,63.47,55.88,3.8199,4.2514,242.449053,1.5249614937070326,7.589999999999996,-0.5639981200062705,1.533497928132489,eia_public_xls
2019-07-26,62.46,56.04,3.8296,4.2645,239.196816,1.5045055004497225,6.420000000000002,-1.591302977784781,1.5337130956199774,eia_public_xls
2019-07-29,62.29,56.85,3.8453,4.2773,239.52373699999998,1.5065617754910778,5.439999999999998,-0.27217419148255484,1.534104019196538,eia_public_xls
2019-07-30,62.55,58.04,3.8493,4.2906,240.77371499999998,1.514423915162875,4.509999999999998,0.41740247230694916,1.5339843490348268,eia_public_xls
2019-07-31,64.07,58.53,3.8504,4.2911,246.69512799999998,1.5516685515167907,5.539999999999992,2.430055955235799,1.5354963150026941,eia_public_xls
2019-08-01,62.9,53.64,3.886,4.2931,244.42940000000002,1.5374175247032777,9.259999999999998,-1.8261276728578024,1.5344641182402754,eia_public_xls
2019-08-02,61.12,55.67,3.8829,4.3085,237.32284799999996,1.4927185744746425,5.449999999999996,-2.829888712241657,1.5320546032065514,eia_public_xls
2019-08-05,59.32,54.63,3.8739,4.3182,229.799748,1.4453996112889733,4.689999999999998,-2.945026178010468,1.5291952474101655,eia_public_xls
2019-08-06,58.63,53.6,3.8482,4.3096,225.619966,1.4191095246781185,5.030000000000001,-1.1631827376938575,1.5245913787500447,eia_public_xls
2019-08-07,55.03,51.14,3.8597,4.3194,212.399291,1.3359538264134805,3.8900000000000006,-6.140201262152489,1.5165077809296779,eia_public_xls
2019-08-08,56.29,52.6,3.8538,4.322,216.93040200000002,1.3644537100517653,3.6899999999999977,2.289660185353437,1.509588886932055,eia_public_xls
2019-08-09,57.37,54.41,3.8613,4.3225,221.52278099999998,1.3933389585312006,2.960000000000001,1.9186356368804391,1.5031795807204362,eia_public_xls
2019-08-12,57.13,54.98,3.8711,4.3262,221.155943,1.391031612647575,2.1500000000000057,-0.4183371099877875,1.4984594134530915,eia_public_xls
2019-08-13,59.9,57.05,3.8714,4.3327,231.89686,1.458590073402228,2.8500000000000014,4.848590932959906,1.4976445803744958,eia_public_xls
2019-08-14,57.86,55.16,3.889,4.3463,225.01754,1.4153203721058956,2.700000000000003,-3.405676126878132,1.4947450040988675,eia_public_xls
2019-08-15,57.37,54.51,3.889,4.3463,223.11192999999997,1.4033344235692224,2.8599999999999994,-0.8468717594192876,1.4913456095991078,eia_public_xls
2019-08-16,59.0,54.83,3.9281,4.3543,231.7579,1.4577160396762001,4.170000000000002,2.8412062053338127,1.489182215317395,eia_public_xls
2019-08-19,59.79,56.24,3.9199,4.3519,234.370821,1.4741508488115382,3.549999999999997,1.3389830508474532,1.4868165602638372,eia_public_xls
2019-08-20,59.03,56.18,3.9408,4.3656,232.625424,1.4631726115971748,2.8500000000000014,-1.2711155711657485,1.4842607127207468,eia_public_xls
2019-08-21,60.6,55.65,3.921,4.3513,237.6126,1.4945410631057885,4.950000000000003,2.6596645773335537,1.4810772855642285,eia_public_xls
2019-08-22,59.81,55.33,3.9337,4.366,235.274597,1.4798354393755464,4.480000000000004,-1.303630363036301,1.476715570665107,eia_public_xls
2019-08-23,58.64,54.08,3.9371,4.3572,230.871544,1.452141017819067,4.560000000000002,-1.9561946162849009,1.4721746037936017,eia_public_xls
2019-08-26,58.64,53.54,3.9335,4.3719,230.66044,1.4508132111430494,5.100000000000001,0.0,1.4674688152700115,eia_public_xls
2019-08-27,58.44,54.99,3.9309,4.3684,229.72179599999998,1.4449093070502619,3.4499999999999957,-0.3410641200545794,1.4633367933646566,eia_public_xls
2019-08-28,60.42,55.76,3.9548,4.3857,238.949016,1.5029468824495085,4.660000000000004,3.3880903490759895,1.462657716878319,eia_public_xls
2019-08-29,60.59,56.67,3.9586,4.3845,239.85157400000003,1.5086238120097872,3.9200000000000017,0.2813637868255503,1.4646700960875207,eia_public_xls
2019-08-30,61.04,55.07,3.9717,4.3844,242.43256799999997,1.524857805984137,5.969999999999999,0.7426968146558854,1.4670530263480661,eia_public_xls
2019-09-02,58.55,,3.9819,4.3691,233.140245,1.4664107442746892,,-4.079292267365664,1.4667393573059433,eia_public_xls
2019-09-03,57.93,53.91,3.9882,4.3667,231.036426,1.4531780963223409,4.020000000000003,-1.0589239965841157,1.4655633932334091,eia_public_xls
2019-09-04,60.68,56.22,3.9414,4.3385,239.16415199999997,1.504300049689597,4.460000000000001,4.747108579319859,1.4645462125834188,eia_public_xls
2019-09-05,62.7,56.33,3.933,4.3409,246.5991,1.5510645524476845,6.3700000000000045,3.3289386947923605,1.4654163145414405,eia_public_xls
2019-09-06,61.28,56.45,3.9315,4.3392,240.92232,1.5153586142263205,4.829999999999998,-2.2647527910685805,1.4657780850006605,eia_public_xls
2019-09-09,63.99,57.88,3.931,4.3373,251.54469,1.5821714354003786,6.109999999999999,4.422323759791125,1.468298406997637,eia_public_xls
2019-09-10,64.67,57.37,3.9273,4.335,253.978491,1.5974796115405663,7.300000000000004,1.0626660415689937,1.4710669302102268,eia_public_xls
2019-09-11,63.02,55.66,3.9324,4.3357,247.819848,1.5587428406096098,7.3600000000000065,-2.5514148755218735,1.471302739846654,eia_public_xls
2019-09-12,60.76,55.13,3.9362,4.34,239.163512,1.5042960242032368,5.6299999999999955,-3.5861631228181645,1.4701986898299861,eia_public_xls
2019-09-13,61.25,54.76,3.912,4.3396,239.60999999999999,1.507104354444074,6.490000000000002,0.8064516129032251,1.4706782158289673,eia_public_xls
2019-09-16,68.42,63.1,3.9116,4.3262,267.631672,1.683355695748709,5.32,11.706122448979595,1.4786100853109585,eia_public_xls
2019-09-17,65.59,59.26,3.9412,4.341,258.503308,1.6259399070364244,6.330000000000005,-4.136217480268922,1.4855044313895684,eia_public_xls
2019-09-18,64.29,58.19,3.9322,4.3419,252.801138,1.5900742702233517,6.1000000000000085,-1.9820094526604604,1.4939751128498977,eia_public_xls
2019-09-19,64.25,58.19,3.9267,4.3425,252.290475,1.5868622906275356,6.060000000000002,-0.06221807435060622,1.5013887322024233,eia_public_xls
2019-09-20,65.23,57.92,3.9319,4.3438,256.477837,1.6132000540924731,7.310000000000002,1.5252918287937733,1.508717435387799,eia_public_xls
2019-09-23,64.66,58.69,3.9983,4.3891,258.530078,1.6261082855830982,5.969999999999999,-0.8738310593285448,1.51655332448565,eia_public_xls
2019-09-24,64.13,57.22,3.9838,4.3796,255.48109399999998,1.606930717605842,6.909999999999997,-0.8196721311475419,1.5214980126257704,eia_public_xls
2019-09-25,62.41,56.38,3.9856,4.3844,248.74129599999998,1.5645385849157478,6.029999999999994,-2.68205208170903,1.5264719530527655,eia_public_xls
2019-09-26,62.08,56.24,4.0092,4.3861,248.891136,1.5654810519099045,5.839999999999996,-0.5287614164396715,1.5318768406641214,eia_public_xls
2019-09-27,62.48,55.95,4.0154,4.3866,250.88219199999997,1.5780044406146414,6.529999999999994,0.6443298969072142,1.5358864540287362,eia_public_xls
2019-09-30,60.99,54.09,4.0,4.3736,243.96,1.5344650820507337,6.899999999999999,-2.3847631241997402,1.5378969284700426,eia_public_xls
2019-10-01,60.06,53.6,4.0147,4.3734,241.12288200000003,1.5166201135941935,6.460000000000001,-1.5248401377275012,1.5396785118699432,eia_public_xls
2019-10-02,57.92,52.67,4.0152,4.3788,232.560384,1.4627635215457868,5.25,-3.5631035631035646,1.5386192604846098,eia_public_xls
2019-10-03,58.01,52.41,3.9652,4.3475,230.02125199999998,1.4467928321183492,5.600000000000001,0.1553867403314868,1.5375178402427032,eia_public_xls
2019-10-04,59.13,52.84,3.9469,4.3311,233.380197,1.4679199997484071,6.289999999999999,1.9307016031718804,1.5380438063070148,eia_public_xls
2019-10-07,59.46,52.76,3.9498,4.3304,234.855108,1.4771969280507211,6.700000000000003,0.5580923389142622,1.5389232635372703,eia_public_xls
2019-10-08,58.14,52.64,3.9405,4.331,229.10067,1.4410025347984428,5.5,-2.219979818365292,1.538793037795543,eia_public_xls
2019-10-09,59.7,52.63,3.9382,4.3257,235.11054000000001,1.4788035499757843,7.07,2.6831785345717174,1.537988260046419,eia_public_xls
2019-10-10,59.08,53.57,3.9226,4.3217,231.747208,1.4576487888946896,5.509999999999998,-1.038525963149084,1.536289092609249,eia_public_xls
2019-10-11,60.59,54.76,3.9145,4.3097,237.179555,1.4918172869479895,5.830000000000005,2.555856465809092,1.5351877419747106,eia_public_xls
2019-10-14,58.81,53.57,3.8958,4.2969,229.111998,1.441073785907024,5.240000000000002,-2.9377785113055,1.5343431766957885,eia_public_xls
2019-10-15,59.19,52.81,3.8952,4.2949,230.556888,1.4501618874499171,6.3799999999999955,0.6461486141812633,1.5342426364000412,eia_public_xls
2019-10-16,59.3,53.42,3.8934,4.297,230.87862,1.4521855246026405,5.8799999999999955,0.18584220307484856,1.5325054855638094,eia_public_xls
2019-10-17,59.35,53.89,3.8638,4.2849,229.31653,1.4423602558699768,5.460000000000001,0.0843170320404818,1.528882009011219,eia_public_xls
2019-10-18,59.96,53.75,3.8503,4.2844,230.863988,1.4520934919207231,6.210000000000001,1.0278011794439657,1.5267731716010324,eia_public_xls
2019-10-21,58.95,53.28,3.8307,4.2775,225.81976500000002,1.420366224911471,5.670000000000002,-1.6844563042027971,1.5213796645847355,eia_public_xls
2019-10-22,60.5,54.21,3.8408,4.2792,232.3684,1.4615559762747898,6.289999999999999,2.62934690415606,1.516848876742543,eia_public_xls
2019-10-23,60.52,55.9,3.8473,4.2778,232.83859600000002,1.4645134256259948,4.6200000000000045,0.033057851239681746,1.5137078962430892,eia_public_xls
2019-10-24,61.71,56.11,3.8448,4.28,237.26260800000003,1.4923396755709588,5.600000000000001,1.96629213483146,1.5133093512886797,eia_public_xls
2019-10-25,62.06,56.52,3.8452,4.2762,238.633112,1.500959902381956,5.539999999999999,0.5671690163668863,1.5131045362199425,eia_public_xls
2019-10-28,60.39,55.6,3.8529,4.2732,232.67663100000001,1.4634946945347733,4.789999999999999,-2.690944247502425,1.505775836179478,eia_public_xls
2019-10-29,61.05,55.34,3.8598,4.2757,235.64078999999998,1.4821387283236993,5.709999999999994,1.0928961748633892,1.5009824635557207,eia_public_xls
2019-10-30,60.22,54.85,3.8388,4.2655,231.172536,1.4540342040544196,5.369999999999997,-1.3595413595413608,1.496447794683423,eia_public_xls
2019-10-31,59.3,54.02,3.8174,4.2617,226.37181999999999,1.4238385528376534,5.279999999999994,-1.5277316506144167,1.4910136700904268,eia_public_xls
2019-11-01,60.17,56.04,3.8174,4.2617,229.692958,1.444727921150786,4.130000000000003,1.4671163575042279,1.4853979323257038,eia_public_xls
2019-11-04,62.52,56.33,3.8099,4.2539,238.194948,1.498203928623095,6.190000000000005,3.905600797739739,1.4811344537603701,eia_public_xls
2019-11-05,62.72,57.04,3.8308,4.2631,240.267776,1.5112416486882576,5.68,0.31989763275750427,1.4779448181297843,eia_public_xls
2019-11-06,62.11,56.15,3.8497,4.2697,239.10486699999998,1.5039271575663418,5.960000000000001,-0.9725765306122458,1.4759244372181373,eia_public_xls
2019-11-07,62.6,56.91,3.8502,4.2653,241.02252000000001,1.5159888544346394,5.690000000000005,0.7889228787634872,1.474274697302295,eia_public_xls
2019-11-08,62.0,57.02,3.8625,4.2638,239.475,1.5062552284149018,4.979999999999997,-0.9584664536741228,1.4718830568956374,eia_public_xls
2019-11-11,62.58,,3.8625,4.2638,241.71524999999997,1.5203460031323315,,0.9354838709677349,1.4714124209316908,eia_public_xls
2019-11-12,62.19,56.67,3.878,4.2788,241.17282,1.5169342147471176,5.519999999999996,-0.6232023010546484,1.4714228909701215,eia_public_xls
2019-11-13,62.27,56.88,3.8902,4.285,242.24275400000002,1.5236639096278313,5.390000000000001,0.12863804470173434,1.4734529039061894,eia_public_xls
2019-11-14,62.46,56.57,3.9011,4.2916,243.66270600000001,1.5325951555787583,5.890000000000001,0.3051228520957183,1.4763129813548699,eia_public_xls
2019-11-15,63.32,57.54,3.8848,4.2807,245.985536,1.5472053438331437,5.780000000000001,1.376881203970548,1.4789558261576943,eia_public_xls
2019-11-18,62.82,56.82,3.8767,4.2884,243.53429400000002,1.5317874668998095,6.0,-0.7896399241945629,1.4807755107859972,eia_public_xls
2019-11-19,62.37,54.93,3.8786,4.2928,241.90828199999999,1.5215601401372438,7.439999999999998,-0.7163323782235054,1.4834607642972908,eia_public_xls
2019-11-20,63.8,56.71,3.8792,4.2917,247.49295999999998,1.5566867731323943,7.089999999999996,2.2927689594356204,1.4860568717358442,eia_public_xls
2019-11-21,64.99,58.36,3.8737,4.2948,251.75176299999998,1.5834738878021473,6.6299999999999955,1.865203761755474,1.4902510416994263,eia_public_xls
2019-11-22,64.83,57.68,3.8853,4.2975,251.883999,1.5843056287621,7.149999999999999,-0.24619172180334603,1.4933339864265633,eia_public_xls
2019-11-25,64.67,57.79,3.9036,4.299,252.44581200000002,1.587839332775636,6.880000000000003,-0.24679932130186044,1.4982261713221836,eia_public_xls
2019-11-26,64.82,58.25,3.9039,4.2999,253.050798,1.5916445872933007,6.569999999999993,0.23194680686560165,1.502942261316963,eia_public_xls
2019-11-27,65.03,58.12,3.9154,4.3107,254.618462,1.6015049154962355,6.910000000000004,0.3239740820734527,1.5079195743467495,eia_public_xls
2019-11-28,64.68,,3.9252,4.323,253.88193600000002,1.5968722977350351,,-0.5382131324004225,1.5130699757422517,eia_public_xls
2019-11-29,64.5,58.12,3.9288,4.3236,253.4076,1.5938888085189356,6.380000000000003,-0.278293135436003,1.517796486295525,eia_public_xls
2019-12-02,63.2,55.97,3.9047,4.3008,246.77704000000003,1.5521837634523579,7.230000000000004,-2.0155038759689825,1.5221904042468881,eia_public_xls
2019-12-03,62.95,56.15,3.8706,4.29,243.65427000000003,1.5325420946366686,6.800000000000004,-0.39556962025316666,1.5245566081922841,eia_public_xls
2019-12-04,65.25,58.46,3.8647,4.2792,252.171675,1.586115059721864,6.789999999999999,3.653693407466241,1.52860999599548,eia_public_xls
2019-12-05,65.67,58.42,3.8566,4.2777,253.262922,1.5929788095882054,7.25,0.6436781609195474,1.5319646337960546,eia_public_xls
2019-12-06,66.5,59.2,3.85,4.2721,256.02500000000003,1.6103517897689752,7.299999999999997,1.263895233744483,1.5356110300422887,eia_public_xls
2019-12-09,66.44,58.99,3.8704,4.283,257.149376,1.617423915162875,7.449999999999996,-0.09022556390977376,1.5407420040632254,eia_public_xls
2019-12-10,66.57,59.22,3.8711,4.288,257.699127,1.6208817513381597,7.349999999999994,0.19566526189040978,1.5453667714970407,eia_public_xls
2019-12-11,65.37,58.74,3.866,4.2851,252.72042000000002,1.589566568335776,6.630000000000003,-1.8026137899954775,1.549884516973086,eia_public_xls
2019-12-12,66.67,59.18,3.8505,4.2846,256.712835,1.6146781497858316,7.490000000000002,1.9886798225485558,1.5562458368713585,eia_public_xls
2019-12-13,67.44,60.11,3.8234,4.2747,257.850096,1.6218313195418494,7.329999999999998,1.1549422528873476,1.562149283484394,eia_public_xls
2019-12-16,68.04,60.21,3.8311,4.2659,260.668044,1.6395557121022475,7.830000000000005,0.8896797153024938,1.566861009600366,eia_public_xls
2019-12-17,68.99,60.88,3.8211,4.2605,263.617689,1.6581084554083039,8.109999999999992,1.3962375073486077,1.5717565698243672,eia_public_xls
2019-12-18,69.12,60.93,3.8302,4.2644,264.743424,1.6651891286708977,8.190000000000005,0.1884331062472988,1.5771319688611858,eia_public_xls
2019-12-19,69.7,61.3,3.8281,4.2632,266.81857,1.6782414285444724,8.400000000000006,0.839120370370372,1.5825403879981803,eia_public_xls
2019-12-20,68.66,60.43,3.8311,4.2604,263.043326,1.6544958141231672,8.229999999999997,-1.4921090387374547,1.5874817408551223,eia_public_xls
2019-12-23,67.49,60.51,3.8394,4.2554,259.121106,1.629825746759169,6.979999999999997,-1.7040489367899814,1.5911310656426836,eia_public_xls
2019-12-24,69.26,61.17,3.8487,4.2624,266.560962,1.6766211199657834,8.090000000000003,2.622610757149224,1.5964539624833058,eia_public_xls
2019-12-26,69.26,61.72,3.8487,4.2624,266.560962,1.6766211199657834,7.540000000000006,0.0,1.6015525361612375,eia_public_xls
2019-12-27,68.91,61.76,3.8266,4.2624,263.69100599999996,1.6585696063200135,7.149999999999999,-0.505342188853608,1.6057516845192794,eia_public_xls
2019-12-30,68.3,61.66,3.8027,4.2588,259.72441,1.6336204217954926,6.640000000000001,-0.8852125961398949,1.6086321871180245,eia_public_xls
2019-12-31,67.77,61.14,3.7977,4.2585,257.37012899999996,1.6188124123355996,6.6299999999999955,-0.7759882869692536,1.6115330186325507,eia_public_xls
2020-01-02,67.05,61.17,3.8,4.2571,254.78999999999996,1.6025838590576587,5.8799999999999955,-1.0624169986719778,1.6142338092632313,eia_public_xls
2020-01-03,69.08,63.0,3.8213,4.2569,263.97540399999997,1.6603584192418246,6.079999999999998,3.0275913497390006,1.6176895308002124,eia_public_xls
2020-01-06,70.25,63.27,3.8213,4.2569,268.446325,1.6884797184675477,6.979999999999997,1.6936884771279637,1.6211897251557257,eia_public_xls
2020-01-07,68.74,62.7,3.7861,4.2347,260.256514,1.6369672614742086,6.039999999999992,-2.1494661921708236,1.6229451129127956,eia_public_xls
2020-01-08,67.31,59.65,3.8123,4.2465,256.605913,1.6140056293910823,7.660000000000004,-2.080302589467553,1.6238173227999775,eia_public_xls
2020-01-09,66.58,59.56,3.8251,4.2459,254.67515799999998,1.601861523269198,7.019999999999996,-1.0845342445401918,1.6241578873325073,eia_public_xls
2020-01-10,66.77,59.02,3.8272,4.2467,255.54214399999998,1.607314711265701,7.749999999999993,0.2853709822769668,1.6243515471914896,eia_public_xls
2020-01-13,64.14,58.17,3.8101,4.2353,244.37981399999998,1.5371056375678513,5.969999999999999,-3.9388947131945407,1.6223593251859165,eia_public_xls
2020-01-14,64.45,58.34,3.8019,4.2323,245.032455,1.5412106335738143,6.109999999999999,0.4833177424384161,1.6206033860210793,eia_public_xls
2020-01-15,63.29,57.86,3.7992,4.2279,240.451368,1.5123964097693523,5.43,-1.799844840961995,1.6192771408983124,eia_public_xls
2020-01-16,64.63,58.52,3.7968,4.2348,245.387184,1.5434418159975343,6.109999999999992,2.1172381102859683,1.6196404649436749,eia_public_xls
2020-01-17,64.05,58.55,3.8053,4.2344,243.72946499999998,1.5330150578349173,5.5,-0.8974160606529447,1.6178704648807765,eia_public_xls
2020-01-20,64.63,,3.8277,4.2447,247.38425099999998,1.5560030128249478,,0.9055425448867949,1.616637938322001,eia_public_xls
2020-01-21,63.66,58.25,3.8284,4.2459,243.71594399999998,1.5329300131457289,5.409999999999997,-1.5008509979885454,1.6140572124345596,eia_public_xls
2020-01-22,62.11,56.76,3.8202,4.237,237.27262199999998,1.4924026618528559,5.350000000000001,-2.4348099277411217,1.6098898373242256,eia_public_xls
2020-01-23,61.26,55.51,3.8308,4.2463,234.67480799999998,1.4760628730650933,5.75,-1.3685396876509492,1.60506254138179,eia_public_xls
2020-01-24,59.34,54.09,3.8475,4.2461,228.31065,1.436033449275727,5.25,-3.134182174338873,1.599944770746455,eia_public_xls
2020-01-27,58.54,53.09,3.8725,4.2679,226.69615,1.4258785309490714,5.449999999999996,-1.3481631277384665,1.5936514501185632,eia_public_xls
2020-01-28,59.37,53.33,3.8844,4.2794,230.61682799999997,1.4505388994068695,6.039999999999999,1.4178339596856881,1.5879417027807305,eia_public_xls
2020-01-29,59.46,53.29,3.8871,4.2766,231.126966,1.4537475768459058,6.170000000000002,0.1515917129863542,1.5817480982721857,eia_public_xls
2020-01-30,57.72,52.19,3.8856,4.2813,224.276832,1.4106614503072579,5.530000000000001,-2.9263370332996974,1.5734998647688174,eia_public_xls
2020-01-31,57.77,51.58,3.8999,4.301,225.29722300000003,1.4170795285149103,6.190000000000005,0.08662508662509172,1.565229544763618,eia_public_xls
2020-02-03,54.0,50.06,3.8864,4.3034,209.8656,1.3200173599099299,3.9399999999999977,-6.525878483642034,1.5532887424757997,eia_public_xls
2020-02-04,53.9,49.59,3.8773,4.2867,208.98647,1.3144877883097361,4.309999999999995,-0.18518518518518823,1.5419551416153523,eia_public_xls
2020-02-05,55.36,50.87,3.8654,4.262,213.98854400000002,1.3459499455930362,4.490000000000002,2.7087198515769906,1.5324926149098144,eia_public_xls
2020-02-06,55.18,50.94,3.8672,4.2535,213.392096,1.3421983935793493,4.240000000000002,-0.32514450867051625,1.5213451906969333,eia_public_xls
2020-02-07,54.53,50.34,3.8947,4.2664,212.377991,1.3358198531955443,4.189999999999998,-1.1779630300833621,1.5099851484712588,eia_public_xls
2020-02-10,53.39,49.59,3.8996,4.2699,208.199644,1.3095387924798885,3.799999999999997,-2.0905923344947785,1.4983507880099212,eia_public_xls
2020-02-11,54.0,50.0,3.9041,4.2609,210.8214,1.326029172196469,4.0,1.1425360554411013,1.4880977463566203,eia_public_xls
2020-02-12,55.54,51.13,3.901,4.2599,216.66153999999997,1.3627626158113555,4.409999999999997,2.851851851851861,1.4795627531391455,eia_public_xls
2020-02-13,56.34,51.41,3.9104,4.2557,220.31193600000003,1.3857229584808823,4.930000000000007,1.4404033129276295,1.472334056453253,eia_public_xls
2020-02-14,57.37,52.03,3.9098,4.2402,224.305226,1.4108400435255712,5.339999999999996,1.8281860134895078,1.464016777262711,eia_public_xls
2020-02-17,57.83,,3.9189,4.2502,226.62998699999997,1.4254623774270851,,0.8018127941432862,1.4552495325613626,eia_public_xls
2020-02-18,57.35,52.1,3.9448,4.2714,226.23427999999998,1.4229734506594878,5.25,-0.8300190212692349,1.448116405534205,eia_public_xls
2020-02-19,59.72,53.31,3.9556,4.2732,236.228432,1.4858348921609943,6.409999999999997,4.132519616390584,1.4438440476265353,eia_public_xls
2020-02-20,59.57,53.77,3.9621,4.2789,236.022297,1.4845383396126728,5.799999999999997,-0.25117213663764515,1.4399332748379847,eia_public_xls
2020-02-21,58.6,53.36,3.9623,4.2831,232.19078,1.4604387780132966,5.240000000000002,-1.6283364109451082,1.435037410396238,eia_public_xls
2020-02-24,56.71,51.36,3.9772,4.3017,225.547012,1.4186506569719537,5.350000000000001,-3.2252559726962504,1.4310889110430411,eia_public_xls
2020-02-25,55.29,49.78,3.9624,4.2996,219.081096,1.3779811934309094,5.509999999999998,-2.503967554223241,1.4256479297049445,eia_public_xls
2020-02-26,54.96,48.67,3.9573,4.3093,217.493208,1.3679936598589824,6.289999999999999,-0.5968529571351078,1.4208345047079323,eia_public_xls
2020-02-27,52.19,47.17,3.9413,4.31,205.696447,1.2937941278217717,5.019999999999996,-5.040029112081523,1.4125129151020732,eia_public_xls
2020-02-28,51.31,44.83,3.9255,4.3355,201.417405,1.2668797134356897,6.480000000000004,-1.6861467714121448,1.4036417369554324,eia_public_xls
2020-03-02,52.52,46.78,3.9023,4.3237,204.94879600000002,1.289091535785945,5.740000000000002,2.3582147729487524,1.394744687720799,eia_public_xls
2020-03-03,52.24,47.27,3.8804,4.3173,202.712096,1.2750230899381712,4.969999999999999,-0.5331302361005319,1.386147790280547,eia_public_xls
2020-03-04,51.86,46.78,3.8536,4.2993,199.847696,1.2570065225458686,5.079999999999998,-0.727411944869838,1.3783012523036475,eia_public_xls
2020-03-05,51.29,45.9,3.8479,4.2994,197.358791,1.2413517520300401,5.390000000000001,-1.0991129965291169,1.3704775482691458,eia_public_xls
2020-03-06,45.6,41.14,3.8231,4.3178,174.33336,1.0965258794744224,4.460000000000001,-11.093780464028068,1.3591606292757692,eia_public_xls
2020-03-09,35.33,31.05,3.7899,4.3176,133.897167,0.842189405423085,4.279999999999998,-22.521929824561404,1.3397043250915694,eia_public_xls
2020-03-10,35.57,34.47,3.8058,4.32,135.372306,0.851467767804915,1.1000000000000014,0.6793093688083784,1.3197352873715043,eia_public_xls
2020-03-11,34.45,33.13,3.8186,4.3167,131.55077,0.8274309849232956,1.3200000000000003,-3.148720832161922,1.2988580676407506,eia_public_xls
2020-03-12,31.02,31.56,3.8642,4.3451,119.86748399999999,0.7539451904872725,-0.5399999999999991,-9.956458635703925,1.276967525646751,eia_public_xls
2020-03-13,32.25,31.72,3.9067,4.3618,125.991075,0.7924614905621215,0.5300000000000011,3.965183752417789,1.2561469243816579,eia_public_xls
2020-03-16,27.98,28.96,3.9231,4.3911,109.768338,0.6904233553686779,-0.9800000000000004,-13.240310077519378,1.2351604575636164,eia_public_xls
2020-03-17,27.97,26.96,4.046,4.4886,113.16662000000001,0.7117979457439917,1.009999999999998,-0.03573981415296856,1.2150707961447582,eia_public_xls
2020-03-18,22.79,20.48,4.0749,4.4806,92.866971,0.5841167579739225,2.3099999999999987,-18.519842688594924,1.1896763565574546,eia_public_xls
2020-03-19,23.98,25.09,4.2421,4.5917,101.72555799999999,0.6398356972582664,-1.1099999999999994,5.221588415971934,1.1662642666800849,eia_public_xls
2020-03-20,25.55,19.48,4.24,4.5459,108.33200000000001,0.681389044387277,6.07,6.547122602168476,1.144449906386476,eia_public_xls
2020-03-23,23.75,23.33,4.2654,4.5571,101.30324999999999,0.6371794549239874,0.4200000000000017,-7.045009784735812,1.122037928467946,eia_public_xls
2020-03-24,24.5,21.03,4.2421,4.6044,103.93145,0.6537103662563606,3.469999999999999,3.157894736842115,1.0996273016032758,eia_public_xls
2020-03-25,25.62,20.75,4.222,4.5779,108.16764000000002,0.6803552491713161,4.870000000000001,4.571428571428582,1.076880389381941,eia_public_xls
2020-03-26,23.55,16.6,4.1988,4.5962,98.88174000000001,0.6219485869913893,6.949999999999999,-8.079625292740044,1.0514212436656247,eia_public_xls
2020-03-27,22.39,15.48,4.1127,4.5246,92.083353,0.5791879398944568,6.91,-4.925690021231421,1.0236995068779209,eia_public_xls
2020-03-30,19.19,14.1,4.0933,4.5395,78.55042700000001,0.49406823828363333,5.090000000000002,-14.292094685127289,0.9926530355731391,eia_public_xls
2020-03-31,14.85,20.51,4.1466,4.5523,61.57701,0.3873084591821973,-5.660000000000002,-22.61594580510683,0.9581308691905627,eia_public_xls
2020-04-01,14.97,20.28,4.1701,4.5694,62.426397,0.3926509525936083,-5.3100000000000005,0.8080808080808133,0.9216914045383165,eia_public_xls
2020-04-02,20.24,25.18,4.1917,4.5769,84.840008,0.5336285859850176,-4.940000000000001,35.20374081496325,0.889994412750728,eia_public_xls
2020-04-03,24.33,28.36,4.2396,4.5792,103.149468,0.6487918383264041,-4.030000000000001,20.207509881422926,0.8629395147611649,eia_public_xls
2020-04-06,22.58,26.21,4.2257,4.5612,95.41630599999999,0.6001516224596979,-3.6300000000000026,-7.192766132346895,0.8356562136107564,eia_public_xls
2020-04-07,22.1,23.54,4.1717,4.5342,92.19457000000001,0.5798874750765787,-1.4399999999999977,-2.1257750221434724,0.8090530896656121,eia_public_xls
2020-04-08,25.22,24.97,4.1801,4.5362,105.422122,0.6630864284501249,0.25,14.117647058823524,0.7855561819519835,eia_public_xls
2020-04-09,20.23,22.9,4.1744,4.537,84.44811200000001,0.5311636297307327,-2.669999999999998,-19.785884218873907,0.7601351653489489,eia_public_xls
2020-04-14,21.74,20.15,4.1666,4.5512,90.58188399999999,0.569743966487826,1.5899999999999999,7.464162135442409,0.7368973071173535,eia_public_xls
2020-04-15,19.8,19.96,4.1519,4.5389,82.20762,0.5170713328762729,-0.16000000000000014,-8.923643054277818,0.7111633003536977,eia_public_xls
2020-04-16,18.69,19.82,4.1631,4.5326,77.808339,0.4894006365300308,-1.129999999999999,-5.606060606060604,0.684975885240093,eia_public_xls
2020-04-17,19.75,18.31,4.1886,4.5367,82.72485,0.5203246177360413,1.4400000000000013,5.671482075976453,0.6604198217464321,eia_public_xls
2020-04-20,17.36,-36.98,4.1525,4.5175,72.08739999999999,0.45341694603961324,54.339999999999996,-12.101265822784812,0.6341553282134178,eia_public_xls
2020-04-21,9.12,8.91,4.1779,4.5276,38.102447999999995,0.23965763238503776,0.20999999999999908,-47.46543778801844,0.6055930533104383,eia_public_xls
2020-04-22,13.77,13.64,4.1736,4.5329,57.470472,0.3614790643260141,0.129999999999999,50.986842105263165,0.5895693752738694,eia_public_xls
2020-04-23,15.06,15.06,4.2093,4.5444,63.392058,0.39872478881921164,0.0,9.368191721132902,0.5744779426410126,eia_public_xls
2020-04-24,15.87,15.99,4.2142,4.533,66.87935399999999,0.42065926144904925,-0.120000000000001,5.378486055776888,0.560918885191871,eia_public_xls
2020-04-27,15.17,12.17,4.1696,4.524,63.252832,0.39784908200041513,3.0,-4.4108380592312475,0.5490490149089757,eia_public_xls
2020-04-28,15.6,12.4,4.184,4.5399,65.2704,0.4105392264776365,3.1999999999999993,2.8345418589321048,0.5363182727728263,eia_public_xls
2020-04-29,17.86,15.04,4.1807,4.5432,74.66730199999999,0.46964407152786075,2.8200000000000003,14.48717948717948,0.5289589633114657,eia_public_xls
2020-04-30,18.11,19.23,4.1729,4.5424,75.571219,0.47532954895683294,-1.120000000000001,1.399776035834277,0.5210766834185604,eia_public_xls
2020-05-01,18.49,19.72,4.1729,4.5424,77.156921,0.4853033329769101,-1.2300000000000004,2.098288238542234,0.5177829025853267,eia_public_xls
2020-05-04,20.4,20.47,4.1646,4.5582,84.95783999999999,0.5343697283425688,-0.07000000000000028,10.329908058409941,0.5142673702881367,eia_public_xls
2020-05-05,25.46,24.56,4.1927,4.5476,106.746142,0.6714142791548995,0.9000000000000021,24.803921568627473,0.5139348781137242,eia_public_xls
2020-05-06,24.2,23.88,4.2022,4.539,101.69324,0.6396324227767051,0.3200000000000003,-4.948939512961514,0.5140166437088147,eia_public_xls
2020-05-07,24.23,23.68,4.2162,4.5505,102.158526,0.6425589890997377,0.5500000000000007,0.12396694214875659,0.5136449311369273,eia_public_xls
2020-05-11,25.53,24.02,4.2126,4.5572,107.547678,0.6764557982728148,1.5100000000000016,5.365249690466367,0.5135149494403106,eia_public_xls
2020-05-12,26.67,25.76,4.2095,4.5549,112.26736500000001,0.706141791467227,0.9100000000000001,4.465334900117512,0.5163213895895052,eia_public_xls
2020-05-13,27.89,25.37,4.2111,4.5661,117.447579,0.7387244177196878,2.5199999999999996,4.574428196475444,0.5216392721836797,eia_public_xls
2020-05-14,29.87,27.4,4.2269,4.5693,126.257503,0.7941372753747162,2.4700000000000024,7.099318752240946,0.531641573420049,eia_public_xls
2020-05-15,30.95,29.44,4.2135,4.5552,130.407825,0.8202420638165385,1.509999999999998,3.6156678942082188,0.546072693574527,eia_public_xls
2020-05-18,33.3,31.83,4.2224,4.5644,140.60592,0.8843862705755816,1.4699999999999989,7.592891760904674,0.5624638708405929,eia_public_xls
2020-05-19,33.06,32.3,4.1645,4.561,137.67837000000003,0.8659725008963,0.7600000000000051,-0.7207207207207023,0.5735420013376356,eia_public_xls
2020-05-20,34.76,33.56,4.1619,4.554,144.667644,0.9099337933290144,1.1999999999999957,5.1421657592256365,0.582246733171056,eia_public_xls
2020-05-21,34.78,34.3,4.1346,4.5365,143.801388,0.9044851969028915,0.480000000000004,0.05753739930955959,0.5923911856524957,eia_public_xls
2020-05-22,33.8,33.49,4.1503,4.5234,140.28014,0.8823371722216281,0.30999999999999517,-2.817711328349637,0.6024728422239974,eia_public_xls
2020-05-26,33.95,34.7,4.0885,4.48,138.804575,0.8730561303754395,-0.75,0.44378698224853963,0.6094718322881746,eia_public_xls
2020-05-27,32.73,32.8,4.0504,4.4378,132.56959199999997,0.8338391943995419,-0.07000000000000028,-3.5935198821796965,0.6195610177771348,eia_public_xls
2020-05-28,33.98,33.67,4.0244,4.4264,136.749112,0.8601276330769182,0.30999999999999517,3.8191261839291224,0.6292404733301046,eia_public_xls
2020-05-29,34.15,35.57,4.0031,4.4503,136.705865,0.8598556171259285,-1.4200000000000017,0.5002942907592844,0.6406666161384265,eia_public_xls
2020-06-01,36.74,35.49,3.968,4.4202,145.78432,0.9169574870901396,1.25,7.58418740849196,0.6549185111570968,eia_public_xls
2020-06-02,37.72,36.88,3.9303,4.3902,148.250916,0.9324719379571914,0.8399999999999963,2.667392487751763,0.6686567551644684,eia_public_xls
2020-06-03,37.98,37.33,3.9121,4.3859,148.581558,0.9345516174278401,0.6499999999999986,0.6892895015906619,0.6846945775440759,eia_public_xls
2020-06-04,38.41,37.42,3.9573,4.4347,151.999893,0.9560523376125092,0.9899999999999949,1.132174828857302,0.7085744010516584,eia_public_xls
2020-06-05,41.0,39.49,3.9217,4.4443,160.7897,1.0113386629095462,1.509999999999998,6.743035667794861,0.7302363876711093,eia_public_xls
2020-06-08,39.66,38.17,3.9197,4.4291,155.455302,0.9777862466742564,1.4899999999999949,-3.268292682926832,0.7495384362662776,eia_public_xls
2020-06-09,40.45,38.98,3.9453,4.4436,159.587385,1.0037763150446264,1.470000000000006,1.991931417044901,0.7689756713861301,eia_public_xls
2020-06-10,41.18,39.54,3.918,4.4544,161.34324,1.0148203312220496,1.6400000000000006,1.8046971569839254,0.789541379693518,eia_public_xls
2020-06-11,37.76,36.43,3.918,4.4544,147.94368,0.930539478070534,1.3299999999999983,-8.305002428363284,0.8068747214132812,eia_public_xls
2020-06-12,38.54,36.24,3.9299,4.4506,151.458346,0.9526461031405085,2.299999999999997,2.065677966101709,0.8229747891337028,eia_public_xls
2020-06-15,39.44,37.07,3.9413,4.4403,155.444872,0.9777206438262248,2.3699999999999974,2.3352361183186288,0.8397211589626825,eia_public_xls
2020-06-16,40.75,38.26,3.9058,4.4278,159.16135,1.0010966305421198,2.490000000000002,3.321501014198791,0.8569142688815229,eia_public_xls
2020-06-17,40.47,37.91,3.9532,4.4503,159.98600399999998,1.0062835577751639,2.5600000000000023,-0.6871165644171784,0.8726447298626093,eia_public_xls
2020-06-18,41.75,38.79,3.9589,4.4534,165.284075,1.0396074836307372,2.960000000000001,3.1628366691376364,0.8849178366784706,eia_public_xls
2020-06-19,42.33,39.72,3.9741,4.4573,168.22365299999998,1.058096907294307,2.6099999999999994,1.3892215568862332,0.8988666528290572,eia_public_xls
2020-06-22,43.2,40.6,3.9667,4.4524,171.36144000000002,1.0778330303735526,2.6000000000000014,2.0552799433026347,0.9133757875381845,eia_public_xls
2020-06-23,42.72,40.4,3.9311,4.4386,167.936592,1.0562913445753426,2.3200000000000003,-1.1111111111111183,0.9260369724149354,eia_public_xls
2020-06-24,40.4,37.91,3.9395,4.4532,159.1558,1.0010617220275873,2.490000000000002,-5.4307116104868935,0.9358676367669474,eia_public_xls
2020-06-25,41.18,38.66,3.9623,4.4495,163.16751399999998,1.0262946907608796,2.520000000000003,1.9306930693069324,0.9454533125349872,eia_public_xls
2020-06-26,40.97,38.53,3.9697,4.4616,162.638609,1.0229679722241443,2.4399999999999977,-0.5099562894609,0.9530810024299681,eia_public_xls
2020-06-29,41.58,39.67,3.9656,4.4631,164.889648,1.0371266078358607,1.9099999999999966,1.4888943129118815,0.9603104872306122,eia_public_xls
2020-06-30,41.64,39.27,3.9806,4.466,165.752184,1.0425518061225132,2.3699999999999974,0.14430014430015792,0.9655826717488432,eia_public_xls
2020-07-01,42.18,39.88,3.9591,4.4465,166.994838,1.050367879134772,2.299999999999997,1.2968299711815456,0.9717291843567923,eia_public_xls
2020-07-02,43.19,40.57,3.9528,4.4659,170.721432,1.073807493694453,2.6199999999999974,2.39449976292081,0.9771916410356402,eia_public_xls
2020-07-03,42.92,,3.9764,4.4671,170.667088,1.0734656795838655,,-0.6251447094234641,0.9828243237916727,eia_public_xls
2020-07-06,42.73,40.51,3.9588,4.4697,169.159524,1.0639833697094732,2.219999999999999,-0.4426840633737328,0.9888791970412676,eia_public_xls
2020-07-07,43.28,40.59,3.9689,4.471,171.77399200000002,1.0804279092001234,2.6899999999999977,1.2871518839223217,0.995791589668757,eia_public_xls
2020-07-08,43.67,40.91,3.9666,4.4739,173.22142200000002,1.0895319868920101,2.760000000000005,0.901109057301297,1.0043146827518392,eia_public_xls
2020-07-09,42.35,39.64,3.9486,4.4738,167.22321,1.0518042984646543,2.710000000000001,-3.0226700251889227,1.0107039049314304,eia_public_xls
2020-07-10,43.27,40.56,3.9646,4.4745,171.54824200000002,1.0790079817846743,2.710000000000001,2.1723730814639852,1.0180089837533888,eia_public_xls
2020-07-13,42.85,40.06,3.9564,4.4745,169.53174,1.0663245422581722,2.789999999999999,-0.970649410677149,1.0229878855923231,eia_public_xls
2020-07-14,42.97,40.3,3.957,4.4916,170.03229,1.0694729128796694,2.6700000000000017,0.28004667444574416,1.0275545847564056,eia_public_xls
2020-07-15,43.96,41.2,3.9117,4.4738,171.958332,1.081587375068402,2.759999999999998,2.3039329764952265,1.0324557766777578,eia_public_xls
2020-07-16,43.71,40.74,3.9422,4.4913,172.31356200000002,1.0838217086931639,2.969999999999999,-0.5686988171064611,1.0367147557137797,eia_public_xls
2020-07-17,43.53,40.55,3.9263,4.4827,170.911839,1.0750051199154647,2.980000000000004,-0.41180507892930596,1.0388369709473102,eia_public_xls
2020-07-20,43.3,40.83,3.8997,4.4683,168.85701,1.0620806103643694,2.469999999999999,-0.5283712382265215,1.0416467830703138,eia_public_xls
2020-07-21,44.31,41.76,3.8812,4.4417,171.975972,1.0816983275362138,2.5500000000000043,2.3325635103926157,1.0442441834867002,eia_public_xls
2020-07-22,43.98,41.88,3.8534,4.4401,169.472532,1.0659521344512446,2.0999999999999943,-0.7447528774543133,1.0459485769276735,eia_public_xls
2020-07-23,42.96,40.99,3.806,4.4108,163.50576,1.0284221980413495,1.9699999999999989,-2.3192360163710735,1.0492113342600338,eia_public_xls
2020-07-24,43.29,41.23,3.8029,4.4117,164.627541,1.035478001346022,2.0600000000000023,0.7681564245810124,1.051972397533551,eia_public_xls
2020-07-27,43.39,41.46,3.7643,4.4023,163.332977,1.0273354236509904,1.9299999999999997,0.23100023100024458,1.0536262235277098,eia_public_xls
2020-07-28,43.11,40.89,3.7532,4.3987,161.800452,1.0176961135187155,2.219999999999999,-0.6453099792578909,1.0541795396269298,eia_public_xls
2020-07-29,43.51,41.13,3.761,4.4194,163.64111,1.029273525508375,2.3799999999999955,0.927858965437256,1.0549458718847033,eia_public_xls
2020-07-30,42.98,39.85,3.7549,4.409,161.385602,1.0150867806801815,3.1299999999999955,-1.2181107791312318,1.0541285151196849,eia_public_xls
2020-07-31,43.13,40.1,3.7166,4.4072,160.29695800000002,1.0082394032216473,3.030000000000001,0.3489995346672936,1.052466598317263,eia_public_xls
2020-08-03,43.76,40.83,3.7499,4.4168,164.095624,1.032132337864102,2.9299999999999997,1.4607002086714393,1.050943241900281,eia_public_xls
2020-08-04,43.99,41.67,3.7364,4.406,164.364236,1.0338218596489022,2.3200000000000003,0.5255941499086036,1.0501942590693998,eia_public_xls
2020-08-05,44.92,42.25,3.7143,4.3979,166.84635600000001,1.0494339537194866,2.6700000000000017,2.1141168447374348,1.0518066667924633,eia_public_xls
2020-08-06,45.04,41.93,3.724,4.4101,167.72896,1.054985376162831,3.1099999999999994,0.2671415850400649,1.0527630229725282,eia_public_xls
2020-08-07,44.07,41.16,3.7302,4.4139,164.389914,1.0339833697094731,2.9100000000000037,-2.153641207815271,1.0531302028887057,eia_public_xls
2020-08-10,44.19,41.94,3.7393,4.4023,165.239667,1.0393281651958965,2.25,0.2722940776038074,1.0532035881340405,eia_public_xls
2020-08-11,43.68,41.53,3.739,4.4016,163.31951999999998,1.027250781510438,2.1499999999999986,-1.15410726408689,1.0526935539803046,eia_public_xls
2020-08-12,45.09,42.6,3.7558,4.4123,169.349022,1.0651752784818884,2.490000000000002,3.2280219780219888,1.053187133958542,eia_public_xls
2020-08-13,44.87,42.26,3.7176,4.4011,166.80871199999999,1.0491971796436186,2.6099999999999994,-0.48791306276337876,1.0523667901568472,eia_public_xls
2020-08-14,44.86,42.05,3.7227,4.3988,167.000322,1.0504023725210239,2.8100000000000023,-0.02228660574994379,1.0515980132547527,eia_public_xls
2020-08-17,44.91,42.89,3.7076,4.3892,166.50831599999998,1.0473077421424393,2.019999999999996,0.11145786892554632,1.051042159002518,eia_public_xls
2020-08-18,45.34,42.89,3.6895,4.3953,167.28193,1.052173636838232,2.450000000000003,0.9574704965486625,1.0501003499237884,eia_public_xls
2020-08-19,45.21,42.91,3.6732,4.3864,166.065372,1.0445217030323235,2.3000000000000043,-0.28672254080283066,1.0486000071284656,eia_public_xls
2020-08-20,44.56,42.62,3.7164,4.3991,165.602784,1.0416121066502293,1.9400000000000048,-1.4377350143773504,1.048260267401318,eia_public_xls
2020-08-21,43.94,42.32,3.7164,4.3902,163.298616,1.0271192990621876,1.6199999999999974,-1.3913824057450674,1.0465306446439018,eia_public_xls
2020-08-24,44.43,42.44,3.7273,4.4064,165.603939,1.0416193713951456,1.990000000000002,1.1151570323167936,1.0457071389484676,eia_public_xls
2020-08-25,46.01,43.17,3.7144,4.3915,170.899544,1.0749277865485858,2.8399999999999963,3.556155750618939,1.0458889680707648,eia_public_xls
2020-08-26,45.79,43.21,3.7269,4.4032,170.654751,1.073388082044444,2.5799999999999983,-0.4781569224081683,1.0456156583032994,eia_public_xls
2020-08-27,44.84,42.88,3.7286,4.4124,167.190424,1.051598080346192,1.9600000000000009,-2.0746887966804906,1.0445415373584004,eia_public_xls
2020-08-28,45.22,42.96,3.6983,4.4043,167.237126,1.051891827633706,2.259999999999998,0.8474576271186418,1.043771094282342,eia_public_xls
2020-09-01,45.72,42.76,3.6707,4.3946,167.824404,1.0555857019756332,2.960000000000001,1.1057054400707589,1.0435545973360505,eia_public_xls
2020-09-02,42.7,42.76,3.7191,4.4097,158.80557000000002,0.9988588375150171,-0.05999999999999517,-6.605424321959752,1.0407932810020106,eia_public_xls
2020-09-03,42.72,41.39,3.7337,4.4181,159.503664,1.0032497248202683,1.3299999999999983,0.04683840749413193,1.0387032006809782,eia_public_xls
2020-09-04,41.1,39.69,3.7533,4.4508,154.26063,0.9702719719222326,1.4100000000000037,-3.7921348314606695,1.036764859810341,eia_public_xls
2020-09-07,40.67,,3.7666,4.457,153.187622,0.9635229421273438,,-1.0462287104622825,1.034366357836385,eia_public_xls
2020-09-08,38.53,36.87,3.7652,4.4461,145.073156,0.9124843918056195,1.6600000000000037,-5.2618637816572384,1.0305379901082061,eia_public_xls
2020-09-09,39.98,38.05,3.7871,4.455,151.408258,0.9523310585142181,1.9299999999999997,3.7633013236439083,1.0283591549413893,eia_public_xls
2020-09-10,39.27,37.25,3.761,4.4504,147.69447000000002,0.9289719914206824,2.020000000000003,-1.7758879439719655,1.0250157704717997,eia_public_xls
2020-09-11,38.8,37.33,3.7534,4.4504,145.63191999999998,0.9159989181505405,1.4699999999999989,-1.1968423733129785,1.0217128417208117,eia_public_xls
2020-09-14,38.57,37.23,3.7522,4.449,144.722354,0.9102779095146144,1.3400000000000034,-0.592783505154626,1.0184474585972438,eia_public_xls
2020-09-15,39.54,38.29,3.7445,4.4492,148.05752999999999,0.9312555743551358,1.25,2.514907959554047,1.0150848998136115,eia_public_xls
2020-09-16,41.23,40.17,3.7526,4.4528,154.719698,0.9731594281293439,1.0599999999999952,4.274152756702065,1.0130628187629598,eia_public_xls
2020-09-17,42.35,40.99,3.7713,4.4514,159.71455500000002,1.0045761917641067,1.3599999999999994,2.716468590831922,1.0115675600311136,eia_public_xls
2020-09-18,42.16,41.09,3.7585,4.4574,158.45836,0.9966749482662105,1.0699999999999932,-0.44864226682409525,1.0096238791012264,eia_public_xls
2020-09-21,40.37,39.26,3.7963,4.48,153.256631,0.9639569964839892,1.1099999999999994,-4.245730550284632,1.007289666660377,eia_public_xls
2020-09-22,40.84,39.55,3.8359,4.5055,156.65815600000002,0.9853519847534705,1.2900000000000063,1.1642308645033683,1.0054904606456294,eia_public_xls
2020-09-23,41.09,39.92,3.8399,4.4946,157.78149100000002,0.9924175624422124,1.1700000000000017,0.6121449559255643,1.004329353343355,eia_public_xls
2020-09-24,41.24,40.11,3.8833,4.5272,160.14729200000002,1.0072980306565946,1.1300000000000026,0.3650523241664594,1.0024001117491788,eia_public_xls
2020-09-25,40.91,40.06,3.9016,4.5477,159.614456,1.0039465868278539,0.8499999999999943,-0.8001939864209606,1.0008917586553199,eia_public_xls
2020-09-28,41.59,40.47,3.9083,4.5497,162.546197,1.0223867171529748,1.1200000000000045,1.6621852847714669,0.9999579034763849,eia_public_xls
2020-09-29,40.33,39.03,3.9228,4.5834,158.206524,0.9950909445426356,1.2999999999999972,-3.029574416927161,0.9982173435563914,eia_public_xls
2020-09-30,40.3,40.05,3.8658,4.5268,155.79174,0.9799023819557574,0.25,-0.07438631291842857,0.9958083017269757,eia_public_xls
2020-10-01,39.75,38.51,3.8513,4.5153,153.089175,0.9629037279777592,1.240000000000002,-1.3647642679900707,0.9930877025584901,eia_public_xls
2020-10-02,38.0,36.9,3.8366,4.494,145.7908,0.9169982451395396,1.1000000000000014,-4.402515723270439,0.9889339071748005,eia_public_xls
2020-10-05,39.78,39.12,3.8252,4.4944,152.166456,0.957099989307302,0.6600000000000037,4.684210526315802,0.9865999301829709,eia_public_xls
2020-10-06,41.27,40.52,3.818,4.4961,157.56886,0.9910801512073315,0.75,3.7456008044243427,0.9849152895100438,eia_public_xls
2020-10-07,40.62,39.82,3.8126,4.4832,154.867812,0.9740910388899721,0.7999999999999972,-1.5749939423310044,0.98155406458809,eia_public_xls
2020-10-08,42.0,41.04,3.8175,4.49,160.335,1.0084786806468453,0.9600000000000009,3.3973412112260126,0.9793904178748368,eia_public_xls
2020-10-09,41.63,40.44,3.7913,4.4745,157.83181900000002,0.9927341166258878,1.1900000000000048,-0.8809523809523712,0.9774282857508266,eia_public_xls
2020-10-12,40.5,39.22,3.7927,4.4798,153.60435,0.966144087252417,1.2800000000000011,-2.714388662022582,0.974570027738117,eia_public_xls
2020-10-13,41.34,40.03,3.7932,4.4737,156.810888,0.9863126419141188,1.3100000000000023,2.0740740740740726,0.9722609257360665,eia_public_xls
2020-10-14,41.81,40.86,3.8301,4.4963,160.136481,1.007230031386214,0.9500000000000028,1.1369134010643434,0.972539965531773,eia_public_xls
2020-10-15,41.61,40.84,3.8904,4.5545,161.879544,1.0181935881550064,0.769999999999996,-0.47835446065535026,0.9730380943095976,eia_public_xls
2020-10-16,41.34,40.7,3.8976,4.5621,161.12678400000001,1.0134588614163424,0.6400000000000006,-0.6488824801730297,0.9744776572927346,eia_public_xls
2020-10-19,41.29,40.69,3.8761,4.5498,160.044169,1.0066494052972885,0.6000000000000014,-0.12094823415579325,0.9759152060650661,eia_public_xls
2020-10-20,41.62,41.37,3.8926,4.5865,162.010012,1.019014208708888,0.25,0.7992249939452689,0.9794661999618417,eia_public_xls
2020-10-21,40.09,39.88,3.8706,4.5869,155.172354,0.9760065539949808,0.21000000000000085,-3.6761172513214646,0.980255383144534,eia_public_xls
2020-10-22,41.28,40.46,3.8734,4.5877,159.893952,1.0057045670400726,0.8200000000000003,2.968321277126451,0.9828131356651802,eia_public_xls
2020-10-23,40.71,39.73,3.8665,4.5772,157.405215,0.9900508532144138,0.980000000000004,-1.380813953488369,0.9852815335006427,eia_public_xls
2020-10-26,39.06,38.39,3.8759,4.5774,151.39265400000002,0.9522329121248909,0.6700000000000017,-4.053058216654382,0.9866800335876519,eia_public_xls
2020-10-27,39.72,39.34,3.886,4.589,154.35192,0.9708461698126263,0.37999999999999545,1.6897081413210335,0.9879997201029016,eia_public_xls
2020-10-28,37.86,37.27,3.9313,4.6189,148.83901799999998,0.9361709951128079,0.5899999999999963,-4.682779456193353,0.9867667723356836,eia_public_xls
2020-10-29,36.56,35.94,3.9505,4.633,144.43028,0.9084408159157668,0.6200000000000045,-3.433703116745901,0.9835622598074056,eia_public_xls
2020-10-30,36.33,35.64,3.9563,4.6188,143.732379,0.904051142546246,0.6899999999999977,-0.6291028446389624,0.9804747996167402,eia_public_xls
2020-11-02,37.78,36.6,3.9557,4.6048,149.446346,0.9399909803946235,1.1799999999999997,3.991191852463527,0.9796759324137613,eia_public_xls
2020-11-03,38.17,37.44,3.9069,4.5699,149.126373,0.9379784070395694,0.730000000000004,1.0322922181048133,0.9780968131566312,eia_public_xls
2020-11-04,39.68,38.97,3.8996,4.5532,154.736128,0.9732627699120054,0.7100000000000009,3.955986376735643,0.977458320072291,eia_public_xls
2020-11-05,39.47,38.56,3.8353,4.5233,151.379291,0.9521488612276475,0.9099999999999966,-0.5292338709677491,0.9756200144246595,eia_public_xls
2020-11-06,38.08,36.97,3.8194,4.5277,145.44275199999998,0.9148090850195298,1.1099999999999994,-3.5216620217887074,0.9726487643643821,eia_public_xls
2020-11-09,40.93,40.05,3.7787,4.487,154.662191,0.972797719310384,0.8800000000000026,7.484243697478998,0.970995797769629,eia_public_xls
2020-11-10,42.25,41.18,3.8168,4.5063,161.2598,1.014295508437797,1.0700000000000003,3.2250183239677543,0.9716359498994678,eia_public_xls
2020-11-11,42.5,41.23,3.8168,4.5063,162.214,1.0202972570084348,1.2700000000000031,0.591715976331364,0.9729824457345569,eia_public_xls
2020-11-12,42.16,40.9,3.7995,4.4868,160.18692,1.00754728374018,1.259999999999998,-0.8000000000000118,0.9744705642599709,eia_public_xls
2020-11-13,41.51,39.93,3.8015,4.496,157.800265,0.9925356475686692,1.5799999999999983,-1.5417457305502813,0.9769884776742753,eia_public_xls
2020-11-16,42.71,41.14,3.7782,4.4753,161.36692200000002,1.014969286797034,1.5700000000000003,2.890869669959062,0.9789174542572664,eia_public_xls
2020-11-17,42.54,41.24,3.7877,4.4953,161.128758,1.0134712775258354,1.2999999999999972,-0.3980332474830317,0.9796638251345499,eia_public_xls
2020-11-18,42.91,41.64,3.7621,4.4729,161.431711,1.0153767981029895,1.269999999999996,0.8697696285848489,0.981040017108317,eia_public_xls
2020-11-19,43.09,41.57,3.7872,4.4799,163.190448,1.02643894154868,1.5200000000000031,0.41948263807971564,0.9816386924717115,eia_public_xls
2020-11-20,43.79,41.99,3.7677,4.4679,164.987583,1.037742601596357,1.7999999999999972,1.6245068461359757,0.9831389753040606,eia_public_xls
2020-11-23,45.0,42.91,3.7616,4.468,169.272,1.0646908237780448,2.0900000000000034,2.7631879424526273,0.9864238665215815,eia_public_xls
2020-11-24,46.63,44.71,3.7625,4.4714,175.445375,1.1035202563731628,1.9200000000000017,3.6222222222222378,0.9903307870035495,eia_public_xls
2020-11-25,47.3,45.58,3.7556,4.471,177.63987999999998,1.1173233031631515,1.7199999999999989,1.4368432339695314,0.9940005627294475,eia_public_xls
2020-11-26,46.32,,3.7586,4.4742,174.098352,1.0950477208828395,,-2.0718816067653245,0.9965623671537087,eia_public_xls
2020-11-27,46.88,,3.7614,4.4843,176.33443200000002,1.1091122670407016,,1.2089810017271274,0.9997508140078539,eia_public_xls
2020-11-30,46.84,45.2,3.7364,4.4779,175.012976,1.1008005434406587,1.6400000000000006,-0.08532423208190698,1.0028891852792996,eia_public_xls
2020-12-01,47.03,44.54,3.7367,4.4769,175.737001,1.1053545321315579,2.490000000000002,0.4056362083689091,1.0057671960600552,eia_public_xls
2020-12-02,47.8,45.23,3.7038,4.4642,177.04164,1.1135604797876557,2.5700000000000003,1.6372528173506096,1.010352326919811,eia_public_xls
2020-12-03,48.37,45.65,3.6981,4.4789,178.877097,1.1251051784108135,2.719999999999999,1.192468619246867,1.0143323472988357,eia_public_xls
2020-12-04,49.1,46.23,3.6765,4.4732,180.51615,1.1354145307477972,2.8700000000000045,1.509199917304116,1.0191778032166152,eia_public_xls
2020-12-07,48.63,45.72,3.7001,4.4745,179.935863,1.131764628554536,2.9100000000000037,-0.95723014256619,1.02516219376427,eia_public_xls
2020-12-08,48.84,45.64,3.6914,4.4767,180.28797600000001,1.1339793568027576,3.200000000000003,0.43183220234424,1.0305999666639412,eia_public_xls
2020-12-09,48.81,45.48,3.6657,4.4449,178.922817,1.1253927490926932,3.3300000000000054,-0.06142506142506887,1.0369073584632706,eia_public_xls
2020-12-10,50.33,46.76,3.6574,4.4276,184.076942,1.1578112801675609,3.5700000000000003,3.114115959844277,1.0452197072716638,eia_public_xls
2020-12-11,50.01,46.59,3.663,4.4385,183.18662999999998,1.1522113757728618,3.4199999999999946,-0.635803695608983,1.0534917150458842,eia_public_xls
2020-12-14,50.27,47.02,3.6548,4.4432,183.726796,1.1556089240000755,3.25,0.5198960207958514,1.0606789798327327,eia_public_xls
2020-12-15,50.77,47.58,3.6554,4.4441,185.58465800000002,1.167294546094964,3.190000000000005,0.9946290033817418,1.068322851134579,eia_public_xls
2020-12-16,50.83,47.86,3.6334,4.4347,184.685722,1.1616403982715569,2.969999999999999,0.11818002757533197,1.0746021054132309,eia_public_xls
2020-12-17,51.2,48.34,3.6254,4.4348,185.62048000000001,1.167519860114349,2.8599999999999994,0.7279165846940883,1.0817811387094545,eia_public_xls
2020-12-18,52.17,49.04,3.6322,4.4493,189.49187400000002,1.191870240963098,3.1300000000000026,1.8945312499999867,1.0910165105742398,eia_public_xls
2020-12-21,50.61,47.79,3.7082,4.5149,187.672002,1.1804235692226408,2.8200000000000003,-2.9902242668200185,1.097937372237982,eia_public_xls
2020-12-22,49.88,47.02,3.6921,4.5069,184.161948,1.158345952813752,2.8599999999999994,-1.44240268721596,1.1027390537171802,eia_public_xls
2020-12-23,51.05,47.94,3.6919,4.5019,188.47149499999998,1.1854522382333146,3.1099999999999994,2.345629510825975,1.1082442197580096,eia_public_xls
2020-12-24,50.88,48.18,3.6981,4.5084,188.15932800000002,1.1834887632322142,2.700000000000003,-0.3330068560234989,1.1141089357410772,eia_public_xls
2020-12-28,50.88,47.5,3.6639,4.4879,186.419232,1.172543868366596,3.3800000000000026,0.0,1.120109209767675,eia_public_xls
2020-12-29,50.44,47.85,3.6778,4.5051,185.508232,1.1668138401252932,2.5899999999999963,-0.8647798742138502,1.1251706948786169,eia_public_xls
2020-12-30,50.74,48.24,3.6901,4.5272,187.23567400000002,1.177679143577777,2.5,0.5947660586835823,1.1306442904136815,eia_public_xls
2020-12-31,51.22,48.35,3.7584,4.6148,192.505248,1.2108238283633252,2.8699999999999974,0.9459992116673144,1.1371591914223595,eia_public_xls
2021-01-04,50.37,47.47,3.6998,4.5485,186.358926,1.172164554334631,2.8999999999999986,-1.6595080046856725,1.142016711848558,eia_public_xls
2021-01-05,53.16,49.78,3.7031,4.5446,196.856796,1.2381942926151195,3.3799999999999955,5.539011316259668,1.1486984348825167,eia_public_xls
2021-01-06,53.8,50.45,3.7031,4.5446,199.22678,1.2531010711567612,3.3499999999999943,1.2039127163280705,1.1549787764618074,eia_public_xls
2021-01-07,53.7,50.63,3.6656,4.4973,196.84272,1.238105757074478,3.0700000000000003,-0.18587360594793934,1.1594649598185178,eia_public_xls
2021-01-08,55.51,52.14,3.6919,4.5189,204.937369,1.2890196619849421,3.3699999999999974,3.370577281191789,1.165188171779244,eia_public_xls
2021-01-11,54.84,52.15,3.7271,4.5325,204.39416400000002,1.2856029989873388,2.690000000000005,-1.2069897315798883,1.1715400143827273,eia_public_xls
2021-01-12,55.98,53.08,3.7188,4.5228,208.17842399999998,1.309405322447747,2.8999999999999986,2.0787746170678245,1.1782164495629623,eia_public_xls
2021-01-13,55.52,52.81,3.7142,4.5272,206.21238400000001,1.2970392799411274,2.710000000000001,-0.821722043586981,1.1847577407796446,eia_public_xls
2021-01-14,55.76,53.47,3.7323,4.5407,208.113048,1.3089941190160201,2.289999999999999,0.4322766570605152,1.1915457270091265,eia_public_xls
2021-01-15,54.8,52.25,3.7466,4.548,205.31367999999998,1.291386591356526,2.549999999999997,-1.7216642754662836,1.1974732640614223,eia_public_xls
2021-01-18,54.21,,3.7699,4.5473,204.366279,1.2854276072886461,,-1.07664233576642,1.2028173450240167,eia_public_xls
2021-01-19,55.38,52.87,3.7416,4.5342,207.209808,1.3033128997968388,2.510000000000005,2.158273381294973,1.2084139573256512,eia_public_xls
2021-01-20,55.66,53.16,3.7303,4.5237,207.628498,1.3059463855535358,2.5,0.5055976886962688,1.2142200158922847,eia_public_xls
2021-01-21,55.68,53.0,3.7312,4.531,207.75321599999998,1.3067308396283972,2.6799999999999997,0.03593244699964249,1.2199783986531394,eia_public_xls
2021-01-22,55.22,52.28,3.7255,4.5354,205.72211,1.2939555435350059,2.9399999999999977,-0.8261494252873591,1.225597158467883,eia_public_xls
2021-01-25,55.44,52.78,3.7402,4.5436,207.356688,1.304236748916578,2.6599999999999966,0.3984063745019917,1.2304780074261836,eia_public_xls
2021-01-26,55.26,52.61,3.7512,4.5497,207.29131199999998,1.3038255454848509,2.6499999999999986,-0.32467532467532756,1.2355318130832498,eia_public_xls
2021-01-27,55.07,52.81,3.7507,4.5468,206.551049,1.2991694226571984,2.259999999999998,-0.34382917119073486,1.2403171630384875,eia_public_xls
2021-01-28,54.87,52.26,3.7566,4.5479,206.124642,1.2964873983407448,2.6099999999999994,-0.3631741420010992,1.24462359144668,eia_public_xls
2021-01-29,55.25,52.16,3.746,4.5385,206.9665,1.3017825356790178,3.0900000000000034,0.6925460178603959,1.2492949960269288,eia_public_xls
2021-02-01,56.42,53.55,3.7323,4.5137,210.576366,1.3244879518451196,2.8700000000000045,2.117647058823535,1.2545272657512878,eia_public_xls
2021-02-02,57.62,54.77,3.7311,4.5025,214.985982,1.3522236535062615,2.8499999999999943,2.1269053527118054,1.2598723795027267,eia_public_xls
2021-02-03,58.61,55.67,3.7352,4.4906,218.92007199999998,1.3769683810626026,2.9399999999999977,1.7181534189517622,1.2664238732307251,eia_public_xls
2021-02-04,58.98,56.19,3.7509,4.4958,221.228082,1.3914853541484524,2.789999999999999,0.6312915884661319,1.2741951866085488,eia_public_xls
2021-02-05,59.48,56.8,3.7554,4.4978,223.37119199999998,1.4049651355142243,2.6799999999999997,0.8477449983045116,1.281512283184579,eia_public_xls
2021-02-08,60.17,57.95,3.7301,4.4867,224.44011700000001,1.4116884839640977,2.219999999999999,1.1600537995965166,1.2891189405423087,eia_public_xls
2021-02-09,60.74,58.34,3.6972,4.4773,224.56792800000002,1.412492392459761,2.3999999999999986,0.9473159381751639,1.2971172246787475,eia_public_xls
2021-02-10,61.17,58.69,3.6973,4.4809,226.163841,1.4225304018567555,2.480000000000004,0.7079354626275958,1.3056411100697962,eia_public_xls
2021-02-11,61.09,58.22,3.7117,4.5023,226.74775300000002,1.4262031046563557,2.8700000000000045,-0.13078306359326497,1.3139252421057488,eia_public_xls
2021-02-12,62.47,59.5,3.7186,4.5029,232.300942,1.461131677432746,2.969999999999999,2.2589621869373078,1.3222688370747293,eia_public_xls
2021-02-15,63.58,,3.6949,4.4836,234.921742,1.4776160440790758,,1.776852889386915,1.332450553399544,eia_public_xls
2021-02-16,63.96,60.07,3.694,4.4891,236.26824,1.4860852774126185,3.8900000000000006,0.5976722239698029,1.3407135862261275,eia_public_xls
2021-02-17,65.02,61.09,3.7287,4.4998,242.44007399999998,1.524905017391359,3.9299999999999926,1.6572858036272509,1.3497737177672806,eia_public_xls
2021-02-18,64.09,60.4,3.7152,4.4857,238.107168,1.4976518080094599,3.690000000000005,-1.4303291294986087,1.3584252527984468,eia_public_xls
2021-02-19,62.84,59.12,3.6997,4.4892,232.489148,1.4623154597545711,3.720000000000006,-1.9503822749258881,1.364201779390768,eia_public_xls
2021-02-22,64.73,61.67,3.7135,4.4963,240.374855,1.5119151565851296,3.0600000000000023,3.007638446849148,1.3717455179773606,eia_public_xls
2021-02-23,65.16,61.66,3.7117,4.5093,241.85437199999998,1.5212210558095944,3.5,0.6642978526185672,1.3788060424227557,eia_public_xls
2021-02-24,66.85,63.21,3.7145,4.5176,248.314325,1.561853013139439,3.6399999999999935,2.593615715162678,1.3876331668626996,eia_public_xls
2021-02-25,66.69,63.43,3.6943,4.5143,246.372867,1.5496415870479978,3.259999999999998,-0.23934181002243093,1.395654749130432,eia_public_xls
2021-02-26,65.86,61.55,3.7247,4.5175,245.308742,1.5429484297458282,4.310000000000002,-1.2445644024591362,1.4040401437434087,eia_public_xls
2021-03-01,64.56,60.54,3.7572,4.5231,242.56483200000002,1.5256897230591182,4.020000000000003,-1.9738839963559074,1.4120488809357579,eia_public_xls
2021-03-02,63.17,59.7,3.7765,4.5345,238.561505,1.5005095070666157,3.469999999999999,-2.1530359355638184,1.4186221011780837,eia_public_xls
2021-03-03,64.7,61.33,3.7509,4.5393,242.68323,1.5264344254561695,3.3700000000000045,2.4220357764761724,1.4259717025081715,eia_public_xls
2021-03-04,67.32,63.81,3.7851,4.554,254.81293199999996,1.602728097265814,3.509999999999991,4.0494590417310405,1.435838277762752,eia_public_xls
2021-03-05,69.95,66.08,3.8393,4.5793,268.559035,1.6891886443545698,3.8700000000000045,3.9067142008318623,1.4490127144567377,eia_public_xls
2021-03-08,68.0,65.03,3.8665,4.5903,262.92199999999997,1.6537326951260165,2.969999999999999,-2.7877055039313814,1.4606625793303856,eia_public_xls
2021-03-09,67.03,64.02,3.8507,4.5844,258.112421,1.6234812972129797,3.010000000000005,-1.4264705882352957,1.4713177710546566,eia_public_xls
2021-03-10,67.53,64.45,3.842,4.5718,259.45026,1.6318960669740294,3.0799999999999983,0.7459346561241142,1.4824086591985508,eia_public_xls
2021-03-11,69.34,66.02,3.8287,4.5805,265.482058,1.6698350053777982,3.3200000000000074,2.680290241374217,1.4948535794331193,eia_public_xls
2021-03-12,68.87,65.59,3.8521,4.5909,265.294127,1.6686529527571436,3.280000000000001,-0.6778194404384208,1.5070825933357237,eia_public_xls
2021-03-15,68.78,65.36,3.8429,4.5836,264.314662,1.662492291822602,3.4200000000000017,-0.13068099317555815,1.5183494046683061,eia_public_xls
2021-03-16,67.95,64.82,3.8519,4.5949,261.736605,1.6462767710567532,3.1300000000000097,-1.2067461471357954,1.5281511752533226,eia_public_xls
2021-03-17,67.73,64.55,3.8676,4.6065,261.95254800000004,1.6476350141835499,3.180000000000007,-0.32376747608535705,1.5371733963573542,eia_public_xls
2021-03-18,62.11,59.95,3.8705,4.6224,240.39675499999998,1.5120529036965287,2.1599999999999966,-8.297652443525772,1.5411923146756232,eia_public_xls
2021-03-19,64.0,61.43,3.8865,4.6226,248.736,1.5645052740161145,2.5700000000000003,3.042988246659162,1.546510319292353,eia_public_xls
2021-03-22,63.89,61.48,3.8768,4.6138,247.688752,1.5579182700472365,2.4100000000000037,-0.1718749999999991,1.5513846454951241,eia_public_xls
2021-03-23,59.96,57.75,3.8746,4.6073,232.32101600000001,1.461257939328373,2.210000000000001,-6.15119737048051,1.553010163724078,eia_public_xls
2021-03-24,63.7,61.12,3.9098,4.6273,249.05426000000003,1.566507072905332,2.5800000000000054,6.237491661107408,1.5578093860923639,eia_public_xls
2021-03-25,61.21,58.47,3.9253,4.6358,240.267613,1.5112406234472002,2.740000000000002,-3.908948194662487,1.560643970052059,eia_public_xls
2021-03-26,63.77,60.93,3.9307,4.6353,250.660739,1.57661154056621,2.8400000000000034,4.182323149812128,1.5644932988231743,eia_public_xls
2021-03-29,64.06,61.49,3.957,4.656,253.48542,1.594378282501085,2.5700000000000003,0.4547592912027554,1.5683853734372413,eia_public_xls
2021-03-30,63.28,60.55,3.9604,4.6519,250.614112,1.5763182650153786,2.730000000000004,-1.2176084920387131,1.5713931396906666,eia_public_xls
2021-03-31,63.52,59.19,3.9676,4.6603,252.02195200000003,1.5851733286369327,4.330000000000005,0.37926675094817064,1.5734020833988525,eia_public_xls
2021-04-01,63.85,61.41,3.9428,4.6239,251.74778,1.5834488354393756,2.440000000000005,0.5195214105793378,1.5762619843131829,eia_public_xls
2021-04-06,61.47,59.34,3.8973,4.6041,239.567031,1.5068340870637222,2.1299999999999955,-3.727486296006266,1.577745938556821,eia_public_xls
2021-04-07,61.86,59.77,3.8611,4.5897,238.847646,1.5023092831489366,2.0899999999999963,0.6344558321132343,1.5774257427756149,eia_public_xls
2021-04-08,62.09,59.61,3.8365,4.5581,238.20828500000002,1.4982878159849549,2.480000000000004,0.3718073068218697,1.5766613014481268,eia_public_xls
2021-04-09,61.89,59.29,3.8208,4.5414,236.469312,1.4873499845899352,2.6000000000000014,-0.32211306168465903,1.5741778671631432,eia_public_xls
2021-04-12,62.38,59.7,3.8144,4.533,237.942272,1.496614641448672,2.6799999999999997,0.791727258038466,1.5724103023098326,eia_public_xls
2021-04-13,62.83,60.2,3.8342,4.5627,240.902786,1.5152357488348105,2.6299999999999955,0.7213850593138726,1.5714865462794654,eia_public_xls
2021-04-14,66.11,63.15,3.8065,4.5552,251.647715,1.582819444357086,2.960000000000001,5.220436097405701,1.5733908703227306,eia_public_xls
2021-04-15,66.13,63.42,3.8014,4.5546,251.386582,1.581176964154302,2.7099999999999937,0.030252609287551024,1.5760797855589872,eia_public_xls
2021-04-16,65.98,63.16,3.7978,4.5481,250.57884400000003,1.5760964355576244,2.8200000000000074,-0.22682594888854268,1.577735185895702,eia_public_xls
2021-04-19,66.54,63.33,3.7816,4.5474,251.62766400000004,1.5826933271273755,3.210000000000008,0.848742043043349,1.5770673602244212,eia_public_xls
2021-04-20,65.34,62.61,3.7737,4.5541,246.573558,1.550903897802965,2.730000000000004,-1.80342651036971,1.5724578686727007,eia_public_xls
2021-04-21,64.02,61.34,3.795,4.5567,242.95589999999999,1.528149471340424,2.6799999999999926,-2.020202020202033,1.5682717612131811,eia_public_xls
2021-04-22,65.07,61.45,3.7885,4.5562,246.51769499999997,1.5505525294520934,3.6199999999999903,1.6401124648547372,1.5658408022878183,eia_public_xls
2021-04-23,65.75,62.18,3.7855,4.5649,248.896625,1.5655155767452686,3.5700000000000003,1.0450284309205582,1.5636281192801929,eia_public_xls
2021-04-26,65.5,62.02,3.7657,4.5565,246.65335,1.5514057753149628,3.479999999999997,-0.38022813688213253,1.5596804782780984,eia_public_xls
2021-04-27,66.25,63.03,3.7826,4.5613,250.59725,1.576212206029424,3.219999999999999,1.1450381679389388,1.5565991200538412,eia_public_xls
2021-04-28,67.08,63.81,3.7939,4.5811,254.494812,1.6007271789517383,3.269999999999996,1.2528301886792326,1.5545402829581456,eia_public_xls
2021-04-29,68.26,65.0,3.7786,4.5782,257.927236,1.6223165164447408,3.260000000000005,1.7590936195587492,1.5537416078044117,eia_public_xls
2021-04-30,67.73,63.5,3.7746,4.5654,255.653658,1.608016114525087,4.230000000000004,-0.7764430120128951,1.5524209778157965,eia_public_xls
2021-05-04,68.91,65.72,3.794,4.5539,261.44454,1.6444397340663075,3.1899999999999977,1.7422117230178502,1.5568338721614556,eia_public_xls
2021-05-05,69.71,65.63,3.8136,4.5752,265.846056,1.672124488165699,4.079999999999998,1.1609345523146075,1.560421179299775,eia_public_xls
2021-05-06,68.62,64.73,3.8066,4.5829,261.208892,1.6429575499883637,3.8900000000000006,-1.5636207143881697,1.5632558219644794,eia_public_xls
2021-05-07,68.73,64.96,3.7861,4.5764,260.218653,1.6367291225068719,3.7700000000000102,0.16030311862431645,1.5691048614037626,eia_public_xls
2021-05-10,68.61,64.92,3.7493,4.5631,257.239473,1.6179906092950995,3.6899999999999977,-0.1745962461807138,1.5708209792834216,eia_public_xls
2021-05-11,68.83,65.31,3.7514,4.5628,258.208862,1.624087893978753,3.519999999999996,0.320652966039936,1.5745825549678067,eia_public_xls
2021-05-12,69.62,65.96,3.7456,4.5453,260.76867200000004,1.6401886443545701,3.660000000000011,1.1477553392416295,1.5767017917607518,eia_public_xls
2021-05-13,67.36,63.82,3.7675,4.5447,253.7788,1.596223590608037,3.539999999999999,-3.2461936225222754,1.5767633020309837,eia_public_xls
2021-05-14,69.24,65.32,3.7374,4.5316,258.777576,1.6276650040569356,3.9200000000000017,2.7909738717339705,1.5784748599990357,eia_public_xls
2021-05-17,69.62,66.24,3.7288,4.5298,259.599056,1.6328319673935607,3.3800000000000097,0.5488157134604377,1.5800634812909233,eia_public_xls
2021-05-18,69.01,65.49,3.705,4.5272,255.68205000000003,1.6081946951637558,3.5200000000000102,-0.8761850043091046,1.580888343281736,eia_public_xls
2021-05-19,66.88,63.28,3.7087,4.5306,248.03785599999998,1.560114072219741,3.5999999999999943,-3.086509201565002,1.5826643427869367,eia_public_xls
2021-05-20,65.18,61.95,3.7077,4.5189,241.66788600000004,1.5200480919823636,3.230000000000004,-2.5418660287081174,1.5832556364147172,eia_public_xls
2021-05-21,66.72,63.61,3.6778,4.4958,245.382816,1.5434143420531239,3.1099999999999994,2.3626879410862056,1.5847598539503231,eia_public_xls
2021-05-24,68.59,66.13,3.6795,4.4877,252.37690500000002,1.5874059199808792,2.460000000000008,2.8027577937649983,1.588095051796688,eia_public_xls
2021-05-25,68.8,66.27,3.6549,4.4806,251.45712,1.5816206356494558,2.530000000000001,0.30616707974922,1.5909285849367139,eia_public_xls
2021-05-26,68.93,66.41,3.6691,4.4914,252.911063,1.5907656789548832,2.5200000000000102,0.18895348837211223,1.5934462492740498,eia_public_xls
2021-05-27,69.43,66.87,3.6929,4.498,256.398047,1.6126981891601202,2.5600000000000023,0.7253735673871997,1.594442207434151,eia_public_xls
2021-05-28,69.36,66.31,3.6766,4.4845,255.00897600000002,1.603961179215911,3.049999999999997,-0.10082097076192786,1.5952016812695378,eia_public_xls
2021-06-01,70.03,67.8,3.659,4.4749,256.23976999999996,1.611702654934051,2.230000000000004,0.9659746251441836,1.596388555248752,eia_public_xls
2021-06-02,70.6,68.79,3.6659,4.4654,258.81254,1.6278849214086688,1.809999999999988,0.8139368841924899,1.5978949417247952,eia_public_xls
2021-06-03,70.71,68.81,3.6659,4.4654,259.215789,1.6304212860170957,1.8999999999999915,0.1558073654390979,1.600545521331933,eia_public_xls
2021-06-04,71.3,69.57,3.6931,4.4734,263.31802999999996,1.6562236535062613,1.730000000000004,0.834394003676997,1.6048146607374607,eia_public_xls
2021-06-07,70.89,69.21,3.6656,4.4581,259.854384,1.63443793517709,1.6800000000000068,-0.5750350631136047,1.607610840928294,eia_public_xls
2021-06-08,71.39,70.11,3.669,4.4674,261.92991,1.6474926251831912,1.2800000000000011,0.7053180984624152,1.610343409209558,eia_public_xls
2021-06-09,71.31,69.9,3.6545,4.4541,260.602395,1.6391427915489947,1.4099999999999966,-0.11206051267684813,1.6132679764173592,eia_public_xls
2021-06-10,71.65,70.34,3.6821,4.48,263.822465,1.6593964600879318,1.3100000000000023,0.4767914738465828,1.6160407848859761,eia_public_xls
2021-06-11,72.05,71.0,3.6759,4.4723,264.848595,1.6658506355865574,1.0499999999999972,0.5582693649685888,1.6182115667738033,eia_public_xls
2021-06-14,72.27,70.94,3.7185,4.5027,268.735995,1.6903016913332538,1.3299999999999983,0.3053435114503733,1.620477739270087,eia_public_xls
2021-06-15,73.38,72.06,3.7349,4.5306,274.066962,1.7238325271877575,1.3199999999999932,1.5359070153590615,1.6243382863588427,eia_public_xls
2021-06-16,73.88,72.03,3.7336,4.5285,275.838368,1.734974356393919,1.8499999999999943,0.6813845734532586,1.6273561071030966,eia_public_xls
2021-06-17,72.92,71.06,3.7931,4.5309,276.592852,1.739719926786467,1.8599999999999994,-1.2994044396318238,1.6296092883904554,eia_public_xls
2021-06-18,73.1,71.64,3.8198,4.5503,279.22738,1.7562906401152294,1.4599999999999937,0.24684585847503104,1.633387058061351,eia_public_xls
2021-06-21,74.49,73.64,3.8214,4.5442,284.656086,1.7904362369250317,0.8499999999999943,1.9015047879616942,1.6385106285419562,eia_public_xls
2021-06-22,74.92,73.15,3.8132,4.5366,285.68494400000003,1.7969075710592692,1.769999999999996,0.5772586924419398,1.6444745272674288,eia_public_xls
2021-06-23,75.22,73.11,3.7878,4.52,284.918316,1.7920856170630304,2.1099999999999994,0.40042712226373567,1.650074451370238,eia_public_xls
2021-06-24,75.95,73.31,3.7986,4.5302,288.50367,1.8146368571015241,2.6400000000000006,0.9704865727200307,1.6558893917951363,eia_public_xls
2021-06-25,76.45,74.21,3.7749,4.5085,288.591105,1.8151868077264182,2.240000000000009,0.6583278472679366,1.6631881656990823,eia_public_xls
2021-06-28,74.78,72.98,3.7762,4.5092,282.384236,1.7761467038185512,1.7999999999999972,-2.184434270765212,1.6681375556911362,eia_public_xls
2021-06-29,75.38,73.14,3.7914,4.5123,285.795732,1.7976044079075648,2.239999999999995,0.8023535704733797,1.6736299703749364,eia_public_xls
2021-06-30,76.94,73.52,3.8035,4.5208,292.64129,1.8406617522187352,3.4200000000000017,2.0695144600689774,1.681378872276769,eia_public_xls
2021-07-01,76.69,75.33,3.8149,4.5187,292.564681,1.8401798952115582,1.3599999999999994,-0.32492851572654136,1.6907143997098295,eia_public_xls
2021-07-02,77.51,75.37,3.8263,4.5257,296.576513,1.8654136061438984,2.1400000000000006,1.0692397965836653,1.7022265835152142,eia_public_xls
2021-07-05,78.34,,3.7979,4.5083,297.527486,1.8713950574575282,,1.0708295703780069,1.7131592740286943,eia_public_xls
2021-07-06,75.81,73.62,3.8021,4.5036,288.23720099999997,1.8129608144062093,2.1899999999999977,-3.2295123819249483,1.7206777705095386,eia_public_xls
2021-07-07,74.31,72.22,3.8225,4.5197,284.049975,1.7866239063571236,2.0900000000000034,-1.9786307874950504,1.727511212866461,eia_public_xls
2021-07-08,75.07,72.98,3.8408,4.5414,288.328856,1.8135373080817927,2.089999999999989,1.0227425649306898,1.7349369338373577,eia_public_xls
2021-07-09,77.14,74.56,3.8427,4.5467,296.425878,1.8644661387409034,2.5799999999999983,2.7574264020247874,1.7433291988233839,eia_public_xls
2021-07-12,76.77,74.21,3.8378,4.5559,294.627906,1.8531572141118458,2.5600000000000023,-0.47964739434794845,1.751635733319915,eia_public_xls
2021-07-13,77.5,75.24,3.8533,4.5662,298.63075,1.8783343921201103,2.260000000000005,0.950892275628501,1.760523457892784,eia_public_xls
2021-07-14,75.74,73.06,3.8955,4.5904,295.04517,1.8557817305817457,2.6799999999999926,-2.2709677419354923,1.7681200181985528,eia_public_xls
2021-07-15,74.53,71.67,3.8629,4.5777,287.901937,1.8108520633762508,2.8599999999999994,-1.5975706363876352,1.774134377443858,eia_public_xls
2021-07-16,74.46,71.76,3.8808,4.5865,288.964368,1.8175345657192097,2.6999999999999886,-0.09392191064001576,1.7795114078509566,eia_public_xls
2021-07-19,69.33,66.45,3.8968,4.5877,270.165144,1.6992907847811456,2.8799999999999955,-6.88960515713134,1.781673169504425,eia_public_xls
2021-07-20,70.03,67.32,3.9012,4.5983,273.201036,1.7183860064030392,2.710000000000008,1.0096639261502949,1.7840362822117535,eia_public_xls
2021-07-21,72.54,70.26,3.9035,4.5983,283.15989,1.7810254297521182,2.280000000000001,3.584178209338873,1.7887657034851905,eia_public_xls
2021-07-22,74.25,72.15,3.8801,4.5773,288.097425,1.8120816481850717,2.0999999999999943,2.3573200992555776,1.793855209755095,eia_public_xls
2021-07-23,74.86,72.24,3.8851,4.5747,290.838586,1.8293230641498992,2.6200000000000045,0.821548821548812,1.7993042907072068,eia_public_xls
2021-07-26,74.79,72.15,3.8915,4.5858,291.04528500000004,1.8306231641580761,2.6400000000000006,-0.09350788137856281,1.803981673134701,eia_public_xls
2021-07-27,74.87,71.68,3.9017,4.5954,292.12027900000004,1.8373846855403275,3.1899999999999977,0.10696617194811964,1.8077667450797865,eia_public_xls
2021-07-28,75.09,72.37,3.8849,4.5955,291.717141,1.834849019102191,2.719999999999999,0.2938426606117206,1.8110959005033955,eia_public_xls
2021-07-29,76.3,73.62,3.8617,4.5866,294.64770999999996,1.8532817777554138,2.6799999999999926,1.611399653748835,1.8148812955356939,eia_public_xls
2021-07-30,77.72,73.93,3.841,4.5731,298.52252,1.8776536446376118,3.789999999999992,1.8610747051114096,1.818926729019773,eia_public_xls
2021-08-02,73.91,71.31,3.8377,4.5611,283.644407,1.784072955650462,2.5999999999999943,-4.902213072568196,1.8187146196439543,eia_public_xls
2021-08-03,73.24,70.64,3.8315,4.5533,280.61906,1.7650440602061803,2.5999999999999943,-0.9065079150317956,1.8176525026155177,eia_public_xls
2021-08-04,70.99,68.19,3.8366,4.5468,272.360234,1.713097511117261,2.799999999999997,-3.07209175314036,1.815019565750659,eia_public_xls
2021-08-05,72.14,69.1,3.8485,4.5555,277.63079,1.7462483725084441,3.0400000000000063,1.6199464713339884,1.8127399495975565,eia_public_xls
2021-08-06,71.02,68.26,3.8519,4.5495,273.561938,1.7206560159006712,2.759999999999991,-1.552536734128096,1.8095889232033646,eia_public_xls
2021-08-09,69.65,66.56,3.8885,4.5709,270.83402500000005,1.703497927503507,3.0900000000000034,-1.9290340749084645,1.8071672973261963,eia_public_xls
2021-08-10,71.14,68.33,3.8937,4.5681,276.997818,1.7422670910200206,2.8100000000000023,2.1392677674084704,1.8053227200966118,eia_public_xls
2021-08-11,71.99,69.3,3.9148,4.5854,281.82645199999996,1.7726383414996192,2.6899999999999977,1.1948271014900147,1.803055273072641,eia_public_xls
2021-08-12,71.79,69.12,3.9074,4.59,280.512246,1.7643722191122546,2.6700000000000017,-0.2778163633837871,1.800528350535998,eia_public_xls
2021-08-13,70.9,68.36,3.8934,4.5718,276.04206000000005,1.736255542906024,2.5400000000000063,-1.2397269814737433,1.7962230817614018,eia_public_xls
2021-08-16,70.07,67.44,3.873,4.5651,271.38111,1.7069389950121707,2.6299999999999955,-1.170662905500719,1.7907412130132234,eia_public_xls
2021-08-17,69.4,66.5,3.8797,4.5691,269.25118000000003,1.693542113506136,2.9000000000000057,-0.9561866704723698,1.7867605896498875,eia_public_xls
2021-08-18,68.61,65.36,3.8861,4.5547,266.625321,1.6770259266480907,3.25,-1.1383285302593804,1.7831073236595865,eia_public_xls
2021-08-19,66.8,63.69,3.9226,4.5843,262.02968,1.6481201607678615,3.1099999999999994,-2.6380994024194804,1.7775934187491222,eia_public_xls
2021-08-20,65.51,62.25,3.9301,4.588,257.460851,1.6193830376068483,3.260000000000005,-1.931137724550891,1.7694239820446536,eia_public_xls
2021-08-23,69.07,65.65,3.9107,4.5876,270.11204899999996,1.6989568266587831,3.4199999999999875,5.43428484200883,1.7642839691295515,eia_public_xls
2021-08-24,71.21,67.5,3.9086,4.5848,278.33140599999996,1.7506551227458846,3.7099999999999937,3.098306066309542,1.760027993483744,eia_public_xls
2021-08-25,72.12,68.54,3.8869,4.5679,280.32322800000003,1.7631833294546098,3.5799999999999983,1.2779104058418866,1.7569413801128395,eia_public_xls
2021-08-26,70.42,67.42,3.8912,4.5758,274.018304,1.7235264770075542,3.0,-2.3571824736550284,1.754030527233883,eia_public_xls
2021-08-27,72.26,68.84,3.8978,4.5803,281.655028,1.7715601149779543,3.4200000000000017,2.612894064186322,1.7524980455425074,eia_public_xls
2021-08-31,73.45,68.43,3.8386,4.5374,281.94517,1.7733850566398512,5.019999999999996,1.6468308884583394,1.7549678546044647,eia_public_xls
2021-09-01,71.99,68.63,3.8238,4.5184,275.275362,1.7314331486222143,3.3599999999999994,-1.9877467665078363,1.7554027593451036,eia_public_xls
2021-09-02,73.56,70.07,3.8044,4.5067,279.85166399999997,1.760217275626309,3.490000000000009,2.1808584525628616,1.754709154207577,eia_public_xls
2021-09-03,73.07,69.34,3.7998,4.5124,277.65138599999995,1.7463779176913834,3.7299999999999898,-0.666122892876575,1.7525190298577873,eia_public_xls
2021-09-06,72.43,,3.8041,4.5134,275.53096300000004,1.7330408335272698,,-0.8758724510742888,1.7493096221703661,eia_public_xls
2021-09-07,71.52,68.49,3.8041,4.5181,272.069232,1.7112671602080674,3.030000000000001,-1.2563854756316606,1.745331088705366,eia_public_xls
2021-09-08,72.36,69.36,3.8213,4.5175,276.509268,1.739194198267783,3.0,1.1744966442952975,1.7420580724629475,eia_public_xls
2021-09-09,71.32,68.26,3.8292,4.5315,273.098544,1.7177413499216918,3.059999999999988,-1.4372581536760687,1.7381544834902642,eia_public_xls
2021-09-10,72.44,69.82,3.8402,4.5499,278.184088,1.7497285186839175,2.6200000000000045,1.5703869882220944,1.7347027081878814,eia_public_xls
2021-09-13,72.97,70.54,3.8495,4.5386,280.898015,1.7667986376244598,2.4299999999999926,0.731639977912768,1.7310075412874428,eia_public_xls
2021-09-14,73.05,70.53,3.8542,4.5559,281.54931,1.7708951675294207,2.519999999999996,0.1096340962039255,1.730568281683408,eia_public_xls
2021-09-15,74.84,72.59,3.8475,4.5502,287.9469,1.811134872662545,2.25,2.4503764544832496,1.7321046420986201,eia_public_xls
2021-09-16,75.14,72.69,3.8847,4.5736,291.896358,1.835976262210118,2.450000000000003,0.4008551576696995,1.736200600468382,eia_public_xls
2021-09-17,74.64,72.09,3.8882,4.5789,290.215248,1.825402378810846,2.549999999999997,-0.6654245408570625,1.7388390673451288,eia_public_xls
2021-09-20,73.59,70.41,3.9282,4.5999,289.076238,1.8182382081553838,3.180000000000007,-1.4067524115755625,1.7420918070869529,eia_public_xls
2021-09-21,73.65,70.51,3.9337,4.6154,289.71700500000003,1.8222685188097143,3.1400000000000006,0.08153281695881809,1.7460508267971597,eia_public_xls
2021-09-22,75.5,72.37,3.946,4.6308,297.923,1.8738827702893948,3.1299999999999955,2.511880515953835,1.7504380161061386,eia_public_xls
2021-09-23,76.44,73.43,3.9256,4.6012,300.072864,1.8874050331159151,3.009999999999991,1.2450331125827718,1.7542635724933489,eia_public_xls
2021-09-24,77.42,74.18,3.9268,4.6085,304.012856,1.9121868832042872,3.239999999999995,1.2820512820512775,1.759190727963083,eia_public_xls
2021-09-27,78.85,75.54,3.9276,4.5912,309.69126,1.947903036097291,3.309999999999988,1.8470679411004776,1.7662456444027916,eia_public_xls
2021-09-28,78.3,75.44,3.9546,4.6192,309.64518,1.9476132010793334,2.8599999999999994,-0.6975269499048808,1.7742681179383637,eia_public_xls
2021-09-29,77.86,75.06,3.9684,4.6287,308.979624,1.94342697201658,2.799999999999997,-0.5619412515964206,1.7825976132220454,eia_public_xls
2021-09-30,77.81,75.22,3.9925,4.6329,310.656425,1.953973752570965,2.5900000000000034,-0.06421782686873989,1.7918292074194746,eia_public_xls
2021-10-01,79.4,76.01,3.9678,4.5941,315.04332,1.9815665431764862,3.3900000000000006,2.0434391466392476,1.8029440868330953,eia_public_xls
2021-10-04,81.44,77.68,3.9368,4.5716,320.61299199999996,2.0165987910961274,3.759999999999991,2.5692695214105665,1.816184611949405,eia_public_xls
2021-10-05,82.72,79.17,3.9688,4.6034,328.299136,2.064943272091429,3.549999999999997,1.5717092337917515,1.8283841601304929,eia_public_xls
2021-10-06,81.39,77.66,3.9992,4.6203,325.494888,2.0473050500984358,3.730000000000004,-1.6078336557059925,1.8382724910422445,eia_public_xls
2021-10-07,82.34,78.46,3.9334,4.5472,323.876156,2.037123513243221,3.8800000000000097,1.1672195601425184,1.847403830501865,eia_public_xls
2021-10-08,82.17,79.55,3.9775,4.5956,326.83117500000003,2.0557100580550616,2.6200000000000045,-0.20646101530240601,1.8584766165367819,eia_public_xls
2021-10-11,83.75,80.64,3.9862,4.612,333.84425,2.09982105455163,3.1099999999999994,1.922842886698306,1.8694186478559045,eia_public_xls
2021-10-12,83.53,80.75,3.9664,4.5859,331.313392,2.083902407115047,2.780000000000001,-0.26268656716418315,1.8797692262050776,eia_public_xls
2021-10-13,83.53,80.67,3.9638,4.5806,331.09621400000003,2.0825363960575394,2.8599999999999994,0.0,1.8914726677862552,eia_public_xls
2021-10-14,83.86,81.43,3.9403,4.577,330.433558,2.0783684074798567,2.4299999999999926,0.3950676403687181,1.9020777055147067,eia_public_xls
2021-10-15,84.67,82.39,3.9413,4.5733,333.709871,2.098975834502192,2.280000000000001,0.9658955401860236,1.9138309694084004,eia_public_xls
2021-10-18,84.13,82.62,3.9471,4.5715,332.06952299999995,2.0886583368451506,1.509999999999991,-0.6377701665288837,1.925684886185663,eia_public_xls
2021-10-19,85.02,83.19,3.9212,4.5717,333.38042399999995,2.096903671369357,1.8299999999999983,1.0578866040651391,1.9385394365577058,eia_public_xls
2021-10-20,85.76,84.4,3.9428,4.5841,338.13452800000005,2.126806141382629,1.3599999999999994,0.8703834391907916,1.9514598346615342,eia_public_xls
2021-10-21,84.58,82.64,3.9449,4.593,333.659642,2.098659903010938,1.9399999999999977,-1.3759328358209033,1.9641571197645091,eia_public_xls
2021-10-22,85.43,84.53,3.9576,4.6072,338.09776800000003,2.1265749275097967,0.9000000000000057,1.0049657129345135,1.9767186667253716,eia_public_xls
2021-10-25,84.85,84.64,3.9502,4.6018,335.17447,2.1081879021555223,0.20999999999999375,-0.6789184127355852,1.9880983088764073,eia_public_xls
2021-10-26,85.11,85.64,3.974,4.6134,338.22714,2.127388654418286,-0.5300000000000011,0.306423099587505,1.999981425106036,eia_public_xls
2021-10-27,84.12,82.66,3.9815,4.6165,334.92378,2.1066111065684616,1.460000000000008,-1.16320056397603,2.0098306329029,eia_public_xls
2021-10-28,83.4,82.78,3.9938,4.6284,333.08292,2.0950324240346694,0.6200000000000045,-0.8559201141226769,2.0184658382970517,eia_public_xls
2021-10-29,83.1,83.5,3.9664,4.6208,329.60784,2.0731747878757383,-0.4000000000000057,-0.3597122302158362,2.0267249185992147,eia_public_xls
2021-11-01,84.51,84.08,3.9664,4.6208,335.200464,2.1083513997999836,0.4300000000000068,1.6967509025271,2.0363953583207013,eia_public_xls
2021-11-02,84.42,83.91,3.9772,4.6129,335.755224,2.111840741695862,0.5100000000000051,-0.10649627263046302,2.0460477657502394,eia_public_xls
2021-11-03,81.1,80.82,3.9681,4.6,321.81291,2.0241460622566625,0.28000000000000114,-3.9327173655531955,2.0510565421491487,eia_public_xls
2021-11-04,80.15,78.88,3.9807,4.5987,319.053105,2.0067873788422954,1.2700000000000102,-1.1713933415536282,2.0550359536733613,eia_public_xls
2021-11-05,82.43,81.25,3.9911,4.6065,328.986373,2.0692658707944678,1.1800000000000068,2.8446662507797926,2.0602719199263673,eia_public_xls
2021-11-08,83.22,81.96,3.9747,4.595,330.77453399999996,2.080513085975583,1.2600000000000051,0.9583889360669451,2.0646922549223103,eia_public_xls
2021-11-09,84.52,84.12,3.9622,4.5942,334.885144,2.106368092988735,0.3999999999999915,1.5621244893054609,2.069984084652624,eia_public_xls
2021-11-10,82.91,81.23,3.9737,4.6007,329.45946699999996,2.0722415480510983,1.6799999999999926,-1.904874585896832,2.0742779038537744,eia_public_xls
2021-11-11,83.4,81.47,3.9737,4.6007,331.40658,2.084488543088429,1.9300000000000068,0.5910022916415514,2.078628396871023,eia_public_xls
2021-11-12,82.9,80.87,4.0559,4.6412,336.23411000000004,2.114852849604056,2.030000000000001,-0.5995203836930418,2.083071273751942,eia_public_xls
2021-11-15,81.94,80.85,4.0497,4.6365,331.83241799999996,2.0871669884959148,1.0900000000000034,-1.1580217129071313,2.0854235469986016,eia_public_xls
2021-11-16,82.85,80.76,4.1061,4.6652,340.19038499999994,2.1397371168711903,2.089999999999989,1.1105687088113214,2.087916675157927,eia_public_xls
2021-11-17,80.67,78.32,4.1204,4.6614,332.392668,2.0906908615169795,2.3500000000000085,-2.631261315630651,2.0893628688718784,eia_public_xls
2021-11-18,82.45,78.92,4.1114,4.6592,338.98492999999996,2.1321550189638145,3.530000000000001,2.2065203917193577,2.0925305857292313,eia_public_xls
2021-11-19,80.24,76.11,4.1457,4.6844,332.650968,2.0923155226527954,4.1299999999999955,-2.6804123711340333,2.093750767882489,eia_public_xls
2021-11-22,80.97,76.74,4.1855,4.721,338.899935,2.1316204155056706,4.230000000000004,0.9097706879362066,2.0948107465809573,eia_public_xls
2021-11-23,83.43,78.32,4.1893,4.7171,349.5132990000001,2.1983765905388495,5.110000000000014,3.038162282326806,2.0986265526950842,eia_public_xls
2021-11-24,82.37,78.32,4.1764,4.6811,344.01006800000005,2.1637622447118323,4.050000000000011,-1.270526189620047,2.1013340809835603,eia_public_xls
2021-11-25,82.05,,4.16,4.6688,341.328,2.1468925132243517,,-0.3884909554449534,2.1036182178417104,eia_public_xls
2021-11-26,72.37,,4.1754,4.7038,302.173698,1.9006189059482852,,-11.797684338817781,2.0970063202232465,eia_public_xls
2021-11-29,73.34,69.88,4.1627,4.6982,305.292418,1.9202351009830994,3.460000000000008,1.3403343927041567,2.0913922123611783,eia_public_xls
2021-11-30,70.86,66.14,4.1214,4.6834,292.04240400000003,1.8368948656179438,4.719999999999999,-3.381510771748031,2.082725252169465,eia_public_xls
2021-12-01,69.53,65.44,4.1051,4.6494,285.42760300000003,1.7952889418631715,4.090000000000003,-1.8769404459497596,2.0716746788521494,eia_public_xls
2021-12-02,70.56,66.6,4.0625,4.6002,286.65000000000003,1.8029776019422974,3.960000000000008,1.4813749460664383,2.0618186021498612,eia_public_xls
2021-12-03,70.71,66.39,4.0653,4.5934,287.45736299999993,1.80805577185556,4.319999999999993,0.21258503401360151,2.051201296961387,eia_public_xls
2021-12-06,73.38,69.62,4.0619,4.5889,298.06222199999996,1.8747584519489013,3.759999999999991,3.7759864234196083,2.043420315287833,eia_public_xls
2021-12-07,75.54,71.94,4.0788,4.5991,308.11255200000005,1.9379732430953478,3.6000000000000085,2.9435813573180925,2.037106468243735,eia_public_xls
2021-12-08,75.94,72.43,4.071,4.5941,309.15173999999996,1.9445095510953725,3.509999999999991,0.5295207836907512,2.0317030830612985,eia_public_xls
2021-12-09,74.1,70.87,4.0837,4.6226,302.60217,1.9033139187480739,3.2299999999999898,-2.4229654990782223,2.025312466218412,eia_public_xls
2021-12-10,74.98,71.71,4.0887,4.6129,306.57072600000004,1.928275431324574,3.2700000000000102,1.187584345479098,2.0204824876667065,eia_public_xls
2021-12-13,74.12,71.19,4.1003,4.6204,303.914236,1.911566580915421,2.930000000000007,-1.1469725260069397,2.013922993703888,eia_public_xls
2021-12-14,73.37,70.57,4.1088,4.6436,301.462656,1.8961465780221023,2.8000000000000114,-1.01187263896384,2.006733188248096,eia_public_xls
2021-12-15,73.71,70.89,4.0999,4.6214,302.203629,1.900807166623686,2.819999999999993,0.4634046613056997,2.0026218917269967,eia_public_xls
2021-12-16,74.64,72.34,4.0938,4.6315,305.561232,1.921925893312032,2.299999999999997,1.2617012617012646,1.9997931755426543,eia_public_xls
2021-12-17,72.97,70.93,4.0882,4.6334,298.315954,1.8763543811758194,2.039999999999992,-2.2374062165058994,1.9933627925553663,eia_public_xls
2021-12-20,70.51,68.69,4.1182,4.6381,290.374282,1.8264026744325008,1.8200000000000074,-3.371248458270515,1.9848924455039303,eia_public_xls
2021-12-21,72.85,71.1,4.0937,4.6238,298.226045,1.8757888695302132,1.75,3.3186782016735084,1.977206471388646,eia_public_xls
2021-12-22,74.69,72.82,4.0984,4.6244,306.109496,1.9253743765213507,1.8700000000000045,2.5257378174330825,1.972310899004321,eia_public_xls
2021-12-23,76.26,73.89,4.095,4.6359,312.2847,1.9642153132017084,2.3700000000000045,2.1020216896505683,1.9683017913414307,eia_public_xls
2021-12-24,75.24,,4.0785,4.6252,306.86634,1.930134790894853,,-1.3375295043273172,1.9621445227177905,eia_public_xls
2021-12-29,78.63,76.58,4.0779,4.5997,320.64527699999996,2.0168018580135483,2.049999999999997,4.505582137161079,1.9597990183683782,eia_public_xls
2021-12-30,78.61,76.83,4.0631,4.5915,319.40029100000004,2.0089711171353635,1.7800000000000011,-0.025435584382549337,1.9554401517105175,eia_public_xls
2021-12-31,77.24,75.33,4.06,4.5994,313.59439999999995,1.972453093649166,1.9099999999999966,-1.7427808166899927,1.9514988927815902,eia_public_xls
2022-01-03,78.25,75.99,4.0424,4.5889,316.3178,1.9895827960776666,2.260000000000005,1.3076126359399254,1.9467464853520517,eia_public_xls
2022-01-04,79.39,77.0,4.0468,4.5737,321.27545200000003,2.020765546868612,2.3900000000000006,1.4568690095846604,1.9443614861592458,eia_public_xls
2022-01-05,80.6,77.83,4.0396,4.5672,325.59175999999997,2.04791435777768,2.769999999999996,1.5241214258722602,1.9415712842349793,eia_public_xls
2022-01-06,81.99,79.47,4.0396,4.5672,331.206804,2.083231987520992,2.519999999999996,1.724565756823826,1.9377331308010506,eia_public_xls
2022-01-07,82.28,79.0,4.0279,4.5576,331.415612,2.0845453527646916,3.280000000000001,0.3537016709354912,1.9350925677361461,eia_public_xls
2022-01-10,81.56,78.11,4.0064,4.5377,326.76198400000004,2.055274858950732,3.450000000000003,-0.8750607681088929,1.9320386459270256,eia_public_xls
2022-01-11,84.98,81.17,4.0106,4.5454,340.82078800000005,2.1437022398057706,3.8100000000000023,4.193231976459044,1.9401414237222752,eia_public_xls
2022-01-12,85.83,82.51,3.9879,4.5332,342.281457,2.152889588456918,3.319999999999993,1.000235349493983,1.9478965733047355,eia_public_xls
2022-01-13,85.8,81.97,3.9463,4.527,338.59254,2.1296869555372453,3.8299999999999983,-0.03495281370150538,1.957656309635379,eia_public_xls
2022-01-14,87.17,83.82,3.9597,4.5372,345.167049,2.1710394497663335,3.3500000000000085,1.5967365967366032,1.9701813265654844,eia_public_xls
2022-01-17,87.82,,3.9567,4.5201,347.477394,2.1855711095875763,,0.7456693816680016,1.9829344434869938,eia_public_xls
2022-01-18,88.83,85.42,3.9734,4.5275,352.95712199999997,2.220037625717826,3.4099999999999966,1.1500797084946557,1.9966671719490692,eia_public_xls
2022-01-19,89.64,86.84,3.993,4.5279,357.93252,2.2513319956977615,2.799999999999997,0.911854103343468,2.0092196234073643,eia_public_xls
2022-01-20,89.75,86.29,3.9833,4.5201,357.501175,2.2486189122381077,3.4599999999999937,0.12271307452029756,2.0195744790454566,eia_public_xls
2022-01-21,89.75,85.16,3.9953,4.5303,358.578175,2.25539305100417,4.590000000000003,0.0,2.0299372623757495,eia_public_xls
2022-01-24,87.74,84.48,4.0049,4.5358,351.389926,2.2101802411517926,3.259999999999991,-2.239554317548753,2.0401661397892075,eia_public_xls
2022-01-25,89.49,86.61,4.0593,4.5821,363.266757,2.2848833992716386,2.8799999999999955,1.9945292910872991,2.0520530720541093,eia_public_xls
2022-01-26,91.22,88.33,4.0684,4.592,371.119448,2.3342754313245737,2.8900000000000006,1.9331768912727698,2.0661433670677476,eia_public_xls
2022-01-27,90.7,87.61,4.083,4.5713,370.3281,2.32929799291766,3.0900000000000034,-0.570050427537816,2.080581747564266,eia_public_xls
2022-01-28,91.47,87.67,4.1048,4.5697,375.466056,2.3616148238535226,3.799999999999997,0.8489525909592066,2.095942002805261,eia_public_xls
2022-01-31,92.35,89.16,4.1147,4.5982,379.992545,2.390085635932498,3.1899999999999977,0.962064064720658,2.1115473275592764,eia_public_xls
2022-02-01,90.24,88.22,4.0689,4.582,367.177536,2.30948150477712,2.019999999999996,-2.284786139685979,2.1259848983459864,eia_public_xls
2022-02-02,91.43,88.16,4.0283,4.55,368.307469,2.31658858271431,3.2700000000000102,1.3187056737588687,2.1423244286220466,eia_public_xls
2022-02-03,92.99,90.17,4.0267,4.5439,374.44283299999995,2.355178932868725,2.819999999999993,1.7062233402602933,2.158304097399997,eia_public_xls
2022-02-04,96.86,92.27,3.9657,4.5459,384.117702,2.4160321409926597,4.590000000000003,4.1617378212711165,2.1746593562157073,eia_public_xls
2022-02-07,97.28,91.25,3.9872,4.555,387.874816,2.4396637209331584,6.030000000000001,0.4336155275655562,2.190507636473422,eia_public_xls
2022-02-08,96.07,89.32,3.9693,4.5274,381.330651,2.3985020850761383,6.75,-1.2438322368421129,2.2061198796127988,eia_public_xls
2022-02-09,94.95,89.57,3.953,4.5167,375.33735,2.3608052859667774,5.38000000000001,-1.1658165920682695,2.217586660544573,eia_public_xls
2022-02-10,96.37,89.83,3.9218,4.4879,377.943866,2.377199808789398,6.540000000000006,1.4955239599789394,2.229860950266374,eia_public_xls
2022-02-11,97.5,93.1,3.9665,4.5163,386.73375,2.4324866184027627,4.400000000000006,1.1725640759572498,2.245195401091494,eia_public_xls
2022-02-14,101.66,95.52,4.0439,4.5743,411.102874,2.585764081339984,6.140000000000001,4.266666666666663,2.2650681106002377,eia_public_xls
2022-02-15,98.43,92.07,3.974,4.5091,391.16082000000006,2.4603321026247436,6.360000000000014,-3.177257525083599,2.279720329125442,eia_public_xls
2022-02-16,97.44,93.83,3.9478,4.4916,384.673632,2.419528841980791,3.6099999999999994,-1.0057909174032376,2.2921074785988793,eia_public_xls
2022-02-17,95.28,91.78,3.9687,4.5088,378.137736,2.3784192166655136,3.5,-2.216748768472898,2.3019470529036967,eia_public_xls
2022-02-18,96.18,91.26,3.9798,4.5256,382.777164,2.4076003950008493,4.920000000000002,0.9445843828715494,2.3127155543115685,eia_public_xls
2022-02-21,98.95,,3.9769,4.5193,393.51425500000005,2.4751347908948533,,2.8800166354751466,2.3267108853763725,eia_public_xls
2022-02-22,98.73,92.11,4.012,4.5416,396.10476,2.491428607370414,6.6200000000000045,-0.2223345123799847,2.338301764295194,eia_public_xls
2022-02-23,99.29,92.14,3.9937,4.5352,396.53447300000005,2.494131425839849,7.150000000000006,0.5672034842499674,2.349676492207959,eia_public_xls
2022-02-24,101.29,92.77,4.1281,4.6284,418.135249,2.629996471409612,8.52000000000001,2.0143015409406884,2.366353476070371,eia_public_xls
2022-02-25,98.56,91.68,4.1683,4.6608,410.82764800000007,2.584032958669577,6.8799999999999955,-2.6952315134761595,2.3801199263671453,eia_public_xls
2022-02-28,103.08,96.13,4.1965,4.6909,432.57522,2.7208213250139948,6.950000000000003,4.586038961038952,2.3979616002146926,eia_public_xls
2022-03-01,110.93,103.66,4.2193,4.7241,468.046949,2.9439322020039373,7.27000000000001,7.615444315095088,2.4220914194242296,eia_public_xls
2022-03-02,118.94,110.74,4.3302,4.7989,515.0339879999999,3.239472334216005,8.200000000000003,7.220769854863418,2.455029430708171,eia_public_xls
2022-03-03,115.36,107.69,4.3257,4.7931,499.01275200000003,3.138701604533704,7.670000000000002,-3.0099209685555683,2.4846988537846912,eia_public_xls
2022-03-04,123.86,115.77,4.391,4.8363,543.86926,3.4208410750564515,8.090000000000003,7.368238557558948,2.5235471212531007,eia_public_xls
2022-03-07,129.02,119.26,4.5722,4.9647,589.905244,3.71039924018945,9.760000000000005,4.165993864040063,2.5735544212210226,eia_public_xls
2022-03-08,133.18,123.64,4.5115,4.9121,600.84157,3.779186788856951,9.540000000000006,3.2243063090993562,2.6233645342071994,eia_public_xls
2022-03-09,116.58,108.81,4.4147,4.8429,514.665726,3.237156031625227,7.769999999999996,-12.4643339840817,2.6534605542172214,eia_public_xls
2022-03-10,114.54,105.93,4.3482,4.8013,498.04282800000004,3.1326009547950466,8.61,-1.749871332990216,2.680237319613134,eia_public_xls
2022-03-11,118.11,109.31,4.3694,4.7924,516.069834,3.2459876216294417,8.799999999999997,3.1168150864326893,2.7097164128723317,eia_public_xls
2022-03-14,110.39,103.22,4.3221,4.7465,477.11661899999996,3.0009788158780277,7.170000000000002,-6.536279739226147,2.7300795188705163,eia_public_xls
2022-03-15,105.14,96.42,4.2992,4.7311,452.01788799999997,2.8431122544610563,8.719999999999999,-4.755865567533291,2.747867210526647,eia_public_xls
2022-03-16,104.61,94.85,4.2828,4.7055,448.023708,2.8179895714743974,9.760000000000005,-0.5040897850485115,2.76458057681865,eia_public_xls
2022-03-17,113.5,102.97,4.2403,4.6876,481.27405000000005,3.0271283186675646,10.530000000000001,8.498231526622702,2.7869788896786116,eia_public_xls
2022-03-18,114.32,104.69,4.2707,4.7221,488.22642399999995,3.0708575166523047,9.629999999999995,0.7224669603524081,2.8088064022005996,eia_public_xls
2022-03-21,122.29,112.14,4.2444,4.693,519.047676,3.2647177190587913,10.150000000000006,6.971658502449274,2.8363082021381203,eia_public_xls
2022-03-22,121.53,111.03,4.272,4.6975,519.17616,3.265525860604955,10.5,-0.6214735464878607,2.8652089946557475,eia_public_xls
2022-03-23,127.52,114.89,4.2772,4.7036,545.428544,3.430648694547353,12.629999999999995,4.928824158643952,2.900870441608433,eia_public_xls
2022-03-24,123.98,114.2,4.331,4.7589,536.9573800000001,3.3773665771415278,9.780000000000001,-2.776035131744037,2.934209333886838,eia_public_xls
2022-03-25,122.67,116.2,4.3125,4.7459,529.014375,3.3274064860648984,6.469999999999999,-1.056622035812227,2.964039996142242,eia_public_xls
2022-03-28,114.5,107.55,4.2784,4.702,489.87680000000006,3.081238088648758,6.950000000000003,-6.660145104752591,2.9805557963858686,eia_public_xls
2022-03-29,112.79,104.25,4.2917,4.7144,484.060843,3.0446567518098964,8.540000000000006,-1.493449781659384,3.00003328469204,eia_public_xls
2022-03-30,115.59,107.81,4.1688,4.6507,481.871592,3.0308867517469986,7.780000000000001,2.482489582409775,3.0204118816842467,eia_public_xls
2022-03-31,107.29,100.53,4.1801,4.6525,448.48292900000007,2.8208779900243424,6.760000000000005,-7.180551950860803,3.0351605074628747,eia_public_xls
2022-04-01,106.13,99.32,4.1978,4.6428,445.51251399999995,2.8021946071062414,6.810000000000002,-1.0811818436014642,3.0483136478663875,eia_public_xls
2022-04-04,108.15,103.29,4.2073,4.6373,455.019495,2.861991829520653,4.859999999999999,1.903326109488379,3.0612088824872474,eia_public_xls
2022-04-05,106.6,101.98,4.2233,4.6317,450.20378,2.831701837257134,4.61999999999999,-1.433194637078139,3.072551323483472,eia_public_xls
2022-04-06,100.81,96.39,4.2606,4.6539,429.51108600000003,2.701548466226799,4.420000000000002,-5.4315196998123705,3.079465224829703,eia_public_xls
2022-04-07,99.83,96.05,4.2727,4.6478,426.54364100000004,2.6828837640813403,3.780000000000001,-0.9721257811725059,3.0812281345854275,eia_public_xls
2022-04-08,101.26,98.35,4.2703,4.6405,432.410578,2.7197857560681062,2.910000000000011,1.4324351397375645,3.0857532278320448,eia_public_xls
2022-04-11,97.92,94.22,4.2586,4.6451,417.00211200000007,2.6228692408813306,3.700000000000003,-3.298439660280472,3.0824881583609565,eia_public_xls
2022-04-12,104.42,100.52,4.2926,4.6626,448.233292,2.8193078176203086,3.9000000000000057,6.638071895424846,3.0783340122148357,eia_public_xls
2022-04-13,108.49,104.26,4.2872,4.646,465.118328,2.925511695924824,4.22999999999999,3.897720743152644,3.0678686576051297,eia_public_xls
2022-04-14,110.83,106.84,4.2581,4.6447,471.92522299999996,2.9683258568310613,3.989999999999995,2.156880818508622,3.0621894660150413,eia_public_xls
2022-04-19,105.49,102.54,4.2887,4.6361,452.414963,2.8456097857057494,2.9499999999999886,-4.81819002075251,3.043015089703351,eia_public_xls
2022-04-20,105.05,102.56,4.2708,4.6295,448.64754000000005,2.8219133639857352,2.489999999999995,-0.4171011470281538,3.013398893829894,eia_public_xls
2022-04-21,107.2,103.89,4.2596,4.6523,456.62912,2.8721160849629217,3.3100000000000023,2.046644455021429,2.983163203700093,eia_public_xls
2022-04-22,105.15,102.86,4.2935,4.6361,451.461525,2.8396128299798096,2.2900000000000063,-1.9123134328358216,2.9699117636452455,eia_public_xls
2022-04-25,99.27,99.6,4.3188,4.6405,428.727276,2.6966184405014246,-0.3299999999999983,-5.592011412268194,2.955379013168792,eia_public_xls
2022-04-26,102.89,102.62,4.3469,4.6429,447.25254099999995,2.813139067974111,0.269999999999996,3.6466203283973098,2.9409507280469476,eia_public_xls
2022-04-27,103.3,101.96,4.4453,4.7076,459.19948999999997,2.888283255863687,1.3400000000000034,0.3984838176693595,2.9371942093798027,eia_public_xls
2022-04-28,105.78,105.47,4.4613,4.6915,471.91631399999994,2.9682698208029583,0.3100000000000023,2.400774443368836,2.9413661282578665,eia_public_xls
2022-04-29,108.36,104.59,4.4072,4.6582,477.56419199999993,3.0037939705762104,3.769999999999996,2.4390243902439046,2.9475596082279267,eia_public_xls
2022-05-03,104.94,102.53,4.4454,4.6806,466.50027600000004,2.9342039034638057,2.4099999999999966,-3.1561461794019974,2.9444621277211342,eia_public_xls
2022-05-04,110.53,107.84,4.4456,4.6777,491.372168,3.0906436878486923,2.6899999999999977,5.326853440060986,2.945121666761014,eia_public_xls
2022-05-05,112.11,108.17,4.4017,4.6658,493.474587,3.1038675300496266,3.9399999999999977,1.4294761603184547,2.939759993794042,eia_public_xls
2022-05-06,113.86,109.72,4.4502,4.6979,506.69977199999994,3.187051595413461,4.140000000000001,1.5609669075015598,2.9371441849543256,eia_public_xls
2022-05-09,106.67,103.08,4.4784,4.7059,477.71092799999997,3.0047169139615186,3.5900000000000034,-6.314772527665557,2.9229464589347978,eia_public_xls
2022-05-10,102.61,99.74,4.4223,4.6761,453.772203,2.8541465843119247,2.8700000000000045,-3.8061310584044272,2.905505792507144,eia_public_xls
2022-05-11,107.7,105.5,4.419,4.67,475.92629999999997,2.993491920723078,2.200000000000003,4.960530162752175,2.8943753069957503,eia_public_xls
2022-05-12,108.06,106.15,4.4863,4.6841,484.789578,3.04924036556448,1.9099999999999966,0.3342618384401197,2.893308716226274,eia_public_xls
2022-05-13,112.12,110.52,4.4849,4.6679,502.846988,3.16281826816029,1.6000000000000085,3.7571719415139704,2.897247433437954,eia_public_xls
2022-05-16,114.86,114.07,4.4785,4.6724,514.40051,3.2354878700774283,0.7900000000000063,2.443810203353536,2.9040674707156353,eia_public_xls
2022-05-17,112.89,112.31,4.4379,4.6558,500.994531,3.1511666425556806,0.5799999999999983,-1.7151314643914284,2.91507709246668,eia_public_xls
2022-05-18,110.04,109.67,4.4279,4.6528,487.24611600000003,3.0646915533974477,0.37000000000000455,-2.524581450969965,2.9238269906763867,eia_public_xls
2022-05-19,113.22,112.21,4.4231,4.6429,500.78338199999996,3.1498385528376533,1.0100000000000051,2.8898582333696687,2.93342188145362,eia_public_xls
2022-05-20,113.63,112.63,4.3832,4.6366,498.063016,3.132727933730431,1.0,0.3621268327150595,2.9434560846693967,eia_public_xls
2022-05-23,115.13,110.32,4.3369,4.6171,499.307297,3.1405542402837967,4.810000000000002,1.320073924139753,2.9580896104712964,eia_public_xls
2022-05-24,115.77,112.55,4.3071,4.6107,498.632967,3.1363128243189697,3.219999999999999,0.5558933379657738,2.973203912479218,eia_public_xls
2022-05-25,116.41,112.88,4.3069,4.5955,501.366229,3.1535045569763565,3.530000000000001,0.5528202470415522,2.987661205842826,eia_public_xls
2022-05-26,119.81,116.19,4.3189,4.6135,517.447409,3.2546523237749,3.6200000000000045,2.9207112790997414,3.008720641939278,eia_public_xls
2022-05-27,121.19,114.96,4.2966,4.6102,520.7049539999999,3.2751417034097123,6.230000000000004,1.1518237208913984,3.023915104798925,eia_public_xls
2022-05-30,123.01,,4.2617,4.5869,524.231717,3.2973244164617235,,1.5017740737684582,3.036308862150155,eia_public_xls
2022-05-31,125.53,114.38,4.2651,4.5756,535.398003,3.3675583726971388,11.150000000000006,2.0486139338265152,3.0496166126790243,eia_public_xls
2022-06-01,122.2,115.26,4.2817,4.5891,523.22374,3.2909844201098206,6.939999999999998,-2.6527523301202893,3.0644624338258266,eia_public_xls
2022-06-03,125.68,118.97,4.2689,4.5908,536.5153520000001,3.3745862995087657,6.710000000000008,2.847790507364989,3.0828848650099276,eia_public_xls
2022-06-06,124.99,118.41,4.2675,4.588,533.394825,3.3549587387648048,6.579999999999998,-0.5490133672819919,3.0989796201366575,eia_public_xls
2022-06-07,126.89,119.55,4.2935,4.5855,544.8022149999999,3.4267091963493868,7.340000000000003,1.5201216097287862,3.118549499015643,eia_public_xls
2022-06-08,129.2,121.94,4.2904,4.5817,554.31968,3.4865723612622412,7.259999999999991,1.82047442666875,3.144881296374337,eia_public_xls
2022-06-09,128.47,121.52,4.2764,4.5826,549.389108,3.4555599388629257,6.950000000000003,-0.565015479876152,3.1662953254039636,eia_public_xls
2022-06-10,127.44,120.73,4.3363,4.603,552.618072,3.4758695490826295,6.709999999999994,-0.8017435977271004,3.1858815351779284,eia_public_xls
2022-06-13,128.44,120.92,4.4209,4.6313,567.820396,3.571489467692327,7.519999999999996,0.7846829880728157,3.2059888567409076,eia_public_xls
2022-06-14,127.02,118.92,4.4478,4.6548,564.959556,3.5534952920679053,8.099999999999994,-1.105574587355962,3.224312234123964,eia_public_xls
2022-06-15,124.96,115.32,4.4455,4.6642,555.50968,3.494057249963834,9.64,-1.6217918438041323,3.242974012340632,eia_public_xls
2022-06-16,125.78,117.56,4.4455,4.6642,559.15499,3.516985602596439,8.219999999999999,0.6562099871959104,3.2571854094988897,eia_public_xls
2022-06-17,119.22,109.56,4.463,4.6951,532.07886,3.3466815525797706,9.659999999999997,-5.215455557322313,3.2652792102498944,eia_public_xls
2022-06-20,118.25,,4.44,4.6731,525.0300000000001,3.3023454747872476,,-0.8136218755242397,3.269122339562354,eia_public_xls
2022-06-21,118.51,110.49,4.3917,4.646,520.460367,3.2736032946089932,8.02000000000001,0.2198731501057205,3.27808521891727,eia_public_xls
2022-06-22,115.54,106.22,4.4338,4.659,512.281252,3.2221581135564543,9.320000000000007,-2.5061176272044516,3.2903522698920877,eia_public_xls
2022-06-23,114.5,105.75,4.4881,4.7096,513.8874500000001,3.2322608137772275,8.75,-0.9001211701575307,3.298311232993892,eia_public_xls
2022-06-24,117.36,109.07,4.4656,4.7094,524.082816,3.296387855610836,8.290000000000006,2.4978165938864594,3.3065494826621045,eia_public_xls
2022-06-27,119.69,111.44,4.4369,4.6965,531.052561,3.340226314101153,8.25,1.9853442399454746,3.3124630841934666,eia_public_xls
2022-06-28,122.21,113.66,4.4377,4.7004,542.331317,3.4111676866662055,8.549999999999997,2.1054390508814302,3.3183190780797593,eia_public_xls
2022-06-29,120.8,111.65,4.4533,4.6809,537.95864,3.383664324756112,9.149999999999991,-1.153751738810238,3.3260690008197735,eia_public_xls
2022-06-30,119.78,107.76,4.4825,4.6806,536.91385,3.377092781170788,12.019999999999996,-0.8443708609271461,3.336482375078885,eia_public_xls
2022-07-01,119.21,110.3,4.5106,4.7176,537.708626,3.3820917810890196,8.909999999999997,-0.47587243279345603,3.34422414935393,eia_public_xls
2022-07-04,121.8,,4.5032,4.7002,548.4897599999999,3.449903199632674,,2.172636523781568,3.3547966582173387,eia_public_xls
2022-07-05,110.49,101.55,4.5947,4.7358,507.66840299999996,3.1931441124117064,8.939999999999998,-9.285714285714286,3.3565496539549358,eia_public_xls
2022-07-06,108.54,100.31,4.6796,4.7942,507.923784,3.1947504135558256,8.230000000000004,-1.7648655986967077,3.3584975735961637,eia_public_xls
2022-07-07,113.4,104.62,4.7029,4.7965,533.30886,3.354418034178895,8.780000000000001,4.477611940298498,3.365194689502915,eia_public_xls
2022-07-08,113.95,106.78,4.7417,4.7958,540.316715,3.3984961978023365,7.170000000000002,0.4850088183421475,3.3699894853038304,eia_public_xls
2022-07-11,114.85,106.09,4.7416,4.7976,544.57276,3.4252659651418043,8.759999999999991,0.7898200965335667,3.3749936273615666,eia_public_xls
2022-07-12,106.98,97.69,4.8284,4.8337,516.542232,3.2489589211696557,9.290000000000006,-6.852416195036993,3.373381444185164,eia_public_xls
2022-07-13,107.17,98.44,4.8221,4.8399,516.784457,3.2504824734097757,8.730000000000004,0.17760329033464917,3.3694789142089188,eia_public_xls
2022-07-14,107.74,97.79,4.8274,4.8371,520.104076,3.2713622874826243,9.949999999999989,0.5318652608006014,3.3688248431213452,eia_public_xls
2022-07-15,112.26,99.59,4.7966,4.8115,538.466316,3.386857516652305,12.670000000000002,4.195284945238553,3.369233883692796,eia_public_xls
2022-07-18,117.27,104.48,4.7152,4.777,552.951504,3.477966777157881,12.789999999999992,4.462854088722601,3.3733341516392326,eia_public_xls
2022-07-19,114.96,106.12,4.6594,4.7731,535.6446239999999,3.3691095749966973,8.83999999999999,-1.9698132514709643,3.37141416426081,eia_public_xls
2022-07-20,115.86,104.45,4.6524,4.7603,539.027064,3.390384522004944,11.409999999999997,0.7828810020876986,3.368207902952233,eia_public_xls
2022-07-21,112.81,98.44,4.6682,4.7578,526.619642,3.312344040707731,14.370000000000005,-2.6324874848955626,3.3634340396803935,eia_public_xls
2022-07-22,106.77,97.71,4.692,4.7643,500.96484,3.1509798914376645,9.060000000000002,-5.354135271695782,3.352604384425561,eia_public_xls
2022-07-25,108.23,99.83,4.6171,4.7196,499.708733,3.1430792014441433,8.400000000000006,1.3674253067341047,3.338324042217288,eia_public_xls
2022-07-26,107.32,97.74,4.6222,4.7183,496.054504,3.1200947498852107,9.579999999999998,-0.840801995749807,3.3238773574778646,eia_public_xls
2022-07-27,109.64,100.03,4.7142,4.7811,516.864888,3.2509883701183115,9.61,2.1617592247484163,3.3157750614830146,eia_public_xls
2022-07-28,109.68,99.11,4.6952,4.7973,514.9695360000001,3.2390669425802114,10.570000000000007,0.036483035388545915,3.30651110614914,eia_public_xls
2022-07-29,111.51,101.31,4.6365,4.7399,517.016115,3.2519395610961905,10.200000000000003,1.6684901531728746,3.3033530397663546,eia_public_xls
2022-08-01,106.09,96.59,4.629,4.7475,491.09060999999997,3.0888727380226055,9.5,-4.860550623262494,3.296237281874199,eia_public_xls
2022-08-02,106.51,97.14,4.5984,4.7092,489.775584,3.0806014579808414,9.370000000000005,0.39589028183617536,3.2898038873199273,eia_public_xls
2022-08-03,101.82,93.25,4.6164,4.7032,470.0418479999999,2.956479762496304,8.569999999999993,-4.403342409163469,3.2809479422845897,eia_public_xls
2022-08-04,97.99,91.29,4.634,4.723,454.08566,2.856118173183971,6.699999999999989,-3.761539972500494,3.2684098542648146,eia_public_xls
2022-08-05,100.31,91.77,4.6024,4.7053,461.66674400000005,2.903801845433904,8.540000000000006,2.3675885294417887,3.255323653925583,eia_public_xls
2022-08-08,103.46,93.52,4.6127,4.7013,477.229942,3.0016915974262046,9.939999999999998,3.1402651779483426,3.2440391633697514,eia_public_xls
2022-08-09,103.81,93.18,4.5919,4.7021,476.685139,2.998264883292345,10.629999999999995,0.3382949932341006,3.2302757365906225,eia_public_xls
2022-08-10,105.06,94.68,4.6112,4.7138,484.452672,3.047121286646078,10.379999999999995,1.2041229168673562,3.2190576353202887,eia_public_xls
2022-08-11,107.19,97.02,4.5206,4.6745,484.563114,3.04781594721581,10.170000000000002,2.027412906910331,3.2080817408551225,eia_public_xls
2022-08-12,103.7,94.86,4.5459,4.6832,471.40983,2.9650841263751126,8.840000000000003,-3.255900737009043,3.194181485697992,eia_public_xls
2022-08-15,98.25,92.24,4.5459,4.6832,446.63467499999996,2.8092528005434403,6.010000000000005,-5.255544840887172,3.1728264723950175,eia_public_xls
2022-08-16,95.36,89.23,4.6282,4.6928,441.345152,2.7759826400900702,6.1299999999999955,-2.9414758269720065,3.1589210899842963,eia_public_xls
2022-08-17,97.22,90.85,4.6119,4.6921,448.368918,2.820160881078327,6.3700000000000045,1.9505033557047025,3.1464347722350468,eia_public_xls
2022-08-18,96.35,93.2,4.6468,4.7244,447.71917999999994,2.8160741444269024,3.1499999999999915,-0.894877597202226,3.12848997590998,eia_public_xls
2022-08-19,96.45,93.55,4.7061,4.748,453.903345,2.85497144420613,2.9000000000000057,0.10378827192527584,3.1103724841234395,eia_public_xls
2022-08-22,95.06,93.42,4.7427,4.7493,450.841062,2.8357102278802673,1.6400000000000006,-1.4411612234318305,3.0907206262147215,eia_public_xls
2022-08-23,99.49,96.46,4.803,4.7706,477.85047,3.005594608364206,3.030000000000001,4.660214601304435,3.0826084824545403,eia_public_xls
2022-08-24,99.87,95.52,4.8029,4.7772,479.66562300000004,3.0170115984325765,4.3500000000000085,0.38194793446577613,3.0748261199552998,eia_public_xls
2022-08-25,98.81,93.33,4.7546,4.7584,469.802026,2.9549713246995037,5.480000000000004,-1.0613797937318536,3.0642797545291964,eia_public_xls
2022-08-26,101.13,93.63,4.7465,4.7413,480.013545,3.019199966034959,7.5,2.347940491853051,3.052024502841952,eia_public_xls
2022-08-30,99.34,92.08,4.721,4.7328,468.98414,2.9498269669847224,7.260000000000005,-1.7699990111737285,3.0344198425028464,eia_public_xls
2022-08-31,96.55,90.09,4.736,4.7265,457.26079999999996,2.8760892400007547,6.459999999999994,-2.808536339842971,3.0179858313363144,eia_public_xls
2022-09-01,92.24,87.09,4.6959,4.7133,433.149816,2.7244354318277595,5.1499999999999915,-4.464008285862253,2.9957875283304087,eia_public_xls
2022-09-02,93.09,87.29,4.7276,4.7144,440.092284,2.7681023228314268,5.799999999999997,0.921509106678231,2.977646137734532,eia_public_xls
2022-09-05,94.22,,4.769,4.7263,449.33518,2.826238497487216,,1.2138790417875134,2.96682142460285,eia_public_xls
2022-09-06,91.43,87.35,4.7367,4.7168,433.076481,2.723974167699246,4.0800000000000125,-2.961154744215655,2.952851256811354,eia_public_xls
2022-09-07,86.83,82.5,4.7584,4.7137,413.171872,2.5987777113852077,4.329999999999998,-5.031171387947076,2.935474022194687,eia_public_xls
2022-09-08,87.99,84.04,4.7268,4.7244,415.91113199999995,2.6160071703975794,3.9499999999999886,1.3359437982264133,2.9143079822039955,eia_public_xls
2022-09-09,91.68,87.27,4.6599,4.7098,427.21963200000005,2.6871356274412377,4.410000000000011,4.193658370269371,2.895910271699363,eia_public_xls
2022-09-12,93.45,88.18,4.6225,4.7113,431.972625,2.71703110946178,5.269999999999996,1.9306282722513002,2.8780799899782163,eia_public_xls
2022-09-13,92.04,87.84,4.6363,4.7082,426.72505200000006,2.6840248070596973,4.200000000000003,-1.508828250401284,2.8645850589461195,eia_public_xls
2022-09-14,92.83,88.88,4.7233,4.7195,438.463939,2.7578603219131126,3.950000000000003,0.8583224684919566,2.853827021077195,eia_public_xls
2022-09-15,89.28,85.72,4.7202,4.7164,421.419456,2.6506535502902757,3.5600000000000023,-3.824194764623501,2.843632814003661,eia_public_xls
2022-09-16,89.43,85.57,4.7384,4.7176,423.75511200000005,2.665344411807255,3.8600000000000136,0.16801075268817467,2.8372736886244367,eia_public_xls
2022-09-20,89.62,84.69,4.7118,4.7165,422.271516,2.656012856397064,4.930000000000007,0.2124566700212327,2.829014055656542,eia_public_xls
2022-09-21,89.86,83.38,4.7919,4.7449,430.600134,2.708398384773598,6.480000000000004,0.26779736665922815,2.8192376152347887,eia_public_xls
2022-09-22,90.4,84.02,4.8343,4.7758,437.02072,2.7487827306635135,6.38000000000001,0.6009347874471382,2.810921543480495,eia_public_xls
2022-09-23,84.29,79.07,4.8796,4.7591,411.301484,2.5870133029744573,5.220000000000013,-6.758849557522117,2.7955846106914404,eia_public_xls
2022-09-26,82.55,77.17,4.9113,4.7566,405.42781499999995,2.550068967903036,5.3799999999999955,-2.0643018151619508,2.7789930447143476,eia_public_xls
2022-09-27,85.97,78.91,4.9476,4.7616,425.34517200000005,2.675345606873518,7.060000000000002,4.142943670502719,2.769335094064295,eia_public_xls
2022-09-28,89.55,82.61,5.0381,4.8147,451.161855,2.8377279588897206,6.939999999999998,4.164243340700247,2.7702842660091704,eia_public_xls
2022-09-29,89.41,81.78,5.0328,4.8637,449.982648,2.8303109562417053,7.6299999999999955,-0.15633724176438157,2.7720952098808924,eia_public_xls
2022-09-30,88.9,79.91,4.9533,4.8698,440.34837,2.7697130583003644,8.990000000000009,-0.5704059948551499,2.770413615788293,eia_public_xls
2022-10-03,90.68,84.05,4.9207,4.8272,446.20907600000004,2.8065758584035176,6.63000000000001,2.002249718785154,2.7700970062541805,eia_public_xls
2022-10-04,93.74,86.87,4.8615,4.8007,455.71701,2.8663790750187124,6.86999999999999,3.3745037494485874,2.7704772606145998,eia_public_xls
2022-10-05,94.35,88.22,4.838,4.8128,456.46529999999996,2.8710856862510767,6.1299999999999955,0.6507360785150462,2.7716564425602934,eia_public_xls
2022-10-06,95.65,88.9,4.8989,4.8445,468.5797850000001,2.9472836458326785,6.75,1.377848436671969,2.769712743809243,eia_public_xls
2022-10-07,98.88,93.07,4.9588,4.8606,490.326144,3.0840643826224787,5.810000000000002,3.3768949294302075,2.7719478366155728,eia_public_xls
2022-10-10,97.13,91.6,5.0239,4.8677,487.971407,3.069253505003554,5.530000000000001,-1.7698220064724879,2.7757572426257076,eia_public_xls
2022-10-11,95.17,89.75,5.0171,4.8711,477.477407,3.003248108335902,5.420000000000002,-2.017914135694421,2.7752255140357387,eia_public_xls
2022-10-12,93.44,87.83,5.0014,4.8536,467.330816,2.9394278525917215,5.609999999999999,-1.8177997268046697,2.7748788768893053,eia_public_xls
2022-10-13,95.16,89.59,4.9905,4.8468,474.89597999999995,2.9870113908684357,5.569999999999993,1.8407534246575263,2.7785762819182285,eia_public_xls
2022-10-14,92.22,86.1,4.9569,4.833,457.125318,2.8752370822771676,6.1200000000000045,-3.089533417402268,2.783603003599876,eia_public_xls
2022-10-17,91.04,86.0,4.9522,4.8229,450.8482880000001,2.8357556781372066,5.040000000000006,-1.279548904792882,2.7858581154434012,eia_public_xls
2022-10-18,89.46,83.29,4.8929,4.8092,437.71883399999996,2.7531737437652133,6.1699999999999875,-1.7355008787346304,2.783422623652668,eia_public_xls
2022-10-19,91.34,86.0,4.8892,4.7997,446.579528,2.808905935705435,5.340000000000003,2.1014978761457748,2.7862536825862074,eia_public_xls
2022-10-20,91.52,86.02,4.9024,4.7955,448.667648,2.822039839735324,5.5,0.19706590759798193,2.7936957535312112,eia_public_xls
2022-10-21,91.82,85.47,4.9,4.7804,449.918,2.8299043318007135,6.349999999999994,0.3277972027972087,2.800825658911316,eia_public_xls
2022-10-24,91.57,86.12,4.8669,4.7866,445.662033,2.8031350550673957,5.449999999999989,-0.2722718362012655,2.8046923064988545,eia_public_xls
2022-10-25,91.76,86.93,4.8499,4.7805,445.02682400000003,2.7991397032461776,4.829999999999998,0.20749153652943608,2.807429259625001,eia_public_xls
2022-10-26,92.93,89.39,4.7538,4.7723,441.77063400000003,2.7786588463207686,3.5400000000000063,1.2750653879686213,2.8105837276003696,eia_public_xls
2022-10-27,94.17,89.06,4.7216,4.7504,444.63307199999997,2.796663073081447,5.109999999999999,1.3343376735176937,2.8118771526393145,eia_public_xls
2022-10-28,94.64,87.85,4.7477,4.7199,449.322328,2.826157660689239,6.790000000000006,0.49909737708400126,2.8177272896526135,eia_public_xls
2022-10-31,93.3,86.54,4.734,4.7089,441.68219999999997,2.7781026121632584,6.759999999999991,-1.4158918005071852,2.8214858963311467,eia_public_xls
2022-11-01,95.12,88.36,4.734,4.7089,450.29808,2.8322949675130675,6.760000000000005,1.950696677384789,2.8273619667016803,eia_public_xls
2022-11-02,96.07,90.06,4.7485,4.7039,456.18839499999996,2.869344002968796,6.009999999999991,0.9987384356602069,2.83272682064152,eia_public_xls
2022-11-03,95.29,88.14,4.8291,4.7101,460.16493900000006,2.8943557586469337,7.150000000000006,-0.8119079837618282,2.8375792549076335,eia_public_xls
2022-11-04,99.53,92.58,4.7975,4.6898,477.495175,3.0033598659009857,6.950000000000003,4.449574981635007,2.8514574736718514,eia_public_xls
2022-11-07,99.87,91.8,4.6926,4.6858,468.64996199999996,2.9477250467019314,8.070000000000007,0.3416055460665257,2.8647126762984816,eia_public_xls
2022-11-08,96.85,88.8,4.6893,4.6912,454.158705,2.8565776132639775,8.049999999999997,-3.0239311104435895,2.8707537431781636,eia_public_xls
2022-11-09,93.05,85.79,4.6817,4.7037,435.632185,2.740049092064131,7.259999999999991,-3.923593185338148,2.867497780950644,eia_public_xls
2022-11-10,94.25,86.52,4.7328,4.7146,446.0664,2.805678451697309,7.730000000000004,1.2896292315959235,2.8666766974658304,eia_public_xls
2022-11-11,96.37,89.14,4.7328,4.7146,456.099936,2.868787611565726,7.230000000000004,2.2493368700265304,2.869979182574676,eia_public_xls
2022-11-14,93.59,85.85,4.5383,4.6794,424.739497,2.671536018668193,7.740000000000009,-2.8847151603196064,2.8654778545834985,eia_public_xls
2022-11-15,94.3,86.87,4.5143,4.6985,425.69849000000005,2.677567914357778,7.429999999999993,0.7586280585532679,2.8591841492281342,eia_public_xls
2022-11-16,92.61,85.62,4.505,4.6942,417.20805,2.6241645543346315,6.989999999999995,-1.79215270413573,2.8509534448309193,eia_public_xls
2022-11-17,91.0,81.69,4.5387,4.7039,413.0217,2.5978331561700014,9.310000000000002,-1.7384731670445963,2.8393050951754963,eia_public_xls
2022-11-18,88.93,80.07,4.5337,4.7067,403.181941,2.5359428192242133,8.860000000000014,-2.2747252747252644,2.8210343763955543,eia_public_xls
2022-11-21,88.44,79.74,4.5991,4.7035,406.744404,2.5583500789372717,8.700000000000003,-0.5509951647363232,2.8040042621933448,eia_public_xls
2022-11-22,88.65,80.83,4.5844,4.7075,406.40706,2.5562282450766416,7.820000000000007,0.23744911804615132,2.789103600084703,eia_public_xls
2022-11-23,85.9,77.93,4.548,4.6958,390.6732,2.4572650594073733,7.969999999999999,-3.1020868584320405,2.773031506978558,eia_public_xls
2022-11-24,85.59,,4.5101,4.6993,386.01945900000004,2.427993854843478,,-0.36088474970896733,2.754397589111059,eia_public_xls
2022-11-25,83.4,76.45,4.5111,4.6884,376.22574000000003,2.3663931013227497,6.950000000000003,-2.5587101296880466,2.7374361230792457,eia_public_xls
2022-11-28,83.5,77.1,4.4827,4.6835,374.30545,2.3543148181926825,6.400000000000006,0.11990407673860837,2.721388094414428,eia_public_xls
2022-11-29,83.22,77.96,4.5164,4.6813,375.854808,2.3640600049060616,5.260000000000005,-0.3353293413173697,2.7084176364524564,eia_public_xls
2022-11-30,85.61,80.48,4.5066,4.6684,385.810026,2.4266765584607546,5.1299999999999955,2.8719057918769497,2.695676657210967,eia_public_xls
2022-12-01,86.28,81.06,4.4911,4.6892,387.49210800000003,2.4372565555674366,5.219999999999999,0.7826188529377331,2.682850547738704,eia_public_xls
2022-12-02,86.54,79.86,4.4492,4.685,385.03376800000007,2.4217940334744354,6.680000000000007,0.30134445989802305,2.669246871127828,eia_public_xls
2022-12-05,83.36,76.83,4.4415,4.6898,370.24343999999996,2.3287654965500324,6.530000000000001,-3.6746013404206246,2.653434552510583,eia_public_xls
2022-12-06,79.92,74.21,4.4787,4.6995,357.937704,2.2513646021372815,5.710000000000008,-4.126679462571969,2.6351753824736197,eia_public_xls
2022-12-07,77.11,71.93,4.4834,4.6968,345.714974,2.1744858007258454,5.179999999999993,-3.5160160160160214,2.615036280953789,eia_public_xls
2022-12-08,76.02,71.3,4.476,4.6976,340.26552,2.1402097026800933,4.719999999999999,-1.413565036960196,2.5931545019404103,eia_public_xls
2022-12-09,76.37,71.05,4.4351,4.6821,338.708587,2.1304168705617443,5.320000000000007,0.4604051565377576,2.5699631422694935,eia_public_xls
2022-12-12,78.0,72.96,4.4424,4.6912,346.5072,2.17946876159686,5.040000000000006,2.1343459473615267,2.5500086805839475,eia_public_xls
2022-12-13,80.14,75.44,4.4527,4.6945,356.839378,2.2444563266179,4.700000000000003,2.743589743589747,2.530414059220775,eia_public_xls
2022-12-14,83.33,77.14,4.3973,4.6886,366.42700900000006,2.304760823211961,6.189999999999998,3.980534065385566,2.511594619895547,eia_public_xls
2022-12-15,82.34,75.89,4.41,4.6843,363.11940000000004,2.2839565499065966,6.450000000000003,-1.1880475219008702,2.4912479796042026,eia_public_xls
2022-12-16,80.2,74.19,4.4227,4.6934,354.70054,2.231003415373584,6.010000000000005,-2.5989798396890973,2.4655027645866228,eia_public_xls
2022-12-19,81.66,75.05,4.4153,4.6886,360.553398,2.2678168529502414,6.609999999999999,1.8204488778054806,2.4428391581282325,eia_public_xls
2022-12-20,79.45,75.92,4.4001,4.6804,349.58794500000005,2.19884610062458,3.530000000000001,-2.7063433749693777,2.4209147743735864,eia_public_xls
2022-12-21,80.25,78.17,4.3947,4.6648,352.67467500000004,2.2182610842395922,2.0799999999999983,1.0069225928256653,2.403521840779435,eia_public_xls
2022-12-22,79.58,77.68,4.3726,4.6551,347.97150800000003,2.188678998911861,1.8999999999999915,-0.8348909657320935,2.382955192353253,eia_public_xls
2022-12-23,82.45,79.57,4.37,4.6364,360.3065,2.266263908369867,2.8800000000000097,3.6064337773309862,2.3628710689133916,eia_public_xls
2022-12-28,81.7,78.89,4.4127,4.6938,360.51759000000004,2.2675916269883705,2.8100000000000023,-0.90964220739842,2.349406255857397,eia_public_xls
2022-12-29,80.96,78.43,4.4078,4.6969,356.855488,2.2445576556573807,2.529999999999987,-0.9057527539779842,2.334972580567384,eia_public_xls
2022-12-30,82.82,80.16,4.4018,4.6899,364.55707599999994,2.2929992766704195,2.6599999999999966,2.2974308300395263,2.323933737978577,eia_public_xls
2023-01-03,80.36,76.87,4.4373,4.68,356.58142799999996,2.242833866919937,3.489999999999995,-2.970297029702962,2.3121004283369087,eia_public_xls
2023-01-04,75.31,72.82,4.3998,4.6688,331.34893800000003,2.0841259851434395,2.490000000000009,-6.284221005475354,2.2970398672008825,eia_public_xls
2023-01-05,76.73,73.61,4.397,4.6709,337.38181000000003,2.1220716788165075,3.1200000000000045,1.8855397689549802,2.2824972538635238,eia_public_xls
2023-01-06,76.41,73.77,4.397,4.6709,335.97477,2.1132216470529035,2.6400000000000006,-0.4170467874364703,2.267730367262732,eia_public_xls
2023-01-09,77.5,74.69,4.401,4.697,341.0775,2.1453169127035543,2.8100000000000023,1.4265148540766992,2.2573320957059386,eia_public_xls
2023-01-10,78.4,75.11,4.372,4.6981,342.76480000000004,2.1559297301037197,3.2900000000000063,1.1612903225806548,2.248263291547947,eia_public_xls
2023-01-11,81.11,77.46,4.3639,4.6871,353.955929,2.2263199443979698,3.6500000000000057,3.45663265306122,2.2435941863171203,eia_public_xls
2023-01-12,82.59,78.32,4.3556,4.6888,359.72900400000003,2.2626315610710312,4.27000000000001,1.8246825298976699,2.240538077746399,eia_public_xls
2023-01-13,83.43,79.9,4.3272,4.6915,361.0182960000001,2.2707409788221686,3.530000000000001,1.0170722847802516,2.237427443543602,eia_public_xls
2023-01-16,82.65,,4.3436,4.7004,358.99854000000005,2.258037072213452,,-0.9349154980222929,2.231806127335359,eia_public_xls
2023-01-17,84.38,80.25,4.3398,4.6946,366.192324,2.303284696233025,4.1299999999999955,2.093163944343601,2.2273403986908784,eia_public_xls
2023-01-18,83.78,79.53,4.3322,4.7091,362.95171600000003,2.28290184732085,4.25,-0.711068973690443,2.2227106591524257,eia_public_xls
2023-01-19,85.08,80.31,4.3469,4.7053,369.834252,2.326191776686144,4.769999999999996,1.551682979231317,2.222624868490296,eia_public_xls
2023-01-20,86.96,81.27,4.352,4.7137,378.44992,2.3803827985935957,5.689999999999998,2.2096850023507253,2.22692547503884,eia_public_xls
2023-01-23,87.54,81.62,4.3242,4.7186,378.54046800000003,2.38095232943574,5.920000000000002,0.6669733210671769,2.2338076926625026,eia_public_xls
2023-01-24,85.25,79.86,4.3341,4.7073,369.482025,2.323976331398165,5.390000000000001,-2.6159469956591352,2.2399332469531057,eia_public_xls
2023-01-25,85.08,79.78,4.3265,4.7079,368.09862000000004,2.315274959587891,5.299999999999997,-0.19941348973607775,2.2460951832539773,eia_public_xls
2023-01-26,86.29,80.64,4.3354,4.7239,374.101666,2.3530330530169135,5.650000000000006,1.4221908791725468,2.251880659634645,eia_public_xls
2023-01-27,85.36,79.73,4.3252,4.7076,369.199072,2.322196607269777,5.6299999999999955,-1.0777610383590264,2.2544720023230416,eia_public_xls
2023-01-30,84.9,77.97,4.3258,4.716,367.26042,2.3100028304200975,6.930000000000007,-0.5388940955951216,2.2546467358966455,eia_public_xls
2023-01-31,83.42,78.95,4.348,4.7089,362.71016,2.2813825029719412,4.469999999999999,-1.7432273262661946,2.2545609343321575,eia_public_xls
2023-02-01,81.61,76.34,4.3254,4.708,352.995894,2.2202814947134044,5.269999999999996,-2.169743466794538,2.254203536976818,eia_public_xls
2023-02-02,80.57,75.87,4.2803,4.7079,344.863771,2.1691318849968866,4.699999999999989,-1.2743536331332073,2.25091403804504,eia_public_xls
2023-02-03,78.85,73.4,4.2928,4.692,338.48727999999994,2.129024888827388,5.449999999999989,-2.1347896239295006,2.2485866643184664,eia_public_xls
2023-02-06,80.48,74.11,4.3833,4.7195,352.767984,2.2188479812814887,6.3700000000000045,2.0672162333544852,2.2486062275531964,eia_public_xls
2023-02-07,82.92,77.17,4.4325,4.7476,367.54290000000003,2.3117795794624723,5.75,3.031809145129216,2.252709580238217,eia_public_xls
2023-02-08,84.17,78.47,4.4074,4.7402,370.970858,2.333340826608465,5.700000000000003,1.5074770863482856,2.254945477512836,eia_public_xls
2023-02-09,83.46,78.04,4.4003,4.7363,367.2490379999999,2.309931239661104,5.4199999999999875,-0.8435309492693444,2.2563567979352612,eia_public_xls
2023-02-10,85.46,79.74,4.4565,4.7716,380.85249,2.3954945372892125,5.719999999999999,2.396357536544458,2.2613880273229885,eia_public_xls
2023-02-13,85.98,80.14,4.4856,4.7895,385.671888,2.4258076949687712,5.840000000000003,0.6084717996723832,2.2658149745996004,eia_public_xls
2023-02-14,84.96,79.08,4.4463,4.7847,377.75764799999996,2.37602853063458,5.8799999999999955,-1.1863224005582818,2.270254796723422,eia_public_xls
2023-02-15,84.11,78.57,4.4372,4.7593,373.21289199999995,2.3474428223691244,5.540000000000006,-1.0004708097928416,2.2790320246309443,eia_public_xls
2023-02-16,83.84,78.45,4.4601,4.7728,373.934784,2.3519833948687627,5.390000000000001,-0.32100820354297177,2.2866957484993535,eia_public_xls
2023-02-17,81.97,76.31,4.4888,4.7747,367.94693600000005,2.3143208941611584,5.659999999999997,-2.230438931297718,2.293399056736295,eia_public_xls
2023-02-20,82.79,,4.4515,4.7542,368.539685,2.3180491801216454,,1.0003659875564397,2.299156798983565,eia_public_xls
2023-02-21,82.14,76.28,4.4524,4.7469,365.72013599999997,2.300314717555523,5.859999999999999,-0.7851189757217103,2.303969631898625,eia_public_xls
2023-02-22,79.55,73.95,4.4687,4.7538,355.48508499999997,2.2359380641184496,5.599999999999994,-3.1531531531531543,2.3042902358893076,eia_public_xls
2023-02-23,82.08,75.26,4.4873,4.7525,368.317584,2.316652204268274,6.819999999999993,3.1803896920175934,2.3060909239958822,eia_public_xls
2023-02-24,82.31,76.19,4.463,4.7245,367.34953,2.3105633164975754,6.1200000000000045,0.280214424951275,2.3074183352517297,eia_public_xls
2023-02-27,81.24,75.57,4.4697,4.7162,363.11842799999994,2.2839504361991856,5.670000000000002,-1.2999635524237774,2.3082821140512535,eia_public_xls
2023-02-28,83.21,76.88,4.4475,4.717,370.07647499999996,2.3277153163466195,6.329999999999998,2.424913835548992,2.3090964680550403,eia_public_xls
2023-03-01,83.68,77.57,4.4094,4.6925,368.978592,2.3208098272185778,6.110000000000014,0.5648359572167028,2.3103600673849645,eia_public_xls
2023-03-02,84.15,78.05,4.4002,4.675,370.27683,2.328975513721248,6.1000000000000085,0.5616634799235243,2.310452858619468,eia_public_xls
2023-03-03,85.74,79.62,4.4341,4.7046,380.179734,2.391263021504903,6.11999999999999,1.8894830659536455,2.310815532716511,eia_public_xls
2023-03-06,85.86,80.39,4.4289,4.7073,380.26535399999995,2.391801556102071,5.469999999999999,0.13995801259623075,2.311177173605389,eia_public_xls
2023-03-07,83.03,77.45,4.3981,4.6871,365.17424300000005,2.2968811475152062,5.579999999999998,-3.296063358956436,2.3102740008092906,eia_public_xls
2023-03-08,82.1,76.56,4.4626,4.7018,366.37946,2.3044617484448415,5.539999999999992,-1.1200770805732896,2.3099135604378556,eia_public_xls
2023-03-09,81.0,75.6,4.4356,4.6836,359.2836,2.2598300489977166,5.400000000000006,-1.3398294762484664,2.306806793637216,eia_public_xls
2023-03-10,82.3,76.55,4.4266,4.6838,364.30917999999997,2.2914400548472513,5.75,1.6049382716049276,2.305781575223131,eia_public_xls
2023-03-13,79.67,74.68,4.3906,4.6848,349.799102,2.200174240661186,4.989999999999995,-3.1956257594167647,2.302120622231168,eia_public_xls
2023-03-14,76.77,71.18,4.3793,4.6909,336.19886099999997,2.1146311396529276,5.589999999999989,-3.6400150621312966,2.2965622434538675,eia_public_xls
2023-03-15,74.3,67.38,4.403,4.7015,327.14289999999994,2.057670752954644,6.920000000000002,-3.2174026312361548,2.2911418853952417,eia_public_xls
2023-03-16,73.12,68.15,4.4248,4.6978,323.541376,2.035017806487323,4.969999999999999,-1.5881561238223374,2.2866714161115897,eia_public_xls
2023-03-17,71.03,66.61,4.4202,4.7062,313.966806,1.9747954612641287,4.420000000000002,-2.858315098468278,2.2815304351928143,eia_public_xls
2023-03-20,72.42,67.56,4.413,4.7109,319.58946000000003,2.010160956556197,4.859999999999999,1.9569196114317844,2.2745742010353047,eia_public_xls
2023-03-21,74.78,69.4,4.3715,4.6981,326.90077,2.0561477982476557,5.3799999999999955,3.258768296050807,2.266053141661478,eia_public_xls
2023-03-22,76.08,70.71,4.3467,4.6888,330.696936,2.080025008334015,5.3700000000000045,1.7384327360256746,2.2576092810523294,eia_public_xls
2023-03-23,74.31,69.77,4.3011,4.6817,319.614741,2.0103199695572593,4.540000000000006,-2.3264984227129304,2.2476222387155347,eia_public_xls
2023-03-24,73.63,69.22,4.3742,4.6911,322.072346,2.0257778686307684,4.409999999999997,-0.9150854528327423,2.2352983497602525,eia_public_xls
2023-03-27,76.8,72.87,4.3518,4.6856,334.21824,2.1021733852453344,3.9299999999999926,4.305310335461088,2.2245105394361384,eia_public_xls
2023-03-28,78.07,73.12,4.33,4.6816,338.0431,2.126231075496739,4.949999999999989,1.6536458333333393,2.2161839575982105,eia_public_xls
2023-03-29,77.51,72.95,4.3247,4.685,335.20749700000005,2.108395636121193,4.560000000000002,-0.7173049827078115,2.208215718056613,eia_public_xls
2023-03-30,78.45,74.32,4.3043,4.6801,337.672335,2.123899029480398,4.13000000000001,1.2127467423558302,2.2006129058770005,eia_public_xls
2023-03-31,79.19,75.68,4.2934,4.6755,339.994346,2.1385040663702064,3.509999999999991,0.9432759719566475,2.1947523449506354,eia_public_xls
2023-04-03,85.81,80.4,4.3168,4.6805,370.424608,2.3299050111015367,5.409999999999997,8.359641368859716,2.1951475393166318,eia_public_xls
2023-04-04,85.7,80.7,4.2855,4.6785,367.26735,2.310046418889595,5.0,-0.12819018762382228,2.195471929361101,eia_public_xls
2023-04-05,85.89,80.69,4.2739,4.6803,367.08527100000003,2.3089011743098493,5.200000000000003,0.2217036172695419,2.1979040330341477,eia_public_xls
2023-04-06,86.56,80.7,4.3033,4.6902,372.493648,2.342918905319303,5.859999999999999,0.7800675282337854,2.1987795897358486,eia_public_xls
2023-04-11,87.32,81.54,4.2917,4.681,374.75124399999993,2.3571187832967473,5.779999999999987,0.8780036968576654,2.200331438629154,eia_public_xls
2023-04-12,88.31,83.26,4.2713,4.666,377.198503,2.37251160786731,5.049999999999997,1.1337608795235932,2.2032834776847583,eia_public_xls
2023-04-13,86.51,82.16,4.2225,4.6511,365.28847500000006,2.2975996465119795,4.3500000000000085,-2.038274261125572,2.2022796220236036,eia_public_xls
2023-04-14,87.31,82.58,4.2042,4.6494,367.06870200000003,2.308796958241869,4.730000000000004,0.9247485839787295,2.2018791930577133,eia_public_xls
2023-04-17,85.63,80.93,4.2261,4.6341,361.88094299999995,2.2761668752791104,4.699999999999989,-1.9241782155537845,2.200118905109642,eia_public_xls
2023-04-18,85.48,80.85,4.2151,4.6286,360.30674799999997,2.266265468245831,4.63000000000001,-0.17517225271516113,2.1959523200010063,eia_public_xls
2023-04-19,85.34,79.18,4.2244,4.6278,360.51029600000004,2.2675457490235056,6.159999999999997,-0.1637810014038399,2.191810459765054,eia_public_xls
2023-04-20,83.29,77.27,4.2024,4.6109,350.017896,2.2015504160717545,6.02000000000001,-2.4021560815561283,2.1886327687169387,eia_public_xls
2023-04-21,83.36,77.86,4.2006,4.6039,350.162016,2.202456905281564,5.5,0.0840437027254115,2.1852326072781634,eia_public_xls
2023-04-24,84.23,78.64,4.1905,4.6129,352.965815,2.2200923031442823,5.590000000000003,1.0436660268714038,2.1839080157497155,eia_public_xls
2023-04-25,82.13,77.05,4.1649,4.598,342.063237,2.1515170234044296,5.079999999999998,-2.493173453638853,2.1792439147016216,eia_public_xls
2023-04-26,79.19,74.33,4.1557,4.5887,329.08988300000004,2.0699169303150575,4.859999999999999,-3.579690734201868,2.174902004356751,eia_public_xls
2023-04-27,80.11,74.77,4.1541,4.5915,332.784951,2.093158251932548,5.340000000000003,1.1617628488445497,2.1741862414327375,eia_public_xls
2023-04-28,81.32,76.78,4.1753,4.5889,339.535396,2.135617352362143,4.539999999999992,1.510423168143804,2.176784461412988,eia_public_xls
2023-05-02,76.71,71.71,4.1823,4.5892,320.82423299999994,2.0179274594778187,5.0,-5.668962124938515,2.1762147831793377,eia_public_xls
2023-05-03,72.91,68.62,4.1823,4.5892,304.931493,1.9179649468195512,4.289999999999992,-4.9537218094120705,2.174320432697852,eia_public_xls
2023-05-04,73.0,68.52,4.1547,4.5868,303.2931,1.907659745765377,4.480000000000004,0.12343985735838725,2.1709037256714914,eia_public_xls
2023-05-05,75.85,71.32,4.1612,4.5885,315.62701999999996,1.985237912533729,4.530000000000001,3.9041095890410826,2.16854006281436,eia_public_xls
2023-05-09,77.76,73.68,4.1609,4.5683,323.551584,2.0350820129947733,4.079999999999998,2.518127883981558,2.167041962969719,eia_public_xls
2023-05-10,76.7,72.53,4.1532,4.5488,318.55044000000004,2.0036257052463413,4.170000000000002,-1.3631687242798396,2.1668188208260215,eia_public_xls
2023-05-11,75.32,70.81,4.1414,4.5259,311.93024799999995,1.9619858730588033,4.509999999999991,-1.7992177314211322,2.1646924209736227,eia_public_xls
2023-05-12,74.54,70.02,4.1638,4.5444,310.36965200000003,1.952170001320863,4.52000000000001,-1.0355815188528794,2.1596923081761403,eia_public_xls
2023-05-15,75.46,71.07,4.149,4.5096,313.08353999999997,1.9692398749583298,4.390000000000001,1.2342366514622949,2.1544592681581936,eia_public_xls
2023-05-16,75.15,70.85,4.1228,4.4904,309.82842,1.94876574814293,4.300000000000011,-0.41081367611978115,2.149138271892251,eia_public_xls
2023-05-17,76.98,72.78,4.1504,4.4945,319.49779200000006,2.0095843811129215,4.200000000000003,2.43512974051896,2.145327783613335,eia_public_xls
2023-05-18,75.75,71.82,4.1929,4.5355,317.612175,1.9977241849962575,3.930000000000007,-1.597817614964936,2.1406351209008703,eia_public_xls
2023-05-19,75.42,71.57,4.2053,4.5367,317.16372600000005,1.9949035204136192,3.8500000000000085,-0.43564356435643603,2.1294684045446064,eia_public_xls
2023-05-22,75.77,71.81,4.1881,4.5269,317.332337,1.9959640536647651,3.9599999999999937,0.4640678865022396,2.1189989923704453,eia_public_xls
2023-05-23,76.66,72.87,4.1634,4.4981,319.166244,2.0074990030631437,3.789999999999992,1.1746073643922328,2.1089522533288885,eia_public_xls
2023-05-24,77.99,74.37,4.1573,4.4803,324.227827,2.039335461389925,3.6199999999999903,1.7349334724758636,2.0988328051979095,eia_public_xls
2023-05-25,75.66,71.68,4.1994,4.503,317.72660399999995,1.998443923088051,3.9799999999999898,-2.9875625080138413,2.086876976524286,eia_public_xls
2023-05-26,76.33,72.35,4.2156,4.5242,321.776748,2.0239186096976485,3.980000000000004,0.8855405762622226,2.0752572099186306,eia_public_xls
2023-05-30,73.38,69.45,4.2242,4.522,309.971796,1.9496675577248455,3.9299999999999926,-3.8647975894143927,2.063659473625726,eia_public_xls
2023-05-31,71.98,68.11,4.2559,4.5376,306.339682,1.9268222055891362,3.8700000000000045,-1.9078768056691064,2.0509269818706355,eia_public_xls
2023-06-01,74.18,70.09,4.2399,4.5312,314.515782,1.9782484228270236,4.090000000000003,3.056404556821346,2.040996366788899,eia_public_xls
2023-06-02,76.0,71.76,4.1903,4.5148,318.46279999999996,2.003074465207847,4.239999999999995,2.4534915071447783,2.0322233333542994,eia_public_xls
2023-06-05,76.61,72.14,4.1933,4.4851,321.248713,2.020597363306434,4.469999999999999,0.802631578947377,2.023991720497064,eia_public_xls
2023-06-06,76.22,71.71,4.1964,4.4902,319.849608,2.0117972412838787,4.510000000000005,-0.5090719227254903,2.017666614670801,eia_public_xls
2023-06-07,76.85,72.52,4.1887,4.479,321.901595,2.024703875159604,4.329999999999998,0.8265547100498427,2.011741513666736,eia_public_xls
2023-06-08,75.88,71.28,4.1887,4.479,317.838556,1.9991480812896651,4.599999999999994,-1.2621990891346746,2.004376706271582,eia_public_xls
2023-06-09,74.74,70.16,4.1545,4.4717,310.50732999999997,1.9530359714945247,4.579999999999998,-1.5023721665788137,1.9977606712079186,eia_public_xls
2023-06-12,71.8,67.08,4.1169,4.4366,295.59342,1.8592301257335504,4.719999999999999,-3.933636606903934,1.9907377777218682,eia_public_xls
2023-06-13,74.24,69.39,4.1439,4.4783,307.643136,1.9350206998056447,4.849999999999994,3.398328690807806,1.9854665259843047,eia_public_xls
2023-06-14,73.39,68.22,4.1393,4.4715,303.783227,1.9107425575676,5.170000000000002,-1.14493534482758,1.9779706994911535,eia_public_xls
2023-06-15,75.75,70.61,4.1203,4.4633,312.112725,1.9631336209878796,5.140000000000001,3.2156969614388853,1.9761442382081555,eia_public_xls
2023-06-16,76.76,71.81,4.0715,4.4583,312.52834000000007,1.9657477655405793,4.950000000000003,1.333333333333342,1.9777369988321898,eia_public_xls
2023-06-19,76.09,,4.068,4.4457,309.53412,1.9469146533993344,,-0.8728504429390327,1.9790454957533217,eia_public_xls
2023-06-20,75.79,70.94,4.058,4.4386,307.55582000000004,1.9344714976696211,4.8500000000000085,-0.3942699434879682,1.977353281924518,eia_public_xls
2023-06-21,76.92,72.55,4.0648,4.4408,312.664416,1.9666036594186949,4.3700000000000045,1.4909618683203618,1.9750706701386487,eia_public_xls
2023-06-22,73.93,69.22,4.033,4.4335,298.15969000000007,1.8753715083623195,4.710000000000008,-3.88715548621944,1.9707955302425146,eia_public_xls
2023-06-23,73.56,68.91,4.0893,4.4367,300.808908,1.8920346191827004,4.650000000000006,-0.5004734208034711,1.968463821779978,eia_public_xls
2023-06-26,73.86,69.09,4.0669,4.4297,300.381234,1.8893446256612176,4.769999999999996,0.4078303425774754,1.966369642591323,eia_public_xls
2023-06-27,71.88,67.68,4.0481,4.4286,290.977428,1.8301963556768792,4.199999999999989,-2.680747359870028,1.9617348586152745,eia_public_xls
2023-06-28,73.64,69.54,4.0719,4.46,299.854716,1.8860329209306421,4.099999999999994,2.4485253199777457,1.959643764374865,eia_public_xls
2023-06-29,73.86,69.85,4.0832,4.4568,301.585152,1.896917056111506,4.010000000000005,0.2987506789788208,1.955888186874818,eia_public_xls
2023-06-30,74.51,70.66,4.1066,4.4503,305.982766,1.9245772673237438,3.8500000000000085,0.8800433252098561,1.9534499562857341,eia_public_xls
2023-07-03,74.52,69.71,4.0714,4.4321,303.40072799999996,1.9083367067747676,4.810000000000002,0.01342101731309775,1.9505643958311056,eia_public_xls
2023-07-04,76.23,,4.0636,4.4273,309.768228,1.9483871511507231,,2.2946859903381744,1.9489784990806378,eia_public_xls
2023-07-05,76.74,71.78,4.0869,4.4498,313.62870599999997,1.9726688722977348,4.959999999999994,0.669027941755207,1.9478174947217906,eia_public_xls
2023-07-06,76.72,71.76,4.1191,4.4754,316.017352,1.9876930315057209,4.959999999999994,-0.026062027625739503,1.946096080392317,eia_public_xls
2023-07-07,78.77,73.91,4.1189,4.4803,324.44575299999997,2.0407061772346164,4.859999999999999,2.672054223149112,1.947504822197203,eia_public_xls
2023-07-10,77.83,73.05,4.0632,4.4553,316.238856,1.9890862523350967,4.780000000000001,-1.1933477212136556,1.9463437436184512,eia_public_xls
2023-07-11,79.54,74.87,4.0374,4.4426,321.134796,2.0198808456037285,4.670000000000002,2.197096235384821,1.9486841865477473,eia_public_xls
2023-07-12,80.35,75.77,4.0347,4.4471,324.18814499999996,2.0390858686559277,4.579999999999998,1.0183555443801673,1.9524263086499734,eia_public_xls
2023-07-13,81.31,76.86,3.9724,4.4336,322.995844,2.0315865070729053,4.450000000000003,1.1947728686994452,1.9542042447915027,eia_public_xls
2023-07-14,79.9,75.44,3.9617,4.4486,316.53983,1.9909793253536452,4.460000000000008,-1.7341040462427681,1.9538010734630296,eia_public_xls
2023-07-17,77.8,74.17,3.9616,4.452,308.21247999999997,1.938601772471963,3.6299999999999955,-2.628285356695881,1.9510678871018805,eia_public_xls
2023-07-18,79.54,75.76,3.9451,4.4331,313.79325400000005,1.9737038500003148,3.780000000000001,2.23650385604115,1.9497981073924282,eia_public_xls
2023-07-19,79.38,75.4,3.9612,4.4492,314.44005599999997,1.9777721197330598,3.9799999999999898,-0.2011566507417739,1.9482337155448768,eia_public_xls
2023-07-20,79.62,75.65,3.971,4.4511,316.17102,1.9886595759401713,3.969999999999999,0.3023431594860293,1.947884098699894,eia_public_xls
2023-07-21,81.06,77.06,3.999,4.4501,324.15894000000003,2.0389021743916174,4.0,1.8085908063300682,1.9507463054631302,eia_public_xls
2023-07-24,82.53,78.81,4.021,4.4517,331.85313,2.0872972632982574,3.719999999999999,1.81347150259068,1.9583485433819539,eia_public_xls
2023-07-25,83.46,79.76,4.008,4.4348,334.50768,2.1039939114518798,3.6999999999999886,1.1268629589240131,1.9639809837701614,eia_public_xls
2023-07-26,82.98,79.11,3.9949,4.4248,331.496802,2.085056023448458,3.8700000000000045,-0.5751258087706601,1.9697914326328567,eia_public_xls
2023-07-27,84.28,80.17,3.9702,4.4224,334.60845600000005,2.1046277745979234,4.109999999999999,1.566642564473364,1.9745079044198584,eia_public_xls
2023-07-28,84.49,80.55,4.0377,4.4257,341.145273,2.145743192839666,3.9399999999999977,0.2491694352159346,1.9805077519964944,eia_public_xls
2023-07-31,85.22,81.8,3.9995,4.4135,340.83738999999997,2.143806663437891,3.4200000000000017,0.8640075748609366,1.9870708189977797,eia_public_xls
2023-08-01,85.34,81.37,4.0262,4.419,343.595908,2.1611572518507804,3.969999999999999,0.1408120159587023,1.9946270108038184,eia_public_xls
2023-08-02,84.01,79.5,4.0497,4.4484,340.21529699999996,2.139893808927774,4.510000000000005,-1.5584719943754322,2.0004033491207878,eia_public_xls
2023-08-03,86.19,81.56,4.081,4.4585,351.74139,2.2123908873052516,4.6299999999999955,2.594929175098204,2.0116373284188853,eia_public_xls
2023-08-04,87.38,82.76,4.062,4.4438,354.93756,2.232494229087913,4.61999999999999,1.3806706114398493,2.0229859820823926,eia_public_xls
2023-08-07,86.47,81.94,4.0347,4.4279,348.880509,2.1943964537981095,4.530000000000001,-1.041428244449527,2.033154376353622,eia_public_xls
2023-08-08,88.0,82.94,4.0396,4.4375,355.4848,2.235936271519055,5.060000000000002,1.7693997918353244,2.0466790402150283,eia_public_xls
2023-08-09,89.31,84.35,4.0592,4.4586,362.527152,2.2802314151471506,4.960000000000008,1.4886363636363642,2.059818990022245,eia_public_xls
2023-08-10,87.44,82.81,4.0521,4.465,354.315624,2.2285823620799188,4.6299999999999955,-2.0938304781099593,2.0708745002211923,eia_public_xls
2023-08-11,87.93,83.17,4.0501,4.4547,356.125293,2.239964858762037,4.760000000000005,0.560384263494984,2.081387419935802,eia_public_xls
2023-08-14,87.4,82.5,4.0525,4.4361,354.18850000000003,2.2277827746922707,4.900000000000006,-0.60275218924144,2.092035622199719,eia_public_xls
2023-08-15,86.28,81.06,4.0525,4.4361,349.6497,2.1992345286092574,5.219999999999999,-1.281464530892451,2.1003972014483363,eia_public_xls
2023-08-16,84.49,79.4,4.0832,4.4621,344.98956799999996,2.169923125790159,5.089999999999989,-2.07464070468244,2.1069723432314174,eia_public_xls
2023-08-17,85.24,80.43,4.1094,4.4681,350.28525599999995,2.203232062998861,4.809999999999988,0.8876790152680725,2.114156977614522,eia_public_xls
2023-08-18,85.92,81.25,4.1285,4.4869,354.72072,2.231130343990389,4.670000000000002,0.797747536367921,2.1205044498397143,eia_public_xls
2023-08-21,85.44,80.71,4.1124,4.4768,351.363456,2.21001374955185,4.730000000000004,-0.5586592178770999,2.1278686997469394,eia_public_xls
2023-08-22,84.7,80.25,4.0924,4.4648,346.62627999999995,2.1802177536528142,4.450000000000003,-0.8661048689138529,2.1332132633485754,eia_public_xls
2023-08-23,83.94,78.91,4.1438,4.4834,347.83057199999996,2.1877925364966946,5.030000000000001,-0.8972845336481794,2.1381701522766012,eia_public_xls
2023-08-24,84.07,79.52,4.118,4.473,346.20026,2.1775381634976445,4.549999999999997,0.1548725279961749,2.1430352074907595,eia_public_xls
2023-08-25,85.42,80.47,4.1419,4.4674,353.80109799999997,2.225346084900023,4.950000000000003,1.605804686570722,2.150847432808972,eia_public_xls
2023-08-29,86.37,81.14,4.1341,4.469,357.06221700000003,2.245857944360231,5.230000000000004,1.1121517209084608,2.1610893052052473,eia_public_xls
2023-08-30,86.62,81.64,4.1167,4.474,356.588554,2.242878688194632,4.980000000000004,0.28945235614217246,2.170061799811725,eia_public_xls
2023-08-31,87.29,83.55,4.1074,4.4684,358.53494600000005,2.2551211482699847,3.740000000000009,0.7734934195335885,2.1793067674296225,eia_public_xls
2023-09-01,89.98,85.52,4.1263,4.4762,371.284474,2.3353134155622786,4.460000000000008,3.0816817504868865,2.1908618954170254,eia_public_xls
2023-09-04,90.42,,4.1353,4.4653,373.91382600000003,2.351851572770101,,0.4889975550122161,2.201293542029642,eia_public_xls
2023-09-05,91.25,86.74,4.1643,4.4764,379.992375,2.390084566662683,4.510000000000005,0.9179385091793835,2.2113864521417894,eia_public_xls
2023-09-06,91.79,87.55,4.1895,4.4974,384.554205,2.418777667356451,4.240000000000009,0.59178082191782,2.221879244005275,eia_public_xls
2023-09-07,91.16,86.87,4.289,4.594,390.98524,2.459227735601024,4.289999999999992,-0.686349275520215,2.2343516344103604,eia_public_xls
2023-09-08,91.85,87.51,4.2958,4.6019,394.56922999999995,2.4817703963217115,4.339999999999989,0.7569109258446671,2.246923055134487,eia_public_xls
2023-09-11,91.97,87.3,4.3077,4.6209,396.17916899999994,2.491896626768226,4.670000000000002,0.1306477953184615,2.258461502932106,eia_public_xls
2023-09-12,93.58,88.87,4.3711,4.6836,409.04753800000003,2.5728363828489123,4.709999999999994,1.750570838316845,2.2727624935791395,eia_public_xls
2023-09-13,93.04,88.59,4.3225,4.6402,402.16540000000003,2.529548956832949,4.450000000000003,-0.5770463774310675,2.2850422170785456,eia_public_xls
2023-09-14,95.2,90.13,4.312,4.6285,410.5024,2.581987206501161,5.070000000000007,2.3215821152192673,2.2997786636643247,eia_public_xls
2023-09-15,95.55,90.83,4.3418,4.6307,414.85899,2.609389384037689,4.719999999999999,0.3676470588235281,2.31301194688874,eia_public_xls
2023-09-18,95.95,91.47,4.3489,4.6377,417.27695500000004,2.6245979545497433,4.480000000000004,0.4186289900575568,2.3260820710708003,eia_public_xls
2023-09-19,96.11,91.16,4.3472,4.6458,417.809392,2.627946888739331,4.950000000000003,0.16675351745700784,2.340533752235508,eia_public_xls
2023-09-20,94.56,89.2,4.3501,4.6529,411.345456,2.5872898790467147,5.359999999999999,-1.6127354073457445,2.3522455391530963,eia_public_xls
2023-09-21,93.7,89.56,4.3365,4.621,406.33005,2.5557438658506673,4.140000000000001,-0.9094754653130255,2.36142928750988,eia_public_xls
2023-09-22,93.99,90.0,4.3269,4.6069,406.685331,2.5579785202563734,3.989999999999995,0.3094983991462019,2.3724091594490955,eia_public_xls
2023-09-25,94.01,89.68,4.3188,4.5892,406.01038800000003,2.5537332486303916,4.329999999999998,0.021278859453133236,2.3828681057780403,eia_public_xls
2023-09-26,94.46,91.43,4.3485,4.6077,410.7593099999999,2.583603124783787,3.029999999999987,0.47867248165087695,2.3947287841144247,eia_public_xls
2023-09-27,97.1,93.67,4.3622,4.6065,423.56961999999993,2.6641777000635267,3.4299999999999926,2.794833792081297,2.4102268898295667,eia_public_xls
2023-09-28,96.64,91.65,4.4062,4.634,425.815168,2.6783017982602355,4.989999999999995,-0.4737384140061751,2.427172845578569,eia_public_xls
2023-09-29,95.86,90.77,4.3697,4.6356,418.879442,2.634677313239447,5.090000000000003,-0.8071192052980125,2.441554353919922,eia_public_xls
2023-10-02,91.21,88.81,4.3634,4.6091,397.98571400000003,2.503259474045048,2.3999999999999915,-4.850824118506159,2.4506253249217442,eia_public_xls
2023-10-03,94.46,89.26,4.4012,4.6147,415.737352,2.61491412505425,5.199999999999989,3.5632057888389523,2.4641220041051572,eia_public_xls
2023-10-04,89.83,84.32,4.4155,4.6303,396.644365,2.4948226270072396,5.510000000000005,-4.9015456277789475,2.4746088332169713,eia_public_xls
2023-10-05,88.28,82.3,4.3768,4.5974,386.38390400000003,2.4302861491820087,5.980000000000004,-1.7254814649894201,2.482691953639815,eia_public_xls
2023-10-06,87.86,82.83,4.3608,4.5998,383.13988800000004,2.409881864554964,5.030000000000001,-0.4757589487992764,2.4904367436750596,eia_public_xls
2023-10-09,91.37,,4.3439,4.5793,396.90214299999997,2.496444004855743,,3.994992032779421,2.499473341006917,eia_public_xls
2023-10-10,90.7,85.89,4.2985,4.5581,389.87395,2.4522379188235517,4.810000000000002,-0.7332822589471433,2.5063526734890273,eia_public_xls
2023-10-11,87.58,83.7,4.2589,4.5183,372.99446199999994,2.3460689364539236,3.8799999999999955,-3.4399117971334103,2.5097923484310036,eia_public_xls
2023-10-12,88.4,82.87,4.2659,4.5329,377.10556,2.371927012900426,5.530000000000001,0.9362868234756849,2.5136858772520183,eia_public_xls
2023-10-13,94.33,87.67,4.3033,4.5417,405.930289,2.5532294401429048,6.659999999999997,6.708144796380089,2.5209497447380396,eia_public_xls
2023-10-16,90.99,86.65,4.2505,4.4804,386.75299499999994,2.4326076660355875,4.339999999999989,-3.5407611576380837,2.5236416145135556,eia_public_xls
2023-10-17,92.52,86.66,4.2131,4.4389,389.79601199999996,2.451747702642354,5.859999999999999,1.6815034619188873,2.5256970523795443,eia_public_xls
2023-10-18,91.99,88.35,4.2035,4.4488,386.679965,2.4321483203029177,3.6400000000000006,-0.5728491137051428,2.526142740811094,eia_public_xls
2023-10-19,93.12,89.35,4.2264,4.4529,393.562368,2.4754374131218277,3.7700000000000102,1.2283943906946426,2.5266830633951205,eia_public_xls
2023-10-20,93.72,89.12,4.2194,4.4675,395.44216800000004,2.487261021341368,4.599999999999994,0.6443298969072142,2.5268660842291086,eia_public_xls
2023-10-23,91.88,85.49,4.2022,4.4552,386.098136,2.428488719203457,6.390000000000001,-1.963294921041403,2.524752487310283,eia_public_xls
2023-10-24,88.0,84.58,4.1884,4.4604,368.57919999999996,2.318297722455295,3.4200000000000017,-4.222899434044402,2.5162678652971633,eia_public_xls
2023-10-25,90.14,86.07,4.2284,4.4758,381.14797599999997,2.3973530917622194,4.070000000000007,2.4318181818181905,2.5118613364614717,eia_public_xls
2023-10-26,88.45,83.8,4.2395,4.4708,374.983775,2.3585813619981506,4.650000000000006,-1.8748613268249392,2.5044144749780384,eia_public_xls
2023-10-27,90.73,86.04,4.2267,4.4642,383.488491,2.412074515526427,4.689999999999998,2.5777275296777757,2.497837312694329,eia_public_xls
2023-10-30,90.73,83.03,4.204,4.4491,381.42892,2.399120179637329,7.700000000000003,0.0,2.490321386863916,eia_public_xls
2023-10-31,86.82,81.64,4.1684,4.4475,361.900488,2.276289809858668,5.179999999999993,-4.309489694698565,2.47859948423456,eia_public_xls
2023-11-01,86.92,81.05,4.1684,4.4475,362.31732800000003,2.278911659443854,5.8700000000000045,0.11518083390924527,2.468320210247798,eia_public_xls
2023-11-02,89.02,83.04,4.1963,4.4582,373.554626,2.349592268550259,5.97999999999999,2.4160147261850007,2.4614484903377845,eia_public_xls
2023-11-03,87.55,81.19,4.1857,4.4569,366.45803499999994,2.3049559712429315,6.359999999999999,-1.6513143113906947,2.4530144053706695,eia_public_xls
2023-11-06,87.31,81.54,4.1512,4.4615,362.441272,2.2796912451961484,5.769999999999996,-0.2741290691033682,2.4438796719228617,eia_public_xls
2023-11-07,83.43,77.96,4.1667,4.4513,347.62778099999997,2.186517017114607,5.470000000000013,-4.4439354025884725,2.430643468333889,eia_public_xls
2023-11-08,81.46,75.85,4.1804,4.4584,340.53538399999996,2.141907099322586,5.609999999999999,-2.361260937312737,2.413234448309191,eia_public_xls
2023-11-09,81.74,76.34,4.1513,4.4413,339.32726199999996,2.1343082264587667,5.3999999999999915,0.3437269825681266,2.395101329249142,eia_public_xls
2023-11-10,83.66,,4.1423,4.4227,346.54481799999996,2.1797053721373443,,2.348911181795943,2.3799355978790717,eia_public_xls
2023-11-13,84.09,78.86,4.1474,4.4336,348.75486600000005,2.1936061816374925,5.230000000000004,0.513985178101839,2.3696138214654865,eia_public_xls
2023-11-14,84.2,78.9,4.121,4.4163,346.98820000000006,2.182494166189689,5.299999999999997,0.13081222499702339,2.355199822836668,eia_public_xls
2023-11-15,82.4,77.15,4.0453,4.39,333.33272000000005,2.0966036216797606,5.25,-2.137767220902609,2.341925855992419,eia_public_xls
2023-11-16,77.73,73.5,4.0415,4.3854,314.145795,1.97592127029254,4.230000000000004,-5.667475728155347,2.326780360029437,eia_public_xls
2023-11-17,81.22,76.47,4.0327,4.3767,327.535894,2.0601426154339664,4.75,4.489900939148317,2.315122385058736,eia_public_xls
2023-11-20,83.25,78.1,3.9938,4.368,332.48384999999996,2.0912643801065496,5.150000000000006,2.499384388081749,2.3016163975670967,eia_public_xls
2023-11-21,82.42,78.35,3.9882,4.3647,328.707444,2.0675114569115713,4.070000000000007,-0.9969969969969905,2.2887921821700306,eia_public_xls
2023-11-22,81.76,76.8,4.018,4.3804,328.51168,2.0662801361117578,4.960000000000008,-0.8007765105556897,2.279465888825292,eia_public_xls
2023-11-23,80.85,,3.9969,4.3658,323.149365,2.0325521269034574,,-1.1130136986301498,2.268153392625393,eia_public_xls
2023-11-24,79.82,74.83,4.0103,4.3722,320.10214599999995,2.013385660462805,4.989999999999995,-1.273964131106986,2.250158599969389,eia_public_xls
2023-11-27,79.49,74.46,3.9769,4.3543,316.123781,1.9883624510180078,5.030000000000001,-0.41343021799047364,2.2353504261354704,eia_public_xls
2023-11-28,81.66,76.09,3.975,4.3542,324.5985,2.0416669287426017,5.569999999999993,2.7299031324695022,2.2216810670054787,eia_public_xls
2023-11-29,82.98,77.56,3.9478,4.3327,327.58844400000004,2.0604731456031,5.420000000000002,1.6164584864070575,2.2092918945154847,eia_public_xls
2023-11-30,81.72,75.66,3.981,4.3492,325.32732,2.0462510771320925,6.060000000000002,-1.5184381778741929,2.1949856833158266,eia_public_xls
2023-12-01,78.72,73.7,3.991,4.3494,314.17152,1.9760830759747652,5.019999999999996,-3.6710719530102742,2.177946418470273,eia_public_xls
2023-12-04,78.16,72.73,3.985,4.3337,311.4676,1.9590758992873631,5.429999999999993,-0.7113821138211462,2.1622993244730697,eia_public_xls
2023-12-05,77.27,71.95,3.991,4.3233,308.38457,1.9396841880153723,5.319999999999993,-1.1386898669396128,2.149678873325073,eia_public_xls
2023-12-06,74.33,68.98,4.0202,4.3382,298.821466,1.8795339618962557,5.349999999999994,-3.80484017082956,2.132418235662874,eia_public_xls
2023-12-07,74.21,69.0,4.0199,4.3334,298.31677899999994,1.8763595702793308,5.209999999999994,-0.16144221713978446,2.1163441759389134,eia_public_xls
2023-12-08,75.94,70.87,4.0181,4.3303,305.13451399999997,1.9192419128607998,5.069999999999993,2.3312222072497057,2.099916422516726,eia_public_xls
2023-12-11,75.75,70.95,4.0277,4.3366,305.098275,1.919013975985458,4.799999999999997,-0.2501975243613397,2.083912882394997,eia_public_xls
2023-12-12,74.11,68.27,4.0204,4.3396,297.95184400000005,1.8740641939278058,5.840000000000003,-2.1650165016501632,2.070505361863968,eia_public_xls
2023-12-13,74.14,69.09,4.0149,4.3309,297.664686,1.8722580210960647,5.049999999999997,0.040480367021999974,2.0569502405857083,eia_public_xls
2023-12-14,77.05,71.21,3.9484,4.3053,304.22422,1.9135163252341387,5.840000000000003,3.9250067439978276,2.0424143758085043,eia_public_xls
2023-12-15,76.84,71.05,3.9326,4.3103,302.180984,1.9006647335945708,5.790000000000006,-0.27255029201815884,2.0289380012202254,eia_public_xls
2023-12-18,78.89,72.16,3.9625,4.3269,312.601625,1.9662087151779706,6.730000000000004,2.6678813118167666,2.018488583552953,eia_public_xls
2023-12-19,79.82,73.23,3.9591,4.3321,316.015362,1.9876805147590684,6.589999999999989,1.1788566358220232,2.0118607001411015,eia_public_xls
2023-12-20,81.1,73.87,3.9527,4.3341,320.56397,2.016290451420556,7.22999999999999,1.6036081182660977,2.0076734785443673,eia_public_xls
2023-12-21,80.73,73.59,3.9645,4.3387,320.05408500000004,2.013083365306598,7.140000000000001,-0.4562268803945613,2.0036326498392953,eia_public_xls
2023-12-22,80.23,73.29,3.9338,4.3288,315.60877400000004,1.9851231484335201,6.939999999999998,-0.619348445435397,1.9971465757158342,eia_public_xls
2023-12-27,80.97,74.31,3.9178,4.3311,317.224266,1.9952843062640342,6.659999999999997,0.9223482487847434,1.9905358465367191,eia_public_xls
2023-12-28,79.04,72.02,3.899,4.3392,308.17696,1.9383783579789544,7.02000000000001,-2.3835988637767036,1.9823986529296946,eia_public_xls
2023-12-29,77.69,71.89,3.935,4.348,305.71015,1.9228625610899004,5.799999999999997,-1.7079959514170184,1.976607284243366,eia_public_xls
2024-01-02,76.24,70.62,3.9432,4.3434,300.629568,1.8909066024266137,5.61999999999999,-1.8663920710516146,1.9737734619811682,eia_public_xls
2024-01-03,77.18,72.97,3.9909,4.3646,308.01766200000003,1.9373764018441761,4.210000000000008,1.232948583420801,1.9696812548615086,eia_public_xls
2024-01-04,75.79,72.38,3.9684,4.3525,300.765036,1.8917586720926869,3.410000000000011,-1.8009847110650457,1.9630310645943798,eia_public_xls
2024-01-05,78.31,74.0,3.985,4.3484,312.06535,1.9628356406498646,4.310000000000002,3.32497690988256,1.9595418707189896,eia_public_xls
2024-01-08,75.47,71.06,3.9812,4.3548,300.461164,1.889847371168712,4.409999999999997,-3.6266121823521957,1.9536607785542215,eia_public_xls
2024-01-09,77.97,72.43,3.9612,4.3351,308.854764,1.9426416247869323,5.539999999999992,3.312574532926993,1.9506637618170042,eia_public_xls
2024-01-10,78.46,71.57,3.9656,4.3413,311.14097599999997,1.9570214923232716,6.890000000000001,0.6284468385276298,1.948784956212353,eia_public_xls
2024-01-11,80.21,72.15,3.968,4.3505,318.27328,2.0018824180593384,8.059999999999988,2.230435890899818,1.9492356217803972,eia_public_xls
2024-01-12,79.89,72.94,3.9746,4.3574,317.530794,1.9972123129564054,6.950000000000003,-0.3989527490337763,1.9477538012541906,eia_public_xls
2024-01-15,79.76,,3.9963,4.3748,318.74488800000006,2.0048487486398265,,-0.16272374514957333,1.9458996546887481,eia_public_xls
2024-01-16,80.15,72.63,4.0358,4.3934,323.46937,2.0345649015328298,7.52000000000001,0.4889669007021036,1.9455101155021062,eia_public_xls
2024-01-17,78.88,72.79,4.0434,4.3978,318.943392,2.006097303553121,6.089999999999989,-1.584529008109803,1.9465105897547181,eia_public_xls
2024-01-18,81.04,74.32,4.0437,4.4016,327.701448,2.061183920697919,6.720000000000013,2.738336713995948,1.9499141904684032,eia_public_xls
2024-01-19,80.71,73.69,4.0289,4.3846,325.17251899999997,2.045277406328819,7.019999999999996,-0.40720631786773653,1.9534339644121848,eia_public_xls
2024-01-22,81.7,75.26,3.9972,4.356,326.57124,2.0540751130595583,6.439999999999998,1.2266138025027962,1.959252002784295,eia_public_xls
2024-01-23,82.04,74.72,4.0133,4.3697,329.25113200000004,2.070931157893413,7.320000000000007,0.41615667074663687,1.9657377223714307,eia_public_xls
2024-01-24,82.15,75.48,4.0131,4.3755,329.67616499999997,2.073604539993836,6.670000000000002,0.13408093612872207,1.9708831432758656,eia_public_xls
2024-01-25,82.33,77.91,4.0189,4.379,330.876037,2.081151521822539,4.420000000000002,0.21911138161898602,1.9762877281371014,eia_public_xls
2024-01-26,83.34,78.45,4.0393,4.3802,336.635262,2.11737602445483,4.890000000000001,1.226770314587644,1.9843981224880023,eia_public_xls
2024-01-29,83.99,77.25,4.0326,4.3653,338.698074,2.13035074565845,6.739999999999995,0.7799376049915985,1.9930012133067483,eia_public_xls
2024-01-30,84.14,78.3,4.0301,4.3634,339.092614,2.1328323322032623,5.840000000000003,0.17859268960591645,2.000311746872386,eia_public_xls
2024-01-31,82.98,76.28,4.0135,4.3434,333.04023,2.0947639115147783,6.700000000000003,-1.3786546232469665,2.006781719469726,eia_public_xls
2024-02-01,82.2,74.36,4.0047,4.3247,329.18634,2.0705236277179893,7.840000000000003,-0.9399855386840184,2.01025888322106,eia_public_xls
2024-02-02,79.54,72.72,3.9641,4.3173,315.30451400000004,1.983209407058439,6.820000000000007,-3.23600973236009,2.010109846297706,eia_public_xls
2024-02-05,79.3,73.21,4.0244,4.3278,319.13491999999997,2.0073019806650856,6.090000000000003,-0.3017349761126553,2.009810230605857,eia_public_xls
2024-02-06,80.46,73.83,4.0484,4.3435,325.734264,2.0488106826344294,6.6299999999999955,1.4627994955863866,2.011001141183451,eia_public_xls
2024-02-07,81.18,74.26,4.0362,4.3466,327.658716,2.060915144005485,6.920000000000002,0.8948545861297674,2.01352754103585,eia_public_xls
2024-02-08,83.01,76.67,4.0292,4.3449,334.46389200000004,2.1037184927069514,6.340000000000003,2.2542498152254176,2.0171420139172804,eia_public_xls
2024-02-09,83.58,77.26,4.0096,4.3167,335.122368,2.1078601898268414,6.319999999999993,0.6866642573183812,2.02279140831221,eia_public_xls
2024-02-12,83.88,77.34,4.0189,4.328,337.10533200000003,2.1203326812884074,6.539999999999992,0.3589375448671994,2.02937374565216,eia_public_xls
2024-02-13,84.72,78.28,4.0136,4.3214,340.032192,2.138742110990207,6.439999999999998,1.0014306151645336,2.0376349292709466,eia_public_xls
2024-02-14,84.41,77.09,4.0593,4.3435,342.645513,2.15517943605452,7.319999999999993,-0.3659112370160589,2.0448950304112916,eia_public_xls
2024-02-15,84.33,78.47,4.0495,4.3463,341.494335,2.1479387308396283,5.859999999999999,-0.09477550053310635,2.0534343657028566,eia_public_xls
2024-02-16,84.88,79.65,4.0325,4.3414,342.2786,2.1528716184342116,5.22999999999999,0.6521996916874162,2.059768898295668,eia_public_xls
2024-02-19,85.52,,4.0269,4.339,344.380488,2.1660921207394317,,0.7540056550424223,2.068977056614692,eia_public_xls
2024-02-20,84.78,78.72,3.9994,4.3186,339.069132,2.1326846345927657,6.060000000000002,-0.8652946679139295,2.0753118236082195,eia_public_xls
2024-02-21,84.77,78.89,3.9966,4.3163,338.79178199999996,2.130940152339499,5.8799999999999955,-0.011795234725175963,2.0811091122754273,eia_public_xls
2024-02-22,85.84,79.64,3.9804,4.3199,341.67753600000003,2.14909103260015,6.200000000000003,1.2622389996461036,2.086016066093454,eia_public_xls
2024-02-23,84.18,77.6,4.005,4.3326,337.14090000000004,2.1205563976928934,6.5800000000000125,-1.9338303821062386,2.0901275355846707,eia_public_xls
2024-02-26,84.01,78.53,3.9776,4.3117,334.158176,2.1017955933504,5.480000000000004,-0.20194820622475573,2.093359097075023,eia_public_xls
2024-02-27,83.8,79.8,3.9682,4.3067,332.53515999999996,2.0915871108958592,4.0,-0.24997024163790904,2.095259837387124,eia_public_xls
2024-02-28,84.08,79.44,3.9922,4.3116,335.664176,2.1112680659424985,4.640000000000001,0.3341288782816143,2.0987655294667698,eia_public_xls
2024-02-29,84.57,79.22,3.9803,4.319,336.613971,2.1172421078452954,5.349999999999994,0.5827783063748759,2.1006341357050156,eia_public_xls
2024-03-01,84.82,80.9,3.9922,4.3176,338.618404,2.12984963550479,3.9199999999999875,0.29561310157266707,2.1034532100108816,eia_public_xls
2024-03-04,86.58,79.67,3.982,4.3201,344.76156000000003,2.1684889959556446,6.909999999999997,2.074982315491636,2.107267006107418,eia_public_xls
2024-03-05,85.82,79.11,3.9838,4.3228,341.88971599999996,2.150425607125111,6.709999999999994,-0.8778008778008828,2.1099168210818076,eia_public_xls
2024-03-06,86.59,80.08,3.963,4.3106,343.15617000000003,2.1583913779114017,6.510000000000005,0.897226753670477,2.112743049012393,eia_public_xls
2024-03-07,84.88,79.81,3.9485,4.3045,335.14868,2.1080256876348384,5.069999999999993,-1.974823882665444,2.1136388545394698,eia_public_xls
2024-03-08,84.29,78.96,3.9392,4.3079,332.03516800000006,2.0884422499952833,5.3300000000000125,-0.6950989632422133,2.112674395390818,eia_public_xls
2024-03-11,83.44,78.87,3.9262,4.2933,327.602128,2.0605592155333454,4.569999999999993,-1.0084233005101528,2.110348011053315,eia_public_xls
2024-03-12,83.66,78.51,3.9162,4.2804,327.62929199999996,2.0607300722700597,5.1499999999999915,0.2636625119846636,2.1079446023888746,eia_public_xls
2024-03-13,83.95,80.67,3.9269,4.2896,329.663255,2.0735233383861575,3.280000000000001,0.34664116662683764,2.107236583284587,eia_public_xls
2024-03-14,86.16,82.16,3.9183,4.287,337.600728,2.1234486341650576,4.0,2.632519356759966,2.1090007501661563,eia_public_xls
2024-03-15,85.39,81.94,3.9392,4.2929,336.368288,2.1156968053991836,3.450000000000003,-0.8936861652738992,2.1134169967775147,eia_public_xls
2024-03-18,86.47,83.68,3.9528,4.3086,341.798616,2.1498526043009805,2.789999999999992,1.2647851036421187,2.118168684232044,eia_public_xls
2024-03-19,87.36,84.39,3.9866,4.3201,348.269376,2.1905525357419164,2.969999999999999,1.02925870244015,2.1228934126689607,eia_public_xls
2024-03-20,85.77,82.79,3.9895,4.3242,342.179415,2.1522477623956675,2.9799999999999898,-1.8200549450549497,2.125937833281967,eia_public_xls
2024-03-21,84.92,81.99,3.9431,4.3031,334.848052,2.106134790894853,2.930000000000007,-0.9910225020403285,2.126018376554897,eia_public_xls
2024-03-22,84.87,81.1,3.9928,4.3186,338.868936,2.1314254372999053,3.7700000000000102,-0.058878944889306783,2.1268038848039987,eia_public_xls
2024-03-25,86.18,82.41,3.9833,4.3091,343.280794,2.159175240742954,3.7700000000000102,1.5435371745021742,2.128098636785817,eia_public_xls
2024-03-26,85.91,82.41,3.9704,4.3093,341.097064,2.1454399667897377,3.5,-0.31329774889766737,2.1283218986458015,eia_public_xls
2024-03-27,84.94,82.15,3.9857,4.3153,338.54535799999996,2.1293901891349605,2.789999999999992,-1.129088581073212,2.1274622570818162,eia_public_xls
2024-03-28,86.17,83.96,4.0081,4.3191,345.377977,2.1723661494336013,2.210000000000008,1.4480809983517862,2.128276504368282,eia_public_xls
2024-04-02,87.63,85.95,4.0009,4.2934,350.5988669999999,2.205204620503563,1.6799999999999926,1.6943251711732499,2.1300209377705936,eia_public_xls
2024-04-03,90.6,86.22,3.9843,4.2923,360.97758,2.2704848824117696,4.3799999999999955,3.389250256761378,2.1335006964930048,eia_public_xls
2024-04-04,90.32,87.37,3.9515,4.2921,356.8994799999999,2.2448343575260865,2.9499999999999886,-0.3090507726269287,2.1372390205907825,eia_public_xls
2024-04-05,92.81,87.69,3.9571,4.2883,367.25845100000004,2.3099904457597167,5.1200000000000045,2.756864481842358,2.1432073637047893,eia_public_xls
2024-04-08,91.73,87.24,3.9546,4.2805,362.75545800000003,2.2816674193487523,4.490000000000009,-1.1636677082210944,2.1476265765964095,eia_public_xls
2024-04-09,92.13,86.04,3.9223,4.2588,361.361499,2.272899664752464,6.089999999999989,0.4360623569170219,2.152704685498395,eia_public_xls
2024-04-10,91.57,86.98,3.9264,4.2641,359.54044799999997,2.261445577311352,4.589999999999989,-0.6078367524150696,2.1580263516304266,eia_public_xls
2024-04-11,91.49,85.79,3.9707,4.2649,363.279343,2.284962562976847,5.699999999999989,-0.08736485748607192,2.1644722000331265,eia_public_xls
2024-04-12,93.12,86.46,3.9983,4.2666,372.32169600000003,2.3418373577713902,6.660000000000011,1.7816154771013393,2.1721578430940895,eia_public_xls
2024-04-15,90.84,86.21,4.0209,4.2851,365.258556,2.297411461314447,4.63000000000001,-2.448453608247425,2.178163488209728,eia_public_xls
2024-04-16,91.29,86.15,4.0687,4.3197,371.431623,2.336238956644254,5.140000000000001,0.49537648612945073,2.1850431322477104,eia_public_xls
2024-04-17,89.54,83.58,4.0741,4.3353,364.794914,2.294495235459503,5.960000000000008,-1.9169679044802268,2.189243340231172,eia_public_xls
2024-04-18,88.34,83.5,4.0559,4.3309,358.29820600000005,2.253632095705939,4.840000000000003,-1.3401831583649826,2.1926835565171996,eia_public_xls
2024-04-19,87.96,83.79,4.0688,4.3316,357.89164800000003,2.251074918075063,4.1699999999999875,-0.4301562146253213,2.1957730078559887,eia_public_xls
2024-04-22,87.3,83.82,4.054,4.3203,353.9142,2.2260574763974414,3.480000000000004,-0.7503410641200525,2.199707400814742,eia_public_xls
2024-04-23,88.29,84.17,4.061,4.3335,358.54569000000004,2.255188726122262,4.1200000000000045,1.1340206185567192,2.205265616685641,eia_public_xls
2024-04-24,89.02,84.09,4.0417,4.3177,359.792134,2.2630286375615616,4.929999999999993,0.8268207044965337,2.212014597419915,eia_public_xls
2024-04-25,88.1,84.92,4.0276,4.3198,354.83155999999997,2.2318275079094514,3.1799999999999926,-1.0334756234554043,2.2177178452745614,eia_public_xls
2024-04-26,89.95,85.38,4.0245,4.3225,362.00377499999996,2.2769394667488534,4.570000000000007,2.0998864926220273,2.2244983828866514,eia_public_xls
2024-04-29,88.44,84.26,4.0346,4.319,356.820024,2.2443345933944285,4.179999999999993,-1.6787103946637072,2.2285279148609636,eia_public_xls
2024-04-30,88.23,83.49,4.0341,4.3213,355.92864299999997,2.238727965179543,4.740000000000009,-0.23744911804612912,2.232628953520309,eia_public_xls
2024-05-01,83.55,80.7,4.0341,4.3213,337.04905499999995,2.119978708951046,2.8499999999999943,-5.304318259095552,2.2316331570086443,eia_public_xls
2024-05-02,84.81,80.59,4.0474,4.3323,343.259994,2.159044412436237,4.219999999999999,1.5080789946140039,2.230582886231788,eia_public_xls
2024-05-03,83.6,79.65,4.0474,4.3323,338.36263999999994,2.1282409253586767,3.9499999999999886,-1.4267185473411215,2.2297826583305556,eia_public_xls
2024-05-07,82.69,79.97,4.0056,4.3116,331.223064,2.0833342600338396,2.719999999999999,-1.088516746411483,2.229022640635188,eia_public_xls
2024-05-08,82.44,80.57,4.0202,4.3195,331.42528799999997,2.0846062130866043,1.8700000000000045,-0.3023340186237733,2.227461999828078,eia_public_xls
2024-05-09,83.27,80.86,4.0076,4.2993,333.712852,2.0989945844628806,2.4099999999999966,1.0067928190198971,2.2254559779520755,eia_public_xls
2024-05-10,83.39,79.81,3.9866,4.2979,332.44257400000004,2.091004761395586,3.5799999999999983,0.14410952323766768,2.2236414711056036,eia_public_xls
2024-05-13,83.18,80.71,3.9853,4.2977,331.49725400000005,2.0850588664482004,2.470000000000013,-0.25182875644560454,2.222163760349379,eia_public_xls
2024-05-14,81.0,79.62,3.9701,4.2812,321.5781,2.0226691490499222,1.3799999999999955,-2.620822313056026,2.2171738603365894,eia_public_xls
2024-05-15,79.98,80.23,3.9368,4.2635,314.865264,1.9804466025524101,-0.25,-1.2592592592592489,2.209681926404884,eia_public_xls
2024-05-16,81.65,80.85,3.9195,4.2617,320.02717500000006,2.0129141061847826,0.8000000000000114,2.0880220055013776,2.201096233863985,eia_public_xls
2024-05-17,82.24,81.66,3.9363,4.2685,323.721312,2.036149571977583,0.5799999999999983,0.722596448254742,2.1941400743457016,eia_public_xls
2024-05-20,81.91,81.39,3.9149,4.2575,320.66945899999996,2.0169539584997516,0.519999999999996,-0.4012645914396873,2.1843721914370358,eia_public_xls
2024-05-21,81.22,80.66,3.9175,4.2572,318.17935,2.0012916150377076,0.5600000000000023,-0.8423879868147965,2.175026331293334,eia_public_xls
2024-05-22,79.9,79.15,3.9243,4.2575,313.55157,1.9721837005541336,0.75,-1.6252154641713812,2.1650024658200566,eia_public_xls
2024-05-23,79.25,77.47,3.9394,4.2699,312.19745,1.9636665261939656,1.7800000000000011,-0.8135168961201589,2.155076497449477,eia_public_xls
2024-05-24,78.92,78.48,3.9376,4.2624,310.75539200000003,1.9545962374282178,0.4399999999999977,-0.4164037854889613,2.144064286597856,eia_public_xls
2024-05-28,81.34,80.9,3.9183,4.2592,318.714522,2.004657751891664,0.4399999999999977,3.0663963507349346,2.132824966401865,eia_public_xls
2024-05-29,81.5,80.24,3.9244,4.2529,319.8386,2.0117280029184776,1.2600000000000051,0.19670518809933313,2.123302184455333,eia_public_xls
2024-05-30,81.42,78.96,3.9244,4.2529,319.524648,2.0097533005843244,2.460000000000008,-0.09815950920245564,2.1124193292533353,eia_public_xls
2024-05-31,79.41,77.97,3.9389,4.2678,312.788049,1.9673812890362106,1.4399999999999977,-2.4686809137804078,2.1015155310392255,eia_public_xls
2024-06-03,76.45,75.26,3.9501,4.2817,301.985145,1.899432941058074,1.1899999999999977,-3.7274902405238564,2.0897088925509633,eia_public_xls
2024-06-04,75.33,74.27,3.9448,4.2923,297.16178399999995,1.869094856812192,1.0600000000000023,-1.4650098103335618,2.076976223842201,eia_public_xls
2024-06-05,75.41,75.08,3.9607,4.3081,298.676387,1.8786214407467277,0.3299999999999983,0.1061993893535007,2.065395022653844,eia_public_xls
2024-06-06,77.62,76.52,3.953,4.2997,306.83186,1.9299179178171801,1.1000000000000085,2.9306458029439098,2.0545526623770076,eia_public_xls
2024-06-07,78.12,76.53,3.9389,4.2891,307.706868,1.935421562769283,1.5900000000000034,0.6441638752898715,2.0436324265505985,eia_public_xls
2024-06-10,79.59,78.75,4.0159,4.3197,319.62548100000004,2.010387522250247,0.8400000000000034,1.8817204301075252,2.0362510936952916,eia_public_xls
2024-06-11,80.15,78.88,4.0443,4.3456,324.150645,2.038850000314491,1.2700000000000102,0.7036059806508455,2.0283147781474797,eia_public_xls
2024-06-12,80.52,79.56,4.0342,4.3354,324.833784,2.0431468233251775,0.9599999999999937,0.46163443543354443,2.0216085191451714,eia_public_xls
2024-06-13,81.44,79.61,4.0119,4.3355,326.729136,2.055068250863278,1.8299999999999983,1.142573273720826,2.0154865286679624,eia_public_xls
2024-06-14,81.49,79.41,4.076,4.3581,332.1532399999999,2.089184901910219,2.0799999999999983,0.06139489194498804,2.014460068433268,eia_public_xls
2024-06-17,82.45,81.33,4.0728,4.3608,335.80236,2.1121372187663146,1.1200000000000045,1.1780586575039997,2.0128964953109376,eia_public_xls
2024-06-18,84.79,82.67,4.0549,4.3468,343.814971,2.1625351192235844,2.1200000000000045,2.8380836870830928,2.0140396351064345,eia_public_xls
2024-06-19,85.64,,4.0387,4.3376,345.87426800000003,2.175487731701334,,1.0024767071588503,2.017111417495351,eia_public_xls
2024-06-20,85.92,83.34,4.0345,4.3238,346.64424,2.180330718863807,2.5799999999999983,0.32695002335356715,2.020302234354591,eia_public_xls
2024-06-21,86.42,81.71,4.0527,4.3331,350.234334,2.202911772660658,4.710000000000008,0.581936685288631,2.02376614062785,eia_public_xls
2024-06-24,86.75,82.63,4.0319,4.3198,349.767325,2.1999743689735642,4.1200000000000045,0.38185605183984617,2.0273984608804496,eia_public_xls
2024-06-25,86.81,81.97,3.9975,4.2909,347.02297500000003,2.182712894764981,4.840000000000003,0.06916426512968421,2.0306535951576756,eia_public_xls
2024-06-26,85.76,82.19,4.0291,4.3087,345.535616,2.1733576707529547,3.5700000000000074,-1.2095380716507287,2.03567654588111,eia_public_xls
2024-06-27,87.0,83.04,4.0312,4.3085,350.7144,2.205931302559329,3.9599999999999937,1.445895522388052,2.0431927025480072,eia_public_xls
2024-06-28,87.26,82.83,4.032,4.313,351.83232000000004,2.2129628208595675,4.430000000000007,0.2988505747126391,2.0498609930371665,eia_public_xls
2024-07-01,86.57,84.7,3.9915,4.2981,345.54415499999993,2.173411379546755,1.8699999999999903,-0.7907403162961346,2.0544363866228057,eia_public_xls
2024-07-02,88.28,84.09,4.0375,4.3286,356.4305,2.241884556598967,4.189999999999998,1.9752801201340153,2.061934073226113,eia_public_xls
2024-07-03,88.25,85.19,3.999,4.3021,352.91175,2.219752243894155,3.0600000000000023,-0.03398278205709593,2.0692160941879947,eia_public_xls
2024-07-04,88.34,,3.9784,4.2975,351.451856,2.210569769855397,,0.10198300283286166,2.0771622964980367,eia_public_xls
2024-07-05,88.66,84.44,3.9581,4.2858,350.925146,2.2072568574789133,4.219999999999999,0.3622368123160413,2.085281974207535,eia_public_xls
2024-07-08,87.15,83.63,3.947,4.278,343.98105000000004,2.163579726644317,3.5200000000000102,-1.7031355741033094,2.092248090514738,eia_public_xls
2024-07-09,86.48,82.78,3.9391,4.2633,340.653368,2.142649197733148,3.700000000000003,-0.7687894434882381,2.096847805376121,eia_public_xls
2024-07-10,86.55,83.39,3.9324,4.2529,340.34922,2.14073616081818,3.1599999999999966,0.08094357076779968,2.101148077306111,eia_public_xls
2024-07-11,86.49,83.92,3.9257,4.2586,339.533793,2.1356072697767745,2.569999999999993,-0.06932409012131435,2.105343209612526,eia_public_xls
2024-07-12,87.35,83.49,3.9099,4.2567,341.529765,2.148161579248618,3.8599999999999994,0.9943346051566548,2.111369219286273,eia_public_xls
2024-07-15,86.42,83.22,3.896,4.2499,336.69232,2.1177349091435147,3.200000000000003,-1.0646823125357696,2.1186459515557874,eia_public_xls
2024-07-16,86.6,81.92,3.9083,4.2604,338.45878,2.1288456288878965,4.679999999999993,0.20828511918535852,2.127304310624978,eia_public_xls
2024-07-17,85.76,84.16,3.921,4.2904,336.26496000000003,2.115046890626278,1.6000000000000085,-0.9699769053117646,2.135185158954296,eia_public_xls
2024-07-18,86.26,84.17,3.9296,4.2954,338.96729600000003,2.1320441042349376,2.0900000000000034,0.5830223880596952,2.1419226985015545,eia_public_xls
2024-07-19,85.19,81.43,3.9461,4.293,336.168259,2.1144386585066703,3.759999999999991,-1.2404358914908542,2.1478899350261345,eia_public_xls
2024-07-22,83.44,81.25,3.9307,4.2797,327.977608,2.062920918062483,2.1899999999999977,-2.054231717337718,2.1496410482198756,eia_public_xls
2024-07-23,82.2,78.24,3.9355,4.281,323.4981,2.0347456081314825,3.960000000000008,-1.4860977948226162,2.1495042351471083,eia_public_xls
2024-07-24,83.01,78.78,3.9498,4.2796,327.872898,2.0622623107549676,4.230000000000004,0.9854014598540184,2.150141418061435,eia_public_xls
2024-07-25,82.58,79.43,3.9619,4.2971,327.173702,2.057864492065389,3.1499999999999915,-0.5180098783279186,2.1502346261015055,eia_public_xls
2024-07-26,81.35,78.58,3.9415,4.2773,320.64102499999996,2.0167751136885403,2.769999999999996,-1.4894647614434486,2.147820966494116,eia_public_xls
2024-07-29,80.94,77.27,3.9556,4.2847,320.166264,2.013788951297905,3.6700000000000017,-0.5039950829747952,2.1445426909118352,eia_public_xls
2024-07-30,79.26,76.17,3.9567,4.2845,313.608042,1.9725388994068698,3.0900000000000034,-2.07561156412156,2.1382094835846117,eia_public_xls
2024-07-31,81.39,79.36,3.9689,4.2953,323.028771,2.031793612056332,2.030000000000001,2.6873580620741855,2.133419679596445,eia_public_xls
2024-08-01,81.37,77.74,3.9802,4.2924,323.868874,2.0370777107562255,3.6300000000000097,-0.024573043371411973,2.1286445793261923,eia_public_xls
2024-08-02,78.35,74.99,3.9672,4.2903,310.83011999999997,1.9550662632793874,3.3599999999999994,-3.7114415632297004,2.1203830623468165,eia_public_xls
2024-08-05,77.51,74.46,3.9331,4.3073,304.854581,1.9174811839961758,3.0500000000000114,-1.0721123165283841,2.1109666228475708,eia_public_xls
2024-08-06,76.62,74.6,3.9467,4.313,302.396154,1.9020181146886226,2.0200000000000102,-1.1482389369113721,2.1016101301783587,eia_public_xls
2024-08-07,78.26,76.68,3.9526,4.3158,309.33047600000003,1.945633768798707,1.5799999999999983,2.1404333072304826,2.0940193334465502,eia_public_xls
2024-08-08,80.76,77.64,3.952,4.3225,319.16352,2.0074818695868215,3.1200000000000045,3.194479938665995,2.0874043523474666,eia_public_xls
2024-08-09,81.07,78.28,3.9604,4.3238,321.06962799999997,2.0194709504550685,2.789999999999992,0.3838533927686738,2.0809546233339833,eia_public_xls
2024-08-12,83.06,81.45,3.9488,4.3123,327.987328,2.0629820551365836,1.6099999999999994,2.4546688047366594,2.0772736458536443,eia_public_xls
2024-08-13,82.51,79.81,3.9314,4.2945,324.379814,2.040291432632857,2.700000000000003,-0.6621719239104262,2.070553875054774,eia_public_xls
2024-08-14,82.15,78.47,3.8963,4.2933,320.081045,2.0132529389195346,3.680000000000007,-0.43631075021209886,2.063670564888953,eia_public_xls
2024-08-15,83.09,79.66,3.8963,4.2933,323.74356700000004,2.036289551975948,3.430000000000007,1.1442483262324998,2.0578612242929717,eia_public_xls
2024-08-16,81.56,78.05,3.8914,4.2732,317.382584,1.996280098372823,3.510000000000005,-1.8413768203153213,2.050828665656102,eia_public_xls
2024-08-19,81.09,75.82,3.8682,4.2693,313.672338,1.9729433098303637,5.27000000000001,-0.5762628739578224,2.0444741184289703,eia_public_xls
2024-08-20,78.85,75.27,3.8506,4.2665,303.61981,1.909714693654198,3.5799999999999983,-2.762362806757934,2.036709634959672,eia_public_xls
2024-08-21,78.77,72.76,3.8565,4.2879,303.776505,1.9107002773811694,6.009999999999991,-0.10145846544070691,2.0290417721784384,eia_public_xls
2024-08-22,78.8,73.72,3.8456,4.285,303.03328,1.9060255240994546,5.079999999999998,0.03808556557065579,2.0213890473225273,eia_public_xls
2024-08-23,80.34,75.82,3.8453,4.2769,308.931402,1.9431236641989598,4.52000000000001,1.9543147208122003,2.0145544501542054,eia_public_xls
2024-08-27,81.51,76.5,3.8331,4.2802,312.435981,1.965166843829999,5.010000000000005,1.4563106796116498,2.0094688479770886,eia_public_xls
2024-08-28,80.04,75.49,3.8539,4.2938,308.466156,1.9401973494688247,4.550000000000011,-1.8034596981965412,2.003180571996453,eia_public_xls
2024-08-29,81.55,76.9,3.867,4.2862,315.35384999999997,1.9835197217382552,4.6499999999999915,1.8865567216391765,1.9987963330335186,eia_public_xls
2024-08-30,80.2,74.52,3.8644,4.2798,309.92488,1.9493724644153294,5.680000000000007,-1.6554261189454245,1.992707278372865,eia_public_xls
2024-09-02,77.82,,3.8684,4.2812,301.038888,1.8934811525470636,,-2.9675810473815623,1.9853420281742116,eia_public_xls
2024-09-03,76.46,71.28,3.8701,4.2757,295.90784599999995,1.8612078094435391,5.179999999999993,-1.747622719095343,1.9786182578869134,eia_public_xls
2024-09-04,74.67,70.11,3.8738,4.2815,289.256646,1.8193729424418348,4.560000000000002,-2.3410933821605973,1.9714391690305917,eia_public_xls
2024-09-05,74.47,70.09,3.8487,4.2717,286.612689,1.8027429223773013,4.3799999999999955,-0.2678451854827957,1.962788522751336,eia_public_xls
2024-09-06,72.82,68.58,3.8489,4.279,280.27689799999996,1.7628919219810424,4.239999999999995,-2.215657311669139,1.9529561037485244,eia_public_xls
2024-09-09,72.37,69.65,3.8758,4.2818,280.491646,1.7642426487700253,2.719999999999999,-0.6179620983246203,1.9445383549179072,eia_public_xls
2024-09-10,70.34,66.73,3.8798,4.2827,272.905132,1.7165248227842527,3.6099999999999994,-2.80502970844273,1.9346295506341191,eia_public_xls
2024-09-11,70.31,68.25,3.8816,4.2864,272.915296,1.716588752539516,2.0600000000000023,-0.04264998578333845,1.926097879071874,eia_public_xls
2024-09-12,73.81,69.89,3.9025,4.2986,288.043525,1.8117426267556467,3.9200000000000017,4.977954771725224,1.9187628462285176,eia_public_xls
2024-09-13,73.68,69.59,3.8659,4.2883,284.839512,1.7915899538956017,4.090000000000003,-0.17612789594905198,1.9105799209998302,eia_public_xls
2024-09-16,73.96,71.1,3.8438,4.2753,284.287448,1.788117569361017,2.8599999999999994,0.3800217155265795,1.9050149645358845,eia_public_xls
2024-09-17,74.55,72.16,3.8354,4.2748,285.92906999999997,1.7984430802518443,2.3900000000000006,0.7977285018929248,1.901047027744407,eia_public_xls
2024-09-18,74.52,71.87,3.8358,4.2691,285.843816,1.7979068477296887,2.6499999999999915,-0.04024144869215762,1.8975766521791089,eia_public_xls
2024-09-19,75.93,72.86,3.8249,4.2693,290.424657,1.826719524237831,3.0700000000000074,1.8921095008051614,1.8936128440270796,eia_public_xls
2024-09-20,75.96,72.72,3.8317,4.2779,291.055932,1.8306901318975766,3.239999999999995,0.03951007506912685,1.8877197861041048,eia_public_xls
2024-09-23,74.95,71.33,3.8571,4.2785,289.089645,1.8183225358048145,3.6200000000000045,-1.3296471827277445,1.8810148389490966,eia_public_xls
2024-09-24,75.29,72.34,3.83,4.2668,288.3607,1.8137376011875186,2.950000000000003,0.45363575717145554,1.8727066904841279,eia_public_xls
2024-09-25,75.4,70.42,3.8117,4.2634,287.40218000000004,1.8077086805839475,4.980000000000004,0.14610173993889752,1.8649539320824973,eia_public_xls
2024-09-26,73.06,68.28,3.8294,4.2665,279.77596400000004,1.759741136067729,4.780000000000001,-3.103448275862075,1.8565035386541038,eia_public_xls
2024-09-27,71.63,68.72,3.8368,4.2761,274.829984,1.7286318000842837,2.9099999999999966,-1.9572953736654908,1.8462482802577151,eia_public_xls
2024-09-30,72.35,68.75,3.8193,4.2791,276.326355,1.7380437079761237,3.5999999999999943,1.005165433477595,1.837640400577825,eia_public_xls
2024-10-01,75.3,70.41,3.859,4.2846,290.5827,1.827713586645449,4.890000000000001,4.077401520387003,1.8327994098049947,eia_public_xls
2024-10-02,74.86,70.74,3.8792,4.2952,290.396912,1.8265450131142797,4.1200000000000045,-0.5843293492695856,1.8300270871203306,eia_public_xls
2024-10-03,77.57,74.33,3.8951,4.299,302.142907,1.9004252360255869,3.239999999999995,3.6200908362276074,1.8296845857418114,eia_public_xls
2024-10-04,79.32,74.93,3.9118,4.313,310.283976,1.9516311144936378,4.389999999999986,2.2560268144901308,1.831204772088284,eia_public_xls
2024-10-07,81.74,77.76,3.9368,4.3185,321.79403199999996,2.024027322988672,3.9799999999999898,3.050932929904193,1.8339015607146079,eia_public_xls
2024-10-08,78.19,74.26,3.9299,4.3203,307.278881,1.9327296005333772,3.9299999999999926,-4.343038903841445,1.832820319271387,eia_public_xls
2024-10-09,77.06,73.85,3.9266,4.3026,302.583796,1.9031983495505922,3.210000000000008,-1.445197595600456,1.8315870192741126,eia_public_xls
2024-10-10,79.45,76.46,3.9355,4.3029,312.675475,1.96667321856504,2.990000000000009,3.1014793667272222,1.8310254691683387,eia_public_xls
2024-10-11,80.27,76.11,3.9204,4.2926,314.69050799999997,1.97934741834238,4.159999999999997,1.0320956576463036,1.8320246342992406,eia_public_xls
2024-10-14,78.47,,3.9288,4.2928,308.292936,1.93910782642606,,-2.2424317926996395,1.8335455234285403,eia_public_xls
2024-10-15,73.68,71.22,3.9332,4.2913,289.798176,1.8227790699868545,2.460000000000008,-6.104243659997444,1.8322645654466507,eia_public_xls
2024-10-16,73.65,70.97,3.9468,4.2955,290.68182,1.8283370338455347,2.680000000000007,-0.04071661237785573,1.8325633684934408,eia_public_xls
2024-10-17,74.37,71.26,3.9786,4.3174,295.888482,1.861086013321844,3.1099999999999994,0.9775967413441888,1.8345081381915922,eia_public_xls
2024-10-18,72.75,69.78,3.9718,4.3048,288.94845,1.8174344443256367,2.969999999999999,-2.1782977006857718,1.8363262222697452,eia_public_xls
2024-10-21,73.29,71.16,3.9775,4.3178,291.51097500000003,1.833552271569374,2.1300000000000097,0.7422680412371152,1.8386365430297238,eia_public_xls
2024-10-22,75.59,72.84,3.9862,4.3159,301.316858,1.8952295344902415,2.75,3.138218037931506,1.8445933667532564,eia_public_xls
2024-10-23,74.68,71.37,4.0176,4.3344,300.03436800000003,1.8871629001113301,3.3100000000000023,-1.2038629448339666,1.850279171672317,eia_public_xls
2024-10-24,74.27,70.58,4.0168,4.3396,298.32773599999996,1.8764284878637874,3.6899999999999977,-0.5490091055168844,1.8524353670425884,eia_public_xls
2024-10-25,75.62,72.02,4.0219,4.3533,304.136078,1.912961927704781,3.6000000000000085,1.8176922041201138,1.8564810995028944,eia_public_xls
2024-10-28,71.87,67.65,4.0207,4.3478,288.967709,1.8175555800159764,4.219999999999999,-4.9590055540862155,1.8574623665247265,eia_public_xls
2024-10-29,71.09,67.48,4.0251,4.3542,286.144359,1.7997972098347665,3.6099999999999994,-1.0852928899401704,1.8575075041774904,eia_public_xls
2024-10-30,73.21,68.91,3.9989,4.335,292.75946899999997,1.8414050771446722,4.299999999999997,2.982135321423529,1.85895744515799,eia_public_xls
2024-10-31,73.25,69.58,4.0059,4.353,293.432175,1.8456362784378595,3.6700000000000017,0.05463734462505254,1.8595880036313241,eia_public_xls
2024-11-01,73.63,69.81,4.0059,4.353,294.954417,1.8552109103260015,3.819999999999993,0.5187713310580211,1.8604053629122717,eia_public_xls
2024-11-04,74.89,71.83,3.9869,4.3443,298.578941,1.8780085227094039,3.0600000000000023,1.7112589976911563,1.8623948958090915,eia_public_xls
2024-11-05,76.98,72.26,4.0038,4.3607,308.21252400000003,1.9386020492241507,4.719999999999999,2.790759781012153,1.8665570440769792,eia_public_xls
2024-11-06,76.52,71.98,4.0595,4.3662,310.63293999999996,1.953826036091001,4.539999999999992,-0.5975578072226706,1.871427622593881,eia_public_xls
2024-11-07,75.73,72.69,4.0414,4.3431,306.055222,1.925033002698334,3.0400000000000063,-1.0324098274960725,1.8769373514815677,eia_public_xls
2024-11-08,74.04,70.69,4.0117,4.3244,297.0262680000001,1.8682424852346424,3.3500000000000085,-2.2316123068797045,1.8815910409865795,eia_public_xls
2024-11-11,72.19,,4.0117,4.3244,289.604623,1.8215616559844516,,-2.498649378714224,1.8843749725868575,eia_public_xls
2024-11-12,72.56,68.43,4.1011,4.357,297.575816,1.8716990445759716,4.1299999999999955,0.5125363623770696,1.8858411545178746,eia_public_xls
2024-11-13,72.86,68.76,4.0853,4.3416,297.654958,1.8721968337033847,4.099999999999994,0.41345093715545733,1.887362881870845,eia_public_xls
2024-11-14,73.39,68.99,4.122,4.3365,302.51358,1.9027567033782635,4.400000000000006,0.7274224540214203,1.8874405974492674,eia_public_xls
2024-11-15,73.45,67.33,4.0898,4.3198,300.39581000000004,1.8894363061130788,6.1200000000000045,0.08175500749421083,1.8853674371699154,eia_public_xls
2024-11-18,74.35,69.46,4.0997,4.332,304.812695,1.9172177284935248,4.890000000000001,1.2253233492171445,1.8818071173534106,eia_public_xls
2024-11-19,74.32,69.75,4.1052,4.3308,305.098464,1.9190151647618987,4.569999999999993,-0.04034969737727323,1.8813499694943614,eia_public_xls
2024-11-20,74.33,69.25,4.112,4.3404,305.64496,1.9224525275651472,5.079999999999998,0.013455328310008063,1.8819917754281796,eia_public_xls
2024-11-21,75.09,70.39,4.1332,4.3469,310.36198800000005,1.952121796121696,4.700000000000003,1.0224673752186275,1.8815067280134017,eia_public_xls
2024-11-22,76.1,71.68,4.1752,4.343,317.73272,1.9984823916420837,4.4199999999999875,1.345052603542407,1.882144560456725,eia_public_xls
2024-11-25,74.27,69.41,4.1297,4.3319,306.71281899999997,1.9291691710643006,4.859999999999999,-2.4047306176084082,1.8818132719446663,eia_public_xls
2024-11-26,74.56,69.05,4.1073,4.3157,306.240288,1.9261970349777027,5.510000000000005,0.390467214218404,1.8852605374443614,eia_public_xls
2024-11-27,73.91,69.03,4.0974,4.309,302.838834,1.9048024932856147,4.8799999999999955,-0.8717811158798328,1.8878093860923642,eia_public_xls
2024-11-28,73.92,,4.0907,4.3085,302.384544,1.9019450898501136,,0.013529968881087484,1.889171355309973,eia_public_xls
2024-11-29,74.16,68.26,4.077,4.3043,302.35032,1.901729826966985,5.8999999999999915,0.32467532467532756,1.891981201398018,eia_public_xls
2024-12-02,72.81,68.35,4.0827,4.2923,297.261387,1.8697213419965155,4.460000000000008,-1.8203883495145567,1.8931868370789227,eia_public_xls
2024-12-03,74.8,70.15,4.0803,4.2927,305.20644,1.919694314629498,4.6499999999999915,2.7331410520532895,1.8940023297502315,eia_public_xls
2024-12-04,74.68,68.81,4.0845,4.2899,305.03046000000006,1.9185874316768041,5.8700000000000045,-0.16042780748661833,1.8950498141357468,eia_public_xls
2024-12-05,73.78,68.58,4.0554,4.2695,299.207412,1.8819614937070326,5.200000000000003,-1.2051419389394802,1.8952342476638553,eia_public_xls
2024-12-06,73.78,68.58,4.0341,4.2669,297.635898,1.8720769496877103,5.200000000000003,0.0,1.8938714150632863,eia_public_xls
2024-12-09,73.73,68.65,4.0298,4.2581,297.117154,1.8688141420367705,5.079999999999998,-0.06776904310110687,1.8955800337973125,eia_public_xls
2024-12-10,73.64,68.85,4.0518,4.2672,298.374552,1.8767229521910598,4.790000000000006,-0.12206700122067149,1.8981442252091891,eia_public_xls
2024-12-11,74.38,70.57,4.0628,4.2661,302.191064,1.9007281350047487,3.8100000000000023,1.0048886474741892,1.9001216604711917,eia_public_xls
2024-12-12,73.52,70.25,4.074,4.2818,299.52047999999996,1.88393063583815,3.269999999999996,-1.1562247916106494,1.9013981390512016,eia_public_xls
2024-12-13,74.89,71.54,4.0738,4.2722,305.086882,1.9189423160384182,3.3499999999999943,1.863438520130578,1.9035225192416154,eia_public_xls
2024-12-16,74.3,71.03,4.0571,4.2622,301.44253,1.8960199890557088,3.269999999999996,-0.7878221391374063,1.9041229014531587,eia_public_xls
2024-12-17,73.16,70.31,4.0623,4.2599,297.19786799999997,1.8693218187650562,2.8499999999999943,-1.534320323014804,1.9018135604378554,eia_public_xls
2024-12-18,74.57,70.8,4.0621,4.2628,302.910797,1.905255127777743,3.769999999999996,1.9272826681246524,1.9001945301607468,eia_public_xls
2024-12-19,73.75,70.1,4.0944,4.2633,301.96200000000005,1.8992873631177396,3.6500000000000057,-1.0996379240981513,1.8993363421747274,eia_public_xls
2024-12-20,73.19,69.71,4.1002,4.2572,300.093638,1.8875356978872486,3.480000000000004,-0.7593220338983131,1.8999794492631472,eia_public_xls
2024-12-23,72.12,69.5,4.095,4.2621,295.3314,1.8575820664582638,2.6200000000000045,-1.4619483536002065,1.9011801296122743,eia_public_xls
2024-12-24,73.5,70.87,4.1127,4.2739,302.28345,1.901309226540535,2.6299999999999955,1.9134775374376023,1.9021671356777599,eia_public_xls
2024-12-27,73.77,71.28,4.1036,4.2747,302.722572,1.9040712259492916,2.489999999999995,0.3673469387755146,1.90322961541929,eia_public_xls
2024-12-30,74.24,71.73,4.096,4.2738,304.08704,1.912653487392051,2.509999999999991,0.6371153585468248,1.9035595082197496,eia_public_xls
2024-12-31,74.58,72.44,4.1012,4.273,305.867496,1.9238522394912794,2.1400000000000006,0.4579741379310498,1.904706705999023,eia_public_xls
2025-01-02,76.14,73.79,4.1219,4.2668,313.841466,1.9740070949197106,2.3499999999999943,2.091713596138378,1.906599684879896,eia_public_xls
2025-01-03,76.72,74.64,4.1512,4.2718,318.480064,2.0031830527024224,2.0799999999999983,0.7617546624638871,1.9094052811445799,eia_public_xls
2025-01-06,77.27,74.31,4.1512,4.2718,320.763224,2.0175437237006797,2.9599999999999937,0.7168925964546435,1.9125749876824314,eia_public_xls
2025-01-07,77.84,74.99,4.077,4.2515,317.35368,1.996098297345066,2.8500000000000085,0.7376730943445153,1.9140408710565435,eia_public_xls
2025-01-08,77.37,73.99,4.1335,4.2656,319.808895,2.0115411637429474,3.3800000000000097,-0.6038026721479905,1.9144761634599057,eia_public_xls
2025-01-09,78.44,,4.1523,4.2794,325.706412,2.0486354984998774,,1.3829649735039418,1.9184583743744248,eia_public_xls
2025-01-10,79.76,77.27,4.1415,4.2657,330.32604,2.077692138350934,2.490000000000009,1.682814890362061,1.9235082111535324,eia_public_xls
2025-01-13,82.69,79.57,4.1904,4.2715,346.50417600000003,2.1794497411738067,3.1200000000000045,3.6735205616850397,1.932663119416472,eia_public_xls
2025-01-14,82.39,78.2,4.1658,4.2737,343.220262,2.1587945052111177,4.189999999999998,-0.36280082234853017,1.9412247665951725,eia_public_xls
2025-01-15,83.48,80.73,4.133,4.2611,345.02284000000003,2.1701324007623266,2.75,1.3229760893312292,1.9501715190550173,eia_public_xls
2025-01-16,82.39,79.35,4.1433,4.262,341.366487,2.147134589620535,3.0400000000000063,-1.305701964542405,1.9594186273091512,eia_public_xls
2025-01-17,83.02,78.56,4.1462,4.2691,344.217524,2.1650671061155946,4.459999999999994,0.7646559048428259,1.9675977203586874,eia_public_xls
2025-01-20,81.68,,4.1321,4.2587,337.50992800000006,2.1228775182876594,,-1.6140688990604501,1.9744073899123828,eia_public_xls
2025-01-21,80.57,76.79,4.1101,4.2554,331.150757,2.082879461842792,3.779999999999987,-1.3589618021547678,1.981104655516908,eia_public_xls
2025-01-22,80.0,76.12,4.0646,4.2461,325.168,2.045248982621221,3.8799999999999955,-0.7074593521161687,1.9868770566146918,eia_public_xls
2025-01-23,78.62,75.03,4.0515,4.2182,318.52893,2.003490411165693,3.5900000000000034,-1.7249999999999988,1.991366265585656,eia_public_xls
2025-01-24,78.71,74.97,4.0124,4.21,315.816004,1.9864265883374115,3.739999999999995,0.11447468837444408,1.9950230534572009,eia_public_xls
2025-01-27,77.3,73.51,4.021,4.2176,310.82329999999996,1.9550233666903583,3.789999999999992,-1.7913861008766352,1.996832894513388,eia_public_xls
2025-01-28,78.01,74.15,4.0337,4.2092,314.66893699999997,1.9792117405825633,3.8599999999999994,0.9184993531694774,2.000008931338202,eia_public_xls
2025-01-29,77.02,72.94,4.0443,4.2077,311.49198599999994,1.9592292828973434,4.079999999999998,-1.2690680681963995,2.001351830233499,eia_public_xls
2025-01-30,77.42,73.1,4.0393,4.2039,312.722606,1.96696966418638,4.320000000000007,0.5193456245131234,2.003716819404522,eia_public_xls
2025-01-31,77.11,72.84,4.0576,4.213,312.881536,1.967969305666501,4.269999999999996,-0.40041332988891565,2.0070050689679033,eia_public_xls
2025-02-03,76.49,73.52,4.1352,4.2305,316.301448,1.9894799449011555,2.969999999999999,-0.8040461678122224,2.0098125628720167,eia_public_xls
2025-02-04,76.58,73.04,4.0864,4.2249,312.936512,1.9683150949448698,3.539999999999992,0.11766243953459377,2.0121134872662543,eia_public_xls
2025-02-05,74.71,71.39,4.0426,4.2059,302.022646,1.899668815689333,3.319999999999993,-2.4418908331157008,2.012517924526324,eia_public_xls
2025-02-06,74.54,70.97,4.0613,4.2073,302.729302,1.9041135564543015,3.5700000000000074,-0.22754651318429575,2.014068974192859,eia_public_xls
2025-02-07,74.68,71.32,4.0321,4.1898,301.117228,1.8939738972368811,3.3600000000000136,0.18781862087469126,2.01382446321607,eia_public_xls
2025-02-10,76.23,72.73,4.0548,4.1872,309.09740400000004,1.9441677873033647,3.5,2.075522228173532,2.015161015261206,eia_public_xls
2025-02-11,77.65,73.67,4.0497,4.1783,314.459205,1.9778925635429312,3.980000000000004,1.8627836809655074,2.017335651132902,eia_public_xls
2025-02-12,75.38,71.72,4.0215,4.1721,303.14066999999994,1.9067009881311048,3.6599999999999966,-2.9233741146168835,2.0167639427542294,eia_public_xls
2025-02-13,75.61,71.66,3.996,4.1652,302.13756,1.9003916043450095,3.950000000000003,0.3051207216768326,2.014310093068406,eia_public_xls
2025-02-14,75.19,71.05,3.972,4.1632,298.65468,1.8784849075710592,4.140000000000001,-0.555482079090075,2.010153488230694,eia_public_xls
2025-02-17,75.81,,3.9749,4.1635,301.337169,1.895357287073786,,0.824577736401122,2.0060806070097974,eia_public_xls
2025-02-18,76.46,72.21,3.9729,4.1574,303.76793399999997,1.9106463673130507,4.25,0.8574066745811848,2.003232209342064,eia_public_xls
2025-02-19,76.34,72.58,3.9875,4.1582,304.40575,1.9146581167013657,3.760000000000005,-0.15694480774259834,2.0000027744406776,eia_public_xls
2025-02-20,76.95,72.88,3.9974,4.1723,307.59993,1.9347489417373747,4.070000000000007,0.7990568509300466,1.9962065558819273,eia_public_xls
2025-02-21,74.88,70.72,3.9835,4.1705,298.28448,1.876156415304396,4.159999999999997,-2.690058479532176,1.989488698447043,eia_public_xls
2025-02-24,74.89,71.06,3.9734,4.1609,297.567926,1.8716494178769334,3.8299999999999983,0.013354700854706358,1.9792286876704805,eia_public_xls
2025-02-25,73.11,69.15,3.947,4.1339,288.56517,1.8150236811814804,3.9599999999999937,-2.3768193350247047,1.9677696602028258,eia_public_xls
2025-02-26,73.49,68.87,3.9434,4.1394,289.800466,1.8227934736802378,4.61999999999999,0.5197647380659198,1.9561916959667562,eia_public_xls
2025-02-27,75.01,70.62,3.9459,4.1371,295.981959,1.8616739670539102,4.390000000000001,2.0683086134168027,1.946676341881202,eia_public_xls
2025-02-28,74.76,69.97,3.9993,4.1575,298.987668,1.880579342965148,4.790000000000006,-0.33328889481402113,1.937193416442854,eia_public_xls
2025-03-03,72.85,68.63,4.0112,4.1827,292.2159199999999,1.8379862504481495,4.219999999999999,-2.554842161583748,1.9276970408482037,eia_public_xls
2025-03-04,72.31,68.47,3.9543,4.1568,285.935433,1.7984831023920194,3.8400000000000034,-0.7412491420727418,1.9182171621998445,eia_public_xls
2025-03-05,70.92,66.58,3.8785,4.1545,275.06322,1.730098813110506,4.340000000000003,-1.9222790761996955,1.9077121565494872,eia_public_xls
2025-03-06,71.08,66.62,3.8674,4.1766,274.894792,1.7290394308968657,4.459999999999994,0.2256063169768785,1.8985637905405262,eia_public_xls
2025-03-07,72.49,67.29,3.8448,4.176,278.709552,1.7530335939416428,5.199999999999989,1.9836803601575692,1.8907840240606675,eia_public_xls
2025-03-10,71.08,66.31,3.8573,4.1857,274.176884,1.7245239170498217,4.769999999999996,-1.9450958752931347,1.8831007090726497,eia_public_xls
2025-03-11,71.51,66.52,3.8481,4.1977,275.177631,1.7308184379854958,4.990000000000009,0.6049521665728808,1.874820932319414,eia_public_xls
2025-03-12,72.36,67.65,3.8496,4.2017,278.557056,1.7520744211790902,4.709999999999994,1.1886449447629621,1.867915770262139,eia_public_xls
2025-03-13,70.82,66.82,3.8568,4.196,273.13857599999994,1.7179931440935419,4.0,-2.1282476506357173,1.859616552925711,eia_public_xls
2025-03-14,71.94,67.43,3.8509,4.179,277.033746,1.7424930717605842,4.509999999999991,1.581474159841867,1.8521006784621803,eia_public_xls
2025-03-17,71.93,67.84,3.8329,4.1777,275.70049700000004,1.7341071722845267,4.090000000000003,-0.013900472616057424,1.8435882527082927,eia_public_xls
2025-03-18,71.93,67.49,3.8152,4.1776,274.427336,1.7260992156591421,4.440000000000012,0.0,1.8355143900654352,eia_public_xls
2025-03-19,71.94,67.4,3.8473,4.1945,276.774762,1.7408641083862204,4.539999999999992,0.013902405116072991,1.8302208998219982,eia_public_xls
2025-03-20,72.61,68.55,3.8675,4.1972,280.81917500000003,1.7663027480234235,4.060000000000002,0.9313316652766135,1.8256272062076353,eia_public_xls
2025-03-21,72.64,68.52,3.8774,4.1979,281.654336,1.771555762420827,4.1200000000000045,0.04131662305468797,1.821546601713767,eia_public_xls
2025-03-24,73.96,69.46,3.859,4.1832,285.41164,1.7951885374275884,4.5,1.8171806167400772,1.8165806267179079,eia_public_xls
2025-03-25,73.78,69.48,3.8578,4.1664,284.628484,1.7902626252460894,4.299999999999997,-0.24337479718765653,1.8103262954413462,eia_public_xls
2025-03-26,74.6,70.05,3.8614,4.1686,288.06043999999997,1.8118490191021905,4.549999999999997,1.1114123068582282,1.8071645631403825,eia_public_xls
2025-03-27,74.72,70.3,3.8913,4.1913,290.75793600000003,1.8288157899702493,4.420000000000002,0.16085790884718953,1.8047787026612239,eia_public_xls
2025-03-28,74.69,69.74,3.8817,4.1819,289.924173,1.8235715687446143,4.950000000000003,-0.04014989293361637,1.8029482580336758,eia_public_xls
2025-03-31,77.23,71.87,3.8643,4.1839,298.439889,1.8771339103197118,5.359999999999999,3.4007229883518564,1.8023408121418731,eia_public_xls
2025-04-01,77.78,71.61,3.8656,4.1818,300.66636800000003,1.8911380678923437,6.170000000000002,0.712158487634329,1.8016905354945163,eia_public_xls
2025-04-02,77.27,72.12,3.8707,4.1794,299.08898899999997,1.8812166340644203,5.1499999999999915,-0.6556955515556795,1.800575819406618,eia_public_xls
2025-04-03,72.54,67.43,3.7968,4.1791,275.41987200000005,1.7323420908627754,5.109999999999999,-6.12139251973598,1.793828924377465,eia_public_xls
2025-04-04,68.36,62.42,3.856,4.2403,263.59616,1.6579730418210294,5.939999999999998,-5.762338020402547,1.7865561452613528,eia_public_xls
2025-04-07,66.13,61.05,3.9097,4.2975,258.548461,1.6262239113889814,5.079999999999998,-3.2621416032767803,1.7783752950450875,eia_public_xls
2025-04-08,64.86,60.04,3.927,4.2946,254.70522,1.6020506079113388,4.82,-1.9204597005897384,1.7712761926027496,eia_public_xls
2025-04-09,67.3,62.63,3.8828,4.2818,261.31244,1.6436088485222062,4.669999999999995,3.7619488128276313,1.7653033717641484,eia_public_xls
2025-04-10,65.37,60.57,3.8637,4.2644,252.57006900000002,1.5886208872423533,4.800000000000004,-2.8677563150074192,1.7562016024370963,eia_public_xls
2025-04-11,66.83,61.91,3.7606,4.2972,251.320898,1.5807638234572639,4.920000000000002,2.233440416092991,1.7462077517868337,eia_public_xls
2025-04-14,67.18,61.99,3.7564,4.2776,252.35495200000003,1.5872678395088908,5.190000000000005,0.5237168936106595,1.7378504714221918,eia_public_xls
2025-04-15,66.58,61.74,3.7692,4.2767,250.953336,1.5784519237421928,4.839999999999996,-0.8931229532599061,1.730516098800531,eia_public_xls
2025-04-16,67.94,62.88,3.7851,4.3033,257.159694,1.6174888135507934,5.059999999999995,2.042655452087705,1.7267624321485404,eia_public_xls
2025-04-17,69.33,65.07,3.7684,4.2879,261.263172,1.6432989615503155,4.260000000000005,2.0459228731233514,1.7239044165036554,eia_public_xls
2025-04-22,68.93,64.6,3.722,4.2801,256.55746000000005,1.6137008686244791,4.3300000000000125,-0.5769508149430114,1.7192599923264167,eia_public_xls
2025-04-23,68.26,62.64,3.7583,4.2893,256.541558,1.6136008478680648,5.6200000000000045,-0.9720005802988596,1.7155625566870247,eia_public_xls
2025-04-24,67.5,63.55,3.7599,4.2789,253.79325,1.5963144785422707,3.950000000000003,-1.113389979490187,1.7110790913722507,eia_public_xls
2025-04-25,66.99,63.85,3.7611,4.2688,251.95608899999996,1.5847590620616778,3.1399999999999935,-0.7555555555555649,1.7055019127350035,eia_public_xls
2025-04-28,66.13,63.3,3.7701,4.2766,249.31671299999996,1.5681578556737341,2.8299999999999983,-1.2837736975668035,1.70050740312101,eia_public_xls
2025-04-29,64.04,61.84,3.7458,4.2646,239.88103200000003,1.508809097599175,2.200000000000003,-3.1604415545138154,1.6927179373156298,eia_public_xls
2025-04-30,63.37,59.55,3.7617,4.2778,238.37892899999997,1.499361136445118,3.8200000000000003,-1.0462211118051346,1.684893069454316,eia_public_xls
2025-05-01,62.37,60.59,3.7617,4.2778,234.61722899999998,1.4757007113789178,1.779999999999994,-1.578033769922671,1.6765464526449751,eia_public_xls
2025-05-02,61.57,59.67,3.7722,4.275,232.254354,1.4608386471849901,1.8999999999999986,-1.282667949334615,1.6672122706049342,eia_public_xls
2025-05-06,62.37,60.42,3.7789,4.2806,235.689993,1.4824482064571316,1.9499999999999957,1.2993340912782259,1.6577504525527247,eia_public_xls
2025-05-07,60.31,59.42,3.7642,4.2757,227.01890200000003,1.4279085837206817,0.8900000000000006,-3.302869969536626,1.6462955465960531,eia_public_xls
2025-05-08,62.22,61.25,3.784,4.2714,235.44047999999998,1.480878813991081,0.9699999999999989,3.1669706516332274,1.6358185558148362,eia_public_xls
2025-05-09,64.26,62.37,3.7681,4.2414,242.13810600000002,1.523005692289307,1.8900000000000077,3.2786885245901676,1.6269099913829435,eia_public_xls
2025-05-12,65.28,63.32,3.8011,4.2337,248.135808,1.560730172907219,1.9600000000000009,1.5873015873015817,1.6185393631764444,eia_public_xls
2025-05-13,66.93,65.04,3.8266,4.2525,256.11433800000003,1.610913709925969,1.8900000000000006,2.527573529411775,1.6112759605083016,eia_public_xls
2025-05-14,65.91,64.48,3.7775,4.2455,248.975025,1.5660086988244322,1.4299999999999926,-1.5239802779023037,1.602690531510962,eia_public_xls
2025-05-15,64.36,63.03,3.7804,4.2378,243.306544,1.5303549598394839,1.3299999999999983,-2.351691700804126,1.5911312331616212,eia_public_xls
2025-05-16,65.2,63.84,3.7853,4.2392,246.80156,1.5523379898985452,1.3599999999999994,1.3051584835301444,1.5798378972284945,eia_public_xls
2025-05-19,66.25,63.98,3.8004,4.2785,251.7765,1.583629479139804,2.270000000000003,1.6104294478527459,1.569918325397674,eia_public_xls
2025-05-20,66.93,63.97,3.7747,4.2497,252.64067100000003,1.5890649612861432,2.960000000000008,1.0264150943396277,1.5651424210784528,eia_public_xls
2025-05-21,65.86,62.93,3.7452,4.2403,246.658872,1.5514405077144673,2.9299999999999997,-1.5986851934857382,1.5615913366082341,eia_public_xls
2025-05-22,64.87,62.55,3.7559,4.2447,243.64523300000002,1.5324852535112936,2.3200000000000074,-1.5031885818402646,1.5584667146789781,eia_public_xls
2025-05-23,65.41,62.89,3.7506,4.2541,245.32674599999999,1.5430616717090075,2.519999999999996,0.8324340989671608,1.5565004168055667,eia_public_xls
2025-05-27,64.32,61.61,3.743,4.2479,240.74975999999998,1.5142732424663652,2.7099999999999937,-1.6664118636294245,1.5521892299370388,eia_public_xls
2025-05-28,65.72,62.54,3.7456,4.2447,246.160832,1.5483079245472902,3.1799999999999997,2.176616915422902,1.5508454645138703,eia_public_xls
2025-05-29,64.6,61.66,3.7588,4.2369,242.81847999999997,1.527285123940951,2.9399999999999977,-1.704199634814374,1.5490628411966596,eia_public_xls
2025-05-30,64.32,61.46,3.7537,4.2507,241.43798399999997,1.5186020492241503,2.8599999999999923,-0.43343653250774716,1.5467739815205017,eia_public_xls
2025-06-02,66.55,63.27,3.7282,4.2578,248.11171,1.5605786007661004,3.279999999999994,3.467039800995031,1.5461782040879652,eia_public_xls
2025-06-03,67.48,64.1,3.7437,4.2721,252.62487600000003,1.58896561354073,3.3800000000000097,1.397445529676955,1.5452274307542964,eia_public_xls
2025-06-04,66.69,63.57,3.7525,4.2778,250.254225,1.5740546396875217,3.1199999999999974,-1.1707172495554308,1.5429192866922035,eia_public_xls
2025-06-05,67.14,64.06,3.7495,4.2791,251.74142999999998,1.583408895066892,3.0799999999999983,0.6747638326585648,1.5419095542402839,eia_public_xls
2025-06-06,68.02,65.3,3.7565,4.2881,255.51712999999998,1.607157377647229,2.719999999999999,1.31069407208817,1.5416947718995895,eia_public_xls
2025-06-09,68.73,65.99,3.7427,4.2772,257.235771,1.617967324372433,2.740000000000009,1.0438106439282668,1.5424165334272613,eia_public_xls
2025-06-10,68.41,65.66,3.7352,4.2611,255.52503199999998,1.6072070798241365,2.75,-0.46558998981522937,1.54316480068601,eia_public_xls
2025-06-11,71.29,68.91,3.7306,4.2643,265.954474,1.6728064181348161,2.3800000000000097,4.2099108317497524,1.5466530861013794,eia_public_xls
2025-06-12,70.84,68.73,3.6929,4.2631,261.605036,1.6454492254083666,2.1099999999999994,-0.6312245756768142,1.5512077570283522,eia_public_xls
2025-06-13,76.0,73.84,3.7056,4.272,281.6256,1.7713750180832397,2.1599999999999966,7.284020327498575,1.5602748864162899,eia_public_xls
2025-06-16,75.05,72.53,3.6804,4.2612,276.21402,1.737337140772516,2.519999999999996,-1.2500000000000067,1.5689961007294098,eia_public_xls
2025-06-17,78.7,75.62,3.7005,4.275,291.22935,1.831780900325184,3.0799999999999983,4.863424383744186,1.5813608425007497,eia_public_xls
2025-06-18,78.38,75.89,3.7137,4.2717,291.07980599999996,1.8308402951184686,2.489999999999995,-0.4066073697585826,1.5929739121227942,eia_public_xls
2025-06-19,80.37,,3.7137,4.2717,298.470069,1.8773237371609002,,2.538912988007147,1.6079544172374682,eia_public_xls
2025-06-20,78.73,75.72,3.7067,4.2709,291.82849100000004,1.8355493908306972,3.010000000000005,-2.040562398905066,1.6197767697987886,eia_public_xls
2025-06-23,74.34,69.36,3.7212,4.2727,276.634008,1.739978790718738,4.980000000000004,-5.576019306490543,1.627009206413103,eia_public_xls
2025-06-24,69.13,65.45,3.6753,4.2604,254.073489,1.598077132092561,3.6799999999999926,-7.008340059187523,1.6282541050526145,eia_public_xls
2025-06-25,68.4,65.98,3.659,4.2479,250.2756,1.5741890846421407,2.4200000000000017,-1.0559814841602622,1.627029950876487,eia_public_xls
2025-06-26,68.57,66.44,3.6222,4.2479,248.37425399999998,1.5622299559083446,2.1299999999999955,0.24853801169588685,1.6269039927792839,eia_public_xls
2025-06-27,69.37,66.66,3.6177,4.2362,250.95984900000002,1.5784928893557337,2.710000000000008,1.1666909727286123,1.6285085904298255,eia_public_xls
2025-06-30,68.15,66.3,3.6164,4.2419,246.45766000000003,1.5501749199620096,1.8500000000000085,-1.7586853106530187,1.6284364880986077,eia_public_xls
2025-07-01,67.63,66.64,3.593,4.2415,242.99459,1.5283928245705622,0.9899999999999949,-0.7630227439471948,1.626595266279633,eia_public_xls
2025-07-02,70.8,68.66,3.609,4.25,255.5172,1.6071578179347998,2.1400000000000006,4.687268963477753,1.6271983615012549,eia_public_xls
2025-07-03,70.42,68.13,3.6137,4.2634,254.47675400000003,1.6006135973381475,2.2900000000000063,-0.5367231638418013,1.628837464488711,eia_public_xls
2025-07-04,71.03,,3.6108,4.2515,256.475124,1.6131829898041978,,0.86623118432263,1.6315273890318076,eia_public_xls
2025-07-07,71.95,69.16,3.6269,4.2524,260.95545500000003,1.6413634762590654,2.7900000000000063,1.2952273687174554,1.6348041158501432,eia_public_xls
2025-07-08,72.5,69.55,3.6135,4.2455,261.97875,1.6477998201110782,2.950000000000003,0.7644197359277127,1.6392550017716334,eia_public_xls
2025-07-09,71.98,69.61,3.6198,4.2399,260.55320400000005,1.6388333888934319,2.3700000000000045,-0.7172413793103405,1.642272517249838,eia_public_xls
2025-07-10,70.38,67.78,3.6209,4.2464,254.83894199999997,1.6028916955474346,2.5999999999999943,-2.2228396776882597,1.6447927363033874,eia_public_xls
2025-07-11,72.06,69.63,3.6432,4.2563,262.528992,1.6512607445891805,2.430000000000007,2.3870417732310356,1.649214692815555,eia_public_xls
2025-07-14,70.96,68.19,3.6475,4.2614,258.8266,1.6279733563121512,2.769999999999996,-1.5265056897030393,1.6514611846670904,eia_public_xls
2025-07-15,70.27,67.76,3.6396,4.2538,255.754692,1.6086516004453195,2.509999999999991,-0.9723788049605386,1.6521173842305765,eia_public_xls
2025-07-16,69.67,67.13,3.6631,4.2585,255.208177,1.6052141181354451,2.5400000000000063,-0.8538494378824479,1.653156033512174,eia_public_xls
2025-07-17,71.32,68.76,3.6686,4.2559,261.644552,1.645697774031839,2.559999999999988,2.3683077364719196,1.6552323294776723,eia_public_xls
2025-07-18,71.06,68.53,3.6535,4.2509,259.61771000000005,1.6329492977413251,2.530000000000001,-0.3645541222658366,1.6560920601474753,eia_public_xls
2025-07-21,71.92,68.39,3.6455,4.2445,262.18436,1.6490930705026199,3.530000000000001,1.2102448634956353,1.6571295850184817,eia_public_xls
2025-07-22,69.69,67.56,3.6353,4.2531,253.344057,1.5934891343317379,2.1299999999999955,-3.1006674082313723,1.656672320168735,eia_public_xls
2025-07-23,69.17,66.05,3.626,4.2544,250.81042,1.5775530074785988,3.1200000000000045,-0.746161572679005,1.6534972064801943,eia_public_xls
2025-07-24,70.42,67.16,3.6158,4.2514,254.624636,1.6015437488599698,3.260000000000005,1.807141824490377,1.6520336905952482,eia_public_xls
2025-07-25,69.23,66.38,3.6228,4.2544,250.806444,1.5775279991445843,2.8500000000000085,-1.6898608349900535,1.6455721232972929,eia_public_xls
2025-07-28,70.87,67.81,3.6446,4.2565,258.292802,1.624615861674225,3.0600000000000023,2.368915210168998,1.6418147473273497,eia_public_xls
2025-07-29,73.21,70.27,3.6941,4.2737,270.445061,1.701051413008611,2.9399999999999977,3.301820234231667,1.6374570977501306,eia_public_xls
2025-07-30,73.98,71.09,3.6981,4.2732,273.585438,1.7208038267279715,2.8900000000000006,1.0517688840322448,1.6337892154704472,eia_public_xls
2025-07-31,73.43,70.36,3.7257,4.2661,273.578151,1.7207579927918635,3.0700000000000074,-0.7434441741011044,1.6285703573248127,eia_public_xls
2025-08-01,70.55,68.39,3.7536,4.2813,264.81648,1.665648637938951,2.1599999999999966,-3.9221026828272,1.6229069988950882,eia_public_xls
2025-08-04,69.56,67.33,3.6977,4.2734,257.212012,1.6178178844811213,2.230000000000004,-1.4032600992204047,1.6188349686871675,eia_public_xls
2025-08-05,69.14,66.2,3.7066,4.2763,256.274324,1.6119199934585846,2.9399999999999977,-0.6037952846463468,1.6192963973993681,eia_public_xls
2025-08-06,67.97,65.38,3.6994,4.282,251.44821799999997,1.5815646436501096,2.5900000000000034,-1.6922186867225908,1.6195422493663005,eia_public_xls
2025-08-07,66.99,64.9,3.6477,4.2618,244.35942299999996,1.5369773817985117,2.089999999999989,-1.4418125643666402,1.6187004968959726,eia_public_xls
2025-08-08,67.17,64.94,3.6577,4.2566,245.687709,1.5453320648858084,2.230000000000004,0.2686968204209661,1.6175951360803085,eia_public_xls
2025-08-11,67.36,65.03,3.6495,4.2533,245.83032,1.5462290627535584,2.3299999999999983,0.2828643739764658,1.6174636075066933,eia_public_xls
2025-08-12,66.8,64.22,3.6702,4.2626,245.16935999999998,1.5420717417147314,2.5799999999999983,-0.8313539192399078,1.6179195714114991,eia_public_xls
2025-08-13,66.25,63.68,3.6353,4.2586,240.838625,1.5148321875373458,2.5700000000000003,-0.8233532934131649,1.6148420503982508,eia_public_xls
2025-08-14,68.12,64.99,3.6542,4.2639,248.924104,1.565688414776051,3.1300000000000097,2.822641509433965,1.6136778776461809,eia_public_xls
2025-08-15,67.3,63.78,3.6542,4.2639,245.92765999999997,1.5468413140697037,3.519999999999996,-1.2037580739870934,1.611466488455031,eia_public_xls
2025-08-18,68.18,64.51,3.6434,4.2558,248.40701200000004,1.5624359979117792,3.6700000000000017,1.3075780089153222,1.6088355725101213,eia_public_xls
2025-08-19,66.62,63.38,3.6332,4.242,242.04378400000002,1.5224124236572802,3.240000000000002,-2.2880610149604075,1.6046559926283281,eia_public_xls
2025-08-20,67.61,64.19,3.654,4.2524,247.04693999999998,1.5538813865284582,3.4200000000000017,1.4860402281597018,1.6018242592161624,eia_public_xls
2025-08-21,68.41,64.56,3.6483,4.2521,249.58020299999998,1.5698151609880053,3.8499999999999943,1.1832569146575933,1.6007217080641816,eia_public_xls
2025-08-22,68.29,64.08,3.6786,4.267,251.21159400000002,1.5800763207054667,4.210000000000008,-0.17541295132289525,1.5983488939347243,eia_public_xls
2025-08-26,66.89,63.6,3.6716,4.2657,245.59332400000002,1.5447383999949684,3.289999999999999,-2.0500805388783183,1.5955743953908184,eia_public_xls
2025-08-27,67.75,64.49,3.6793,4.2639,249.272575,1.567880235490952,3.260000000000005,1.2856929286888974,1.594215349892339,eia_public_xls
2025-08-28,68.61,64.96,3.6658,4.2681,251.510538,1.5819566253844655,3.6500000000000057,1.2693726937269334,1.5934401001339735,eia_public_xls
2025-08-29,67.83,64.36,3.6559,4.2684,247.979697,1.5597482624365513,3.469999999999999,-1.13686051595977,1.5905751164141304,eia_public_xls
2025-09-01,67.09,,3.6278,4.2574,243.389102,1.5308742350003461,,-1.090962700869813,1.5871726143227645,eia_public_xls
2025-09-02,68.09,65.95,3.6626,4.2651,249.386434,1.568596388383956,2.1400000000000006,1.4905351021016644,1.5844893915854754,eia_public_xls
2025-09-03,67.76,64.36,3.6538,4.2589,247.581488,1.5572435985332136,3.4000000000000057,-0.4846526655896577,1.5832812070588582,eia_public_xls
2025-09-04,66.41,63.81,3.6501,4.2553,242.403141,1.524672715379245,2.5999999999999943,-1.9923258559622292,1.5815185306555464,eia_public_xls
2025-09-05,64.92,62.22,3.6357,4.2476,236.029644,1.484584550938127,2.700000000000003,-2.2436380063243444,1.5776198907248182,eia_public_xls
2025-09-08,65.44,62.6,3.6214,4.2484,236.98441599999998,1.4905898972871996,2.8399999999999963,0.800985828712264,1.5747219539962387,eia_public_xls
2025-09-09,67.97,62.97,3.6173,4.254,245.867881,1.546465314774164,5.0,3.8661369193154105,1.5721169357662366,eia_public_xls
2025-09-10,67.62,64.01,3.6414,4.2604,246.231468,1.5487522124450428,3.6099999999999994,-0.5149330587023604,1.567040295747451,eia_public_xls
2025-09-11,67.25,62.71,3.6459,4.2626,245.186775,1.5421812789724947,4.539999999999999,-0.5471753918958933,1.5610862108222685,eia_public_xls
2025-09-12,67.87,63.02,3.635,4.2593,246.70745,1.5517460547088755,4.850000000000001,0.9219330855018582,1.5554524795528357,eia_public_xls
2025-09-15,67.88,63.66,3.6188,4.2476,245.64414399999998,1.545058048771283,4.219999999999999,0.014734050390430298,1.5514327932472467,eia_public_xls
2025-09-16,69.69,64.89,3.6034,4.2504,251.120946,1.5795061608810783,4.799999999999997,2.666470241602825,1.550155735793912,eia_public_xls
2025-09-17,69.19,64.41,3.5919,4.2559,248.52356099999997,1.5631690704271417,4.780000000000001,-0.717463050652889,1.5485307050261972,eia_public_xls
2025-09-18,67.83,63.91,3.5986,4.2564,244.09303799999998,1.535301867448282,3.9200000000000017,-1.9656019656019597,1.546988612486136,eia_public_xls
2025-09-19,67.05,63.02,3.6278,4.2666,243.24399,1.5299615062866776,4.029999999999994,-1.1499336576735963,1.5467547499690752,eia_public_xls
2025-09-22,66.87,62.99,3.6255,4.2645,242.43718500000003,1.524886846094335,3.8800000000000026,-0.26845637583891024,1.546073242676026,eia_public_xls
2025-09-23,67.96,63.76,3.605,4.2552,244.99579999999997,1.5409800801323377,4.199999999999996,1.6300284133393017,1.545898276588652,eia_public_xls
2025-09-24,69.64,65.4,3.6254,4.2676,252.472856,1.5880094347336575,4.239999999999995,2.4720423778693545,1.547429533022616,eia_public_xls
2025-09-25,70.48,65.51,3.6295,4.2619,255.80716000000004,1.608981614849013,4.969999999999999,1.2062033314187204,1.5505678472663385,eia_public_xls
2025-09-26,71.15,66.5,3.6528,4.2668,259.89672,1.6347042210998386,4.650000000000006,0.9506242905788831,1.552868374143798,eia_public_xls
2025-09-29,69.0,64.27,3.6411,4.2688,251.2359,1.5802292011296522,4.730000000000004,-3.021784961349272,1.5539813037124628,eia_public_xls
2025-09-30,68.52,63.17,3.6315,4.2692,248.83038,1.5650989074578425,5.349999999999994,-0.6956521739130528,1.5540700673639984,eia_public_xls
2025-10-01,66.67,62.59,3.6245,4.2586,241.64541499999999,1.519906753382352,4.079999999999998,-2.699941622883817,1.553986545021501,eia_public_xls
2025-10-02,65.44,61.28,3.621,4.256,236.95824,1.4904252548950543,4.159999999999997,-1.8449077546122794,1.5518713406337206,eia_public_xls
2025-10-03,66.13,61.65,3.6253,4.2559,239.741089,1.50792888097769,4.479999999999997,1.0544009779950958,1.5498084646333767,eia_public_xls
2025-10-06,67.09,62.49,3.6446,4.2521,244.51621400000002,1.5379635693484375,4.600000000000001,1.4516860728867487,1.5484047062548092,eia_public_xls
2025-10-07,67.1,62.52,3.6481,4.2559,244.78750999999997,1.5396699730166616,4.579999999999991,0.014905351020999547,1.5482357586888655,eia_public_xls
2025-10-08,67.42,63.37,3.6619,4.2533,246.885298,1.5528646870498846,4.050000000000004,0.47690014903130074,1.5477352404074969,eia_public_xls
2025-10-09,67.23,62.36,3.6659,4.2569,246.45845700000004,1.550179932950493,4.8700000000000045,-0.28181548501927667,1.5466760173263643,eia_public_xls
2025-10-10,64.41,59.75,3.6778,4.2583,236.88709799999998,1.4899777843471478,4.659999999999997,-4.194556001784933,1.544350334723384,eia_public_xls
2025-10-13,64.15,,3.6763,4.2592,235.83464500000002,1.4833580418524788,,-0.4036640273249348,1.5427664616184553,eia_public_xls
2025-10-14,63.0,59.52,3.6897,4.2645,232.45110000000003,1.4620761445904384,3.479999999999997,-1.7926734216679785,1.539215786825338,eia_public_xls
2025-10-15,62.33,59.08,3.6585,4.2556,228.034305,1.4342952882940114,3.25,-1.0634920634920664,1.5351175098173644,eia_public_xls
2025-10-16,61.08,58.29,3.6467,4.2517,222.740436,1.400997792272324,2.789999999999999,-2.0054548371570724,1.5309950123804674,eia_public_xls
2025-10-17,61.23,58.3,3.6388,4.2565,222.803724,1.4013958625548,2.9299999999999997,0.24557956777995216,1.528222056101023,eia_public_xls
2025-10-20,60.71,58.34,3.6349,4.2396,220.674779,1.3880051765238668,2.3699999999999974,-0.8492569002123029,1.524802565408912,eia_public_xls
2025-10-21,61.0,58.66,3.6479,4.2392,222.5219,1.3996232396359451,2.3400000000000034,0.47768077746663806,1.5199078295709714,eia_public_xls
2025-10-22,62.28,59.3,3.6591,4.2438,227.888748,1.433379760609358,2.980000000000004,2.0983606557376966,1.5160620811764483,eia_public_xls
2025-10-23,66.32,62.44,3.6519,4.2347,242.19400799999997,1.523357305943253,3.8799999999999955,6.486833654463697,1.5154346154088072,eia_public_xls
2025-10-24,65.8,62.27,3.6481,4.2353,240.04497999999998,1.5098403014082913,3.529999999999994,-0.7840772014475195,1.5140377569654542,eia_public_xls
2025-10-27,65.52,62.13,3.6395,4.2353,238.46004,1.4998713102329122,3.3899999999999935,-0.42553191489361764,1.5125315323475086,eia_public_xls
2025-10-28,64.03,60.97,3.6327,4.2345,232.601781,1.4630239013252655,3.0600000000000023,-2.274114774114766,1.5086487903623147,eia_public_xls
2025-10-29,65.01,61.26,3.6399,4.2374,236.62989900000002,1.4883600483058366,3.750000000000007,1.5305325628611754,1.5061551562916047,eia_public_xls
2025-10-30,65.11,61.36,3.652,4.2425,237.78172,1.495604797876556,3.75,0.15382248884785454,1.5048319206392138,eia_public_xls
2025-10-31,65.44,61.75,3.6751,4.2543,240.49854399999998,1.512693138432702,3.6899999999999977,0.5068345876209523,1.5042563083774145,eia_public_xls
2025-11-03,65.79,61.79,3.6933,4.2527,242.98220700000002,1.5283149376993088,4.000000000000007,0.5348410757946231,1.5043705780975805,eia_public_xls
2025-11-04,65.04,61.38,3.7019,4.2575,240.77157600000004,1.5144104612326796,3.6600000000000037,-1.1399908800729608,1.5034849241342585,eia_public_xls
2025-11-05,63.54,60.4,3.7091,4.2597,235.676214,1.4823615389937541,3.1400000000000006,-2.306273062730635,1.4999633276095952,eia_public_xls
2025-11-06,63.41,60.24,3.6971,4.2566,234.43311099999997,1.4745426418512204,3.1699999999999946,-0.2045955303745739,1.4954820285096686,eia_public_xls
2025-11-07,63.72,60.54,3.6818,4.2483,234.604296,1.475619365105323,3.1799999999999997,0.48888187982969455,1.490179199976518,eia_public_xls
2025-11-10,63.01,60.94,3.661,4.2351,230.67961,1.4509337870391918,2.0700000000000003,-1.1142498430634085,1.4858693528401692,eia_public_xls
2025-11-11,63.86,,3.661,4.2351,233.79146,1.4705067709938549,,1.348992223456591,1.482716281624703,eia_public_xls
2025-11-12,61.88,59.3,3.657,4.2312,226.29516,1.4233563750495324,2.5800000000000054,-3.1005324146570534,1.4794979356802758,eia_public_xls
2025-11-13,62.14,59.54,3.6417,4.2304,226.295238,1.4233568656556828,2.6000000000000014,0.42016806722688926,1.47726232270563,eia_public_xls
2025-11-14,63.45,60.87,3.6376,4.2274,230.80572,1.4517269965468875,2.5800000000000054,2.108142903121979,1.4753889265579365,eia_public_xls
2025-11-17,63.16,60.66,3.64,4.2231,229.9024,1.446045274141911,2.5,-0.45705279747834116,1.4723249833843857,eia_public_xls
2025-11-18,64.86,61.51,3.6525,4.2331,236.90115,1.4900661689320511,3.3500000000000014,2.6915769474350926,1.470671523248232,eia_public_xls
2025-11-19,63.78,60.27,3.6656,4.2424,233.791968,1.4705099662236536,3.509999999999998,-1.6651248843663202,1.4679263658873576,eia_public_xls
2025-11-20,63.64,60.07,3.6684,4.2289,233.456976,1.4684029260253983,3.5700000000000003,-0.21950454687990062,1.4652004656565214,eia_public_xls
2025-11-21,62.78,58.86,3.6868,4.2489,231.457304,1.455825344210533,3.9200000000000017,-1.3513513513513487,1.4640620509853008,eia_public_xls
2025-11-24,64.83,59.11,3.6726,4.2345,238.094658,1.4975731223307567,5.719999999999999,3.2653711373048733,1.4645358870012433,eia_public_xls
2025-11-25,63.99,58.25,3.6675,4.2301,234.683325,1.4761164434828005,5.740000000000002,-1.2956964368347923,1.4650038969643222,eia_public_xls
2025-11-26,64.81,58.81,3.6578,4.233,237.062018,1.4910780000880575,6.0,1.2814502265979133,1.4668966540241235,eia_public_xls
2025-11-27,64.18,,3.651,4.227,234.32118,1.4738386157358778,,-0.972072211078534,1.4693246814729086,eia_public_xls
2025-11-28,64.07,58.58,3.6624,4.2369,234.64996799999997,1.4759066338757256,5.489999999999995,-0.1713929573075923,1.471808373850273,eia_public_xls
2025-12-01,64.22,59.47,3.6383,4.2286,233.651626,1.469627239963016,4.75,0.23411893241767068,1.4745291092982444,eia_public_xls
2025-12-02,63.37,58.81,3.6512,4.239,231.37654399999997,1.4553173781504147,4.559999999999995,-1.323575210214889,1.4763855805820603,eia_public_xls
2025-12-03,63.75,59.09,3.6333,4.2312,231.62287500000002,1.456866756401467,4.659999999999997,0.5996528325706185,1.4771684804417973,eia_public_xls
2025-12-04,64.15,59.82,3.6221,4.2299,232.357715,1.4614887695220364,4.330000000000005,0.6274509803921635,1.4751061958944232,eia_public_xls
2025-12-05,64.42,60.23,3.6313,4.2321,233.928346,1.4713677596281458,4.190000000000005,0.4208885424785702,1.4738237778350851,eia_public_xls
2025-12-08,63.3,59.04,3.63,4.2289,229.779,1.4452691100530233,4.259999999999998,-1.738590499844772,1.4720037044957555,eia_public_xls
2025-12-09,62.62,58.4,3.6336,4.234,227.53603199999998,1.431161239598206,4.219999999999999,-1.0742496050552885,1.47094161577152,eia_public_xls
2025-12-10,63.12,58.67,3.6329,4.2274,229.30864799999998,1.442310679489518,4.449999999999996,0.7984669434685454,1.4694066368109762,eia_public_xls
2025-12-11,61.87,57.76,3.6132,4.2284,223.54868399999998,1.4060815286784454,4.109999999999999,-1.980354879594426,1.4664225278377059,eia_public_xls
2025-12-12,62.11,57.61,3.6027,4.2271,223.763697,1.4074339222703744,4.5,0.3879101341522473,1.4629138872989613,eia_public_xls
2025-12-15,61.55,56.97,3.5928,4.2192,221.13683999999998,1.3909114581695359,4.579999999999998,-0.9016261471582743,1.4583337713146358,eia_public_xls
2025-12-16,59.93,55.44,3.593,4.2239,215.32849,1.354377968009963,4.490000000000002,-2.6320064987814695,1.4529993548738787,eia_public_xls
2025-12-17,60.61,56.07,3.5976,4.2149,218.050536,1.3714991540188821,4.539999999999999,1.1346570999499317,1.4493039420413827,eia_public_xls
2025-12-18,60.69,56.22,3.5893,4.2076,217.834617,1.370141061847824,4.469999999999999,0.13199142055766444,1.445823889374603,eia_public_xls
2025-12-19,61.35,56.8,3.5941,4.2094,220.49803500000002,1.3868934881468298,4.550000000000004,1.0874938210578389,1.4428663601426532,eia_public_xls
2025-12-22,62.22,58.18,3.5904,4.2115,223.39468799999997,1.4051129211822349,4.039999999999999,1.418092909535451,1.4413389979474214,eia_public_xls
2025-12-23,63.7,58.55,3.5848,4.2274,228.35176,1.436292023876166,5.150000000000006,2.3786563805850314,1.4401985063768317,eia_public_xls
2025-12-24,63.7,58.72,3.5848,4.2274,228.35176,1.436292023876166,4.980000000000004,0.0,1.4406296946710526,eia_public_xls
2025-12-29,63.1,57.89,3.5898,4.2274,226.51638,1.424747809569336,5.210000000000001,-0.9419152276295195,1.4406760594681747,eia_public_xls
2025-12-30,62.3,57.79,3.5936,4.2293,223.88127999999998,1.4081734984621384,4.509999999999998,-1.267828843106189,1.439224276198683,eia_public_xls
2025-12-31,61.35,57.26,3.6016,4.2267,220.95816,1.3897875926962582,4.090000000000003,-1.5248796147672494,1.4373490201504946,eia_public_xls
2026-01-02,61.98,57.21,3.5963,4.2156,222.89867399999997,1.4019930811953176,4.769999999999996,1.0268948655256738,1.4344132505592702,eia_public_xls
2026-01-05,63.0,58.1,3.6045,4.211,227.0835,1.4283148936705516,4.899999999999999,1.645692158760892,1.4330067481408335,eia_public_xls
2026-01-06,62.1,56.97,3.6045,4.211,223.83945,1.4079103951895438,5.130000000000003,-1.4285714285714235,1.4309903304463047,eia_public_xls
2026-01-07,61.08,56.01,3.6035,4.2105,220.10178,1.384401114556536,5.07,-1.6425120772946888,1.4286095227911715,eia_public_xls
2026-01-08,63.34,57.74,3.607,4.2119,228.46738000000002,1.4370192531464838,5.600000000000001,3.7000654878847516,1.4265910604850291,eia_public_xls
2026-01-09,65.11,58.96,3.6184,4.2127,235.594024,1.4818445784875494,6.149999999999999,2.794442690243115,1.4267819983185208,eia_public_xls
2026-01-12,65.4,59.39,3.6037,4.2097,235.68198,1.4823978061099337,6.010000000000005,0.4454000921517487,1.4264926585192501,eia_public_xls
2026-01-13,67.58,60.85,3.6083,4.2116,243.84891399999998,1.5337663708353513,6.729999999999997,3.3333333333333215,1.4284902503558992,eia_public_xls
2026-01-14,68.87,61.84,3.614,4.211,248.89618000000002,1.5655127777742837,7.030000000000001,1.9088487718259994,1.4314771218191844,eia_public_xls
2026-01-15,66.16,59.13,3.6153,4.2068,239.188248,1.504451609251071,7.029999999999994,-3.9349499056192894,1.4326379341287863,eia_public_xls
2026-01-16,66.97,59.4,3.6346,4.2192,243.40916199999998,1.5310004088384583,7.57,1.2243047158403852,1.4351607018183876,eia_public_xls
2026-01-19,66.91,,3.6331,4.2231,243.090721,1.5289974714913799,,-0.08959235478572802,1.4375650589880515,eia_public_xls
2026-01-20,67.68,60.3,3.6054,4.2279,244.013472,1.5348014114361552,7.38000000000001,1.1507995815274397,1.440008813718522,eia_public_xls
2026-01-21,66.72,60.38,3.6118,4.2271,240.979296,1.5157169831495658,6.339999999999996,-1.4184397163120699,1.4414871211692362,eia_public_xls
2026-01-22,65.46,59.24,3.6028,4.2128,235.83928799999995,1.4833872454980594,6.219999999999992,-1.888489208633104,1.4427577256840707,eia_public_xls
2026-01-23,68.16,60.7,3.5831,4.205,244.22409599999997,1.5361261989974022,7.459999999999994,4.124656278643446,1.4462565576640438,eia_public_xls
2026-01-26,67.7,60.46,3.5499,4.2118,240.32823000000002,1.5116218936139434,7.240000000000002,-0.6748826291079757,1.4485669314681915,eia_public_xls
2026-01-27,70.28,62.04,3.5354,4.2032,248.467912,1.5628190480982722,8.240000000000002,3.8109305760708923,1.453791515448852,eia_public_xls
2026-01-28,70.9,62.75,3.5045,4.2009,248.46905000000004,1.5628262059162072,8.150000000000006,0.8821855435401371,1.4589712582370467,eia_public_xls
2026-01-29,71.0,64.77,3.5189,4.2072,249.84189999999998,1.5714611886506444,6.230000000000004,0.14104372355430161,1.4649895825864168,eia_public_xls
2026-01-30,72.25,64.5,3.5379,4.2131,255.61327500000002,1.6077621126255608,7.75,1.760563380281699,1.4734357207402702,eia_public_xls
2026-02-02,67.72,61.6,3.5495,4.2106,240.37214,1.5118980797172097,6.119999999999997,-6.269896193771629,1.4781156849302144,eia_public_xls
2026-02-03,70.01,62.62,3.5785,4.2198,250.530785,1.5757941529810615,7.390000000000008,3.381571175428233,1.484970787967989,eia_public_xls
2026-02-04,71.15,64.56,3.5755,4.2241,254.396825,1.6001108581204753,6.590000000000003,1.6283388087416029,1.4920780336337771,eia_public_xls
2026-02-05,69.87,62.9,3.5799,4.2175,250.127613,1.5732582726889621,6.970000000000006,-1.7990161630358381,1.4976828786840015,eia_public_xls
2026-02-06,70.45,63.77,3.5749,4.2155,251.851705,1.5841025052362774,6.68,0.8301130671246604,1.5026098947293385,eia_public_xls
2026-02-09,71.19,64.53,3.5527,4.2142,252.91671300000002,1.5908012164516596,6.659999999999997,1.050390347764374,1.5077602011485216,eia_public_xls
2026-02-10,71.01,64.2,3.5377,4.2148,251.21207700000002,1.5800793586897044,6.810000000000002,-0.25284450063209896,1.5129379194525339,eia_public_xls
2026-02-11,71.52,64.8,3.5387,4.2174,253.08782399999998,1.5918774742589017,6.719999999999999,0.7182087029995676,1.519061385312426,eia_public_xls
2026-02-12,69.8,63.08,3.5441,4.2131,247.37818,1.555964827312925,6.719999999999999,-2.4049217002237167,1.5246006264663152,eia_public_xls
2026-02-13,69.96,63.05,3.5528,4.214,248.55388799999997,1.5633598218722284,6.909999999999997,0.22922636103150928,1.529979517822212,eia_public_xls
2026-02-16,70.81,,3.5467,4.208,251.141827,1.5796374986634127,,1.2149799885649015,1.5350236046553072,eia_public_xls
2026-02-17,69.77,62.53,3.5607,4.2182,248.430039,1.562580833653066,7.239999999999995,-1.4687191074707062,1.5401792859374248,eia_public_xls
2026-02-18,71.78,65.33,3.561,4.2148,255.60858,1.6077325819092128,6.450000000000003,2.8808943672065324,1.547623668182514,eia_public_xls
2026-02-19,73.17,66.66,3.578,4.222,261.80226,1.6466897293489404,6.510000000000005,1.9364725550292672,1.5546126840559291,eia_public_xls
2026-02-20,72.75,66.69,3.5898,4.2241,261.15794999999997,1.6426371338537111,6.060000000000002,-0.5740057400574039,1.559972435901468,eia_public_xls
2026-02-23,71.9,66.36,3.5737,4.2173,256.94903000000005,1.616163774396649,5.540000000000006,-1.1683848797250818,1.5644313015110252,eia_public_xls
2026-02-24,71.21,65.62,3.5793,4.2193,254.88195299999998,1.603162227100329,5.589999999999989,-0.9596662030598169,1.5667444967198576,eia_public_xls
2026-02-25,70.69,65.3,3.5785,4.2183,252.96416499999998,1.5910996811060023,5.390000000000001,-0.7302345176239289,1.5675973934975815,eia_public_xls
2026-02-26,71.66,65.1,3.5792,4.2224,256.485472,1.6132480768867896,6.560000000000002,1.3721884283491192,1.5712239424187722,eia_public_xls
2026-02-27,71.32,66.96,3.5804,4.2233,255.35412799999997,1.6061321240101392,4.359999999999999,-0.4744627407200719,1.5737283329244949,eia_public_xls
2026-03-02,77.24,71.13,3.6056,4.2304,278.496544,1.7516938114437028,6.109999999999999,8.300616937745374,1.5811515442562392,eia_public_xls
2026-03-03,83.28,74.48,3.682,4.2732,306.63696,1.9286920314239528,8.799999999999997,7.819782496116012,1.5942812315891655,eia_public_xls
2026-03-04,81.56,74.58,3.677,4.2685,299.89612,1.886293344738878,6.980000000000004,-2.065321805955811,1.606633776975476,eia_public_xls
2026-03-05,88.59,80.88,3.6771,4.2739,325.75428899999997,2.0489366363287562,7.710000000000008,8.619421284943595,1.6254854233364993,eia_public_xls
2026-03-06,95.74,90.77,3.6962,4.2782,353.874188,2.2258058080220398,4.969999999999999,8.0708883621176,1.6484747436373204,eia_public_xls
2026-03-09,94.35,94.65,3.7075,4.2836,349.802625,2.200196399705636,-0.30000000000001137,-1.4518487570503447,1.6714272271737103,eia_public_xls
2026-03-10,89.84,83.71,3.6523,4.2555,328.122632,2.063833093271777,6.13000000000001,-4.7800741918388905,1.6881276953461606,eia_public_xls
2026-03-11,90.98,86.8,3.687,4.274,335.44326,2.1098785435287164,4.180000000000007,1.2689225289403305,1.7063627732665774,eia_public_xls
2026-03-12,102.38,95.61,3.6878,4.2629,377.556964,2.37476626390837,6.769999999999996,12.530226423389745,1.7331396091085016,eia_public_xls
2026-03-13,103.23,98.48,3.7277,4.2693,384.810471,2.4203895349934275,4.75,0.8302402813049614,1.7602271898540969,eia_public_xls
2026-03-16,101.04,93.39,3.7287,4.2694,376.74784800000003,2.3696770679363723,7.650000000000006,-2.121476315024695,1.7888198227947358,eia_public_xls
2026-03-17,108.39,96.01,3.7046,4.2666,401.54159400000003,2.5256253278569947,12.379999999999995,7.2743467933491734,1.820480861957267,eia_public_xls
2026-03-18,118.09,96.12,3.693,4.2613,436.10637,2.7430316315170424,21.97,8.949165052126574,1.8585782210704862,eia_public_xls
2026-03-19,111.05,96.11,3.727,4.2782,413.88334999999995,2.603252781673973,14.939999999999998,-5.961554746379882,1.8929113713699863,eia_public_xls
2026-03-20,118.42,98.71,3.7032,4.2768,438.532944,2.758294351110468,19.710000000000008,6.6366501575866765,1.9320510995657927,eia_public_xls
2026-03-23,103.79,89.33,3.7292,4.2867,387.053668,2.4344988458175827,14.460000000000008,-12.35433203850701,1.96017435387799,eia_public_xls
2026-03-24,108.42,93.18,3.685,4.2728,399.52770000000004,2.512958292187412,15.239999999999995,4.46093072550342,1.9912703183279135,eia_public_xls
2026-03-25,109.14,91.51,3.6803,4.2692,401.667942,2.5264200343424306,17.629999999999995,0.6640841173215284,2.0224217369973645,eia_public_xls
2026-03-26,113.39,96.18,3.6948,4.271,418.953372,2.635142319812312,17.209999999999994,3.89408099688473,2.0583943200806774,eia_public_xls
2026-03-27,121.47,101.26,3.7206,4.2858,451.941282,2.842630416323347,20.209999999999994,7.125848840285731,2.101036673229048,eia_public_xls
2026-03-30,121.88,104.69,3.7257,4.2832,454.08831599999996,2.856134878952367,17.189999999999998,0.33753190088088303,2.143586585905347,eia_public_xls
2026-03-31,126.69,102.86,3.7408,4.2894,473.92195200000003,2.9808849276984914,23.83,3.9465047587791346,2.190863389040194,eia_public_xls
2026-04-01,119.56,101.9,3.6972,4.2874,442.037232,2.7803357004031777,17.659999999999997,-5.627910648038514,2.22995015965666,eia_public_xls
2026-04-02,127.61,113.23,3.7195,4.2869,474.645395,2.9854352557127313,14.379999999999995,6.733021077283374,2.2745750105354525,eia_public_xls
2026-04-07,138.21,114.58,3.6888,4.2694,509.82904800000006,3.206734185813935,23.63000000000001,8.306559047096629,2.3267115789341264,eia_public_xls
2026-04-08,122.11,96.17,3.6489,4.2623,445.56717899999995,2.8025384402498315,25.939999999999998,-11.64894001881196,2.366257401129233,eia_public_xls
2026-04-09,119.03,99.62,3.6506,4.261,434.530918,2.733122318176958,19.409999999999997,-2.5223159446400745,2.4039227374984535,eia_public_xls
2026-04-10,119.07,98.34,3.6396,4.2534,433.367172,2.7258025624736613,20.72999999999999,0.03360497353608327,2.4417461668773752,eia_public_xls
2026-04-13,123.28,100.72,3.6374,4.2507,448.418672,2.820473824903923,22.560000000000002,3.5357352817670273,2.4819870251446132,eia_public_xls
2026-04-14,118.69,93.07,3.6015,4.2436,427.462035,2.6886602992697517,25.620000000000005,-3.723231667748217,2.5180712976532673,eia_public_xls
2026-04-15,114.93,93.04,3.5939,4.237,413.04692700000004,2.597991829520653,21.89,-3.1679164209284627,2.5462812315891656,eia_public_xls
2026-04-16,116.63,96.46,3.5983,4.2411,419.669729,2.639648078144754,20.17,1.4791612285738998,2.569979766479859,eia_public_xls
2026-04-17,98.63,85.91,3.5912,4.2355,354.200056,2.227855459880368,12.719999999999999,-15.433421932607395,2.5813651703179086,eia_public_xls
2026-04-20,103.4,91.06,3.6005,4.2346,372.2917,2.3416486882575307,12.340000000000003,4.836256717023235,2.591122238715535,eia_public_xls
2026-04-21,106.14,93.64,3.597,4.232,381.78558,2.401363507708177,12.5,2.649903288201161,2.5969741620384057,eia_public_xls
2026-04-22,113.44,94.76,3.608,4.2408,409.29152,2.5743709863070565,18.679999999999993,6.877708686640283,2.6094466482584533,eia_public_xls
2026-04-23,113.25,99.27,3.6321,4.2501,411.335325,2.5872261568555923,13.980000000000004,-0.16748942172073455,2.6268930837112467,eia_public_xls
2026-04-24,111.86,98.42,3.6294,4.2428,405.984684,2.5535715750344368,13.439999999999998,-1.227373068432669,2.641682851428104,eia_public_xls
2026-04-27,113.89,99.89,3.613,4.2445,411.48457,2.588164881405398,14.0,1.8147684605757108,2.6487961386780046,eia_public_xls
2026-04-28,117.62,103.45,3.6293,4.247,426.87826600000005,2.684988495914761,14.170000000000002,3.2750899991219606,2.6576161040420496,eia_public_xls
2026-04-29,124.16,110.47,3.6356,4.2537,451.396096,2.8392012931874935,13.689999999999998,5.560278864138746,2.6732669115504204,eia_public_xls
2026-04-30,124.24,108.64,3.646,4.2589,452.97904,2.8491577298772857,15.599999999999994,0.06443298969072142,2.684051324951097,eia_public_xls
2026-05-01,118.26,105.38,3.646,4.2589,431.17596000000003,2.712020228068962,12.88000000000001,-4.813264649066317,2.6830176115028275,eia_public_xls
2026-05-05,114.51,105.66,3.6403,4.2551,416.850753,2.6219172196468894,8.850000000000009,-3.1709791983764557,2.683639759435258,eia_public_xls
2026-05-06,103.7,98.75,3.6005,4.2351,373.37185,2.348442639964274,4.950000000000003,-9.44022356126103,2.669978035730385,eia_public_xls
2026-05-07,101.82,98.38,3.5921,4.2286,365.747622,2.300487599615063,3.4399999999999977,-1.8129218900675093,2.665510994190301,eia_public_xls
2026-05-08,103.48,98.87,3.5947,4.2284,371.979556,2.3396853579223458,4.609999999999999,1.6303280298566314,2.6597352297147983,eia_public_xls
2026-05-11,106.11,101.56,3.6007,4.2386,382.070277,2.4031542012868976,4.549999999999997,2.5415539234634688,2.6556263686129475,eia_public_xls
2026-05-12,111.37,105.78,3.6167,4.2478,402.791879,2.53348939850428,5.590000000000003,4.957119969842627,2.65223793790268,eia_public_xls
2026-05-13,110.28,104.52,3.6336,4.2524,400.713408,2.5204161849710984,5.760000000000005,-0.9787195833707463,2.6414974635242716,eia_public_xls
2026-05-14,110.91,104.66,3.6205,4.2401,401.549655,2.5256760301156698,6.25,0.5712731229597257,2.6304821685630486,eia_public_xls
2026-05-15,113.96,108.99,3.6525,4.2489,416.23889999999994,2.6180687729185403,4.969999999999999,2.7499774592011583,2.61838829673705,eia_public_xls
2026-05-18,116.73,112.25,3.6451,4.2434,425.492523,2.676272418499626,4.480000000000004,2.4306774306774415,2.6149195206735976,eia_public_xls
2026-05-19,114.64,112.09,3.6467,4.2389,418.057688,2.629508626491474,2.549999999999997,-1.790456609269253,2.603055299699556,eia_public_xls
2026-05-20,108.93,101.69,3.6709,4.2546,399.87113700000003,2.5151184499361587,7.240000000000009,-4.980809490579197,2.5800014418369637,eia_public_xls
2026-05-21,105.84,100.2,3.6529,4.246,386.622936,2.431789618019083,5.640000000000001,-2.836684109060872,2.567643147762605,eia_public_xls
2026-05-22,106.9,100.35,3.6571,4.2453,390.94399,2.458968280425444,6.550000000000011,1.0015117157974318,2.5585046798375553,eia_public_xls
2026-05-26,102.75,97.63,3.6394,4.2352,373.94835,2.3520687225999612,5.1200000000000045,-3.882132834424701,2.5460468851750986,eia_public_xls
2026-05-27,97.11,92.35,3.6404,4.2393,353.519244,2.2235732732864952,4.760000000000005,-5.489051094890507,2.5261502001211844,eia_public_xls
2026-05-28,95.47,92.65,3.6463,4.2355,348.112261,2.1895643102895206,2.819999999999993,-1.6888065080836179,2.509513667155176,eia_public_xls
2026-05-29,92.88,91.16,3.6395,4.2322,338.03675999999996,2.1261911980224797,1.7199999999999989,-2.712894102859542,2.4937869794385703,eia_public_xls
2026-06-01,98.29,95.96,3.6319,4.2341,356.97945100000004,2.245337360916302,2.3300000000000125,5.824720068906131,2.4806432888642886,eia_public_xls
2026-06-02,98.49,97.47,3.6358,4.2334,358.089942,2.252322152125646,1.019999999999996,0.20347949944041765,2.481458845272465,eia_public_xls
2026-06-03,101.69,99.76,3.6553,4.2433,371.707457,2.3379739035267035,1.9299999999999926,3.2490608183571856,2.481336352448104,eia_public_xls
2026-06-04,98.98,96.83,3.6553,4.2433,361.801594,2.2756677841584536,2.1500000000000057,-2.6649621398367573,2.4771464949964463,eia_public_xls
2026-06-05,97.29,94.32,3.6392,4.2348,354.05776800000007,2.2269604936252656,2.970000000000013,-1.7074156395231355,2.4655661452403868,eia_public_xls
2026-06-08,97.46,95.0,3.6898,4.2462,359.60790799999995,2.261869888733041,2.4599999999999937,0.17473532737175557,2.4547209363029685,eia_public_xls
2026-06-09,94.15,91.9,3.6671,4.2359,345.257465,2.171608150351916,2.25,-3.3962651344141115,2.441988822146884,eia_public_xls
2026-06-10,95.73,93.68,3.6767,4.2481,351.970491,2.213831891915691,2.049999999999997,1.6781731279872592,2.429511055830561,eia_public_xls
2026-06-11,92.84,91.58,3.6878,4.253,342.375352,2.1534801713347633,1.2600000000000051,-3.018907343570454,2.411794111677894,eia_public_xls
2026-06-12,88.64,88.62,3.6697,4.2484,325.282208,2.0459673306622554,0.01999999999999602,-4.523912106850503,2.385352979593719,eia_public_xls
2026-06-15,84.36,84.65,3.6588,4.2447,308.656368,1.9413937491744608,-0.29000000000000625,-4.82851985559567,2.355094180236959,eia_public_xls
2026-06-16,80.5,79.8,3.6589,4.2462,294.54145,1.852613421223119,0.7000000000000028,-4.575628259838782,2.3264472866754304,eia_public_xls
2026-06-17,80.33,80.65,3.6542,4.2396,293.541886,1.8463263411473894,-0.3200000000000074,-0.21118012422360888,2.3005942573921137,eia_public_xls
2026-06-18,79.35,80.35,3.7072,4.2568,294.16632,1.8502539201318347,-1.0,-1.2199676335117648,2.2839879667310328,eia_public_xls
2026-06-19,80.46,,3.7162,4.2604,299.005452,1.880691201167391,,1.3988657844990593,2.2699947534494433,eia_public_xls
2026-06-22,76.49,78.94,3.7282,4.2693,285.17001799999997,1.7936687779503984,-2.450000000000003,-4.934128759632117,2.251794200783712,eia_public_xls
2026-06-23,75.69,74.62,3.7554,4.2842,284.246226,1.7878582903004647,1.0699999999999932,-1.045888351418478,2.231284337084164,eia_public_xls
2026-06-24,72.09,71.42,3.7756,4.2864,272.183004,1.711982765886519,0.6700000000000017,-4.756242568370983,2.203900782663572,eia_public_xls
2026-06-25,73.74,72.67,3.772,4.2878,278.14727999999997,1.749497002899608,1.0699999999999932,2.2888056595921746,2.178203476594523,eia_public_xls
2026-06-26,70.16,70.3,3.7599,4.2869,263.794584,1.6592210935485292,-0.14000000000000057,-4.854895579061569,2.149321645375618,eia_public_xls
2026-06-29,71.59,71.87,3.7636,4.289,269.436124,1.694705378427167,-0.28000000000000114,2.0381984036488054,2.1185428655592387,eia_public_xls
2026-06-30,70.46,70.56,3.7708,4.2963,265.690568,1.6711464962544107,-0.10000000000000853,-1.5784327420030886,2.085038668151065,eia_public_xls
2026-07-01,69.24,69.74,3.7708,4.2976,261.090192,1.6422109480649363,-0.5,-1.731478853250068,2.052128745536847,eia_public_xls
2026-07-02,68.53,69.73,3.7568,4.2905,257.453504,1.619336826281394,-1.2000000000000028,-1.025418833044478,2.022269358081688,eia_public_xls
2026-07-03,68.68,,3.742,4.2857,257.00056,1.6164878889468952,,0.2188822413541569,1.995092633779282,eia_public_xls
2026-07-06,69.56,69.6,3.754,4.2872,261.12824,1.6424502632290692,-0.03999999999999204,1.2813046010483387,1.9678753665394026,eia_public_xls
2026-07-07,71.78,71.53,3.7573,4.2938,269.69899399999997,1.6963587840515262,0.25,3.1914893617021267,1.946018368587788,eia_public_xls
2026-07-08,76.5,74.56,3.7755,4.308,288.82575,1.816662683112456,1.9399999999999977,6.5756478127612095,1.9324546822486535,eia_public_xls
2026-07-09,74.46,73.15,3.7692,4.3069,280.654632,1.7652678017699561,1.309999999999988,-2.6666666666666727,1.9183114652980013,eia_public_xls
2026-07-10,74.34,72.45,3.8025,4.3465,282.67785000000003,1.7779934837439542,1.8900000000000006,-0.16116035455276956,1.9067048748220505,eia_public_xls
2026-07-13,81.62,79.2,3.7846,4.3281,308.89905200000004,1.9429201884430807,2.4200000000000017,9.792843691148768,1.8966243024062766,eia_public_xls
2026-07-14,83.69,80.44,3.8076,4.3407,318.65804399999996,2.004302515299993,3.25,2.536143102180821,1.8883569811787548,eia_public_xls
2026-07-15,83.08,80.73,3.7879,4.3275,314.698732,1.979399145842113,2.3499999999999943,-0.7288803919225706,1.8764044892559353,eia_public_xls
2026-07-16,81.23,80.03,3.7731,4.3262,306.488913,1.9277608420814283,1.2000000000000028,-2.226769378911886,1.8648075911867008,eia_public_xls
2026-07-17,85.01,83.43,3.7951,4.342,322.62145100000004,2.0292316415807585,1.5799999999999983,4.65345315770036,1.858216629451884,eia_public_xls
2026-07-20,86.99,84.38,3.7906,4.3359,329.74429399999997,2.0740330593067355,2.6099999999999994,2.329137748500165,1.8519554018043405,eia_public_xls
2026-07-21,93.85,86.04,3.7885,4.3268,355.550725,2.2363509280633007,7.809999999999988,7.8859639038969975,1.85411349439472,eia_public_xls
2026-07-22,94.12,87.66,3.7945,4.3295,357.13834,2.2463367445137026,6.460000000000008,0.28769312733085695,1.8551969894813203,eia_public_xls
2026-07-23,105.32,93.08,3.7946,4.3298,399.647272,2.5137103788360053,12.239999999999995,11.899702507437304,1.867204663064695,eia_public_xls
2026-07-24,100.31,91.74,3.8,4.3257,381.178,2.3975419373911073,8.570000000000007,-4.756931257121144,1.8789238166223232,eia_public_xls
2026-07-27,91.82,84.25,3.7835,4.3139,347.40097,2.185090416197551,7.569999999999993,-8.463762336756064,1.8870470388564264,eia_public_xls
2026-07-28,85.51,80.91,3.8023,4.3242,325.134673,2.045039361708819,4.6000000000000085,-6.872141145719879,1.8934612368726165,eia_public_xls
2026-07-29,91.95,86.08,3.7962,4.3263,349.06059,2.195529131312623,5.8700000000000045,7.5312828908899565,1.9051013298781243,eia_public_xls
2026-07-30,91.91,85.15,3.7644,4.3097,345.986004,2.1761905313013012,6.759999999999991,-0.04350190320827618,1.9159658835837732,eia_public_xls
2026-07-31,96.95,86.16,3.7425,4.3128,362.835375,2.2821700830885545,10.790000000000006,5.483625285605487,1.9293485129811452,eia_public_xls
2026-08-03,88.9,81.96,3.733,4.3013,331.86370000000005,2.0873637467214303,6.940000000000012,-8.30324909747292,1.939138345273513,eia_public_xls
2026-08-04,86.47,77.33,3.7468,4.3118,323.985796,2.037813129375358,9.14,-2.7334083239595075,1.947470173242676,eia_public_xls
2026-08-05,86.65,76.78,3.732,4.305,323.37780000000004,2.0339889424921536,9.870000000000005,0.20816468139239763,1.958203712462864,eia_public_xls
2026-08-06,89.65,78.88,3.7236,4.2982,333.82074,2.0996731808261053,10.77000000000001,3.4622042700519273,1.9698762517270805,eia_public_xls
2026-08-07,87.62,79.77,3.7324,4.301,327.032888,2.0569787970085605,7.8500000000000085,-2.264361405465698,1.9831348418424148,eia_public_xls
2026-08-10,92.74,83.76,3.7226,4.3037,345.23392399999994,2.171460081641895,8.97999999999999,5.843414745491882,1.9990266652829058,eia_public_xls
2026-08-11,93.26,84.77,3.727,4.2996,347.58002,2.1862166089051307,8.490000000000009,0.5607073538926199,2.0161956690379297,eia_public_xls
2026-08-12,92.52,84.97,3.73,4.3033,345.0996,2.1706152075326917,7.549999999999997,-0.7934805918936361,2.0338091443535213,eia_public_xls
2026-08-13,92.03,82.77,3.7362,4.3058,343.842486,2.1627081836879745,9.260000000000005,-0.5296152183311698,2.051921522933741,eia_public_xls
2026-08-14,92.02,83.99,3.73,4.31,343.2346,2.1588846886852386,8.030000000000001,-0.010866021949373916,2.070001416258352,eia_public_xls
2026-08-17,92.43,86.04,3.7137,4.3075,343.257291,2.1590274110461865,6.390000000000001,0.44555531406216264,2.0872206545189234,eia_public_xls
2026-08-18,95.29,86.48,3.7307,4.3189,355.49840300000005,2.2360218319736838,8.810000000000002,3.0942334739803012,2.105209422782995,eia_public_xls
