business_code,cust_number,name_customer,clear_date,business_year,doc_id,posting_date,document_create_date,document_create_date_alt,due_in_date,invoice_currency,document_type,posting_id,area_business,total_open_amount,baseline_create_date,cust_payment_terms,invoice_id,isOpen
U001,0200772670,ASSOCIAT associates,2019-08-12 00:00:00,2019.0,1929671263.0,2019-07-28,20190728,20190728,20190812.0,USD,RV,1.0,,85119.44,20190728.0,NAU5,1929671263.0,0
U001,0200718130,SYSCO F in,2019-03-07 00:00:00,2019.0,1928825910.0,2019-02-19,20190219,20190219,20190306.0,USD,RV,1.0,,13731.58,20190219.0,NAA8,1928825910.0,0
U001,0200723794,MID MO llc,2019-11-12 00:00:00,2019.0,1929797278.0,2019-08-27,20190827,20190827,20191110.0,USD,RV,1.0,,1313.48,20190827.0,NAWN,1929797278.0,0
U001,0200769623,WAL-MAR llc,2019-12-16 00:00:00,2019.0,1930213787.0,2019-12-03,20191203,20191203,20191218.0,USD,RV,1.0,,1897.5,20191203.0,NAH4,1930213787.0,0
U001,0200769623,WAL-MAR foundation,2019-09-30 00:00:00,2019.0,1929861079.0,2019-09-11,20190911,20190911,20190926.0,USD,RV,1.0,,14383.84,20190911.0,NAH4,1929861079.0,0
U001,0200707822,PUBLI associates,2020-02-13 00:00:00,2020.0,1930454266.0,2020-01-29,20200129,20200129,20200213.0,USD,RV,1.0,,82403.06,20200129.0,NAA8,1930454266.0,0
U001,0200416837,DEC trust,2019-07-12 00:00:00,2019.0,1929571857.0,2019-07-03,20190703,20190703,20190708.0,USD,RV,1.0,,1832.8,20190701.0,NAM1,1929571857.0,0
U001,0200774517,I SUPP co,,2020.0,1930663822.0,2020-03-17,20200317,20200317,20200401.0,USD,RV,1.0,,16130.0,20200317.0,NAA8,1930663822.0,1
U001,0200799367,MCL corp,2019-04-26 00:00:00,2019.0,1929083780.0,2019-04-11,20190404,20190411,20190426.0,USD,RV,1.0,,7146.11,20190411.0,NAA8,1929083780.0,0
U001,0200759878,SA systems,2019-12-18 00:00:00,2019.0,1930206768.0,2019-12-01,20191201,20191201,20191216.0,USD,RV,1.0,,51839.55,20191201.0,NAH4,1930206768.0,0
U001,0200769623,WAL-MAR ,2020-03-06 00:00:00,2020.0,1930536353.0,2020-02-19,20200217,20200219,20200305.0,USD,RV,1.0,,8230.51,20200219.0,NAH4,1930536353.0,0
U001,0200749782,KROG us,2019-10-22 00:00:00,2019.0,1929975854.0,2019-10-07,20191006,20191007,20191022.0,USD,RV,1.0,,121354.5,20191007.0,NAA8,1929975854.0,0
U001,0200769623,WAL-MAR llc,2019-12-02 00:00:00,2019.0,1930173625.0,2019-11-20,20191120,20191120,20191205.0,USD,RV,1.0,,6650.19,20191120.0,NAH4,1930173625.0,0
U001,0200466603,SMITH'S corporation,2019-12-02 00:00:00,2019.0,1930158663.0,2019-11-16,20191115,20191116,20191201.0,USD,RV,1.0,,56601.89,20191116.0,NAA8,1930158663.0,0
U001,0200714710,SYSCO  foundation,2019-07-19 00:00:00,2019.0,1929560090.0,2019-07-03,20190702,20190703,20190718.0,USD,RV,1.0,,22520.6,20190703.0,NAA8,1929560090.0,0
U013,0100049747,BIDF co,2019-12-17 00:00:00,2019.0,1991833213.0,2019-10-07,20191003,20191007,20191106.0,USD,RV,1.0,,66917.92,20191007.0,NAUI,1991833213.0,0
U001,200769623,WAL-MAR in,2019-04-10 00:00:00,2019.0,1929021310.0,2019-03-25,20190324,20190325,20190409.0,USD,RV,1.0,,649.77,20190325.0,NAH4,1929021310.0,0
U001,0200726979,BJ'S  llc,2019-10-23 00:00:00,2019.0,1929978454.0,2019-10-08,20191007,20191008,20191023.0,USD,RV,1.0,,683.96,20191008.0,NAA8,1929978454.0,0
U001,0200769623,WAL-MAR corp,2019-04-22 00:00:00,2019.0,1929068485.0,2019-04-02,20190402,20190402,20190417.0,USD,RV,1.0,,782.63,20190402.0,NAH4,1929068485.0,0
U001,0200416837,DEC associates,2019-03-25 00:00:00,2019.0,1928993789.0,2019-03-20,20190320,20190320,20190323.0,USD,RV,1.0,,13868.25,20190316.0,NAM1,1928993789.0,0
U001,0200769623,WAL-MAR us,2020-01-22 00:00:00,2020.0,1930389195.0,2020-01-12,20200110,20200112,20200127.0,USD,RV,1.0,,27607.17,20200112.0,NAH4,1930389195.0,0
U001,0200418007,AM corp,2020-01-15 00:00:00,2020.0,1930331657.0,2019-12-30,20191229,20191230,20200114.0,USD,RV,1.0,,1351.2,20191230.0,NAA8,1930331657.0,0
U001,0200020431,DEC systems,2019-02-01 00:00:00,2019.0,1928697432.0,2019-01-28,20190128,20190128,20190208.0,USD,RV,1.0,,1744.77,20190116.0,NAM4,1928697432.0,0
U001,0200769623,WAL-MAR systems,2019-04-01 00:00:00,2019.0,1929001864.0,2019-03-21,20190320,20190321,20190405.0,USD,RV,1.0,,6142.06,20190321.0,NAH4,1929001864.0,0
U001,0200708411,SHAM corp,2019-11-20 00:00:00,2019.0,1930047323.0,2019-10-30,20191023,20191030,20191201.0,USD,RV,1.0,,16742.87,20191030.0,NA32,1930047323.0,0
U001,0200762301,C&S WH foundation,2019-07-23 00:00:00,2019.0,1929583659.0,2019-07-12,20190706,20190712,20190727.0,USD,RV,1.0,,16136.54,20190712.0,NAC6,1929583659.0,0
U001,0200769623,WAL-MAR associates,2019-06-20 00:00:00,2019.0,1929457092.0,2019-06-10,20190608,20190610,20190625.0,USD,RV,1.0,,15872.67,20190610.0,NAH4,1929457092.0,0
U001,0200762301,C&S WH ,2019-07-26 00:00:00,2019.0,1929612751.0,2019-07-11,20190712,20190711,20190726.0,USD,RV,1.0,,131157.42,20190711.0,NAC6,1929612751.0,0
U001,0200769623,WAL-MAR foundation,2020-02-18 00:00:00,2020.0,1930465781.0,2020-02-02,20200201,20200202,20200217.0,USD,RV,1.0,,17926.46,20200202.0,NAH4,1930465781.0,0
U001,100001196,DOLLAR corporation,2019-07-29 00:00:00,2019.0,1929563891.0,2019-07-03,20190701,20190703,20190718.0,USD,RV,1.0,,2692.42,20190703.0,NAA8,1929563891.0,0
U001,0200772670,ASSOCIAT in,2020-02-26 00:00:00,2020.0,1930511642.0,2020-02-10,20200211,20200210,20200225.0,USD,RV,1.0,,51581.35,20200210.0,NAU5,1930511642.0,0
U001,0200744019,TARG corp,2020-01-16 00:00:00,2020.0,1930333759.0,2019-12-31,20191230,20191231,20200115.0,USD,RV,1.0,,7664.54,20191231.0,NAA8,1930333759.0,0
U001,0200769369,DI in,2019-06-07 00:00:00,2019.0,1929357887.0,2019-05-23,20190522,20190523,20190607.0,USD,RV,1.0,,30054.79,20190523.0,NAA8,1929357887.0,0
U013,0100009932,SYSCO IN corporation,2019-12-09 00:00:00,2019.0,1991834701.0,2019-11-06,20191104,20191106,20191206.0,USD,RV,1.0,,25338.89,20191106.0,NAVE,1991834701.0,0
U001,0200769623,WAL-MAR systems,2019-03-11 00:00:00,2019.0,1928872311.0,2019-02-28,20190227,20190228,20190315.0,USD,RV,1.0,,10223.88,20190228.0,NAH4,1928872311.0,0
CA02,0140106408,WAL-M us,2020-02-13 00:00:00,2020.0,2960609549.0,2020-01-22,20200122,20200122,20200202.0,CAD,RV,1.0,,15506.54,20200123.0,CA10,2960609549.0,0
U001,0200729828,KENNETH us,,2020.0,1930646342.0,2020-03-17,20200312,20200317,20200418.0,USD,RV,1.0,,26118.0,20200317.0,NA32,1930646342.0,1
U001,0200705742,DOT co,2019-06-28 00:00:00,2019.0,1929485700.0,2019-06-13,20190613,20190613,20190628.0,USD,RV,1.0,,1122.14,20190613.0,NAA8,1929485700.0,0
U001,0200782669,SYGMA us,,2020.0,1930672883.0,2020-03-20,20200319,20200320,20200421.0,USD,RV,1.0,,43327.43,20200320.0,NA32,1930672883.0,1
U001,0200729942,SA associates,2019-04-23 00:00:00,2019.0,1929106229.0,2019-04-08,20190408,20190408,20190612.0,USD,RV,1.0,,4262.56,20190408.0,NAGD,1929106229.0,0
U001,0200854853,MARTIN  ,2020-02-06 00:00:00,2020.0,1930431844.0,2020-01-22,20200123,20200122,20200206.0,USD,RV,1.0,,20379.6,20200122.0,NAA8,1930431844.0,0
CA02,0140105847,GORDON F corp,2020-03-09 00:00:00,2020.0,2960616908.0,2020-02-25,20200225,20200225,20200307.0,CAD,RV,1.0,,9299.28,20200226.0,CA10,2960616908.0,0
U001,0200974851,RESTA corp,2019-06-07 00:00:00,2019.0,1929360138.0,2019-05-23,20190522,20190523,20190607.0,USD,RV,1.0,,408.16,20190523.0,NAA8,1929360138.0,0
U001,0200493614,US  trust,2019-10-25 00:00:00,2019.0,1929975762.0,2019-10-07,20191006,20191007,20191022.0,USD,RV,1.0,,77828.86,20191007.0,NAA8,1929975762.0,0
U001,0200762301,C&S WH co,2019-11-21 00:00:00,2019.0,1930100828.0,2019-11-06,20191105,20191106,20191121.0,USD,RV,1.0,,5684.31,20191106.0,NAC6,1930100828.0,0
U001,0200769623,WAL-MAR co,2019-01-28 00:00:00,2019.0,1928618493.0,2019-01-15,20190114,20190115,20190130.0,USD,RV,1.0,,47664.3,20190115.0,NAH4,1928618493.0,0
U001,0200429605,THE D associates,2019-05-24 00:00:00,2019.0,1929287449.0,2019-05-09,20190509,20190509,20190524.0,USD,RV,1.0,,51051.98,20190509.0,NAA8,1929287449.0,0
U001,0200762301,C&S WH associates,2019-10-28 00:00:00,2019.0,1929766695.0,2019-08-21,20190820,20190821,20191025.0,USD,RV,1.0,,633.42,20190821.0,NAGD,1929766695.0,0
U001,0100031704,DELHAIZE corp,2020-02-25 00:00:00,2020.0,1930486167.0,2020-02-07,20200205,20200207,20200222.0,USD,RV,1.0,,86241.12,20200207.0,NAA8,1930486167.0,0
U001,0200764795,SYSCO  systems,2019-07-25 00:00:00,2019.0,1929598471.0,2019-07-11,20190709,20190711,20190726.0,USD,RV,1.0,,26358.49,20190711.0,NAA8,1929598471.0,0
U001,0100031704,DELHAIZE co,2020-02-26 00:00:00,2020.0,1930497800.0,2020-02-10,20200207,20200210,20200415.0,USD,RV,1.0,,13469.78,20200210.0,NAGD,1930497800.0,0
U001,0200794332,COST systems,2020-03-05 00:00:00,2020.0,1930542451.0,2020-02-20,20200219,20200220,20200306.0,USD,RV,1.0,,8793.09,20200220.0,NAAX,1930542451.0,0
U001,0200769623,WAL-MAR ,2019-09-10 00:00:00,2019.0,1929807671.0,2019-08-30,20190829,20190830,20190914.0,USD,RV,1.0,,22806.27,20190830.0,NAH4,1929807671.0,0
U001,0200769623,WAL-MAR foundation,2019-11-12 00:00:00,2019.0,1930066515.0,2019-10-29,20191029,20191029,20191113.0,USD,RV,1.0,,39695.01,20191029.0,NAH4,1930066515.0,0
U001,200772670,ASSOCIAT foundation,2019-06-05 00:00:00,2019.0,1929352413.0,2019-05-20,20190520,20190520,20190604.0,USD,RV,1.0,,11295.39,20190520.0,NAU5,1929352413.0,0
U001,0200769623,WAL-MAR systems,,2020.0,1930619509.0,2020-03-08,20200307,20200308,20200323.0,USD,RV,1.0,,14817.95,20200308.0,NAH4,1930619509.0,1
U001,0200726979,BJ'S  ,2019-03-25 00:00:00,2019.0,1928948181.0,2019-03-10,20190312,20190310,20190325.0,USD,RV,1.0,,548.67,20190310.0,NAA8,1928948181.0,0
U001,0200778870,C us,,2020.0,1930809727.0,2020-04-22,20200421,20200422,20200507.0,USD,RV,1.0,,7042.83,20200422.0,NAA8,1930809727.0,1
U001,0200769623,WAL-MAR associates,2019-06-17 00:00:00,2019.0,1929398604.0,2019-05-30,20190529,20190530,20190614.0,USD,RV,1.0,,2654.0,20190530.0,NAH4,1929398604.0,0
U001,0200744019,TARG llc,2019-05-24 00:00:00,2019.0,1929281364.0,2019-05-09,20190508,20190509,20190524.0,USD,RV,1.0,,30522.75,20190509.0,NAA8,1929281364.0,0
U001,200942148,BRADY us,2019-03-22 00:00:00,2019.0,1928595841.0,2019-01-09,20190109,20190109,20190208.0,USD,RV,1.0,,16041.6,20190109.0,NAD5,1928595841.0,0
U001,0200769623,WAL-MAR in,2019-10-24 00:00:00,2019.0,1930007838.0,2019-10-13,20191013,20191013,20191028.0,USD,RV,1.0,,14328.97,20191013.0,NAH4,1930007838.0,0
U001,0200711029,WEGMAN corporation,2019-04-02 00:00:00,2019.0,1928987163.0,2019-03-18,20190318,20190318,20190522.0,USD,RV,1.0,,19570.79,20190318.0,NAGD,1928987163.0,0
U001,0200794332,COST associates,2019-04-23 00:00:00,2019.0,1929118811.0,2019-04-09,20190410,20190409,20190424.0,USD,RV,1.0,,35732.27,20190409.0,NAAX,1929118811.0,0
U001,0200772670,ASSOCIAT systems,2019-11-25 00:00:00,2019.0,1930136008.0,2019-11-10,20191110,20191110,20191125.0,USD,RV,1.0,,51339.03,20191110.0,NAU5,1930136008.0,0
U001,0200357714,US  trust,2019-07-17 00:00:00,2019.0,1929561950.0,2019-07-01,20190701,20190701,20190716.0,USD,RV,1.0,,72028.49,20190701.0,NAA8,1929561950.0,0
U001,0200769623,WAL-MAR systems,2019-10-21 00:00:00,2019.0,1929983121.0,2019-10-08,20191008,20191008,20191023.0,USD,RV,1.0,,55491.14,20191008.0,NAH4,1929983121.0,0
U001,0200741174,M B  co,2019-05-16 00:00:00,2019.0,1929220263.0,2019-04-27,20190427,20190427,20190512.0,USD,RV,1.0,,20376.74,20190427.0,NAA8,1929220263.0,0
U001,0200714710,SYSCO  llc,2019-04-15 00:00:00,2019.0,1929038672.0,2019-03-30,20190328,20190330,20190414.0,USD,RV,1.0,,12667.96,20190330.0,NAA8,1929038672.0,0
U001,0200331749,SYSC systems,,2020.0,1930604837.0,2020-03-04,20200305,20200304,20200319.0,USD,RV,1.0,,32229.59,20200304.0,NAA8,1930604837.0,1
U001,0200726025,MARTI corp,2019-10-15 00:00:00,2019.0,1929982392.0,2019-10-07,20191008,20191007,20191022.0,USD,RV,1.0,,33873.69,20191007.0,NAA8,1929982392.0,0
U001,0200744019,TARG trust,2020-01-30 00:00:00,2020.0,1930392930.0,2020-01-15,20200114,20200115,20200130.0,USD,RV,1.0,,5904.38,20200115.0,NAA8,1930392930.0,0
U001,0100031704,DELHAIZE corporation,,2020.0,1930774178.0,2020-04-11,20200410,20200411,20200426.0,USD,RV,1.0,,47286.8,20200411.0,NAA8,1930774178.0,1
U001,200387798,AR corporation,2019-04-05 00:00:00,2019.0,1929007434.0,2019-03-21,20190321,20190321,20190405.0,USD,RV,1.0,,12048.83,20190321.0,NAA8,1929007434.0,0
U001,0200769623,WAL-MAR corp,2019-04-19 00:00:00,2019.0,1929077507.0,2019-04-03,20190403,20190403,20190418.0,USD,RV,1.0,,56047.07,20190403.0,NAH4,1929077507.0,0
CA02,0140104409,LOB foundation,,2020.0,2960621273.0,2020-03-21,20200321,20200321,20200404.0,CAD,RV,1.0,,104742.0,20200325.0,CA10,2960621273.0,1
U001,0200769623,WAL-MAR us,2019-03-19 00:00:00,2019.0,1928932331.0,2019-03-09,20190308,20190309,20190324.0,USD,RV,1.0,,30349.28,20190309.0,NAH4,1928932331.0,0
U001,0200772670,ASSOCIAT foundation,2019-03-25 00:00:00,2019.0,1928937419.0,2019-03-09,20190309,20190309,20190324.0,USD,RV,1.0,,66788.84,20190309.0,NAU5,1928937419.0,0
U001,0200723794,MID MO llc,2019-04-04 00:00:00,2019.0,1928992266.0,2019-03-20,20190319,20190320,20190404.0,USD,RV,1.0,,128691.42,20190320.0,NAA8,1928992266.0,0
U001,0200763229,MAINES foundation,2019-01-22 00:00:00,2019.0,1928582712.0,2019-01-07,20190107,20190107,20190122.0,USD,RV,1.0,,17577.91,20190107.0,NAA8,1928582712.0,0
U001,0200762301,C&S WH systems,2019-10-22 00:00:00,2019.0,1929967935.0,2019-10-06,20191005,20191006,20191021.0,USD,RV,1.0,,8841.27,20191006.0,NAC6,1929967935.0,0
U001,0200799367,MCL corporation,2019-02-20 00:00:00,2019.0,1928713460.0,2019-02-05,20190204,20190205,20190220.0,USD,RV,1.0,,39249.16,20190205.0,NAA8,1928713460.0,0
U001,0200769623,WAL-MAR corp,2020-01-31 00:00:00,2020.0,1930413319.0,2020-01-19,20200118,20200119,20200203.0,USD,RV,1.0,,45238.8,20200119.0,NAH4,1930413319.0,0
U001,0200726979,BJ'S  in,2019-05-16 00:00:00,2019.0,1929236057.0,2019-04-28,20190430,20190428,20190513.0,USD,RV,1.0,,473.25,20190428.0,NAA8,1929236057.0,0
U001,0200769623,WAL-MAR ,2019-05-07 00:00:00,2019.0,1929179510.0,2019-04-20,20190419,20190420,20190505.0,USD,RV,1.0,,706.29,20190420.0,NAH4,1929179510.0,0
U001,0200769623,WAL-MAR corp,2020-03-09 00:00:00,2020.0,1930566915.0,2020-02-26,20200225,20200226,20200312.0,USD,RV,1.0,,57704.88,20200226.0,NAH4,1930566915.0,0
U001,0200974851,RESTA associates,2019-04-23 00:00:00,2019.0,1929096388.0,2019-04-08,20190406,20190408,20190423.0,USD,RV,1.0,,453.0,20190408.0,NAA8,1929096388.0,0
U001,0200769623,WAL-MAR ,,2020.0,1930773293.0,2020-04-11,20200410,20200411,20200426.0,USD,RV,1.0,,18624.16,20200411.0,NAH4,1930773293.0,1
U001,CCU013,KRAFT F us,2019-05-31 00:00:00,2019.0,1929230040.0,2019-04-29,20190429,20190429,20190429.0,USD,RV,1.0,,13298.6,20190429.0,NAX2,1929230040.0,0
U001,0200769623,WAL-MAR in,2019-11-27 00:00:00,2019.0,1930159687.0,2019-11-17,20191116,20191117,20191202.0,USD,RV,1.0,,3576.04,20191117.0,NAH4,1930159687.0,0
U001,0200726979,BJ'S  co,2019-09-03 00:00:00,2019.0,1929753486.0,2019-08-19,20190816,20190819,20190903.0,USD,RV,1.0,,14225.95,20190819.0,NAA8,1929753486.0,0
U001,0200741831,SUPE corp,,2020.0,1930788563.0,2020-04-15,20200415,20200415,20200430.0,USD,RV,1.0,,42074.37,20200415.0,NAA8,1930788563.0,1
U001,0200794332,COST ,2019-09-12 00:00:00,2019.0,1929792302.0,2019-08-27,20190826,20190827,20190911.0,USD,RV,1.0,,6943.06,20190827.0,NAAX,1929792302.0,0
U001,0200739006,AL co,2019-06-20 00:00:00,2019.0,1929436254.0,2019-06-06,20190605,20190606,20190621.0,USD,RV,1.0,,53493.12,20190606.0,NAA8,1929436254.0,0
U001,0200416837,DEC us,2019-11-01 00:00:00,2019.0,1930046113.0,2019-10-23,20191023,20191023,20191108.0,USD,RV,1.0,,139.32,20191016.0,NAM4,1930046113.0,0
U001,0200788848,DAIRY co,2019-08-01 00:00:00,2019.0,1929634236.0,2019-07-18,20190718,20190718,20190807.0,USD,RV,1.0,,39744.48,20190718.0,NAD1,1929634236.0,0
U001,0200331749,SYSC corp,2019-11-07 00:00:00,2019.0,1930009674.0,2019-10-17,20191014,20191017,20191106.0,USD,RV,1.0,,22016.82,20191017.0,NAD1,1930009674.0,0
U001,0200803720,DEC corporation,2019-03-08 00:00:00,2019.0,1928927459.0,2019-03-08,20190308,20190308,20190311.0,USD,RV,1.0,,444.44,20190301.0,NAM2,1928927459.0,0
U001,0200782001,GORDO systems,2019-05-29 00:00:00,2019.0,1929265341.0,2019-05-09,20190506,20190509,20190529.0,USD,RV,1.0,,13120.02,20190509.0,NAD1,1929265341.0,0
U001,200797984,PIGGLY associates,2019-05-08 00:00:00,2019.0,1929185986.0,2019-04-23,20190422,20190423,20190508.0,USD,RV,1.0,,59203.77,20190423.0,NAA8,1929185986.0,0
U001,0200622385,US  us,2019-04-17 00:00:00,2019.0,1928970907.0,2019-03-15,20190315,20190315,20190416.0,USD,RV,1.0,,27645.7,20190315.0,NA32,1928970907.0,0
U001,0200769623,WAL-MAR llc,2019-08-30 00:00:00,2019.0,1929760316.0,2019-08-20,20190818,20190820,20190904.0,USD,RV,1.0,,6532.6,20190820.0,NAH4,1929760316.0,0
U001,0200769623,WAL-MAR corporation,2019-10-08 00:00:00,2019.0,1929934626.0,2019-09-28,20190927,20190928,20191013.0,USD,RV,1.0,,57725.86,20190928.0,NAH4,1929934626.0,0
U001,0200769623,WAL-MAR in,2020-01-16 00:00:00,2020.0,1930353136.0,2020-01-05,20200104,20200105,20200120.0,USD,RV,1.0,,54743.89,20200105.0,NAH4,1930353136.0,0
U001,0200769623,WAL-MAR trust,2019-05-29 00:00:00,2019.0,1929339053.0,2019-05-19,20190517,20190519,20190603.0,USD,RV,1.0,,22193.8,20190519.0,NAH4,1929339053.0,0
U001,0200705742,DOT associates,2019-09-24 00:00:00,2019.0,1929847187.0,2019-09-09,20190908,20190909,20191011.0,USD,RV,1.0,,2090.61,20190909.0,NA32,1929847187.0,0
U001,0100049079,ESSEX  co,2019-04-30 00:00:00,2019.0,1929080467.0,2019-04-10,20190403,20190410,20190425.0,USD,RV,1.0,,13243.2,20190410.0,NAA8,1929080467.0,0
U001,0200790107,ROU co,2019-01-23 00:00:00,2019.0,1928587863.0,2019-01-08,20190108,20190108,20190123.0,USD,RV,1.0,,48719.61,20190108.0,NAC6,1928587863.0,0
U001,0200750051,ALBER systems,2019-10-18 00:00:00,2019.0,1929957584.0,2019-10-03,20191003,20191003,20191018.0,USD,RV,1.0,,15521.56,20191003.0,NAA8,1929957584.0,0
U001,0200749782,KROG corporation,2019-03-25 00:00:00,2019.0,1928925617.0,2019-03-08,20190307,20190308,20190323.0,USD,RV,1.0,,183512.89,20190308.0,NAA8,1928925617.0,0
U001,0100053305,ASSE corporation,2019-07-23 00:00:00,2019.0,1929626488.0,2019-07-12,20190717,20190712,20190722.0,USD,RV,1.0,,27508.8,20190712.0,NA10,1929626488.0,0
U001,0200129450,NU corp,2019-11-26 00:00:00,2019.0,1930036180.0,2019-10-22,20191021,20191022,20191121.0,USD,RV,1.0,,48691.68,20191022.0,NAD5,1930036180.0,0
U001,0100035578,MICH corporation,2019-03-18 00:00:00,2019.0,1928793642.0,2019-02-13,20190213,20190213,20190316.0,USD,RV,1.0,,15138.87,20190213.0,NA3B,1928793642.0,0
U001,0200749782,KROG in,2019-04-09 00:00:00,2019.0,1929017457.0,2019-03-25,20190324,20190325,20190409.0,USD,RV,1.0,,91649.05,20190325.0,NAA8,1929017457.0,0
U001,0200744019,TARG systems,,2020.0,1930693105.0,2020-03-25,20200324,20200325,20200409.0,USD,RV,1.0,,3434.5,20200325.0,NAA8,1930693105.0,1
U001,0200780383,MEIJ llc,,2020.0,1930788223.0,2020-04-15,20200415,20200415,20200430.0,USD,RV,1.0,,41712.73,20200415.0,NAA8,1930788223.0,1
U001,0200769623,WAL-MAR trust,2019-12-23 00:00:00,2019.0,1930271421.0,2019-12-12,20191212,20191212,20191227.0,USD,RV,1.0,,61244.19,20191212.0,NAH4,1930271421.0,0
U001,0200749782,KROG corporation,2019-10-28 00:00:00,2019.0,1930006943.0,2019-10-13,20191012,20191013,20191028.0,USD,RV,1.0,,111910.58,20191013.0,NAA8,1930006943.0,0
U001,0200729942,SA trust,2019-02-08 00:00:00,2019.0,1928661917.0,2019-01-22,20190122,20190122,20190206.0,USD,RV,1.0,,34535.73,20190122.0,NAA8,1928661917.0,0
U001,0200230690,DECA trust,2020-01-15 00:00:00,2020.0,1930346726.0,2020-01-03,20200103,20200103,20200124.0,USD,RV,1.0,,2417.96,20200101.0,NAM4,1930346726.0,0
U001,0200713007,KEEFE  trust,2019-06-28 00:00:00,2019.0,1929492554.0,2019-06-20,20190614,20190620,20190705.0,USD,RV,1.0,,6216.0,20190620.0,NAA8,1929492554.0,0
U001,0200739534,OK corporation,2019-08-29 00:00:00,2019.0,1929733677.0,2019-08-11,20190811,20190811,20190826.0,USD,RV,1.0,,45035.97,20190811.0,NAA8,1929733677.0,0
U001,0200769623,WAL-MAR trust,2019-09-04 00:00:00,2019.0,1929779167.0,2019-08-23,20190823,20190823,20190907.0,USD,RV,1.0,,45580.83,20190823.0,NAH4,1929779167.0,0
U001,0200726979,BJ'S  corp,2019-06-24 00:00:00,2019.0,1929455756.0,2019-06-08,20190607,20190608,20190623.0,USD,RV,1.0,,434.98,20190608.0,NAA8,1929455756.0,0
U001,0200759878,SA corp,2019-02-28 00:00:00,2019.0,1928787714.0,2019-02-13,20190212,20190213,20190228.0,USD,RV,1.0,,30479.36,20190213.0,NAH4,1928787714.0,0
U001,0200726979,BJ'S  trust,2020-02-03 00:00:00,2020.0,1930406905.0,2020-01-17,20200116,20200117,20200201.0,USD,RV,1.0,,27.6,20200117.0,NAA8,1930406905.0,0
U001,0200763152,PERFOR corporation,2019-10-18 00:00:00,2019.0,1929748244.0,2019-08-20,20190816,20190820,20190921.0,USD,RV,1.0,,14559.48,20190820.0,NA32,1929748244.0,0
U013,CC6600,KRAFT  corporation,2019-04-30 00:00:00,2019.0,1991822584.0,2019-02-27,20190227,20190227,20190413.0,USD,RV,1.0,,16321.81,20190227.0,NAVF,1991822584.0,0
U001,0200078795,H T H ,2019-05-02 00:00:00,2019.0,1929162871.0,2019-04-17,20190417,20190417,20190502.0,USD,RV,1.0,,779.72,20190417.0,NAA8,1929162871.0,0
CA02,0140104285,BUY- trust,2019-05-06 00:00:00,2019.0,2960540790.0,2019-04-24,20190424,20190424,20190512.0,CAD,RV,1.0,,7650.43,20190502.0,CA10,2960540790.0,0
CA02,0140106408,WAL-M associates,2019-04-05 00:00:00,2019.0,2960531615.0,2019-02-28,20190228,20190228,20190319.0,CAD,RV,1.0,,195871.65,20190309.0,CA10,2960531615.0,0
U001,0100031704,DELHAIZE co,2019-03-26 00:00:00,2019.0,1928941199.0,2019-03-10,20190310,20190310,20190325.0,USD,RV,1.0,,88190.78,20190310.0,NAA8,1928941199.0,0
U001,0200726979,BJ'S  in,2019-03-05 00:00:00,2019.0,1928824389.0,2019-02-18,20190219,20190218,20190305.0,USD,RV,1.0,,193.74,20190218.0,NAA8,1928824389.0,0
U001,0200780383,MEIJ llc,2019-05-08 00:00:00,2019.0,1929174679.0,2019-04-19,20190419,20190419,20190504.0,USD,RV,1.0,,61803.76,20190419.0,NAA8,1929174679.0,0
U001,0200769623,WAL-MAR co,2019-05-21 00:00:00,2019.0,1929292320.0,2019-05-11,20190510,20190511,20190526.0,USD,RV,1.0,,2373.96,20190511.0,NAH4,1929292320.0,0
U001,0200706844,WINC in,2019-04-04 00:00:00,2019.0,1929004028.0,2019-03-20,20190321,20190320,20190404.0,USD,RV,1.0,,11042.07,20190320.0,NAA8,1929004028.0,0
U001,0200714710,SYSCO  corp,2019-05-17 00:00:00,2019.0,1929238251.0,2019-05-03,20190501,20190503,20190518.0,USD,RV,1.0,,3483.36,20190503.0,NAA8,1929238251.0,0
U001,0200743123,KROGER foundation,2020-03-05 00:00:00,2020.0,1930547997.0,2020-02-19,20200220,20200219,20200305.0,USD,RV,1.0,,62158.91,20200219.0,NAA8,1930547997.0,0
U001,0200149567,RESER systems,,2020.0,1930691693.0,2020-03-24,20200324,20200324,20200508.0,USD,RV,1.0,,58718.52,20200324.0,NABG,1930691693.0,1
U001,0100031704,DELHAIZE corp,2019-11-14 00:00:00,2019.0,1930056505.0,2019-10-28,20191027,20191028,20191112.0,USD,RV,1.0,,15018.2,20191028.0,NAA8,1930056505.0,0
U001,0200744019,TARG llc,2019-05-28 00:00:00,2019.0,1928991359.0,2019-03-21,20190319,20190321,20190525.0,USD,RV,1.0,,8358.99,20190321.0,NAGD,1928991359.0,0
CA02,0140104240,FEDER systems,2019-03-27 00:00:00,2019.0,2960534500.0,2019-03-10,20190310,20190310,20190328.0,CAD,RV,1.0,,111381.83,20190318.0,CA10,2960534500.0,0
U001,0200230690,DECA corp,2019-11-18 00:00:00,2019.0,1930098137.0,2019-11-04,20191104,20191104,20191124.0,USD,RV,1.0,,1787.04,20191101.0,NAM4,1930098137.0,0
U001,0200779051,AFFILI in,2019-05-06 00:00:00,2019.0,1929217590.0,2019-04-26,20190427,20190426,20190511.0,USD,RV,1.0,,54900.58,20190426.0,NAA8,1929217590.0,0
U001,0200231309,SHERWO corporation,2019-07-31 00:00:00,2019.0,1929627224.0,2019-07-17,20190717,20190717,20190801.0,USD,RV,1.0,,32491.87,20190717.0,NAA8,1929627224.0,0
U001,0200769623,WAL-MAR ,2019-10-11 00:00:00,2019.0,1929915445.0,2019-09-25,20190924,20190925,20191010.0,USD,RV,1.0,,7863.24,20190925.0,NAH4,1929915445.0,0
U001,0200759878,SA associates,2019-04-24 00:00:00,2019.0,1929110487.0,2019-04-09,20190409,20190409,20190424.0,USD,RV,1.0,,87464.33,20190409.0,NAH4,1929110487.0,0
U001,0200726979,BJ'S  in,2019-12-18 00:00:00,2019.0,1930209880.0,2019-12-03,20191202,20191203,20191218.0,USD,RV,1.0,,816.96,20191203.0,NAA8,1930209880.0,0
U001,0200759878,SA in,2019-09-12 00:00:00,2019.0,1929792657.0,2019-08-27,20190826,20190827,20190911.0,USD,RV,1.0,,12451.76,20190827.0,NAH4,1929792657.0,0
U001,0200794332,COST ,2019-05-23 00:00:00,2019.0,1929261026.0,2019-05-06,20190505,20190506,20190521.0,USD,RV,1.0,,14306.77,20190506.0,NAAX,1929261026.0,0
U001,0200726979,BJ'S  corporation,2019-05-20 00:00:00,2019.0,1929230034.0,2019-04-28,20190429,20190428,20190513.0,USD,RV,1.0,,166.35,20190428.0,NAA8,1929230034.0,0
U001,0200772670,ASSOCIAT associates,2019-12-23 00:00:00,2019.0,1930229429.0,2019-12-06,20191206,20191206,20191221.0,USD,RV,1.0,,3910.65,20191206.0,NAU5,1930229429.0,0
U001,0200290370,BARGAIN  llc,2019-02-19 00:00:00,2019.0,1928712502.0,2019-02-01,20190130,20190201,20190216.0,USD,RV,1.0,,12957.0,20190201.0,NAA8,1928712502.0,0
U001,0200726979,BJ'S  associates,2019-03-04 00:00:00,2019.0,1928804060.0,2019-02-16,20190215,20190216,20190303.0,USD,RV,1.0,,55.6,20190216.0,NAA8,1928804060.0,0
U001,0200353024,DECA systems,2019-06-25 00:00:00,2019.0,1929519743.0,2019-06-20,20190620,20190620,20190626.0,USD,RV,1.0,,11064.29,20190616.0,NAM2,1929519743.0,0
U001,0200769623,WAL-MAR in,,2020.0,1930706964.0,2020-03-28,20200326,20200328,20200412.0,USD,RV,1.0,,24678.73,20200328.0,NAH4,1930706964.0,1
U001,0200769623,WAL-MAR us,2019-02-25 00:00:00,2019.0,1928794629.0,2019-02-14,20190213,20190214,20190301.0,USD,RV,1.0,,61895.17,20190214.0,NAH4,1928794629.0,0
U001,0200739534,OK foundation,2019-02-15 00:00:00,2019.0,1928725605.0,2019-02-01,20190202,20190201,20190216.0,USD,RV,1.0,,26706.7,20190201.0,NAA8,1928725605.0,0
U001,0200739534,OK associates,2019-08-09 00:00:00,2019.0,1929666931.0,2019-07-26,20190726,20190726,20190810.0,USD,RV,1.0,,27311.83,20190726.0,NAA8,1929666931.0,0
U001,0200592182,DECA ,2019-08-16 00:00:00,2019.0,1929714887.0,2019-08-07,20190807,20190807,20190824.0,USD,RV,1.0,,351.72,20190801.0,NAM4,1929714887.0,0
U001,0200704858,WAKE co,,2020.0,1930844037.0,2020-05-01,20200430,20200501,20200516.0,USD,RV,1.0,,18568.24,20200501.0,NAA8,1930844037.0,1
U001,0200769623,WAL-MAR us,2019-09-03 00:00:00,2019.0,1929749257.0,2019-08-22,20190815,20190822,20190906.0,USD,RV,1.0,,15949.91,20190822.0,NAH4,1929749257.0,0
CA02,0140104934,REGI foundation,,2020.0,2960626826.0,2020-04-07,20200407,20200407,20200419.0,CAD,RV,1.0,,7647.33,20200409.0,CA10,2960626826.0,1
U001,0200769623,WAL-MAR foundation,2019-07-31 00:00:00,2019.0,1929624978.0,2019-07-17,20190716,20190717,20190801.0,USD,RV,1.0,,12168.11,20190717.0,NAH4,1929624978.0,0
U001,0200126819,MCLANE in,2019-12-06 00:00:00,2019.0,1930156442.0,2019-11-19,20191114,20191119,20191204.0,USD,RV,1.0,,8065.65,20191119.0,NAA8,1930156442.0,0
U001,0200769623,WAL-MAR ,2019-04-02 00:00:00,2019.0,1928969641.0,2019-03-15,20190315,20190315,20190330.0,USD,RV,1.0,,6780.99,20190315.0,NAH4,1928969641.0,0
U001,0200956366,RICH systems,2019-05-10 00:00:00,2019.0,1929171978.0,2019-04-24,20190418,20190424,20190509.0,USD,RV,1.0,,8361.36,20190424.0,NAA8,1929171978.0,0
U001,0200096390,D corporation,2019-07-26 00:00:00,2019.0,1929594681.0,2019-07-10,20190709,20190710,20190725.0,USD,RV,1.0,,8828.02,20190710.0,NAA8,1929594681.0,0
U001,0200769623,WAL-MAR co,2019-04-03 00:00:00,2019.0,1928996534.0,2019-03-20,20190320,20190320,20190404.0,USD,RV,1.0,,133.64,20190320.0,NAH4,1928996534.0,0
U001,0200744019,TARG systems,2019-03-19 00:00:00,2019.0,1928872199.0,2019-02-28,20190227,20190228,20190315.0,USD,RV,1.0,,4007.72,20190228.0,NAA8,1928872199.0,0
U001,0200707822,PUBLI associates,2020-03-04 00:00:00,2020.0,1930538361.0,2020-02-18,20200218,20200218,20200304.0,USD,RV,1.0,,79291.7,20200218.0,NAA8,1930538361.0,0
U001,200705742,DOT llc,2019-05-17 00:00:00,2019.0,1929245503.0,2019-05-02,20190502,20190502,20190605.0,USD,RV,1.0,,3448.46,20190502.0,NAAW,1929245503.0,0
U001,0200776463,KROGE associates,2019-11-26 00:00:00,2019.0,1930137427.0,2019-11-11,20191111,20191111,20191126.0,USD,RV,1.0,,3036.96,20191111.0,NAA8,1930137427.0,0
U001,0200707822,PUBLI us,2019-06-24 00:00:00,2019.0,1929455896.0,2019-06-09,20190608,20190609,20190624.0,USD,RV,1.0,,129814.51,20190609.0,NAA8,1929455896.0,0
U001,0200769623,WAL-MAR us,2019-05-29 00:00:00,2019.0,1929334996.0,2019-05-17,20190517,20190517,20190601.0,USD,RV,1.0,,47057.98,20190517.0,NAH4,1929334996.0,0
U001,0200707822,PUBLI systems,2019-01-22 00:00:00,2019.0,1928550910.0,2019-01-03,20190102,20190103,20190118.0,USD,RV,1.0,,97930.28,20190103.0,NAA8,1928550910.0,0
U001,0200744019,TARG corporation,2020-01-15 00:00:00,2020.0,1930333950.0,2019-12-31,20191230,20191231,20200115.0,USD,RV,1.0,,29572.1,20191231.0,NAA8,1930333950.0,0
U001,0200783734,FAREW corp,2019-07-05 00:00:00,2019.0,1929514851.0,2019-06-21,20190620,20190621,20190706.0,USD,RV,1.0,,84729.53,20190621.0,NAA8,1929514851.0,0
U001,0200700919,US  corporation,2019-02-15 00:00:00,2019.0,1928710253.0,2019-01-30,20190130,20190130,20190214.0,USD,RV,1.0,,40612.15,20190130.0,NAA8,1928710253.0,0
U001,0200790107,ROU associates,2020-03-05 00:00:00,2020.0,1930542914.0,2020-02-18,20200219,20200218,20200304.0,USD,RV,1.0,,141900.0,20200218.0,NAC6,1930542914.0,0
U001,0200769623,WAL-MAR trust,2020-02-07 00:00:00,2020.0,1930420867.0,2020-01-22,20200121,20200122,20200206.0,USD,RV,1.0,,9211.64,20200122.0,NAH4,1930420867.0,0
U001,0200794332,COST us,2020-02-26 00:00:00,2020.0,1930509207.0,2020-02-10,20200210,20200210,20200225.0,USD,RV,1.0,,32626.89,20200210.0,NAAX,1930509207.0,0
U001,0200769623,WAL-MAR llc,2019-05-29 00:00:00,2019.0,1929335254.0,2019-05-18,20190517,20190518,20190602.0,USD,RV,1.0,,1157.0,20190518.0,NAH4,1929335254.0,0
CA02,0140104472,MARTIN foundation,2019-01-23 00:00:00,2019.0,2960520851.0,2019-01-04,20190104,20190104,20190118.0,CAD,RV,1.0,,40924.56,20190108.0,CA10,2960520851.0,0
U001,0200794332,COST co,2019-09-09 00:00:00,2019.0,1929779476.0,2019-08-23,20190823,20190823,20190907.0,USD,RV,1.0,,14838.48,20190823.0,NAAX,1929779476.0,0
U001,0200277896,ASSOCI co,2019-10-22 00:00:00,2019.0,1929896152.0,2019-09-19,20190919,20190919,20190929.0,USD,RV,1.0,,77116.76,20190919.0,NA10,1929896152.0,0
U001,0200466603,SMITH'S corp,,2020.0,1930662049.0,2020-03-17,20200317,20200317,20200401.0,USD,RV,1.0,,105916.32,20200317.0,NAA8,1930662049.0,1
U001,0100012638,99 CE corporation,2019-07-05 00:00:00,2019.0,1929511272.0,2019-06-19,20190618,20190619,20190704.0,USD,RV,1.0,,24259.63,20190619.0,NAA8,1929511272.0,0
U001,0200418007,AM us,2019-10-23 00:00:00,2019.0,1929957418.0,2019-10-08,20191003,20191008,20191023.0,USD,RV,1.0,,4704.0,20191008.0,NAA8,1929957418.0,0
U001,0200706844,WINC associates,,2020.0,1930725584.0,2020-03-31,20200331,20200331,20200415.0,USD,RV,1.0,,2211.36,20200331.0,NAA8,1930725584.0,1
U001,0100030961,W.B. associates,2019-05-13 00:00:00,2019.0,1929225953.0,2019-04-29,20190429,20190429,20190514.0,USD,RV,1.0,,95213.88,20190429.0,NAA8,1929225953.0,0
U001,0200752302,KROGER systems,,2020.0,1930814473.0,2020-04-24,20200422,20200424,20200509.0,USD,RV,1.0,,16441.08,20200424.0,NAA8,1930814473.0,1
U001,0200230690,DECA corporation,2019-05-10 00:00:00,2019.0,1929258412.0,2019-05-04,20190504,20190504,20190511.0,USD,RV,1.0,,4748.03,20190501.0,NAM2,1929258412.0,0
U001,0200418007,AM associates,2019-10-28 00:00:00,2019.0,1929992072.0,2019-10-12,20191009,20191012,20191027.0,USD,RV,1.0,,13498.59,20191012.0,NAA8,1929992072.0,0
U001,0200416837,DEC ,2019-12-30 00:00:00,2019.0,1930302691.0,2019-12-20,20191220,20191220,20200108.0,USD,RV,1.0,,168.14,20191216.0,NAM4,1930302691.0,0
U001,0200786288,FAMILY foundation,2019-01-18 00:00:00,2019.0,1928559364.0,2019-01-04,20190103,20190104,20190119.0,USD,RV,1.0,,82966.12,20190104.0,NAC6,1928559364.0,0
U001,0200769623,WAL-MAR trust,2019-10-01 00:00:00,2019.0,1929897609.0,2019-09-20,20190919,20190920,20191005.0,USD,RV,1.0,,2583.75,20190920.0,NAH4,1929897609.0,0
U001,0100001452,COASTAL  ,,2020.0,1930782176.0,2020-04-17,20200414,20200417,20200502.0,USD,RV,1.0,,5110.9,20200417.0,NAA8,1930782176.0,1
U001,0200706844,WINC corporation,2020-01-28 00:00:00,2020.0,1930396300.0,2020-01-13,20200114,20200113,20200128.0,USD,RV,1.0,,30791.88,20200113.0,NAA8,1930396300.0,0
U001,0200769623,WAL-MAR associates,2019-02-08 00:00:00,2019.0,1928699433.0,2019-01-29,20190128,20190129,20190213.0,USD,RV,1.0,,1843.02,20190129.0,NAH4,1928699433.0,0
U001,0200772595,SAFEW associates,2019-03-21 00:00:00,2019.0,1928879113.0,2019-03-06,20190304,20190306,20190321.0,USD,RV,1.0,,71665.78,20190306.0,NAA8,1928879113.0,0
U001,0200732755,KROGER corporation,2019-03-08 00:00:00,2019.0,1928829173.0,2019-02-21,20190220,20190221,20190308.0,USD,RV,1.0,,127916.9,20190221.0,NAA8,1928829173.0,0
U001,0200759878,SA ,2019-04-11 00:00:00,2019.0,1929020763.0,2019-03-26,20190324,20190326,20190410.0,USD,RV,1.0,,14502.44,20190326.0,NAH4,1929020763.0,0
U001,200936373,SUPE ,,2020.0,1930857960.0,2020-05-04,20200505,20200504,20200519.0,USD,RV,1.0,,111966.62,20200504.0,NAA8,1930857960.0,1
U001,0200759878,SA foundation,2019-03-26 00:00:00,2019.0,1928931113.0,2019-03-11,20190308,20190311,20190326.0,USD,RV,1.0,,39003.64,20190311.0,NAH4,1928931113.0,0
U001,0200769623,WAL-MAR llc,2019-03-26 00:00:00,2019.0,1928969423.0,2019-03-15,20190315,20190315,20190330.0,USD,RV,1.0,,17892.22,20190315.0,NAH4,1928969423.0,0
U001,0200769623,WAL-MAR associates,2019-06-03 00:00:00,2019.0,1929368310.0,2019-05-23,20190523,20190523,20190607.0,USD,RV,1.0,,376.9,20190523.0,NAH4,1929368310.0,0
U001,200769623,WAL-MAR systems,,2020.0,1930895928.0,2020-05-12,20200512,20200512,20200527.0,USD,RV,1.0,,9936.4,20200512.0,NAH4,1930895928.0,1
U001,0200794332,COST corporation,2019-03-11 00:00:00,2019.0,1928823167.0,2019-02-22,20190219,20190222,20190309.0,USD,RV,1.0,,84062.61,20190222.0,NAAX,1928823167.0,0
U001,0200795490,HY -  associates,2019-03-25 00:00:00,2019.0,1928933464.0,2019-03-09,20190309,20190309,20190324.0,USD,RV,1.0,,89897.87,20190309.0,NAA8,1928933464.0,0
U001,0200555117,BURR foundation,2020-03-05 00:00:00,2020.0,1930558275.0,2020-02-25,20200222,20200225,20200311.0,USD,RV,1.0,,90175.25,20200225.0,NAA8,1930558275.0,0
CA02,0140104423,METRO  associates,,2020.0,2960624731.0,2020-03-29,20200329,20200329,20200410.0,CAD,RV,1.0,,196511.83,20200331.0,CA10,2960624731.0,1
U001,0200794332,COST llc,2019-04-25 00:00:00,2019.0,1929120070.0,2019-04-10,20190410,20190410,20190425.0,USD,RV,1.0,,34795.13,20190410.0,NAAX,1929120070.0,0
U001,0200736337,SYSCO F systems,2019-07-15 00:00:00,2019.0,1929548831.0,2019-06-28,20190627,20190628,20190713.0,USD,RV,1.0,,1686.84,20190628.0,NAA8,1929548831.0,0
U001,0200769623,WAL-MAR ,2019-09-23 00:00:00,2019.0,1929855130.0,2019-09-11,20190910,20190911,20190926.0,USD,RV,1.0,,71912.99,20190911.0,NAH4,1929855130.0,0
U001,0200769623,WAL-MAR foundation,2019-02-25 00:00:00,2019.0,1928783798.0,2019-02-13,20190213,20190213,20190228.0,USD,RV,1.0,,3478.64,20190213.0,NAH4,1928783798.0,0
U001,0200794332,COST trust,2020-03-05 00:00:00,2020.0,1930534880.0,2020-02-20,20200217,20200220,20200306.0,USD,RV,1.0,,8793.09,20200220.0,NAAX,1930534880.0,0
U001,0200718130,SYSCO F llc,2019-03-04 00:00:00,2019.0,1928799225.0,2019-02-15,20190214,20190215,20190302.0,USD,RV,1.0,,24161.41,20190215.0,NAA8,1928799225.0,0
CA02,0140105847,GORDON F ,2019-08-26 00:00:00,2019.0,2960572497.0,2019-08-13,20190813,20190813,20190824.0,CAD,RV,1.0,,63484.91,20190814.0,CA10,2960572497.0,0
U001,0200712187,SPAR in,2019-11-01 00:00:00,2019.0,1929883860.0,2019-09-17,20190917,20190917,20191002.0,USD,RV,1.0,,2048.35,20190917.0,NAA8,1929883860.0,0
U001,0200726979,BJ'S  corporation,2019-05-24 00:00:00,2019.0,1929287594.0,2019-05-09,20190509,20190509,20190524.0,USD,RV,1.0,,1377.18,20190509.0,NAA8,1929287594.0,0
U001,0200974851,RESTA co,,2020.0,1930708852.0,2020-03-27,20200326,20200327,20200411.0,USD,RV,1.0,,1695.94,20200327.0,NAA8,1930708852.0,1
U001,0200704858,WAKE co,,2020.0,1930710579.0,2020-03-28,20200327,20200328,20200412.0,USD,RV,1.0,,106294.52,20200328.0,NAA8,1930710579.0,1
U001,0200742521,GLA systems,2019-08-13 00:00:00,2019.0,1929662313.0,2019-07-25,20190725,20190725,20190809.0,USD,RV,1.0,,854.4,20190725.0,NAA8,1929662313.0,0
U001,0200794332,COST us,2020-03-02 00:00:00,2020.0,1930526657.0,2020-02-14,20200214,20200214,20200229.0,USD,RV,1.0,,31126.42,20200214.0,NAAX,1930526657.0,0
U001,0200769623,WAL-MAR trust,2019-04-25 00:00:00,2019.0,1929144952.0,2019-04-15,20190414,20190415,20190430.0,USD,RV,1.0,,1328.25,20190415.0,NAH4,1929144952.0,0
U001,0200129450,NU us,2019-07-09 00:00:00,2019.0,1929446379.0,2019-06-07,20190606,20190607,20190707.0,USD,RV,1.0,,87614.72,20190607.0,NAD5,1929446379.0,0
U001,0200769623,WAL-MAR corp,2019-04-19 00:00:00,2019.0,1929101220.0,2019-04-09,20190407,20190409,20190424.0,USD,RV,1.0,,47947.34,20190409.0,NAH4,1929101220.0,0
U001,0200416837,DEC llc,2019-10-16 00:00:00,2019.0,1929961309.0,2019-10-04,20191004,20191004,20191024.0,USD,RV,1.0,,836.32,20191001.0,NAM4,1929961309.0,0
U001,0200761734,H E BUT us,2019-03-26 00:00:00,2019.0,1928937562.0,2019-03-10,20190309,20190310,20190325.0,USD,RV,1.0,,38017.64,20190310.0,NAA8,1928937562.0,0
U001,0200712105,WALG llc,2019-12-20 00:00:00,2019.0,1930218490.0,2019-12-05,20191205,20191205,20191220.0,USD,RV,1.0,,69504.6,20191205.0,NAA8,1930218490.0,0
U001,200439158,POST  co,2019-06-10 00:00:00,2019.0,1929405052.0,2019-05-30,20190530,20190530,20190614.0,USD,RV,1.0,,23352.3,20190530.0,NAA8,1929405052.0,0
CA02,0140104440,SO in,2019-12-16 00:00:00,2019.0,2960597407.0,2019-11-30,20191130,20191130,20191212.0,CAD,RV,1.0,,63466.4,20191202.0,CA10,2960597407.0,0
CA02,0140104409,LOB ,,2020.0,2960626648.0,2020-04-08,20200408,20200408,20200426.0,CAD,RV,1.0,,75979.77,20200416.0,CA10,2960626648.0,1
U001,0200769623,WAL-MAR co,2020-03-02 00:00:00,2020.0,1930520477.0,2020-02-13,20200213,20200213,20200228.0,USD,RV,1.0,,38779.34,20200213.0,NAH4,1930520477.0,0
U001,0200762301,C&S WH foundation,2019-08-14 00:00:00,2019.0,1929560849.0,2019-07-02,20190630,20190702,20190717.0,USD,RV,1.0,,28619.2,20190702.0,NAC6,1929560849.0,0
U001,CCCA02,KRAFT  ,2020-03-27 00:00:00,2020.0,1930562586.0,2020-02-25,20200224,20200225,20200331.0,USD,RV,1.0,,25855.2,20200225.0,NAG2,1930562586.0,0
U001,0200726979,BJ'S  systems,2019-09-20 00:00:00,2019.0,1929829644.0,2019-09-05,20190904,20190905,20190920.0,USD,RV,1.0,,234.35,20190905.0,NAA8,1929829644.0,0
U013,0140101682,SUPERVAL us,2019-08-08 00:00:00,2019.0,1991828989.0,2019-07-02,20190628,20190702,20190801.0,USD,RV,1.0,,1984.76,20190702.0,NAVE,1991828989.0,0
U001,0200769623,WAL-MAR systems,2019-12-02 00:00:00,2019.0,1930174076.0,2019-11-21,20191120,20191121,20191206.0,USD,RV,1.0,,106.63,20191121.0,NAH4,1930174076.0,0
U001,0200741831,SUPE trust,2019-10-18 00:00:00,2019.0,1929728488.0,2019-08-09,20190809,20190809,20190824.0,USD,RV,1.0,,37155.57,20190809.0,NAA8,1929728488.0,0
U001,0200769623,WAL-MAR ,2019-04-16 00:00:00,2019.0,1929070303.0,2019-04-04,20190402,20190404,20190419.0,USD,RV,1.0,,8379.36,20190404.0,NAH4,1929070303.0,0
U001,0200792200,APPE corporation,2019-06-11 00:00:00,2019.0,1929277581.0,2019-05-07,20190508,20190507,20190608.0,USD,RV,1.0,,3258.8,20190507.0,NA32,1929277581.0,0
U001,0200707741,SMART &  co,2020-03-11 00:00:00,2020.0,1930566216.0,2020-02-24,20200225,20200224,20200310.0,USD,RV,1.0,,19537.87,20200224.0,NAA8,1930566216.0,0
U013,0140103423,COS us,2019-12-19 00:00:00,2019.0,1991834719.0,2019-11-17,20191113,20191117,20191217.0,USD,RV,1.0,,4569.29,20191117.0,NAVE,1991834719.0,0
U001,0200762301,C&S WH llc,2019-07-09 00:00:00,2019.0,1929534220.0,2019-06-24,20190624,20190624,20190709.0,USD,RV,1.0,,50717.96,20190624.0,NAC6,1929534220.0,0
CA02,0140106181,THE  llc,2020-04-30 00:00:00,2020.0,2960614631.0,2020-02-16,20200216,20200216,20200306.0,CAD,RV,1.0,,21840.75,20200225.0,CA10,2960614631.0,0
U001,0200769623,WAL-MAR systems,2020-03-02 00:00:00,2020.0,1930539485.0,2020-02-20,20200218,20200220,20200306.0,USD,RV,1.0,,13235.47,20200220.0,NAH4,1930539485.0,0
U001,0200743123,KROGER co,2019-07-08 00:00:00,2019.0,1929531551.0,2019-06-22,20190622,20190622,20190707.0,USD,RV,1.0,,2382.55,20190622.0,NAA8,1929531551.0,0
U001,0200455322,PEA associates,2019-03-11 00:00:00,2019.0,1928694288.0,2019-01-30,20190128,20190130,20190301.0,USD,RV,1.0,,29928.32,20190130.0,NAD5,1928694288.0,0
U001,0200769623,WAL-MAR trust,2019-06-10 00:00:00,2019.0,1929392593.0,2019-05-28,20190528,20190528,20190612.0,USD,RV,1.0,,40328.64,20190528.0,NAH4,1929392593.0,0
U001,0200762301,C&S WH in,2019-03-26 00:00:00,2019.0,1928936751.0,2019-03-13,20190309,20190313,20190328.0,USD,RV,1.0,,49355.48,20190313.0,NAC6,1928936751.0,0
U001,0200769623,WAL-MAR systems,2019-01-22 00:00:00,2019.0,1928613105.0,2019-01-12,20190111,20190112,20190127.0,USD,RV,1.0,,34906.22,20190112.0,NAH4,1928613105.0,0
U001,0200786288,FAMILY trust,,2020.0,1930793486.0,2020-04-17,20200416,20200417,20200502.0,USD,RV,1.0,,69979.29,20200417.0,NAA8,1930793486.0,1
U001,0200881076,ALBERT us,2019-07-05 00:00:00,2019.0,1929516418.0,2019-06-19,20190619,20190619,20190704.0,USD,RV,1.0,,83392.97,20190619.0,NAA8,1929516418.0,0
U001,0200769623,WAL-MAR ,2020-03-05 00:00:00,2020.0,1930554627.0,2020-02-22,20200221,20200222,20200308.0,USD,RV,1.0,,35.56,20200222.0,NAH4,1930554627.0,0
U001,0200759878,SA corp,2019-03-13 00:00:00,2019.0,1928851657.0,2019-02-25,20190224,20190225,20190312.0,USD,RV,1.0,,39498.1,20190225.0,NAH4,1928851657.0,0
U001,0200769623,WAL-MAR associates,2019-11-12 00:00:00,2019.0,1930056901.0,2019-10-29,20191027,20191029,20191113.0,USD,RV,1.0,,9080.68,20191029.0,NAH4,1930056901.0,0
CA02,0140104429,COSTCO us,2019-12-23 00:00:00,2019.0,2960600253.0,2019-12-12,20191212,20191212,20191223.0,CAD,RV,1.0,,6156.93,20191213.0,CA10,2960600253.0,0
U001,200771157,WEIS foundation,2019-08-29 00:00:00,2019.0,1929748775.0,2019-08-14,20190815,20190814,20190829.0,USD,RV,1.0,,16038.18,20190814.0,NAA8,1929748775.0,0
U001,0200739006,AL in,2019-11-25 00:00:00,2019.0,1930134860.0,2019-11-12,20191110,20191112,20191127.0,USD,RV,1.0,,22397.09,20191112.0,NAA8,1930134860.0,0
U001,0200769623,WAL-MAR associates,,2020.0,1930653124.0,2020-03-15,20200314,20200315,20200330.0,USD,RV,1.0,,1898.9,20200315.0,NAH4,1930653124.0,1
U001,0200707822,PUBLI associates,2019-05-23 00:00:00,2019.0,1929278400.0,2019-05-08,20190508,20190508,20190523.0,USD,RV,1.0,,70380.07,20190508.0,NAA8,1929278400.0,0
U001,0200732755,KROGER associates,2019-09-09 00:00:00,2019.0,1929778824.0,2019-08-23,20190823,20190823,20190907.0,USD,RV,1.0,,48249.36,20190823.0,NAA8,1929778824.0,0
U001,0200769623,WAL-MAR us,2019-07-09 00:00:00,2019.0,1929548365.0,2019-06-27,20190626,20190627,20190712.0,USD,RV,1.0,,1897.5,20190627.0,NAH4,1929548365.0,0
U001,0200793568,SUPE us,2019-02-19 00:00:00,2019.0,1928731501.0,2019-02-04,20190204,20190204,20190219.0,USD,RV,1.0,,49444.43,20190204.0,NAA8,1928731501.0,0
CA02,0140106181,THE  foundation,2020-04-08 00:00:00,2020.0,2960606764.0,2020-01-15,20200115,20200115,20200127.0,CAD,RV,1.0,,96336.0,20200117.0,CA10,2960606764.0,0
U001,0200782669,SYGMA llc,2019-05-01 00:00:00,2019.0,1929146027.0,2019-04-15,20190415,20190415,20190430.0,USD,RV,1.0,,16943.6,20190415.0,NAA8,1929146027.0,0
U001,200794332,COST llc,2019-07-26 00:00:00,2019.0,1929131177.0,2019-04-12,20190411,20190412,20190427.0,USD,RV,1.0,,536.11,20190412.0,NAAX,1929131177.0,0
U001,0200735528,ASSOCIA trust,,2020.0,1930717208.0,2020-03-30,20200328,20200330,20200414.0,USD,RV,1.0,,119480.44,20200330.0,NAA8,1930717208.0,1
U001,0200803720,DEC corporation,2019-05-09 00:00:00,2019.0,1929274815.0,2019-05-07,20190507,20190507,20190508.0,USD,RV,1.0,,7216.0,20190501.0,NAM1,1929274815.0,0
U001,0200772670,ASSOCIAT llc,2019-06-19 00:00:00,2019.0,1929421731.0,2019-06-03,20190604,20190603,20190618.0,USD,RV,1.0,,365.08,20190603.0,NAU5,1929421731.0,0
U001,0200785971,SYSCO  foundation,2019-04-17 00:00:00,2019.0,1929024637.0,2019-03-25,20190325,20190325,20190409.0,USD,RV,1.0,,19414.04,20190325.0,NAA8,1929024637.0,0
U001,0200769623,WAL-MAR foundation,2019-02-04 00:00:00,2019.0,1928668710.0,2019-01-23,20190123,20190123,20190207.0,USD,RV,1.0,,53846.21,20190123.0,NAH4,1928668710.0,0
U001,0200769623,WAL-MAR co,,2020.0,1930652502.0,2020-03-15,20200314,20200315,20200330.0,USD,RV,1.0,,11750.54,20200315.0,NAH4,1930652502.0,1
U001,0200769623,WAL-MAR us,,2020.0,1930860006.0,2020-05-05,20200505,20200505,20200520.0,USD,RV,1.0,,1414.68,20200505.0,NAH4,1930860006.0,1
CA02,0140104340,COLABOR  corp,2019-11-28 00:00:00,2019.0,2960592491.0,2019-11-13,20191113,20191113,20191125.0,CAD,RV,1.0,,526.89,20191115.0,CA10,2960592491.0,0
U001,0200764795,SYSCO  us,2019-01-22 00:00:00,2019.0,1928555559.0,2019-01-04,20190103,20190104,20190119.0,USD,RV,1.0,,30638.32,20190104.0,NAA8,1928555559.0,0
U001,0200762301,C&S WH foundation,2019-10-23 00:00:00,2019.0,1929982215.0,2019-10-08,20191007,20191008,20191023.0,USD,RV,1.0,,18453.52,20191008.0,NAC6,1929982215.0,0
U001,0200744019,TARG in,2019-01-22 00:00:00,2019.0,1928576258.0,2019-01-07,20190105,20190107,20190122.0,USD,RV,1.0,,16232.97,20190107.0,NAA8,1928576258.0,0
U001,0200152991,JET us,2019-04-19 00:00:00,2019.0,1929085519.0,2019-04-04,20190404,20190404,20190419.0,USD,RV,1.0,,1822.06,20190404.0,NAA8,1929085519.0,0
U001,0200799180,CHEN in,2020-03-06 00:00:00,2020.0,1930538080.0,2020-02-18,20200218,20200218,20200304.0,USD,RV,1.0,,30888.54,20200218.0,NAA8,1930538080.0,0
U001,0200719839,ASSOCI foundation,2020-02-06 00:00:00,2020.0,1930421849.0,2020-01-23,20200121,20200123,20200207.0,USD,RV,1.0,,85644.1,20200123.0,NAA8,1930421849.0,0
U001,0200769623,WAL-MAR corporation,2019-02-26 00:00:00,2019.0,1928798287.0,2019-02-16,20190214,20190216,20190303.0,USD,RV,1.0,,60460.11,20190216.0,NAH4,1928798287.0,0
U001,0200705742,DOT llc,2019-11-12 00:00:00,2019.0,1930049032.0,2019-10-25,20191023,20191025,20191114.0,USD,RV,1.0,,153622.02,20191025.0,NAD1,1930049032.0,0
U001,0200769623,WAL-MAR foundation,2019-06-04 00:00:00,2019.0,1929329953.0,2019-05-17,20190516,20190517,20190601.0,USD,RV,1.0,,15149.86,20190517.0,NAH4,1929329953.0,0
U001,200230690,DECA us,2019-07-16 00:00:00,2019.0,1929570493.0,2019-07-03,20190703,20190703,20190724.0,USD,RV,1.0,,9024.62,20190701.0,NAM4,1929570493.0,0
U001,0200769623,WAL-MAR llc,,2020.0,1930583829.0,2020-02-29,20200229,20200229,20200315.0,USD,RV,1.0,,6663.09,20200229.0,NAH4,1930583829.0,1
U001,0200769623,WAL-MAR llc,,2020.0,1930677126.0,2020-03-21,20200320,20200321,20200405.0,USD,RV,1.0,,4644.04,20200321.0,NAH4,1930677126.0,1
U001,0200794332,COST ,,2020.0,1930754313.0,2020-04-08,20200406,20200408,20200423.0,USD,RV,1.0,,2934.37,20200408.0,NAAX,1930754313.0,1
U001,200769623,WAL-MAR co,2019-07-15 00:00:00,2019.0,1929577676.0,2019-07-04,20190704,20190704,20190719.0,USD,RV,1.0,,54328.56,20190704.0,NAH4,1929577676.0,0
U001,0100050364,SING corporation,2019-11-15 00:00:00,2019.0,1930045770.0,2019-10-29,20191023,20191029,20191113.0,USD,RV,1.0,,3475.69,20191029.0,NAA8,1930045770.0,0
U001,0200769623,WAL-MAR trust,2019-05-06 00:00:00,2019.0,1929160882.0,2019-04-18,20190417,20190418,20190503.0,USD,RV,1.0,,49236.07,20190418.0,NAH4,1929160882.0,0
CA02,0140104440,SO associates,2019-05-01 00:00:00,2019.0,2960540699.0,2019-04-15,20190415,20190415,20190501.0,CAD,RV,1.0,,7683.64,20190421.0,CA10,2960540699.0,0
CA02,0140106408,WAL-M us,2019-05-03 00:00:00,2019.0,2960541175.0,2019-04-12,20190412,20190412,20190422.0,CAD,RV,1.0,,911.02,20190412.0,CA10,2960541175.0,0
CA02,0140104225,SAVE-ON- co,2019-02-26 00:00:00,2019.0,2960527734.0,2019-02-06,20190206,20190206,20190216.0,CAD,RV,1.0,,122468.23,20190206.0,CA10,2960527734.0,0
U001,0200769623,WAL-MAR foundation,2019-08-12 00:00:00,2019.0,1929676542.0,2019-07-29,20190730,20190729,20190813.0,USD,RV,1.0,,85512.39,20190729.0,NAH4,1929676542.0,0
U001,0200743129,BROOKS ,2019-02-20 00:00:00,2019.0,1928697460.0,2019-01-28,20190128,20190128,20190212.0,USD,RV,1.0,,105158.89,20190128.0,NAA8,1928697460.0,0
CA02,0140104409,LOB corp,2019-11-01 00:00:00,2019.0,2960587838.0,2019-10-22,20191022,20191022,20191101.0,CAD,RV,1.0,,67043.07,20191022.0,CA10,2960587838.0,0
U001,0200763814,SYSCO F trust,2019-07-10 00:00:00,2019.0,1929452467.0,2019-06-07,20190607,20190607,20190709.0,USD,RV,1.0,,4214.81,20190607.0,NA32,1929452467.0,0
CA02,0140104331,CORE-M trust,2019-06-19 00:00:00,2019.0,2960554784.0,2019-06-16,20190616,20190616,20190705.0,CAD,RV,1.0,,36574.4,20190625.0,CA10,2960554784.0,0
U001,0200769623,WAL-MAR foundation,2019-10-11 00:00:00,2019.0,1929940414.0,2019-09-30,20190929,20190930,20191015.0,USD,RV,1.0,,6532.6,20190930.0,NAH4,1929940414.0,0
U001,0200769623,WAL-MAR systems,2019-12-23 00:00:00,2019.0,1930221194.0,2019-12-06,20191205,20191206,20191221.0,USD,RV,1.0,,10177.47,20191206.0,NAH4,1930221194.0,0
U001,0200762301,C&S WH us,2019-03-20 00:00:00,2019.0,1928907380.0,2019-03-05,20190305,20190305,20190320.0,USD,RV,1.0,,139871.49,20190305.0,NAC6,1928907380.0,0
CA02,0140104429,COSTCO us,2019-12-16 00:00:00,2019.0,2960595646.0,2019-11-25,20191125,20191125,20191207.0,CAD,RV,1.0,,71880.3,20191127.0,CA10,2960595646.0,0
U001,0200735528,ASSOCIA us,2019-10-24 00:00:00,2019.0,1929967971.0,2019-10-08,20191005,20191008,20191023.0,USD,RV,1.0,,100089.82,20191008.0,NAA8,1929967971.0,0
U001,0100017545,PERFOR llc,2019-02-26 00:00:00,2019.0,1928777984.0,2019-02-11,20190211,20190211,20190226.0,USD,RV,1.0,,44155.41,20190211.0,NAA8,1928777984.0,0
U001,0200769623,WAL-MAR associates,2019-04-15 00:00:00,2019.0,1929075535.0,2019-04-02,20190403,20190402,20190417.0,USD,RV,1.0,,24632.29,20190402.0,NAH4,1929075535.0,0
U001,0200762301,C&S WH corp,2019-12-06 00:00:00,2019.0,1930173891.0,2019-11-21,20191120,20191121,20191206.0,USD,RV,1.0,,92648.01,20191121.0,NAC6,1930173891.0,0
CA02,0140106181,THE  co,2019-05-01 00:00:00,2019.0,2960528575.0,2019-02-13,20190213,20190213,20190223.0,CAD,RV,1.0,,6326.38,20190213.0,CA10,2960528575.0,0
U001,0200974851,RESTA trust,2019-09-18 00:00:00,2019.0,1929823236.0,2019-09-03,20190903,20190903,20190918.0,USD,RV,1.0,,10018.33,20190903.0,NAA8,1929823236.0,0
U001,0200769623,WAL-MAR trust,2019-02-22 00:00:00,2019.0,1928783083.0,2019-02-12,20190212,20190212,20190227.0,USD,RV,1.0,,54080.03,20190212.0,NAH4,1928783083.0,0
U001,0200707741,SMART &  us,2019-12-09 00:00:00,2019.0,1929821538.0,2019-09-02,20190902,20190902,20191106.0,USD,RV,1.0,,1613.72,20190902.0,NAGD,1929821538.0,0
U001,0200769623,WAL-MAR co,2020-02-27 00:00:00,2020.0,1930533199.0,2020-02-16,20200217,20200216,20200302.0,USD,RV,1.0,,17177.67,20200216.0,NAH4,1930533199.0,0
U001,0200762301,C&S WH systems,2019-04-22 00:00:00,2019.0,1929089251.0,2019-04-05,20190404,20190405,20190420.0,USD,RV,1.0,,24831.76,20190405.0,NAC6,1929089251.0,0
U001,0200769623,WAL-MAR llc,2020-03-03 00:00:00,2020.0,1930549049.0,2020-02-22,20200220,20200222,20200308.0,USD,RV,1.0,,6006.4,20200222.0,NAH4,1930549049.0,0
U001,0200769623,WAL-MAR co,2019-12-04 00:00:00,2019.0,1930185900.0,2019-11-24,20191122,20191124,20191209.0,USD,RV,1.0,,68195.07,20191124.0,NAH4,1930185900.0,0
U001,200769623,WAL-MAR ,2019-07-09 00:00:00,2019.0,1929532680.0,2019-06-23,20190623,20190623,20190708.0,USD,RV,1.0,,12919.93,20190623.0,NAH4,1929532680.0,0
CA02,0140104409,LOB corporation,2019-08-26 00:00:00,2019.0,2960572797.0,2019-08-15,20190815,20190815,20190825.0,CAD,RV,1.0,,109545.02,20190815.0,CA10,2960572797.0,0
CA02,0140104440,SO trust,2019-07-24 00:00:00,2019.0,2960561616.0,2019-07-02,20190704,20190702,20190718.0,CAD,RV,1.0,,99388.43,20190708.0,CA10,2960561616.0,0
U001,0200152991,JET us,2019-11-14 00:00:00,2019.0,1930070816.0,2019-10-30,20191029,20191030,20191114.0,USD,RV,1.0,,242.59,20191030.0,NAA8,1930070816.0,0
CA02,0140106408,WAL-M in,2019-10-21 00:00:00,2019.0,2960584736.0,2019-10-04,20191004,20191004,20191015.0,CAD,RV,1.0,,178266.06,20191005.0,CA10,2960584736.0,0
U001,0200697207,WA foundation,2019-02-15 00:00:00,2019.0,1928715066.0,2019-02-01,20190131,20190201,20190216.0,USD,RV,1.0,,74761.98,20190201.0,NAA8,1928715066.0,0
CA02,0140105847,GORDON F us,2019-12-23 00:00:00,2019.0,2960597835.0,2019-12-06,20191206,20191206,20191216.0,CAD,RV,1.0,,3133.75,20191206.0,CA10,2960597835.0,0
U001,0200769623,WAL-MAR us,2019-07-23 00:00:00,2019.0,1929616887.0,2019-07-13,20190712,20190713,20190728.0,USD,RV,1.0,,27972.34,20190713.0,NAH4,1929616887.0,0
U001,0200769623,WAL-MAR systems,2019-02-11 00:00:00,2019.0,1928708853.0,2019-01-30,20190130,20190130,20190214.0,USD,RV,1.0,,33051.16,20190130.0,NAH4,1928708853.0,0
U001,0200726979,BJ'S  corp,2019-12-26 00:00:00,2019.0,1930255615.0,2019-12-10,20191209,20191210,20191225.0,USD,RV,1.0,,2015.34,20191210.0,NAA8,1930255615.0,0
U001,0200781803,JRD ,2019-04-12 00:00:00,2019.0,1929044609.0,2019-03-28,20190328,20190328,20190412.0,USD,RV,1.0,,14876.86,20190328.0,NAA8,1929044609.0,0
U001,0200769623,WAL-MAR co,2019-12-18 00:00:00,2019.0,1930229409.0,2019-12-07,20191206,20191207,20191222.0,USD,RV,1.0,,21569.13,20191207.0,NAH4,1930229409.0,0
U001,0200148860,DOLLA us,2020-02-05 00:00:00,2020.0,1930395869.0,2020-01-15,20200114,20200115,20200130.0,USD,RV,1.0,,79277.01,20200115.0,NAA8,1930395869.0,0
U001,0200752302,KROGER in,,2020.0,1930594923.0,2020-03-04,20200303,20200304,20200319.0,USD,RV,1.0,,17283.5,20200304.0,NAA8,1930594923.0,1
U001,0200794332,COST associates,2019-12-09 00:00:00,2019.0,1930187939.0,2019-11-25,20191123,20191125,20191210.0,USD,RV,1.0,,2466.83,20191125.0,NAAX,1930187939.0,0
U001,0100031704,DELHAIZE in,2019-12-06 00:00:00,2019.0,1930156923.0,2019-11-17,20191115,20191117,20191202.0,USD,RV,1.0,,18975.27,20191117.0,NAA8,1930156923.0,0
CA02,0140104440,SO ,2019-07-11 00:00:00,2019.0,2960557317.0,2019-06-25,20190625,20190625,20190706.0,CAD,RV,1.0,,118703.69,20190626.0,CA10,2960557317.0,0
U013,CC7080,HEINZ  trust,2019-07-29 00:00:00,2019.0,1991824770.0,2019-03-30,20190328,20190330,20190514.0,USD,RV,1.0,,3098.37,20190330.0,NAVF,1991824770.0,0
U001,0200759878,SA ,2020-02-10 00:00:00,2020.0,1930431696.0,2020-01-24,20200123,20200124,20200208.0,USD,RV,1.0,,22746.0,20200124.0,NAH4,1930431696.0,0
U001,0200769623,WAL-MAR us,2019-05-21 00:00:00,2019.0,1929287384.0,2019-05-10,20190509,20190510,20190525.0,USD,RV,1.0,,3208.42,20190510.0,NAH4,1929287384.0,0
U001,0200416837,DEC foundation,2019-05-01 00:00:00,2019.0,1929174726.0,2019-04-19,20190419,20190419,20190509.0,USD,RV,1.0,,33.12,20190416.0,NAM4,1929174726.0,0
U001,0200769623,WAL-MAR corporation,2019-11-19 00:00:00,2019.0,1930099389.0,2019-11-06,20191105,20191106,20191121.0,USD,RV,1.0,,37229.46,20191106.0,NAH4,1930099389.0,0
U001,0200781803,JRD systems,2019-11-29 00:00:00,2019.0,1930149028.0,2019-11-14,20191113,20191114,20191129.0,USD,RV,1.0,,17022.86,20191114.0,NAA8,1930149028.0,0
U001,200759878,SA foundation,2019-04-12 00:00:00,2019.0,1929016079.0,2019-03-27,20190323,20190327,20190411.0,USD,RV,1.0,,14502.45,20190327.0,NAH4,1929016079.0,0
U001,0200769623,WAL-MAR associates,2019-06-10 00:00:00,2019.0,1929405119.0,2019-05-30,20190530,20190530,20190614.0,USD,RV,1.0,,39149.62,20190530.0,NAH4,1929405119.0,0
U001,0200750051,ALBER corp,2019-06-17 00:00:00,2019.0,1929412304.0,2019-05-31,20190531,20190531,20190615.0,USD,RV,1.0,,82384.86,20190531.0,NAA8,1929412304.0,0
U001,CCU013,KRAFT F in,2019-05-31 00:00:00,2019.0,1929074144.0,2019-04-07,20190403,20190407,20190407.0,USD,RV,1.0,,2067.96,20190407.0,NAX2,1929074144.0,0
U001,0200769623,WAL-MAR corp,2019-12-31 00:00:00,2019.0,1930308414.0,2019-12-21,20191220,20191221,20200105.0,USD,RV,1.0,,2982.64,20191221.0,NAH4,1930308414.0,0
U001,0200762301,C&S WH corp,2019-04-04 00:00:00,2019.0,1928995786.0,2019-03-20,20190320,20190320,20190404.0,USD,RV,1.0,,14394.75,20190320.0,NAC6,1928995786.0,0
U001,0200721222,GO us,2019-10-30 00:00:00,2019.0,1929995269.0,2019-10-10,20191010,20191010,20191025.0,USD,RV,1.0,,51589.3,20191010.0,NAA8,1929995269.0,0
U001,0200794332,COST foundation,2019-04-04 00:00:00,2019.0,1928996853.0,2019-03-21,20190320,20190321,20190405.0,USD,RV,1.0,,37001.86,20190321.0,NAAX,1928996853.0,0
U001,200759878,SA in,2019-06-17 00:00:00,2019.0,1929409098.0,2019-06-01,20190531,20190601,20190616.0,USD,RV,1.0,,37542.51,20190601.0,NAH4,1929409098.0,0
U001,0200769623,WAL-MAR us,2019-11-15 00:00:00,2019.0,1930093483.0,2019-11-03,20191102,20191103,20191118.0,USD,RV,1.0,,1493.88,20191103.0,NAH4,1930093483.0,0
CA02,140104429,COSTCO corporation,2019-07-30 00:00:00,2019.0,2960564637.0,2019-07-11,20190711,20190711,20190721.0,CAD,RV,1.0,,83751.54,20190711.0,CA10,2960564637.0,0
U013,0140103592,COMERCI foundation,2019-04-19 00:00:00,2019.0,1991823207.0,2019-02-24,20190222,20190224,20190425.0,USD,RV,1.0,,41614.9,20190224.0,NAUZ,1991823207.0,0
U001,0200769623,WAL-MAR foundation,2019-10-08 00:00:00,2019.0,1929934341.0,2019-09-28,20190927,20190928,20191013.0,USD,RV,1.0,,27953.54,20190928.0,NAH4,1929934341.0,0
U001,0200759878,SA co,,2020.0,1930736196.0,2020-04-04,20200403,20200404,20200419.0,USD,RV,1.0,,13135.6,20200404.0,NAH4,1930736196.0,1
U001,200726979,BJ'S  llc,2019-04-26 00:00:00,2019.0,1929109076.0,2019-04-09,20190409,20190409,20190424.0,USD,RV,1.0,,14983.2,20190409.0,NAA8,1929109076.0,0
U001,0200759878,SA foundation,2020-01-31 00:00:00,2020.0,1930383928.0,2020-01-12,20200110,20200112,20200127.0,USD,RV,1.0,,29743.69,20200112.0,NAH4,1930383928.0,0
U001,0200772670,ASSOCIAT systems,2019-01-31 00:00:00,2019.0,1928647152.0,2019-01-18,20190118,20190118,20190202.0,USD,RV,1.0,,106631.88,20190118.0,NAU5,1928647152.0,0
U001,0200769623,WAL-MAR foundation,2019-05-14 00:00:00,2019.0,1929258727.0,2019-05-04,20190504,20190504,20190519.0,USD,RV,1.0,,7349.02,20190504.0,NAH4,1929258727.0,0
U013,0140103480,PRIC ,2019-03-28 00:00:00,2019.0,1991822637.0,2019-02-10,20190208,20190210,20190327.0,USD,RV,1.0,,4323.15,20190210.0,NAVF,1991822637.0,0
U001,0200762301,C&S WH foundation,2019-04-26 00:00:00,2019.0,1929130101.0,2019-04-11,20190411,20190411,20190426.0,USD,RV,1.0,,4521.8,20190411.0,NAC6,1929130101.0,0
U001,0200416837,DEC llc,2020-01-27 00:00:00,2020.0,1930426965.0,2020-01-22,20200122,20200122,20200126.0,USD,RV,1.0,,3836.67,20200116.0,NAM2,1930426965.0,0
U001,0200230690,DECA co,2019-10-01 00:00:00,2019.0,1929890190.0,2019-09-18,20190918,20190918,20191009.0,USD,RV,1.0,,40.08,20190916.0,NAM4,1929890190.0,0
U001,200794332,COST co,2019-07-19 00:00:00,2019.0,1929578208.0,2019-07-06,20190704,20190706,20190721.0,USD,RV,1.0,,18904.1,20190706.0,NAAX,1929578208.0,0
U001,CCCA02,KRAFT  trust,2019-11-01 00:00:00,2019.0,1929922744.0,2019-09-26,20190925,20190926,20191031.0,USD,RV,1.0,,18777.0,20190926.0,NAG2,1929922744.0,0
U001,0200769623,WAL-MAR trust,2020-02-11 00:00:00,2020.0,1930462534.0,2020-02-01,20200131,20200201,20200216.0,USD,RV,1.0,,64922.61,20200201.0,NAH4,1930462534.0,0
U001,0200416837,DEC corp,2019-02-15 00:00:00,2019.0,1928764708.0,2019-02-08,20190208,20190208,20190224.0,USD,RV,1.0,,347.28,20190201.0,NAM4,1928764708.0,0
CA02,0140106054,TREE  systems,2020-03-27 00:00:00,2020.0,2960613290.0,2020-02-13,20200213,20200213,20200319.0,CAD,RV,1.0,,2106.0,20200218.0,CA30,2960613290.0,0
U001,0200769623,WAL-MAR corp,2020-01-30 00:00:00,2020.0,1930414263.0,2020-01-20,20200120,20200120,20200204.0,USD,RV,1.0,,19882.31,20200120.0,NAH4,1930414263.0,0
U001,0200763814,SYSCO F corp,2020-03-16 00:00:00,2020.0,1930573546.0,2020-02-26,20200226,20200226,20200312.0,USD,RV,1.0,,9026.06,20200226.0,NAA8,1930573546.0,0
U001,0200020431,DEC trust,,2020.0,1930860500.0,2020-05-05,20200505,20200505,20200524.0,USD,RV,1.0,,575.01,20200501.0,NAM4,1930860500.0,1
U001,0200769623,WAL-MAR associates,2019-03-22 00:00:00,2019.0,1928945153.0,2019-03-12,20190311,20190312,20190327.0,USD,RV,1.0,,3035.3,20190312.0,NAH4,1928945153.0,0
U001,CCU013,KRAFT F in,2019-06-28 00:00:00,2019.0,1929271370.0,2019-05-06,20190507,20190506,20190506.0,USD,RV,1.0,,11282.9,20190506.0,NAX2,1929271370.0,0
CA02,0140106372,G T  corp,2019-05-22 00:00:00,2019.0,2960547368.0,2019-05-09,20190509,20190509,20190520.0,CAD,RV,1.0,,144685.68,20190510.0,CA10,2960547368.0,0
U001,0200468954,SKID systems,2019-11-21 00:00:00,2019.0,1930125426.0,2019-11-07,20191107,20191107,20191122.0,USD,RV,1.0,,74982.14,20191107.0,NAA8,1930125426.0,0
U001,0200706844,WINC corporation,2020-02-14 00:00:00,2020.0,1930459968.0,2020-01-30,20200130,20200130,20200214.0,USD,RV,1.0,,56362.61,20200130.0,NAA8,1930459968.0,0
U001,0200769623,WAL-MAR ,,2020.0,1930837733.0,2020-04-29,20200429,20200429,20200514.0,USD,RV,1.0,,5957.66,20200429.0,NAH4,1930837733.0,1
U001,0200769623,WAL-MAR in,,2020.0,1930842446.0,2020-05-01,20200430,20200501,20200516.0,USD,RV,1.0,,426.66,20200501.0,NAH4,1930842446.0,1
CA02,0140106408,WAL-M systems,2019-07-09 00:00:00,2019.0,2960556620.0,2019-06-21,20190621,20190621,20190701.0,CAD,RV,1.0,,63054.76,20190621.0,CA10,2960556620.0,0
CA02,0140106408,WAL-M corp,,2020.0,2960620329.0,2020-03-11,20200311,20200311,20200321.0,CAD,RV,1.0,,96014.46,20200311.0,CA10,2960620329.0,1
U001,0200761734,H E BUT foundation,2019-08-16 00:00:00,2019.0,1929677315.0,2019-08-03,20190730,20190803,20190818.0,USD,RV,1.0,,14021.36,20190803.0,NAA8,1929677315.0,0
U001,0200769623,WAL-MAR ,2019-10-29 00:00:00,2019.0,1929988083.0,2019-10-12,20191009,20191012,20191027.0,USD,RV,1.0,,16279.5,20191012.0,NAH4,1929988083.0,0
U001,0200799367,MCL ,2020-02-10 00:00:00,2020.0,1930416111.0,2020-01-23,20200120,20200123,20200207.0,USD,RV,1.0,,11681.29,20200123.0,NAA8,1930416111.0,0
U001,0200762301,C&S WH co,2020-02-14 00:00:00,2020.0,1930458647.0,2020-01-30,20200130,20200130,20200214.0,USD,RV,1.0,,4146.84,20200130.0,NAC6,1930458647.0,0
U001,0200744019,TARG trust,2019-09-03 00:00:00,2019.0,1929748669.0,2019-08-15,20190815,20190815,20190830.0,USD,RV,1.0,,4261.25,20190815.0,NAA8,1929748669.0,0
U001,0200778355,US  corporation,2020-02-18 00:00:00,2020.0,1930377327.0,2020-01-14,20200109,20200114,20200215.0,USD,RV,1.0,,12609.05,20200114.0,NA32,1930377327.0,0
U001,0200803720,DEC co,2020-02-03 00:00:00,2020.0,1930433825.0,2020-01-24,20200124,20200124,20200208.0,USD,RV,1.0,,508.92,20200116.0,NAM4,1930433825.0,0
U001,0200418007,AM corporation,,2020.0,1930622190.0,2020-03-09,20200309,20200309,20200324.0,USD,RV,1.0,,1683.78,20200309.0,NAA8,1930622190.0,1
U001,0200416837,DEC co,2019-12-16 00:00:00,2019.0,1930217116.0,2019-12-04,20191204,20191204,20191224.0,USD,RV,1.0,,9198.89,20191201.0,NAM4,1930217116.0,0
U001,0200803720,DEC corporation,2019-02-01 00:00:00,2019.0,1928697417.0,2019-01-28,20190128,20190128,20190208.0,USD,RV,1.0,,4496.3,20190116.0,NAM4,1928697417.0,0
U001,200418007,AM ,,2020.0,1930854006.0,2020-05-05,20200503,20200505,20200520.0,USD,RV,1.0,,4571.58,20200505.0,NAA8,1930854006.0,1
U001,0200759878,SA llc,2019-05-30 00:00:00,2019.0,1929315161.0,2019-05-14,20190514,20190514,20190529.0,USD,RV,1.0,,14677.0,20190514.0,NAH4,1929315161.0,0
U001,0200238407,NAT corp,2019-02-15 00:00:00,2019.0,1928698805.0,2019-01-29,20190128,20190129,20190213.0,USD,RV,1.0,,6124.0,20190129.0,NAA8,1928698805.0,0
CA02,0140105686,SYSC foundation,,2020.0,2960627123.0,2020-04-06,20200406,20200406,20200424.0,CAD,RV,1.0,,24796.92,20200414.0,CA10,2960627123.0,1
U001,0200769623,WAL-MAR us,2019-10-21 00:00:00,2019.0,1929984154.0,2019-10-09,20191008,20191009,20191024.0,USD,RV,1.0,,25038.92,20191009.0,NAH4,1929984154.0,0
U001,0200759878,SA llc,2020-02-04 00:00:00,2020.0,1930412790.0,2020-01-18,20200118,20200118,20200202.0,USD,RV,1.0,,24091.43,20200118.0,NAH4,1930412790.0,0
U001,0200726979,BJ'S  ,2019-12-10 00:00:00,2019.0,1930199234.0,2019-11-25,20191127,20191125,20191210.0,USD,RV,1.0,,425.67,20191125.0,NAA8,1930199234.0,0
U001,0200726979,BJ'S  foundation,2019-09-18 00:00:00,2019.0,1929813014.0,2019-09-02,20190831,20190902,20190917.0,USD,RV,1.0,,13977.4,20190902.0,NAA8,1929813014.0,0
U001,0200769623,WAL-MAR foundation,2019-02-19 00:00:00,2019.0,1928747983.0,2019-02-07,20190206,20190207,20190222.0,USD,RV,1.0,,18287.37,20190207.0,NAH4,1928747983.0,0
U001,0200793319,SHERM'S  corporation,,2020.0,1930658292.0,2020-03-17,20200317,20200317,20200401.0,USD,RV,1.0,,12919.06,20200317.0,NAA8,1930658292.0,1
U001,0200486270,BAR corp,2019-03-06 00:00:00,2019.0,1928801239.0,2019-02-19,20190215,20190219,20190306.0,USD,RV,1.0,,12609.48,20190219.0,NAA8,1928801239.0,0
U001,0200769623,WAL-MAR us,2019-07-02 00:00:00,2019.0,1929518656.0,2019-06-21,20190620,20190621,20190706.0,USD,RV,1.0,,3279.96,20190621.0,NAH4,1929518656.0,0
U001,0200743123,KROGER ,2019-09-09 00:00:00,2019.0,1929774697.0,2019-08-24,20190823,20190824,20190908.0,USD,RV,1.0,,64379.12,20190824.0,NAA8,1929774697.0,0
U001,0200726979,BJ'S  in,2019-08-12 00:00:00,2019.0,1929665862.0,2019-07-26,20190726,20190726,20190810.0,USD,RV,1.0,,318.76,20190726.0,NAA8,1929665862.0,0
U001,0200769623,WAL-MAR in,2020-02-18 00:00:00,2020.0,1930488420.0,2020-02-07,20200206,20200207,20200222.0,USD,RV,1.0,,39259.43,20200207.0,NAH4,1930488420.0,0
U001,0200762301,C&S WH corporation,2019-09-27 00:00:00,2019.0,1929860894.0,2019-09-12,20190911,20190912,20190927.0,USD,RV,1.0,,9851.96,20190912.0,NAC6,1929860894.0,0
U001,0200762301,C&S WH llc,2019-12-03 00:00:00,2019.0,1930164143.0,2019-11-18,20191117,20191118,20191203.0,USD,RV,1.0,,131268.83,20191118.0,NAC6,1930164143.0,0
U001,0200858049,GEOR trust,2020-03-05 00:00:00,2020.0,1930538544.0,2020-02-18,20200218,20200218,20200304.0,USD,RV,1.0,,10368.0,20200218.0,NAA8,1930538544.0,0
U001,0200772670,ASSOCIAT corporation,2019-07-12 00:00:00,2019.0,1929548850.0,2019-06-26,20190627,20190626,20190711.0,USD,RV,1.0,,5981.49,20190626.0,NAU5,1929548850.0,0
U001,0200742791,QUI corp,2019-11-05 00:00:00,2019.0,1930032888.0,2019-10-22,20191019,20191022,20191106.0,USD,RV,1.0,,42910.56,20191022.0,NAA8,1930032888.0,0
U001,0200799367,MCL in,2019-05-28 00:00:00,2019.0,1929293802.0,2019-05-10,20190510,20190510,20190525.0,USD,RV,1.0,,59931.23,20190510.0,NAA8,1929293802.0,0
U001,0100031704,DELHAIZE ,2019-08-19 00:00:00,2019.0,1929687029.0,2019-08-02,20190801,20190802,20190817.0,USD,RV,1.0,,15743.97,20190802.0,NAA8,1929687029.0,0
U001,0200706844,WINC associates,2019-02-21 00:00:00,2019.0,1928748779.0,2019-02-06,20190206,20190206,20190221.0,USD,RV,1.0,,41820.7,20190206.0,NAA8,1928748779.0,0
U001,0200705742,DOT co,2019-09-09 00:00:00,2019.0,1929779830.0,2019-08-23,20190823,20190823,20190907.0,USD,RV,1.0,,10172.85,20190823.0,NAA8,1929779830.0,0
U001,CCU013,KRAFT F trust,2019-09-27 00:00:00,2019.0,1929792533.0,2019-08-28,20190826,20190828,20190828.0,USD,RV,1.0,,6777.6,20190828.0,NAX2,1929792533.0,0
U001,0200769623,WAL-MAR corporation,2019-04-24 00:00:00,2019.0,1929140580.0,2019-04-13,20190413,20190413,20190428.0,USD,RV,1.0,,69987.9,20190413.0,NAH4,1929140580.0,0
U001,0200763814,SYSCO F us,2019-05-30 00:00:00,2019.0,1929335479.0,2019-05-16,20190517,20190516,20190531.0,USD,RV,1.0,,9085.22,20190516.0,NAA8,1929335479.0,0
U001,0200724999,GILSTE corporation,2020-01-25 00:00:00,2020.0,1930391786.0,2020-01-07,20200113,20200107,20200117.0,USD,RV,1.0,,54543.6,20200107.0,NA10,1930391786.0,0
U001,0200726979,BJ'S  systems,,2020.0,1930833444.0,2020-04-28,20200428,20200428,20200513.0,USD,RV,1.0,,429.06,20200428.0,NAA8,1930833444.0,1
CA02,0140104409,LOB co,2020-03-06 00:00:00,2020.0,2960615671.0,2020-02-23,20200223,20200223,20200305.0,CAD,RV,1.0,,241377.78,20200224.0,CA10,2960615671.0,0
U001,0200769623,WAL-MAR corporation,2019-05-21 00:00:00,2019.0,1929286542.0,2019-05-08,20190509,20190508,20190523.0,USD,RV,1.0,,1898.2,20190508.0,NAH4,1929286542.0,0
U001,0200797452,US  systems,2019-08-05 00:00:00,2019.0,1929562243.0,2019-07-01,20190701,20190701,20190802.0,USD,RV,1.0,,17024.72,20190701.0,NA32,1929562243.0,0
U001,0200772595,SAFEW corporation,2019-02-19 00:00:00,2019.0,1928693437.0,2019-01-29,20190127,20190129,20190213.0,USD,RV,1.0,,85291.27,20190129.0,NAA8,1928693437.0,0
U001,0200772595,SAFEW us,2019-11-20 00:00:00,2019.0,1930001764.0,2019-10-11,20191011,20191011,20191120.0,USD,RV,1.0,,84025.37,20191011.0,NAWU,1930001764.0,0
U001,200029010,KROG associates,2019-08-28 00:00:00,2019.0,1929742745.0,2019-08-13,20190813,20190813,20190828.0,USD,RV,1.0,,239365.32,20190813.0,NAA8,1929742745.0,0
CA02,0140104423,METRO  systems,2019-05-31 00:00:00,2019.0,2960549656.0,2019-05-21,20190521,20190521,20190601.0,CAD,RV,1.0,,123072.77,20190522.0,CA10,2960549656.0,0
U001,CCCA02,KRAFT  trust,,2020.0,1930618140.0,2020-03-09,20200306,20200309,20200413.0,USD,RV,1.0,,14151.51,20200309.0,NAG2,1930618140.0,1
U001,0200769623,WAL-MAR foundation,2019-06-11 00:00:00,2019.0,1929386143.0,2019-05-29,20190527,20190529,20190613.0,USD,RV,1.0,,738.12,20190529.0,NAH4,1929386143.0,0
CA02,140106408,WAL-M llc,,2020.0,2960629222.0,2020-04-17,20200417,20200417,20200427.0,CAD,RV,1.0,,98749.69,20200417.0,CA10,2960629222.0,1
U001,0200803720,DEC co,2019-08-16 00:00:00,2019.0,1929716332.0,2019-08-07,20190807,20190807,20190824.0,USD,RV,1.0,,2368.88,20190801.0,NAM4,1929716332.0,0
U001,0200974851,RESTA corporation,2020-01-23 00:00:00,2020.0,1930377474.0,2020-01-08,20200109,20200108,20200123.0,USD,RV,1.0,,4700.07,20200108.0,NAA8,1930377474.0,0
U001,0200561861,CO in,2019-02-07 00:00:00,2019.0,1928662830.0,2019-01-23,20190122,20190123,20190207.0,USD,RV,1.0,,86600.56,20190123.0,NAA8,1928662830.0,0
U001,0200722444,PERFOR foundation,2019-04-03 00:00:00,2019.0,1928957323.0,2019-03-19,20190313,20190319,20190403.0,USD,RV,1.0,,10639.05,20190319.0,NAA8,1928957323.0,0
U001,0200759878,SA co,2019-03-21 00:00:00,2019.0,1928913334.0,2019-03-06,20190306,20190306,20190321.0,USD,RV,1.0,,35903.77,20190306.0,NAH4,1928913334.0,0
U001,0200706844,WINC associates,2019-10-17 00:00:00,2019.0,1929950491.0,2019-10-02,20191001,20191002,20191017.0,USD,RV,1.0,,15608.02,20191002.0,NAA8,1929950491.0,0
CA02,0100054173,DIA corporation,2019-09-25 00:00:00,2019.0,9500000035.0,2019-03-29,20190329,20181221,20181231.0,CAD,X2,1.0,,255.0,20181221.0,CA10,,0
U001,0200769623,WAL-MAR foundation,,2020.0,1930686866.0,2020-03-24,20200323,20200324,20200408.0,USD,RV,1.0,,29946.74,20200324.0,NAH4,1930686866.0,1
U001,0200126819,MCLANE corp,2019-10-02 00:00:00,2019.0,1929877477.0,2019-09-16,20190915,20190916,20191001.0,USD,RV,1.0,,14773.29,20190916.0,NAA8,1929877477.0,0
U001,0200769623,WAL-MAR trust,2019-02-25 00:00:00,2019.0,1928759640.0,2019-02-07,20190207,20190207,20190222.0,USD,RV,1.0,,8776.46,20190207.0,NAH4,1928759640.0,0
U001,0200778998,CE ,2019-09-11 00:00:00,2019.0,1929797210.0,2019-08-27,20190827,20190827,20190911.0,USD,RV,1.0,,126813.77,20190827.0,NAA8,1929797210.0,0
U001,0200803720,DEC co,2019-07-01 00:00:00,2019.0,1929538034.0,2019-06-25,20190625,20190625,20190709.0,USD,RV,1.0,,265.44,20190616.0,NAM4,1929538034.0,0
U001,0200769623,WAL-MAR ,2019-08-15 00:00:00,2019.0,1929702159.0,2019-08-05,20190805,20190805,20190820.0,USD,RV,1.0,,1414.69,20190805.0,NAH4,1929702159.0,0
U001,0200508557,FOODL systems,2019-09-23 00:00:00,2019.0,1929812641.0,2019-09-06,20190903,20190906,20190921.0,USD,RV,1.0,,3061.75,20190906.0,NAA8,1929812641.0,0
U001,0200769623,WAL-MAR trust,2019-10-24 00:00:00,2019.0,1929995942.0,2019-10-11,20191010,20191011,20191026.0,USD,RV,1.0,,700.96,20191011.0,NAH4,1929995942.0,0
U002,0200966902,BALLES in,,2020.0,1990571042.0,2020-03-03,20200303,20200303,20200402.0,USD,RV,1.0,,39024.81,20200303.0,NA38,1990571042.0,1
U001,0200762301,C&S WH associates,2019-05-29 00:00:00,2019.0,1929299697.0,2019-05-14,20190513,20190514,20190529.0,USD,RV,1.0,,4778.16,20190514.0,NAC6,1929299697.0,0
U001,0200769623,WAL-MAR in,2019-02-05 00:00:00,2019.0,1928659488.0,2019-01-23,20190122,20190123,20190207.0,USD,RV,1.0,,12629.55,20190123.0,NAH4,1928659488.0,0
U001,0100036318,TFC associates,2019-08-08 00:00:00,2019.0,1929665479.0,2019-07-26,20190727,20190726,20190805.0,USD,RV,1.0,,39412.8,20190726.0,NA10,1929665479.0,0
U001,0200794332,COST foundation,2019-09-26 00:00:00,2019.0,1929867299.0,2019-09-12,20190912,20190912,20190927.0,USD,RV,1.0,,17727.51,20190912.0,NAAX,1929867299.0,0
U001,0200803720,DEC ,2019-10-10 00:00:00,2019.0,1929996139.0,2019-10-10,20191010,20191010,20191011.0,USD,RV,1.0,,18430.92,20191001.0,NAM2,1929996139.0,0
U001,0200793088,DEMOU llc,2019-11-07 00:00:00,2019.0,1929933309.0,2019-09-28,20190927,20190928,20191107.0,USD,RV,1.0,,7606.26,20190928.0,NAWU,1929933309.0,0
U001,0200769623,WAL-MAR corporation,2019-05-14 00:00:00,2019.0,1929244085.0,2019-05-02,20190502,20190502,20190517.0,USD,RV,1.0,,15631.58,20190502.0,NAH4,1929244085.0,0
U001,0200762301,C&S WH corp,2019-02-12 00:00:00,2019.0,1928693540.0,2019-01-28,20190127,20190128,20190212.0,USD,RV,1.0,,112830.48,20190128.0,NAC6,1928693540.0,0
U001,0200152991,JET corporation,2019-12-03 00:00:00,2019.0,1930148710.0,2019-11-13,20191113,20191113,20191203.0,USD,RV,1.0,,2783.14,20191113.0,NAD1,1930148710.0,0
U013,0140103592,COMERCI co,2019-09-17 00:00:00,2019.0,1991829440.0,2019-07-19,20190717,20190719,20190917.0,USD,RV,1.0,,42310.0,20190719.0,NAUZ,1991829440.0,0
U001,0200793319,SHERM'S  ,2019-04-08 00:00:00,2019.0,1929038817.0,2019-03-28,20190327,20190328,20190412.0,USD,RV,1.0,,17993.96,20190328.0,NAA8,1929038817.0,0
U001,0200704045,RA systems,2019-10-23 00:00:00,2019.0,1929987978.0,2019-10-08,20191009,20191008,20191023.0,USD,RV,1.0,,46455.7,20191008.0,NAA8,1929987978.0,0
U001,0200735528,ASSOCIA foundation,,2020.0,1930685109.0,2020-03-23,20200321,20200323,20200407.0,USD,RV,1.0,,9655.91,20200323.0,NAA8,1930685109.0,1
U001,0200078795,H T H llc,2019-06-13 00:00:00,2019.0,1929398961.0,2019-05-29,20190529,20190529,20190613.0,USD,RV,1.0,,460.49,20190529.0,NAA8,1929398961.0,0
U001,0200769623,WAL-MAR ,2019-02-11 00:00:00,2019.0,1928713202.0,2019-01-30,20190131,20190130,20190214.0,USD,RV,1.0,,10838.7,20190130.0,NAH4,1928713202.0,0
CA02,0140104240,FEDER associates,,2020.0,2960619872.0,2020-03-12,20200312,20200312,20200330.0,CAD,RV,1.0,,125478.3,20200320.0,CA10,2960619872.0,1
U001,0200769623,WAL-MAR foundation,2019-12-31 00:00:00,2019.0,1930288168.0,2019-12-19,20191217,20191219,20200103.0,USD,RV,1.0,,53187.27,20191219.0,NAH4,1930288168.0,0
U001,0200759878,SA systems,2019-12-20 00:00:00,2019.0,1930214505.0,2019-12-05,20191203,20191205,20191220.0,USD,RV,1.0,,14991.57,20191205.0,NAH4,1930214505.0,0
U001,0200729942,SA corporation,2019-06-04 00:00:00,2019.0,1929354632.0,2019-05-21,20190521,20190521,20190605.0,USD,RV,1.0,,39872.45,20190521.0,NAA8,1929354632.0,0
U001,0200769623,WAL-MAR in,2019-01-09 00:00:00,2019.0,1928539495.0,2018-12-30,20181229,20181230,20190114.0,USD,RV,1.0,,26480.64,20181230.0,NAH4,1928539495.0,0
U001,0100033394,MONOGR trust,2019-07-17 00:00:00,2019.0,1929334649.0,2019-05-19,20190517,20190519,20190714.0,USD,RV,1.0,,21621.6,20190519.0,BR56,1929334649.0,0
CA02,0140106408,WAL-M in,2019-07-19 00:00:00,2019.0,2960558503.0,2019-06-30,20190630,20190630,20190710.0,CAD,RV,1.0,,66236.9,20190630.0,CA10,2960558503.0,0
U001,0200875006,KROGER co,2019-05-06 00:00:00,2019.0,1929176211.0,2019-04-19,20190419,20190419,20190504.0,USD,RV,1.0,,77843.96,20190419.0,NAA8,1929176211.0,0
U001,0200786288,FAMILY associates,,2020.0,1930831186.0,2020-04-28,20200428,20200428,20200513.0,USD,RV,1.0,,15469.23,20200428.0,NAA8,1930831186.0,1
U001,0200519201,KROGE corp,2020-05-01 00:00:00,2020.0,1930570101.0,2020-02-26,20200225,20200226,20200501.0,USD,RV,1.0,,51455.52,20200226.0,NAGD,1930570101.0,0
U001,0200745469,WOOD F systems,,2020.0,1930657393.0,2020-03-17,20200316,20200317,20200401.0,USD,RV,1.0,,50197.5,20200317.0,NAA8,1930657393.0,1
CA02,0140104240,FEDER llc,2020-02-19 00:00:00,2020.0,2960611736.0,2020-01-31,20200131,20200131,20200216.0,CAD,RV,1.0,,864.17,20200206.0,CA10,2960611736.0,0
CA02,0140106316,ALI trust,2019-10-04 00:00:00,2019.0,2960581875.0,2019-09-24,20190924,20190924,20191005.0,CAD,RV,1.0,,21309.0,20190925.0,CA10,2960581875.0,0
CA02,0140104409,LOB corporation,2019-09-27 00:00:00,2019.0,2960578726.0,2019-09-10,20190910,20190910,20190929.0,CAD,RV,1.0,,108683.25,20190919.0,CA10,2960578726.0,0
U001,0200705372,FR corporation,2019-03-29 00:00:00,2019.0,1928958908.0,2019-03-14,20190313,20190314,20190329.0,USD,RV,1.0,,89401.82,20190314.0,NAA8,1928958908.0,0
CA02,0140106181,THE  trust,2019-06-12 00:00:00,2019.0,2960538361.0,2019-03-30,20190330,20190330,20190410.0,CAD,RV,1.0,,110811.02,20190331.0,CA10,2960538361.0,0
U001,0200769623,WAL-MAR ,,2020.0,1930749021.0,2020-04-05,20200404,20200405,20200609.0,USD,RV,1.0,,2448.27,20200405.0,NAGD,1930749021.0,1
U001,0200707822,PUBLI us,2019-11-05 00:00:00,2019.0,1929932703.0,2019-09-26,20190926,20190926,20191105.0,USD,RV,1.0,,1595.52,20190926.0,NAWU,1929932703.0,0
U001,0200077943,HERR us,2020-02-10 00:00:00,2020.0,1930449601.0,2020-01-31,20200128,20200131,20200215.0,USD,RV,1.0,,56621.48,20200131.0,NAA8,1930449601.0,0
U001,0200769623,WAL-MAR corporation,2019-01-30 00:00:00,2019.0,1928650182.0,2019-01-19,20190119,20190119,20190203.0,USD,RV,1.0,,2646.99,20190119.0,NAH4,1928650182.0,0
U001,0200769623,WAL-MAR corp,2019-10-31 00:00:00,2019.0,1930033441.0,2019-10-19,20191018,20191019,20191103.0,USD,RV,1.0,,593.7,20191019.0,NAH4,1930033441.0,0
U001,0200792734,MDV/ in,2019-04-30 00:00:00,2019.0,1929156804.0,2019-04-16,20190416,20190416,20190501.0,USD,RV,1.0,,23990.6,20190416.0,NAA8,1929156804.0,0
U001,0200762301,C&S WH ,2019-05-13 00:00:00,2019.0,1928909151.0,2019-03-06,20190305,20190306,20190510.0,USD,RV,1.0,,2670.51,20190306.0,NAGD,1928909151.0,0
U001,0200769623,WAL-MAR us,2019-11-26 00:00:00,2019.0,1930153431.0,2019-11-16,20191114,20191116,20191201.0,USD,RV,1.0,,9013.0,20191116.0,NAH4,1930153431.0,0
U001,0200769623,WAL-MAR corporation,2020-01-09 00:00:00,2020.0,1930331684.0,2019-12-30,20191229,20191230,20200114.0,USD,RV,1.0,,683.91,20191230.0,NAH4,1930331684.0,0
U001,0100000222,SMITHFIE corporation,2019-09-16 00:00:00,2019.0,1929828122.0,2019-09-05,20190904,20190905,20190920.0,USD,RV,1.0,,111260.91,20190905.0,NAA8,1929828122.0,0
U001,0200895843,US  trust,2019-07-22 00:00:00,2019.0,1929511148.0,2019-06-18,20190618,20190618,20190720.0,USD,RV,1.0,,11814.49,20190618.0,NA32,1929511148.0,0
U001,0200726979,BJ'S  in,2019-09-26 00:00:00,2019.0,1929852588.0,2019-09-10,20190909,20190910,20190925.0,USD,RV,1.0,,105.43,20190910.0,NAA8,1929852588.0,0
U001,0200726979,BJ'S  trust,2019-09-09 00:00:00,2019.0,1929800634.0,2019-08-25,20190827,20190825,20190909.0,USD,RV,1.0,,163.8,20190825.0,NAA8,1929800634.0,0
U001,0200772670,ASSOCIAT trust,2019-04-30 00:00:00,2019.0,1929141596.0,2019-04-17,20190414,20190417,20190502.0,USD,RV,1.0,,22996.11,20190417.0,NAU5,1929141596.0,0
U001,0200794332,COST systems,2019-03-28 00:00:00,2019.0,1928945918.0,2019-03-14,20190311,20190314,20190329.0,USD,RV,1.0,,16477.13,20190314.0,NAAX,1928945918.0,0
U001,0200769623,WAL-MAR ,2019-10-17 00:00:00,2019.0,1929971596.0,2019-10-06,20191005,20191006,20191021.0,USD,RV,1.0,,25599.53,20191006.0,NAH4,1929971596.0,0
U001,200769623,WAL-MAR corporation,2019-07-30 00:00:00,2019.0,1929633141.0,2019-07-18,20190717,20190718,20190802.0,USD,RV,1.0,,1356.55,20190718.0,NAH4,1929633141.0,0
U001,0200418007,AM llc,2019-12-16 00:00:00,2019.0,1930199657.0,2019-12-01,20191202,20191201,20191216.0,USD,RV,1.0,,887.55,20191201.0,NAA8,1930199657.0,0
U001,0200769623,WAL-MAR co,2019-06-18 00:00:00,2019.0,1929444044.0,2019-06-05,20190606,20190605,20190620.0,USD,RV,1.0,,42185.42,20190605.0,NAH4,1929444044.0,0
U001,0200769623,WAL-MAR systems,2019-06-10 00:00:00,2019.0,1929382846.0,2019-05-30,20190526,20190530,20190614.0,USD,RV,1.0,,74965.6,20190530.0,NAH4,1929382846.0,0
U001,0200799538,UNITE llc,2019-10-07 00:00:00,2019.0,1929896158.0,2019-09-19,20190919,20190919,20191123.0,USD,RV,1.0,,1303.48,20190919.0,NAGD,1929896158.0,0
U001,0200759878,SA ,2019-08-26 00:00:00,2019.0,1929722107.0,2019-08-09,20190808,20190809,20190824.0,USD,RV,1.0,,13768.73,20190809.0,NAH4,1929722107.0,0
U001,0200793568,SUPE us,2020-01-30 00:00:00,2020.0,1930396190.0,2020-01-15,20200114,20200115,20200130.0,USD,RV,1.0,,163364.69,20200115.0,NAA8,1930396190.0,0
U001,0200772670,ASSOCIAT us,2019-12-12 00:00:00,2019.0,1930198228.0,2019-11-26,20191126,20191126,20191211.0,USD,RV,1.0,,98656.43,20191126.0,NAU5,1930198228.0,0
U001,0200790107,ROU systems,2019-02-08 00:00:00,2019.0,1928657436.0,2019-01-24,20190121,20190124,20190208.0,USD,RV,1.0,,17589.06,20190124.0,NAC6,1928657436.0,0
U001,0200769623,WAL-MAR corp,2019-10-02 00:00:00,2019.0,1929908603.0,2019-09-22,20190921,20190922,20191007.0,USD,RV,1.0,,38387.24,20190922.0,NAH4,1929908603.0,0
U001,0200759878,SA ,2019-12-03 00:00:00,2019.0,1930158300.0,2019-11-15,20191115,20191115,20191130.0,USD,RV,1.0,,25452.12,20191115.0,NAH4,1930158300.0,0
U001,0200781803,JRD trust,2019-02-06 00:00:00,2019.0,1928655472.0,2019-01-22,20190121,20190122,20190206.0,USD,RV,1.0,,11430.94,20190122.0,NAA8,1928655472.0,0
U001,0200290370,BARGAIN  ,,2020.0,1930654802.0,2020-03-16,20200315,20200316,20200331.0,USD,RV,1.0,,15841.19,20200316.0,NAA8,1930654802.0,1
U001,0200762301,C&S WH ,2019-04-02 00:00:00,2019.0,1928977588.0,2019-03-17,20190316,20190317,20190401.0,USD,RV,1.0,,53381.85,20190317.0,NAC6,1928977588.0,0
U001,0200781803,JRD foundation,2019-04-11 00:00:00,2019.0,1929036962.0,2019-03-27,20190327,20190327,20190411.0,USD,RV,1.0,,15012.92,20190327.0,NAA8,1929036962.0,0
U001,0200769623,WAL-MAR corp,2019-03-26 00:00:00,2019.0,1928961684.0,2019-03-16,20190314,20190316,20190331.0,USD,RV,1.0,,54687.09,20190316.0,NAH4,1928961684.0,0
CA02,0140104429,COSTCO ,2020-02-14 00:00:00,2020.0,2960612300.0,2020-02-03,20200203,20200203,20200215.0,CAD,RV,1.0,,2425.16,20200205.0,CA10,2960612300.0,0
U001,0100001196,DOLLAR in,2019-08-21 00:00:00,2019.0,1929698574.0,2019-08-06,20190804,20190806,20190821.0,USD,RV,1.0,,5742.88,20190806.0,NAA8,1929698574.0,0
U001,0200418007,AM us,2019-11-04 00:00:00,2019.0,1930001409.0,2019-10-18,20191011,20191018,20191102.0,USD,RV,1.0,,11276.76,20191018.0,NAA8,1930001409.0,0
U001,0100031704,DELHAIZE corporation,2020-01-22 00:00:00,2020.0,1930353014.0,2020-01-04,20200104,20200104,20200119.0,USD,RV,1.0,,39623.76,20200104.0,NAA8,1930353014.0,0
U001,0200148860,DOLLA llc,2020-02-06 00:00:00,2020.0,1930401049.0,2020-01-22,20200115,20200122,20200206.0,USD,RV,1.0,,14299.29,20200122.0,NAA8,1930401049.0,0
U001,200769623,WAL-MAR us,2019-08-23 00:00:00,2019.0,1929737710.0,2019-08-13,20190812,20190813,20190828.0,USD,RV,1.0,,19896.98,20190813.0,NAH4,1929737710.0,0
CA02,0140104409,LOB llc,2019-09-03 00:00:00,2019.0,2960573540.0,2019-08-17,20190818,20190817,20190831.0,CAD,RV,1.0,,357441.06,20190821.0,CA10,2960573540.0,0
U001,0200769623,WAL-MAR corp,2019-03-27 00:00:00,2019.0,1928971176.0,2019-03-16,20190315,20190316,20190331.0,USD,RV,1.0,,9012.62,20190316.0,NAH4,1928971176.0,0
U001,0100021540,MASTER corporation,2019-06-17 00:00:00,2019.0,1928825260.0,2019-02-19,20190219,20190219,20190619.0,USD,RV,1.0,,5400.0,20190219.0,NAVL,1928825260.0,0
U001,0100037386,SOUTH  foundation,2019-04-12 00:00:00,2019.0,1929063409.0,2019-04-03,20190401,20190403,20190413.0,USD,RV,1.0,,22755.2,20190403.0,NA10,1929063409.0,0
U001,0200606231,INTER systems,2019-06-21 00:00:00,2019.0,1929420160.0,2019-06-06,20190603,20190606,20190621.0,USD,RV,1.0,,9792.82,20190606.0,NAA8,1929420160.0,0
U001,0200769623,WAL-MAR corporation,2019-03-12 00:00:00,2019.0,1928879279.0,2019-03-01,20190228,20190301,20190316.0,USD,RV,1.0,,8469.46,20190301.0,NAH4,1928879279.0,0
U001,0200769623,WAL-MAR trust,2019-10-01 00:00:00,2019.0,1929889996.0,2019-09-20,20190918,20190920,20191005.0,USD,RV,1.0,,23286.02,20190920.0,NAH4,1929889996.0,0
U001,0200769623,WAL-MAR corporation,2019-03-06 00:00:00,2019.0,1928844778.0,2019-02-24,20190222,20190224,20190311.0,USD,RV,1.0,,48592.04,20190224.0,NAH4,1928844778.0,0
U001,0200769623,WAL-MAR associates,2019-02-01 00:00:00,2019.0,1928660578.0,2019-01-22,20190122,20190122,20190206.0,USD,RV,1.0,,471.56,20190122.0,NAH4,1928660578.0,0
CA02,0140104423,METRO  associates,,2020.0,2960619833.0,2020-03-09,20200309,20200309,20200320.0,CAD,RV,1.0,,49160.95,20200310.0,CA10,2960619833.0,1
U001,0200769623,WAL-MAR corporation,,2020.0,1930850910.0,2020-05-03,20200502,20200503,20200518.0,USD,RV,1.0,,11401.75,20200503.0,NAH4,1930850910.0,1
U001,200769623,WAL-MAR co,2019-08-27 00:00:00,2019.0,1929749289.0,2019-08-16,20190815,20190816,20190831.0,USD,RV,1.0,,426.66,20190816.0,NAH4,1929749289.0,0
U001,0200794332,COST co,2020-02-28 00:00:00,2020.0,1930518660.0,2020-02-13,20200213,20200213,20200228.0,USD,RV,1.0,,28726.91,20200213.0,NAAX,1930518660.0,0
U001,0200792734,MDV/ foundation,2019-01-22 00:00:00,2019.0,1928590011.0,2019-01-08,20190108,20190108,20190123.0,USD,RV,1.0,,71444.7,20190108.0,NAA8,1928590011.0,0
U001,0200769623,WAL-MAR ,2019-03-07 00:00:00,2019.0,1928853921.0,2019-02-25,20190224,20190225,20190312.0,USD,RV,1.0,,5625.41,20190225.0,NAH4,1928853921.0,0
U001,0200772670,ASSOCIAT ,2019-03-11 00:00:00,2019.0,1928838770.0,2019-02-21,20190221,20190221,20190308.0,USD,RV,1.0,,157866.85,20190221.0,NAU5,1928838770.0,0
U001,0200780383,MEIJ corp,2019-08-07 00:00:00,2019.0,1929636878.0,2019-07-18,20190719,20190718,20190802.0,USD,RV,1.0,,52585.64,20190718.0,NAA8,1929636878.0,0
U001,0100030964,NATURA ,2019-05-30 00:00:00,2019.0,1929344548.0,2019-05-24,20190519,20190524,20190608.0,USD,RV,1.0,,34057.66,20190524.0,NAA8,1929344548.0,0
U013,CC6000,HEINZ in,2020-04-30 00:00:00,2020.0,1991838570.0,2020-02-26,20200226,20200226,20200411.0,USD,RV,1.0,,19175.4,20200226.0,NAVF,1991838570.0,0
U001,0200759878,SA co,2019-03-26 00:00:00,2019.0,1928933620.0,2019-03-09,20190309,20190309,20190324.0,USD,RV,1.0,,39620.75,20190309.0,NAH4,1928933620.0,0
U001,0200078795,H T H systems,2019-11-14 00:00:00,2019.0,1930072757.0,2019-10-30,20191030,20191030,20191114.0,USD,RV,1.0,,1950.69,20191030.0,NAA8,1930072757.0,0
U001,0200756072,REINHA corporation,2019-12-20 00:00:00,2019.0,1930270980.0,2019-12-12,20191212,20191212,20191227.0,USD,RV,1.0,,31424.9,20191212.0,NAA8,1930270980.0,0
U001,0200795490,HY -  us,2019-09-03 00:00:00,2019.0,1929749635.0,2019-08-15,20190815,20190815,20190830.0,USD,RV,1.0,,98703.67,20190815.0,NAA8,1929749635.0,0
U001,CCU002,KRFT FDS foundation,2019-08-30 00:00:00,2019.0,1929578847.0,2019-07-07,20190705,20190707,20190811.0,USD,RV,1.0,,11698.56,20190707.0,NAG2,1929578847.0,0
U001,0200769623,WAL-MAR associates,2019-04-23 00:00:00,2019.0,1929114518.0,2019-04-13,20190409,20190413,20190428.0,USD,RV,1.0,,60950.34,20190413.0,NAH4,1929114518.0,0
U001,0200744019,TARG in,2019-04-19 00:00:00,2019.0,1928808999.0,2019-02-17,20190216,20190217,20190423.0,USD,RV,1.0,,6114.18,20190217.0,NAGD,1928808999.0,0
U001,0200508557,FOODL systems,2020-01-15 00:00:00,2020.0,1930315933.0,2019-12-31,20191230,20191231,20200115.0,USD,RV,1.0,,3317.01,20191231.0,NAA8,1930315933.0,0
U001,0200794332,COST corp,2019-02-04 00:00:00,2019.0,1928624393.0,2019-01-18,20190115,20190118,20190202.0,USD,RV,1.0,,16121.52,20190118.0,NAAX,1928624393.0,0
U001,0200762301,C&S WH trust,2019-01-18 00:00:00,2019.0,1928552950.0,2019-01-03,20190102,20190103,20190118.0,USD,RV,1.0,,5595.12,20190103.0,NAC6,1928552950.0,0
U001,0200799180,CHEN associates,2020-02-13 00:00:00,2020.0,1930447781.0,2020-01-28,20200128,20200128,20200212.0,USD,RV,1.0,,61812.34,20200128.0,NAA8,1930447781.0,0
U001,0200759878,SA co,2019-12-03 00:00:00,2019.0,1930153715.0,2019-11-16,20191114,20191116,20191201.0,USD,RV,1.0,,14272.21,20191116.0,NAH4,1930153715.0,0
U001,0200705089,JETR systems,2019-02-22 00:00:00,2019.0,1928741798.0,2019-02-07,20190205,20190207,20190222.0,USD,RV,1.0,,22968.34,20190207.0,NAA8,1928741798.0,0
CA02,0140104249,SOB corporation,2019-07-22 00:00:00,2019.0,2960558093.0,2019-07-01,20190701,20190701,20190720.0,CAD,RV,1.0,,10834.25,20190710.0,CA10,2960558093.0,0
U001,0200759878,SA ,2020-02-24 00:00:00,2020.0,1930494773.0,2020-02-07,20200207,20200207,20200222.0,USD,RV,1.0,,72632.38,20200207.0,NAH4,1930494773.0,0
U001,0200776463,KROGE corp,,2020.0,1930752122.0,2020-04-05,20200405,20200405,20200420.0,USD,RV,1.0,,122716.06,20200405.0,NAA8,1930752122.0,1
U001,200353024,DECA in,2019-06-11 00:00:00,2019.0,1929443443.0,2019-06-06,20190606,20190606,20190611.0,USD,RV,1.0,,6045.62,20190601.0,NAM2,1929443443.0,0
U001,0200769623,WAL-MAR llc,2020-01-31 00:00:00,2020.0,1930396422.0,2020-01-16,20200114,20200116,20200131.0,USD,RV,1.0,,10198.86,20200116.0,NAH4,1930396422.0,0
U001,0200705742,DOT in,2019-09-05 00:00:00,2019.0,1929770796.0,2019-08-21,20190821,20190821,20190910.0,USD,RV,1.0,,14085.54,20190821.0,NAD1,1929770796.0,0
U001,0200148860,DOLLA us,2019-10-30 00:00:00,2019.0,1930013524.0,2019-10-15,20191015,20191015,20191124.0,USD,RV,1.0,,2750.78,20191015.0,NAWU,1930013524.0,0
U001,0200936373,SUPE in,,2020.0,1930617043.0,2020-03-06,20200306,20200306,20200321.0,USD,RV,1.0,,24757.35,20200306.0,NAA8,1930617043.0,1
U001,0200726979,BJ'S  associates,2019-06-28 00:00:00,2019.0,1929480827.0,2019-06-13,20190612,20190613,20190628.0,USD,RV,1.0,,529.89,20190613.0,NAA8,1929480827.0,0
CA02,0140104409,LOB trust,2019-05-06 00:00:00,2019.0,2960543602.0,2019-04-22,20190422,20190422,20190506.0,CAD,RV,1.0,,17401.02,20190426.0,CA10,2960543602.0,0
U001,0200769623,WAL-MAR trust,2019-04-02 00:00:00,2019.0,1928976193.0,2019-03-17,20190316,20190317,20190401.0,USD,RV,1.0,,18465.86,20190317.0,NAH4,1928976193.0,0
U001,0200865666,RESTAU corporation,2019-08-14 00:00:00,2019.0,1929665532.0,2019-07-25,20190726,20190725,20190814.0,USD,RV,1.0,,4713.34,20190725.0,NAD1,1929665532.0,0
U001,0200769623,WAL-MAR llc,2019-07-02 00:00:00,2019.0,1929523516.0,2019-06-21,20190621,20190621,20190706.0,USD,RV,1.0,,11306.5,20190621.0,NAH4,1929523516.0,0
U001,0200769623,WAL-MAR associates,2020-01-23 00:00:00,2020.0,1930385015.0,2020-01-12,20200111,20200112,20200127.0,USD,RV,1.0,,2598.5,20200112.0,NAH4,1930385015.0,0
U001,0200799367,MCL systems,,2020.0,1930570564.0,2020-02-27,20200226,20200227,20200313.0,USD,RV,1.0,,91375.18,20200227.0,NAA8,1930570564.0,1
U001,0200792734,MDV/ foundation,2020-02-11 00:00:00,2020.0,1930448671.0,2020-01-28,20200128,20200128,20200212.0,USD,RV,1.0,,85540.19,20200128.0,NAA8,1930448671.0,0
CA02,0140105000,ITWA corporation,2020-02-06 00:00:00,2020.0,2960610373.0,2020-01-27,20200127,20200127,20200207.0,CAD,RV,1.0,,302.4,20200128.0,CA10,2960610373.0,0
U001,0200769623,WAL-MAR in,2019-08-05 00:00:00,2019.0,1929654732.0,2019-07-24,20190723,20190724,20190808.0,USD,RV,1.0,,49660.76,20190724.0,NAH4,1929654732.0,0
U001,0200707822,PUBLI llc,2019-11-25 00:00:00,2019.0,1930127522.0,2019-11-10,20191107,20191110,20191125.0,USD,RV,1.0,,59161.19,20191110.0,NAA8,1930127522.0,0
U001,0200020431,DEC us,2019-06-17 00:00:00,2019.0,1929450202.0,2019-06-07,20190607,20190607,20190624.0,USD,RV,1.0,,373.44,20190601.0,NAM4,1929450202.0,0
U001,0200769623,WAL-MAR llc,2019-09-13 00:00:00,2019.0,1929405734.0,2019-05-31,20190530,20190531,20190615.0,USD,RV,1.0,,980.64,20190531.0,NAH4,1929405734.0,0
U001,0200705372,FR systems,2019-09-03 00:00:00,2019.0,1929752359.0,2019-08-16,20190815,20190816,20190831.0,USD,RV,1.0,,45586.89,20190816.0,NAA8,1929752359.0,0
U001,0200759878,SA systems,2019-05-10 00:00:00,2019.0,1929193409.0,2019-04-23,20190423,20190423,20190508.0,USD,RV,1.0,,34268.55,20190423.0,NAH4,1929193409.0,0
U001,0200727272,BROOKS corporation,2019-06-24 00:00:00,2019.0,1929436479.0,2019-06-05,20190605,20190605,20190620.0,USD,RV,1.0,,2008.28,20190605.0,NAA8,1929436479.0,0
U001,0200779906,BOZZU co,2019-12-16 00:00:00,2019.0,1930198772.0,2019-11-27,20191127,20191127,20191212.0,USD,RV,1.0,,1972.94,20191127.0,NAA8,1930198772.0,0
U001,0200777735,NASH  associates,2019-10-01 00:00:00,2019.0,1929872542.0,2019-09-16,20190913,20190916,20191120.0,USD,RV,1.0,,33161.87,20190916.0,NAGD,1929872542.0,0
U001,0200772595,SAFEW in,2020-02-21 00:00:00,2020.0,1930490519.0,2020-02-06,20200206,20200206,20200221.0,USD,RV,1.0,,66179.25,20200206.0,NAA8,1930490519.0,0
U001,0200764795,SYSCO  us,2019-12-09 00:00:00,2019.0,1930172968.0,2019-11-21,20191120,20191121,20191206.0,USD,RV,1.0,,3315.39,20191121.0,NAA8,1930172968.0,0
U001,0200769623,WAL-MAR ,2019-03-08 00:00:00,2019.0,1928829374.0,2019-02-20,20190220,20190220,20190307.0,USD,RV,1.0,,64767.28,20190220.0,NAH4,1928829374.0,0
U001,0200769623,WAL-MAR co,2019-04-16 00:00:00,2019.0,1929082044.0,2019-04-05,20190404,20190405,20190420.0,USD,RV,1.0,,7212.46,20190405.0,NAH4,1929082044.0,0
U001,0200761734,H E BUT trust,2020-02-19 00:00:00,2020.0,1930470522.0,2020-02-03,20200203,20200203,20200218.0,USD,RV,1.0,,96716.12,20200203.0,NAA8,1930470522.0,0
U001,0200769623,WAL-MAR ,2019-04-22 00:00:00,2019.0,1929091503.0,2019-04-11,20190405,20190411,20190426.0,USD,RV,1.0,,2168.44,20190411.0,NAH4,1929091503.0,0
U001,0200020431,DEC corporation,2020-03-02 00:00:00,2020.0,1930548227.0,2020-02-20,20200220,20200220,20200310.0,USD,RV,1.0,,219.9,20200216.0,NAM4,1930548227.0,0
U001,CCU013,KRAFT F llc,2019-11-01 00:00:00,2019.0,1929915136.0,2019-09-28,20190924,20190928,20190928.0,USD,RV,1.0,,23912.0,20190928.0,NAX2,1929915136.0,0
U001,0200794332,COST associates,2019-05-21 00:00:00,2019.0,1929259311.0,2019-05-06,20190504,20190506,20190521.0,USD,RV,1.0,,17393.48,20190506.0,NAAX,1929259311.0,0
CA02,0140104552,THE NO us,2019-08-16 00:00:00,2019.0,2960569216.0,2019-07-30,20190730,20190730,20190816.0,CAD,RV,1.0,,29764.8,20190806.0,CA10,2960569216.0,0
U001,0200769623,WAL-MAR llc,2020-02-28 00:00:00,2020.0,1930538726.0,2020-02-18,20200218,20200218,20200304.0,USD,RV,1.0,,46327.01,20200218.0,NAH4,1930538726.0,0
U001,0200769623,WAL-MAR ,2019-05-30 00:00:00,2019.0,1929346015.0,2019-05-20,20190519,20190520,20190604.0,USD,RV,1.0,,27388.61,20190520.0,NAH4,1929346015.0,0
U001,0200458131,TIMES us,2019-09-30 00:00:00,2019.0,1929835078.0,2019-09-13,20190906,20190913,20190928.0,USD,RV,1.0,,7457.35,20190913.0,NAA8,1929835078.0,0
U001,0200769623,WAL-MAR systems,2019-12-06 00:00:00,2019.0,1930173917.0,2019-11-20,20191120,20191120,20191205.0,USD,RV,1.0,,1428.17,20191120.0,NAH4,1930173917.0,0
U001,200769369,DI associates,2019-08-28 00:00:00,2019.0,1929734751.0,2019-08-13,20190812,20190813,20190828.0,USD,RV,1.0,,88497.03,20190813.0,NAA8,1929734751.0,0
U001,0200794332,COST corp,2019-05-16 00:00:00,2019.0,1929238309.0,2019-05-01,20190501,20190501,20190516.0,USD,RV,1.0,,20557.14,20190501.0,NAAX,1929238309.0,0
U001,0200707822,PUBLI in,2019-04-04 00:00:00,2019.0,1929003281.0,2019-03-20,20190320,20190320,20190404.0,USD,RV,1.0,,108416.55,20190320.0,NAA8,1929003281.0,0
U001,0200769623,WAL-MAR systems,2020-02-10 00:00:00,2020.0,1930452682.0,2020-01-29,20200129,20200129,20200213.0,USD,RV,1.0,,5524.01,20200129.0,NAH4,1930452682.0,0
U001,0200290370,BARGAIN  in,2019-08-23 00:00:00,2019.0,1929693088.0,2019-08-07,20190803,20190807,20190822.0,USD,RV,1.0,,4062.3,20190807.0,NAA8,1929693088.0,0
U001,0200705742,DOT co,2019-12-17 00:00:00,2019.0,1930207421.0,2019-12-02,20191130,20191202,20191217.0,USD,RV,1.0,,1893.16,20191202.0,NAA8,1930207421.0,0
U001,0200769623,WAL-MAR foundation,2019-01-18 00:00:00,2019.0,1928539668.0,2018-12-31,20181229,20181231,20190115.0,USD,RV,1.0,,33971.38,20181231.0,NAH4,1928539668.0,0
U001,0200769623,WAL-MAR associates,,2020.0,1930720043.0,2020-03-30,20200330,20200330,20200414.0,USD,RV,1.0,,10348.38,20200330.0,NAH4,1930720043.0,1
U001,0200418007,AM systems,2019-09-23 00:00:00,2019.0,1929819866.0,2019-09-06,20190831,20190906,20190921.0,USD,RV,1.0,,2127.8,20190906.0,NAA8,1929819866.0,0
U001,0200515231,US  corp,2019-07-01 00:00:00,2019.0,1929488020.0,2019-06-14,20190613,20190614,20190629.0,USD,RV,1.0,,61175.99,20190614.0,NAA8,1929488020.0,0
U001,0200744019,TARG foundation,2019-12-06 00:00:00,2019.0,1930179886.0,2019-11-22,20191121,20191122,20191207.0,USD,RV,1.0,,9132.74,20191122.0,NAA8,1930179886.0,0
U001,0200434439,BAUGH SU us,2019-10-21 00:00:00,2019.0,1929976698.0,2019-10-07,20191007,20191007,20191022.0,USD,RV,1.0,,66116.48,20191007.0,NAA8,1929976698.0,0
U001,0200769623,WAL-MAR associates,2019-04-23 00:00:00,2019.0,1929139317.0,2019-04-13,20190412,20190413,20190428.0,USD,RV,1.0,,48979.99,20190413.0,NAH4,1929139317.0,0
U001,0100024776,PEA co,2019-10-31 00:00:00,2019.0,1929928803.0,2019-10-01,20190930,20191001,20191105.0,USD,RV,1.0,,21149.64,20191001.0,NAG2,1929928803.0,0
U001,0200744019,TARG systems,2019-08-13 00:00:00,2019.0,1929663385.0,2019-07-26,20190725,20190726,20190810.0,USD,RV,1.0,,9985.56,20190726.0,NAA8,1929663385.0,0
U001,0200769623,WAL-MAR us,2019-10-30 00:00:00,2019.0,1930034118.0,2019-10-19,20191019,20191019,20191103.0,USD,RV,1.0,,1282.92,20191019.0,NAH4,1930034118.0,0
U001,200561861,CO co,2019-02-22 00:00:00,2019.0,1928735317.0,2019-02-07,20190204,20190207,20190222.0,USD,RV,1.0,,5740.0,20190207.0,NAA8,1928735317.0,0
U001,0200920735,ALBERT co,2019-02-26 00:00:00,2019.0,1928777636.0,2019-02-11,20190211,20190211,20190226.0,USD,RV,1.0,,98106.74,20190211.0,NAA8,1928777636.0,0
U001,0200744019,TARG foundation,2019-01-24 00:00:00,2019.0,1928587446.0,2019-01-09,20190108,20190109,20190124.0,USD,RV,1.0,,4645.25,20190109.0,NAA8,1928587446.0,0
U001,0200936373,SUPE ,2019-06-27 00:00:00,2019.0,1929469600.0,2019-06-10,20190610,20190610,20190625.0,USD,RV,1.0,,23298.05,20190610.0,NAA8,1929469600.0,0
CA02,0140104409,LOB llc,2019-11-15 00:00:00,2019.0,2960589068.0,2019-11-01,20191101,20191101,20191114.0,CAD,RV,1.0,,2925.76,20191104.0,CA10,2960589068.0,0
U001,0200772670,ASSOCIAT systems,2020-02-10 00:00:00,2020.0,1930440719.0,2020-01-24,20200124,20200124,20200208.0,USD,RV,1.0,,45931.79,20200124.0,NAU5,1930440719.0,0
U001,0200743123,KROGER trust,2019-09-23 00:00:00,2019.0,1929845164.0,2019-09-07,20190907,20190907,20190922.0,USD,RV,1.0,,40849.7,20190907.0,NAA8,1929845164.0,0
U001,0200780825,SYSCO FO associates,2019-04-15 00:00:00,2019.0,1929036724.0,2019-03-28,20190327,20190328,20190412.0,USD,RV,1.0,,25015.58,20190328.0,NAA8,1929036724.0,0
U001,0200772670,ASSOCIAT foundation,2020-02-07 00:00:00,2020.0,1930421589.0,2020-01-23,20200121,20200123,20200207.0,USD,RV,1.0,,34647.46,20200123.0,NAU5,1930421589.0,0
U001,0200770567,LABAT ,2019-03-22 00:00:00,2019.0,1928931766.0,2019-03-11,20190308,20190311,20190326.0,USD,RV,1.0,,44873.87,20190311.0,NAA8,1928931766.0,0
U001,0200827097,PRECIS systems,2019-12-03 00:00:00,2019.0,1930158668.0,2019-11-21,20191115,20191121,20191201.0,USD,RV,1.0,,6185.4,20191121.0,NA10,1930158668.0,0
U001,CCU013,KRAFT F foundation,2019-12-20 00:00:00,2019.0,1930177897.0,2019-11-20,20191120,20191120,20191120.0,USD,RV,1.0,,17716.93,20191120.0,NAX2,1930177897.0,0
U001,0200704858,WAKE co,2019-12-27 00:00:00,2019.0,1930263062.0,2019-12-12,20191210,20191212,20191227.0,USD,RV,1.0,,116299.55,20191212.0,NAA8,1930263062.0,0
U001,0200020431,DEC ,2019-09-16 00:00:00,2019.0,1929857329.0,2019-09-10,20190910,20190910,20190924.0,USD,RV,1.0,,1940.34,20190901.0,NAM4,1929857329.0,0
U013,0100053763,MASSY D trust,2019-08-14 00:00:00,2019.0,1991829547.0,2019-07-14,20190710,20190714,20190813.0,USD,RV,1.0,,2106.03,20190714.0,NAVE,1991829547.0,0
U001,0200936373,SUPE in,2019-06-27 00:00:00,2019.0,1929476973.0,2019-06-11,20190611,20190611,20190626.0,USD,RV,1.0,,118567.83,20190611.0,NAA8,1929476973.0,0
U001,0200786288,FAMILY corp,2019-03-01 00:00:00,2019.0,1928792443.0,2019-02-17,20190213,20190217,20190304.0,USD,RV,1.0,,11134.22,20190217.0,NAC6,1928792443.0,0
U001,0100031704,DELHAIZE trust,,2020.0,1930710497.0,2020-03-28,20200327,20200328,20200412.0,USD,RV,1.0,,8698.0,20200328.0,NAA8,1930710497.0,1
U001,0200580232,INTERR co,2019-05-02 00:00:00,2019.0,1929190445.0,2019-04-25,20190423,20190425,20190505.0,USD,RV,1.0,,30338.0,20190425.0,NA10,1929190445.0,0
U001,0200762301,C&S WH foundation,2019-04-23 00:00:00,2019.0,1928795854.0,2019-02-15,20190214,20190215,20190421.0,USD,RV,1.0,,1582.43,20190215.0,NAGD,1928795854.0,0
U001,0200769623,WAL-MAR corp,2019-06-24 00:00:00,2019.0,1929447322.0,2019-06-07,20190606,20190607,20190622.0,USD,RV,1.0,,8112.41,20190607.0,NAH4,1929447322.0,0
U001,0200711029,WEGMAN corporation,2019-02-04 00:00:00,2019.0,1928645764.0,2019-01-18,20190118,20190118,20190202.0,USD,RV,1.0,,25728.76,20190118.0,NAA8,1928645764.0,0
U001,0200762301,C&S WH ,,2020.0,1930685197.0,2020-03-24,20200322,20200324,20200408.0,USD,RV,1.0,,21397.77,20200324.0,NAC6,1930685197.0,1
U001,0200900909,SYSCO corporation,2019-04-10 00:00:00,2019.0,1929043895.0,2019-03-27,20190328,20190327,20190411.0,USD,RV,1.0,,8293.83,20190327.0,NAA8,1929043895.0,0
U001,0200418007,AM trust,2019-05-08 00:00:00,2019.0,1929174919.0,2019-04-23,20190419,20190423,20190508.0,USD,RV,1.0,,804.32,20190423.0,NAA8,1929174919.0,0
U001,0200769623,WAL-MAR associates,2019-03-11 00:00:00,2019.0,1928865180.0,2019-02-27,20190227,20190227,20190314.0,USD,RV,1.0,,15770.22,20190227.0,NAH4,1928865180.0,0
U001,0200148860,DOLLA corporation,2019-05-15 00:00:00,2019.0,1929224330.0,2019-04-30,20190429,20190430,20190515.0,USD,RV,1.0,,88963.49,20190430.0,NAA8,1929224330.0,0
U001,0200706844,WINC associates,2019-10-09 00:00:00,2019.0,1929906984.0,2019-09-24,20190921,20190924,20191009.0,USD,RV,1.0,,4447.17,20190924.0,NAA8,1929906984.0,0
U001,0200769623,WAL-MAR corporation,,2020.0,1930584870.0,2020-03-01,20200229,20200301,20200316.0,USD,RV,1.0,,48861.27,20200301.0,NAH4,1930584870.0,1
U001,200230690,DECA in,2019-06-03 00:00:00,2019.0,1929350366.0,2019-05-21,20190521,20190521,20190608.0,USD,RV,1.0,,1067.72,20190516.0,NAM4,1929350366.0,0
U001,0200726979,BJ'S  in,2020-01-24 00:00:00,2020.0,1930381847.0,2020-01-09,20200109,20200109,20200124.0,USD,RV,1.0,,171.22,20200109.0,NAA8,1930381847.0,0
U001,0200769623,WAL-MAR corporation,2019-04-08 00:00:00,2019.0,1929033236.0,2019-03-28,20190326,20190328,20190412.0,USD,RV,1.0,,4963.96,20190328.0,NAH4,1929033236.0,0
U001,0200769623,WAL-MAR foundation,2019-10-08 00:00:00,2019.0,1929930750.0,2019-09-26,20190926,20190926,20191011.0,USD,RV,1.0,,52305.68,20190926.0,NAH4,1929930750.0,0
U001,0200785971,SYSCO  trust,2019-08-28 00:00:00,2019.0,1929737655.0,2019-08-12,20190812,20190812,20190827.0,USD,RV,1.0,,1063.34,20190812.0,NAA8,1929737655.0,0
U001,0140142846,MONDE systems,2019-07-10 00:00:00,2019.0,1929265297.0,2019-05-09,20190506,20190509,20190708.0,USD,RV,1.0,,469.64,20190509.0,NACB,1929265297.0,0
U001,0200742791,QUI ,2019-07-03 00:00:00,2019.0,1929511628.0,2019-06-19,20190618,20190619,20190704.0,USD,RV,1.0,,62030.34,20190619.0,NAA8,1929511628.0,0
U001,0200769623,WAL-MAR corp,2019-04-08 00:00:00,2019.0,1929002279.0,2019-03-21,20190320,20190321,20190405.0,USD,RV,1.0,,1305.85,20190321.0,NAH4,1929002279.0,0
U001,0200764795,SYSCO  ,2019-10-28 00:00:00,2019.0,1930001200.0,2019-10-10,20191010,20191010,20191025.0,USD,RV,1.0,,12089.8,20191010.0,NAA8,1930001200.0,0
U001,0200769623,WAL-MAR trust,2019-03-12 00:00:00,2019.0,1928878627.0,2019-03-01,20190228,20190301,20190316.0,USD,RV,1.0,,18060.65,20190301.0,NAH4,1928878627.0,0
U001,0200014556,ALBER systems,2019-08-26 00:00:00,2019.0,1929731727.0,2019-08-11,20190810,20190811,20190826.0,USD,RV,1.0,,143220.0,20190811.0,NAA8,1929731727.0,0
U001,0200769623,WAL-MAR co,2020-01-23 00:00:00,2020.0,1930388655.0,2020-01-10,20200111,20200110,20200125.0,USD,RV,1.0,,587.04,20200110.0,NAH4,1930388655.0,0
U001,0200769623,WAL-MAR corp,2020-03-03 00:00:00,2020.0,1930546723.0,2020-02-21,20200219,20200221,20200307.0,USD,RV,1.0,,13245.56,20200221.0,NAH4,1930546723.0,0
U001,0200965912,C&S W associates,,2020.0,1930815432.0,2020-04-24,20200422,20200424,20200509.0,USD,RV,1.0,,36847.06,20200424.0,NAC6,1930815432.0,1
U001,0200956366,RICH corp,2019-12-31 00:00:00,2019.0,1930256927.0,2019-12-13,20191210,20191213,20191228.0,USD,RV,1.0,,59257.44,20191213.0,NAA8,1930256927.0,0
U001,0100001196,DOLLAR associates,,2020.0,1930828725.0,2020-04-27,20200426,20200427,20200512.0,USD,RV,1.0,,1745.86,20200427.0,NAA8,1930828725.0,1
U001,0200744019,TARG co,2019-11-26 00:00:00,2019.0,1930023259.0,2019-10-18,20191017,20191018,20191127.0,USD,RV,1.0,,3928.78,20191018.0,NAWU,1930023259.0,0
U001,0200769623,WAL-MAR llc,2019-09-30 00:00:00,2019.0,1929896123.0,2019-09-19,20190919,20190919,20191004.0,USD,RV,1.0,,73498.61,20190919.0,NAH4,1929896123.0,0
U001,0200974851,RESTA trust,2020-03-04 00:00:00,2020.0,1930522564.0,2020-02-13,20200213,20200213,20200304.0,USD,RV,1.0,,2540.67,20200213.0,NAD1,1930522564.0,0
U001,200769623,WAL-MAR ,2019-04-23 00:00:00,2019.0,1929098770.0,2019-04-07,20190406,20190407,20190422.0,USD,RV,1.0,,6401.67,20190407.0,NAH4,1929098770.0,0
U001,0200772595,SAFEW corp,2019-05-21 00:00:00,2019.0,1929267306.0,2019-05-06,20190506,20190506,20190521.0,USD,RV,1.0,,4332.43,20190506.0,NAA8,1929267306.0,0
U001,0200915438,GROC llc,2020-03-02 00:00:00,2020.0,1930501577.0,2020-02-14,20200208,20200214,20200229.0,USD,RV,1.0,,26748.0,20200214.0,NAA8,1930501577.0,0
U001,0200096390,D systems,2019-03-28 00:00:00,2019.0,1928943771.0,2019-03-12,20190311,20190312,20190327.0,USD,RV,1.0,,7724.89,20190312.0,NAA8,1928943771.0,0
U001,0200739534,OK associates,2019-06-21 00:00:00,2019.0,1929422123.0,2019-06-03,20190603,20190603,20190618.0,USD,RV,1.0,,61450.74,20190603.0,NAA8,1929422123.0,0
U001,0100031704,DELHAIZE corp,2019-03-22 00:00:00,2019.0,1928901416.0,2019-03-06,20190305,20190306,20190321.0,USD,RV,1.0,,20735.94,20190306.0,NAA8,1928901416.0,0
U001,0200769623,WAL-MAR in,2020-03-03 00:00:00,2020.0,1930530306.0,2020-02-15,20200214,20200215,20200301.0,USD,RV,1.0,,20888.45,20200215.0,NAH4,1930530306.0,0
CA02,0140104340,COLABOR  corporation,2019-01-17 00:00:00,2019.0,2960519377.0,2019-01-02,20190103,20190102,20190114.0,CAD,RV,1.0,,18294.15,20190104.0,CA10,2960519377.0,0
U001,0200769623,WAL-MAR systems,2019-07-09 00:00:00,2019.0,1929550438.0,2019-06-27,20190627,20190627,20190712.0,USD,RV,1.0,,32801.35,20190627.0,NAH4,1929550438.0,0
U001,0200706844,WINC corporation,,2020.0,1930715878.0,2020-03-28,20200328,20200328,20200412.0,USD,RV,1.0,,2822.72,20200328.0,NAA8,1930715878.0,1
U001,0200900909,SYSCO us,2019-10-21 00:00:00,2019.0,1929958671.0,2019-10-02,20191003,20191002,20191017.0,USD,RV,1.0,,11633.31,20191002.0,NAA8,1929958671.0,0
U001,0200769623,WAL-MAR llc,2019-08-13 00:00:00,2019.0,1929689729.0,2019-08-03,20190801,20190803,20190818.0,USD,RV,1.0,,2683.61,20190803.0,NAH4,1929689729.0,0
U001,0200714710,SYSCO  corporation,2019-05-06 00:00:00,2019.0,1929165668.0,2019-04-18,20190417,20190418,20190503.0,USD,RV,1.0,,2443.81,20190418.0,NAA8,1929165668.0,0
U001,0200434439,BAUGH SU us,2019-11-25 00:00:00,2019.0,1930138106.0,2019-11-11,20191111,20191111,20191126.0,USD,RV,1.0,,76130.25,20191111.0,NAA8,1930138106.0,0
U001,0200769623,WAL-MAR foundation,,2020.0,1930697850.0,2020-03-25,20200325,20200325,20200409.0,USD,RV,1.0,,59.88,20200325.0,NAH4,1930697850.0,1
U001,0200769623,WAL-MAR systems,2019-01-22 00:00:00,2019.0,1928599945.0,2019-01-11,20190110,20190111,20190126.0,USD,RV,1.0,,26615.86,20190111.0,NAH4,1928599945.0,0
CA02,0140104409,LOB in,2019-04-05 00:00:00,2019.0,2960535516.0,2019-03-14,20190314,20190314,20190331.0,CAD,RV,1.0,,108877.76,20190321.0,CA10,2960535516.0,0
U001,0200744019,TARG foundation,2019-02-11 00:00:00,2019.0,1928638739.0,2019-01-17,20190117,20190117,20190201.0,USD,RV,1.0,,86151.45,20190117.0,NAA8,1928638739.0,0
U001,0200769623,WAL-MAR systems,2020-03-02 00:00:00,2020.0,1930542814.0,2020-02-19,20200219,20200219,20200305.0,USD,RV,1.0,,661.11,20200219.0,NAH4,1930542814.0,0
CA02,0140104249,SOB ,2019-01-23 00:00:00,2019.0,2960521185.0,2019-01-08,20190108,20190108,20181224.0,CAD,RV,1.0,,984.71,20181214.0,CA10,2960521185.0,0
U001,0200769623,WAL-MAR trust,2020-02-04 00:00:00,2020.0,1930425858.0,2020-01-24,20200122,20200124,20200208.0,USD,RV,1.0,,77063.19,20200124.0,NAH4,1930425858.0,0
U001,0200078795,H T H corporation,2019-03-21 00:00:00,2019.0,1928869931.0,2019-02-26,20190227,20190226,20190313.0,USD,RV,1.0,,1889.02,20190226.0,NAA8,1928869931.0,0
U001,0200769623,WAL-MAR systems,,2020.0,1930572043.0,2020-02-28,20200226,20200228,20200314.0,USD,RV,1.0,,14848.17,20200228.0,NAH4,1930572043.0,1
U001,0200793568,SUPE associates,,2020.0,1930691594.0,2020-03-26,20200324,20200326,20200410.0,USD,RV,1.0,,139703.47,20200326.0,NAA8,1930691594.0,1
U001,0200418007,AM us,,2020.0,1930828817.0,2020-04-28,20200426,20200428,20200513.0,USD,RV,1.0,,27033.36,20200428.0,NAA8,1930828817.0,1
U001,0200029010,KROG foundation,2019-09-26 00:00:00,2019.0,1929867679.0,2019-09-11,20190912,20190911,20190926.0,USD,RV,1.0,,220342.16,20190911.0,NAA8,1929867679.0,0
U001,0200920735,ALBERT in,2019-11-29 00:00:00,2019.0,1930148646.0,2019-11-14,20191113,20191114,20191129.0,USD,RV,1.0,,76716.04,20191114.0,NAA8,1930148646.0,0
U001,0200780825,SYSCO FO co,2019-05-09 00:00:00,2019.0,1929192316.0,2019-04-23,20190423,20190423,20190508.0,USD,RV,1.0,,8762.06,20190423.0,NAA8,1929192316.0,0
U001,0200762301,C&S WH co,2019-07-26 00:00:00,2019.0,1929612109.0,2019-07-11,20190711,20190711,20191009.0,USD,RV,1.0,,1824.63,20190711.0,NAVR,1929612109.0,0
CA02,0140104409,LOB trust,2019-11-01 00:00:00,2019.0,2960587052.0,2019-10-21,20191021,20191021,20191101.0,CAD,RV,1.0,,92339.92,20191022.0,CA10,2960587052.0,0
U001,0200769623,WAL-MAR foundation,2019-10-11 00:00:00,2019.0,1929945590.0,2019-10-01,20191001,20191001,20191016.0,USD,RV,1.0,,64859.79,20191001.0,NAH4,1929945590.0,0
U001,0200769623,WAL-MAR associates,2020-01-21 00:00:00,2020.0,1930357475.0,2020-01-08,20200106,20200108,20200123.0,USD,RV,1.0,,46391.55,20200108.0,NAH4,1930357475.0,0
U001,0200020431,DEC systems,2019-06-03 00:00:00,2019.0,1929366979.0,2019-05-23,20190523,20190523,20190608.0,USD,RV,1.0,,316.32,20190516.0,NAM4,1929366979.0,0
U001,0200727272,BROOKS associates,2020-01-23 00:00:00,2020.0,1930369512.0,2020-01-09,20200107,20200109,20200124.0,USD,RV,1.0,,24010.76,20200109.0,NAA8,1930369512.0,0
U001,0200705742,DOT co,2019-01-23 00:00:00,2019.0,1928589373.0,2019-01-08,20190108,20190108,20190123.0,USD,RV,1.0,,5524.29,20190108.0,NAA8,1928589373.0,0
U001,200403703,H &  llc,2019-06-03 00:00:00,2019.0,1929365615.0,2019-05-22,20190522,20190522,20190601.0,USD,RV,1.0,,21735.0,20190522.0,NA10,1929365615.0,0
U001,0200769623,WAL-MAR trust,2019-04-05 00:00:00,2019.0,1929023998.0,2019-03-26,20190325,20190326,20190410.0,USD,RV,1.0,,64633.64,20190326.0,NAH4,1929023998.0,0
U001,0200762301,C&S WH us,2019-07-01 00:00:00,2019.0,1929490892.0,2019-06-14,20190614,20190614,20190629.0,USD,RV,1.0,,81724.53,20190614.0,NAC6,1929490892.0,0
U001,0200384225,ADAMS  in,2020-03-20 00:00:00,2020.0,1930521799.0,2020-02-20,20200213,20200220,20200306.0,USD,RV,1.0,,19329.3,20200220.0,NAA8,1930521799.0,0
U001,200769623,WAL-MAR ,2019-07-30 00:00:00,2019.0,1929621869.0,2019-07-17,20190715,20190717,20190801.0,USD,RV,1.0,,36554.55,20190717.0,NAH4,1929621869.0,0
U001,0200794332,COST corp,2019-03-13 00:00:00,2019.0,1928870436.0,2019-02-27,20190227,20190227,20190314.0,USD,RV,1.0,,74005.1,20190227.0,NAAX,1928870436.0,0
CA02,0140104472,MARTIN systems,2019-05-29 00:00:00,2019.0,2960547370.0,2019-05-09,20190509,20190509,20190527.0,CAD,RV,1.0,,5981.76,20190517.0,CA10,2960547370.0,0
U001,0200707822,PUBLI ,2019-05-29 00:00:00,2019.0,1929319707.0,2019-05-14,20190514,20190514,20190529.0,USD,RV,1.0,,150584.05,20190514.0,NAA8,1929319707.0,0
U001,0200777735,NASH  corp,2019-06-17 00:00:00,2019.0,1929422149.0,2019-06-03,20190603,20190603,20190618.0,USD,RV,1.0,,8957.8,20190603.0,NAA8,1929422149.0,0
U001,0200769623,WAL-MAR associates,2019-12-11 00:00:00,2019.0,1930206662.0,2019-12-01,20191201,20191201,20191216.0,USD,RV,1.0,,39481.43,20191201.0,NAH4,1930206662.0,0
U001,0200353024,DECA associates,2020-01-27 00:00:00,2020.0,1930435516.0,2020-01-24,20200124,20200124,20200126.0,USD,RV,1.0,,7155.4,20200116.0,NAM2,1930435516.0,0
U001,0200772595,SAFEW systems,2020-01-17 00:00:00,2020.0,1930339024.0,2020-01-02,20191231,20200102,20200117.0,USD,RV,1.0,,71990.36,20200102.0,NAA8,1930339024.0,0
U001,0200726979,BJ'S  llc,2019-08-26 00:00:00,2019.0,1929742207.0,2019-08-11,20190813,20190811,20190826.0,USD,RV,1.0,,262.05,20190811.0,NAA8,1929742207.0,0
U001,0200780383,MEIJ corp,,2020.0,1930665095.0,2020-03-17,20200318,20200317,20200401.0,USD,RV,1.0,,125345.0,20200317.0,NAA8,1930665095.0,1
U001,0200769623,WAL-MAR corp,2019-03-26 00:00:00,2019.0,1928922402.0,2019-03-09,20190307,20190309,20190324.0,USD,RV,1.0,,12606.65,20190309.0,NAH4,1928922402.0,0
U001,0200020431,DEC foundation,,2020.0,1930681954.0,2020-03-21,20200321,20200321,20200323.0,USD,RV,1.0,,1495.97,20200316.0,NAM1,1930681954.0,1
U001,0200769623,WAL-MAR us,2019-07-30 00:00:00,2019.0,1929613956.0,2019-07-13,20190712,20190713,20190728.0,USD,RV,1.0,,16249.29,20190713.0,NAH4,1929613956.0,0
U001,0200416837,DEC corp,2019-02-15 00:00:00,2019.0,1928764641.0,2019-02-08,20190208,20190208,20190224.0,USD,RV,1.0,,420.24,20190201.0,NAM4,1928764641.0,0
U001,0200854853,MARTIN  llc,2019-07-18 00:00:00,2019.0,1929558647.0,2019-06-28,20190629,20190628,20190713.0,USD,RV,1.0,,21365.09,20190628.0,NAA8,1929558647.0,0
U001,200936373,SUPE trust,2019-07-08 00:00:00,2019.0,1929518690.0,2019-06-22,20190620,20190622,20190707.0,USD,RV,1.0,,63591.64,20190622.0,NAA8,1929518690.0,0
U001,0200769623,WAL-MAR corp,2019-08-21 00:00:00,2019.0,1929700544.0,2019-08-04,20190804,20190804,20190819.0,USD,RV,1.0,,15644.71,20190804.0,NAH4,1929700544.0,0
U013,0140103335,PARAM us,2019-11-20 00:00:00,2019.0,1991832989.0,2019-10-21,20191017,20191021,20191120.0,USD,RV,1.0,,10944.3,20191021.0,NAVE,1991832989.0,0
U001,0200769623,WAL-MAR associates,2019-10-22 00:00:00,2019.0,1930005593.0,2019-10-12,20191011,20191012,20191027.0,USD,RV,1.0,,20000.9,20191012.0,NAH4,1930005593.0,0
U001,0200799342,MITCH trust,,2020.0,1930797767.0,2020-04-17,20200417,20200417,20200502.0,USD,RV,1.0,,19727.83,20200417.0,NAA8,1930797767.0,1
U001,0200712102,SUGAR  foundation,2019-04-26 00:00:00,2019.0,1928778923.0,2019-02-11,20190211,20190211,20190412.0,USD,RV,1.0,,70776.26,20190211.0,NAVQ,1928778923.0,0
U001,0200729942,SA foundation,2019-05-03 00:00:00,2019.0,1929113647.0,2019-04-09,20190409,20190409,20190424.0,USD,RV,1.0,,106.17,20190409.0,NAA8,1929113647.0,0
U013,0140103278,COS in,2019-08-22 00:00:00,2019.0,1991825177.0,2019-06-18,20190614,20190618,20190817.0,USD,RV,1.0,,3410.15,20190618.0,NAUZ,1991825177.0,0
U001,0200707822,PUBLI corp,2019-10-07 00:00:00,2019.0,1929908039.0,2019-09-21,20190921,20190921,20191006.0,USD,RV,1.0,,46972.95,20190921.0,NAA8,1929908039.0,0
U001,0200078795,H T H ,2019-08-08 00:00:00,2019.0,1929656817.0,2019-07-24,20190724,20190724,20190808.0,USD,RV,1.0,,11683.51,20190724.0,NAA8,1929656817.0,0
U001,0200769623,WAL-MAR associates,,2020.0,1930802099.0,2020-04-21,20200420,20200421,20200506.0,USD,RV,1.0,,1898.9,20200421.0,NAH4,1930802099.0,1
U001,0200772670,ASSOCIAT ,2019-03-11 00:00:00,2019.0,1928833826.0,2019-02-21,20190221,20190221,20190308.0,USD,RV,1.0,,42751.03,20190221.0,NAU5,1928833826.0,0
U001,0200794332,COST trust,2020-02-05 00:00:00,2020.0,1930412854.0,2020-01-21,20200118,20200121,20200205.0,USD,RV,1.0,,1072.58,20200121.0,NAAX,1930412854.0,0
U001,0200778355,US  foundation,2019-10-25 00:00:00,2019.0,1929956781.0,2019-10-07,20191003,20191007,20191022.0,USD,RV,1.0,,4132.44,20191007.0,NAA8,1929956781.0,0
U001,0200965912,C&S W foundation,2019-09-26 00:00:00,2019.0,1929862154.0,2019-09-11,20190911,20190911,20190926.0,USD,RV,1.0,,22865.92,20190911.0,NAC6,1929862154.0,0
U001,0200759878,SA systems,2019-05-20 00:00:00,2019.0,1929242552.0,2019-05-03,20190501,20190503,20190518.0,USD,RV,1.0,,21081.67,20190503.0,NAH4,1929242552.0,0
U001,0200700919,US  in,2019-10-31 00:00:00,2019.0,1929976194.0,2019-10-10,20191007,20191010,20191030.0,USD,RV,1.0,,13265.44,20191010.0,NAD1,1929976194.0,0
U001,0200486270,BAR in,2020-01-14 00:00:00,2020.0,1930333303.0,2019-12-30,20191229,20191230,20200114.0,USD,RV,1.0,,27594.47,20191230.0,NAA8,1930333303.0,0
U001,0200799367,MCL associates,2019-10-29 00:00:00,2019.0,1929996540.0,2019-10-11,20191010,20191011,20191026.0,USD,RV,1.0,,51348.25,20191011.0,NAA8,1929996540.0,0
U001,0200769623,WAL-MAR corp,,2020.0,1930775783.0,2020-04-10,20200411,20200410,20200425.0,USD,RV,1.0,,943.12,20200410.0,NAH4,1930775783.0,1
CA02,0140104440,SO co,2019-11-04 00:00:00,2019.0,2960586847.0,2019-10-17,20191017,20191017,20191028.0,CAD,RV,1.0,,39355.96,20191018.0,CA10,2960586847.0,0
U001,0200769623,WAL-MAR ,2019-10-28 00:00:00,2019.0,1930021149.0,2019-10-17,20191016,20191017,20191101.0,USD,RV,1.0,,33394.42,20191017.0,NAH4,1930021149.0,0
U001,200769623,WAL-MAR us,2019-04-15 00:00:00,2019.0,1929071751.0,2019-04-03,20190402,20190403,20190418.0,USD,RV,1.0,,29900.59,20190403.0,NAH4,1929071751.0,0
U001,0200573068,GROCE in,2019-08-29 00:00:00,2019.0,1929749847.0,2019-08-15,20190815,20190815,20190830.0,USD,RV,1.0,,10914.34,20190815.0,NAA8,1929749847.0,0
U001,0200769623,WAL-MAR ,2019-10-11 00:00:00,2019.0,1929921388.0,2019-09-25,20190925,20190925,20191010.0,USD,RV,1.0,,30128.12,20190925.0,NAH4,1929921388.0,0
U001,0200705742,DOT corporation,2019-09-19 00:00:00,2019.0,1929823857.0,2019-09-03,20190904,20190903,20190918.0,USD,RV,1.0,,13620.6,20190903.0,NAA8,1929823857.0,0
CA02,0140104240,FEDER co,2019-10-08 00:00:00,2019.0,2960582730.0,2019-09-26,20190926,20190926,20191014.0,CAD,RV,1.0,,35792.23,20191004.0,CA10,2960582730.0,0
U001,0200435191,C& trust,2019-04-01 00:00:00,2019.0,1929041600.0,2019-03-27,20190327,20190327,20190411.0,USD,RV,1.0,,1183.44,20190327.0,NAC6,1929041600.0,0
U001,0200526831,PERISH co,2019-09-10 00:00:00,2019.0,1929793000.0,2019-08-26,20190826,20190826,20190910.0,USD,RV,1.0,,112223.92,20190826.0,NAA8,1929793000.0,0
U001,0200769623,WAL-MAR corp,2019-02-04 00:00:00,2019.0,1928656002.0,2019-01-23,20190121,20190123,20190207.0,USD,RV,1.0,,705.86,20190123.0,NAH4,1928656002.0,0
U001,200794332,COST systems,2019-07-26 00:00:00,2019.0,1929609411.0,2019-07-12,20190711,20190712,20190727.0,USD,RV,1.0,,32715.47,20190712.0,NAAX,1929609411.0,0
U001,0200772670,ASSOCIAT us,2019-03-04 00:00:00,2019.0,1928824739.0,2019-02-19,20190219,20190219,20190306.0,USD,RV,1.0,,19927.82,20190219.0,NAU5,1928824739.0,0
U001,200748108,KROGER us,2019-04-29 00:00:00,2019.0,1929138959.0,2019-04-12,20190412,20190412,20190427.0,USD,RV,1.0,,29922.25,20190412.0,NAA8,1929138959.0,0
U001,0200769623,WAL-MAR associates,2019-09-19 00:00:00,2019.0,1929848770.0,2019-09-09,20190908,20190909,20190924.0,USD,RV,1.0,,37231.26,20190909.0,NAH4,1929848770.0,0
U013,0140104150,CS trust,2019-12-05 00:00:00,2019.0,1991833539.0,2019-10-20,20191018,20191020,20191204.0,USD,RV,1.0,,3274.21,20191020.0,NAVF,1991833539.0,0
U001,0200744019,TARG trust,2019-09-03 00:00:00,2019.0,1929752958.0,2019-08-16,20190816,20190816,20190831.0,USD,RV,1.0,,17987.45,20190816.0,NAA8,1929752958.0,0
U001,0200769623,WAL-MAR corporation,2019-11-06 00:00:00,2019.0,1930049244.0,2019-10-26,20191024,20191026,20191110.0,USD,RV,1.0,,7391.9,20191026.0,NAH4,1930049244.0,0
U013,0100036060,PANAMEX  systems,2019-04-29 00:00:00,2019.0,1991823156.0,2019-03-08,20190311,20190308,20190507.0,USD,RV,1.0,,61758.64,20190308.0,NAUZ,1991823156.0,0
U001,0200769623,WAL-MAR associates,2019-08-05 00:00:00,2019.0,1929658791.0,2019-07-25,20190724,20190725,20190809.0,USD,RV,1.0,,5609.11,20190725.0,NAH4,1929658791.0,0
U001,0200763229,MAINES trust,2019-05-23 00:00:00,2019.0,1929270831.0,2019-05-08,20190506,20190508,20190523.0,USD,RV,1.0,,21561.94,20190508.0,NAA8,1929270831.0,0
U001,0200854853,MARTIN  associates,2020-01-17 00:00:00,2020.0,1930343116.0,2020-01-02,20200102,20200102,20200117.0,USD,RV,1.0,,14873.76,20200102.0,NAA8,1930343116.0,0
U001,CCCA02,KRAFT  corporation,2019-03-29 00:00:00,2019.0,1928839137.0,2019-02-23,20190221,20190223,20190330.0,USD,RV,1.0,,18997.0,20190223.0,NAG2,1928839137.0,0
U001,0200769623,WAL-MAR llc,2019-08-08 00:00:00,2019.0,1929643465.0,2019-07-21,20190720,20190721,20190805.0,USD,RV,1.0,,2684.18,20190721.0,NAH4,1929643465.0,0
CA02,0140104240,FEDER in,2019-11-14 00:00:00,2019.0,2960585817.0,2019-10-10,20191010,20191010,20191029.0,CAD,RV,1.0,,103616.97,20191019.0,CA10,2960585817.0,0
U001,0200769623,WAL-MAR co,2019-04-18 00:00:00,2019.0,1929062341.0,2019-04-02,20190401,20190402,20190417.0,USD,RV,1.0,,1143.86,20190402.0,NAH4,1929062341.0,0
U001,0200779719,FOOD 4 trust,2019-10-18 00:00:00,2019.0,1929956160.0,2019-10-03,20191003,20191003,20191018.0,USD,RV,1.0,,25940.3,20191003.0,NAA8,1929956160.0,0
U001,0200772595,SAFEW us,2019-09-03 00:00:00,2019.0,1929758655.0,2019-08-17,20190817,20190817,20190901.0,USD,RV,1.0,,67944.09,20190817.0,NAA8,1929758655.0,0
CA02,0140106408,WAL-M corp,2019-12-30 00:00:00,2019.0,2960599235.0,2019-12-10,20191210,20191210,20191221.0,CAD,RV,1.0,,20045.52,20191211.0,CA10,2960599235.0,0
U001,0200726979,BJ'S  corporation,2019-04-22 00:00:00,2019.0,1929125989.0,2019-04-07,20190410,20190407,20190422.0,USD,RV,1.0,,284.69,20190407.0,NAA8,1929125989.0,0
U001,0200785971,SYSCO  foundation,,2020.0,1930814665.0,2020-04-29,20200422,20200429,20200514.0,USD,RV,1.0,,11659.35,20200429.0,NAA8,1930814665.0,1
U001,0200418007,AM corporation,2020-02-14 00:00:00,2020.0,1930440445.0,2020-01-30,20200125,20200130,20200214.0,USD,RV,1.0,,973.82,20200130.0,NAA8,1930440445.0,0
U001,0200726979,BJ'S  corp,,2020.0,1930672864.0,2020-03-19,20200319,20200319,20200403.0,USD,RV,1.0,,33.24,20200319.0,NAA8,1930672864.0,1
U001,0200769623,WAL-MAR foundation,2019-04-16 00:00:00,2019.0,1929089866.0,2019-04-06,20190405,20190406,20190421.0,USD,RV,1.0,,11992.41,20190406.0,NAH4,1929089866.0,0
U001,0200769623,WAL-MAR us,2019-01-28 00:00:00,2019.0,1928632146.0,2019-01-17,20190116,20190117,20190201.0,USD,RV,1.0,,73230.84,20190117.0,NAH4,1928632146.0,0
CA02,140106408,WAL-M corp,2019-07-05 00:00:00,2019.0,2960553690.0,2019-06-11,20190611,20190611,20190622.0,CAD,RV,1.0,,63054.76,20190612.0,CA10,2960553690.0,0
U001,0200769623,WAL-MAR trust,2019-11-25 00:00:00,2019.0,1930151822.0,2019-11-14,20191113,20191114,20191129.0,USD,RV,1.0,,67194.4,20191114.0,NAH4,1930151822.0,0
U001,0200526831,PERISH corporation,2019-06-27 00:00:00,2019.0,1929478568.0,2019-06-11,20190612,20190611,20190626.0,USD,RV,1.0,,111342.31,20190611.0,NAA8,1929478568.0,0
U001,0200769623,WAL-MAR in,2019-02-26 00:00:00,2019.0,1928794509.0,2019-02-15,20190213,20190215,20190302.0,USD,RV,1.0,,38480.25,20190215.0,NAH4,1928794509.0,0
U001,0200785971,SYSCO  corp,2019-06-25 00:00:00,2019.0,1929359467.0,2019-05-22,20190522,20190522,20190623.0,USD,RV,1.0,,17200.36,20190522.0,NA32,1929359467.0,0
U001,0200783734,FAREW foundation,2019-08-01 00:00:00,2019.0,1929634038.0,2019-07-18,20190718,20190718,20190802.0,USD,RV,1.0,,1139.02,20190718.0,NAA8,1929634038.0,0
U001,CCCA02,KRAFT  systems,2019-03-29 00:00:00,2019.0,1928756621.0,2019-02-09,20190207,20190209,20190316.0,USD,RV,1.0,,18284.4,20190209.0,NAG2,1928756621.0,0
U001,0200781831,RITE associates,2019-05-21 00:00:00,2019.0,1929273176.0,2019-05-06,20190507,20190506,20190521.0,USD,RV,1.0,,3091.72,20190506.0,NAA8,1929273176.0,0
U001,0200769623,WAL-MAR co,2019-05-02 00:00:00,2019.0,1929141379.0,2019-04-15,20190414,20190415,20190430.0,USD,RV,1.0,,259.97,20190415.0,NAH4,1929141379.0,0
U001,0200769623,WAL-MAR foundation,2019-09-30 00:00:00,2019.0,1929874875.0,2019-09-17,20190915,20190917,20191002.0,USD,RV,1.0,,52202.49,20190917.0,NAH4,1929874875.0,0
U001,0200980828,BEN E trust,2019-02-06 00:00:00,2019.0,1928688996.0,2019-01-28,20190126,20190128,20190212.0,USD,RV,1.0,,29108.6,20190128.0,NAA8,1928688996.0,0
U001,200769623,WAL-MAR co,2019-07-24 00:00:00,2019.0,1929617886.0,2019-07-14,20190713,20190714,20190729.0,USD,RV,1.0,,13160.86,20190714.0,NAH4,1929617886.0,0
U001,0200668077,IN-N- co,2019-11-19 00:00:00,2019.0,1930088533.0,2019-11-05,20191104,20191105,20191115.0,USD,RV,1.0,,26582.4,20191105.0,NA10,1930088533.0,0
U001,0200712187,SPAR us,2019-11-20 00:00:00,2019.0,1930109305.0,2019-11-05,20191105,20191105,20191120.0,USD,RV,1.0,,73755.92,20191105.0,NAA8,1930109305.0,0
CA02,0140104225,SAVE-ON- ,2019-02-11 00:00:00,2019.0,2960525101.0,2019-01-27,20190127,20190127,20190216.0,CAD,RV,1.0,,6355.68,20190206.0,CA10,2960525101.0,0
U001,0200769623,WAL-MAR corporation,2019-09-20 00:00:00,2019.0,1929845170.0,2019-09-10,20190907,20190910,20190925.0,USD,RV,1.0,,14776.26,20190910.0,NAH4,1929845170.0,0
U001,0200955827,KE trust,2020-02-12 00:00:00,2020.0,1930458843.0,2020-01-27,20200130,20200127,20200211.0,USD,RV,1.0,,34627.5,20200127.0,NAA8,1930458843.0,0
U001,0200769623,WAL-MAR systems,2019-01-14 00:00:00,2019.0,1928551160.0,2019-01-02,20190102,20190102,20190117.0,USD,RV,1.0,,7162.27,20190102.0,NAH4,1928551160.0,0
CA02,0140104392,FLANAG associates,2019-04-08 00:00:00,2019.0,2960532014.0,2019-03-01,20190301,20190301,20190316.0,CAD,RV,1.0,,2758.08,20190306.0,CA10,2960532014.0,0
U001,0200744019,TARG corp,2019-12-31 00:00:00,2019.0,1930272221.0,2019-12-14,20191212,20191214,20191229.0,USD,RV,1.0,,12786.44,20191214.0,NAA8,1930272221.0,0
U001,0200769623,WAL-MAR corporation,2019-01-22 00:00:00,2019.0,1928608159.0,2019-01-12,20190111,20190112,20190127.0,USD,RV,1.0,,10911.11,20190112.0,NAH4,1928608159.0,0
U001,0200769623,WAL-MAR llc,2020-01-29 00:00:00,2020.0,1930412927.0,2020-01-18,20200118,20200118,20200202.0,USD,RV,1.0,,2352.97,20200118.0,NAH4,1930412927.0,0
U001,0200744019,TARG corporation,2019-06-17 00:00:00,2019.0,1929395183.0,2019-05-31,20190530,20190531,20190615.0,USD,RV,1.0,,15900.42,20190531.0,NAA8,1929395183.0,0
U001,0200794332,COST foundation,2019-05-22 00:00:00,2019.0,1929272614.0,2019-05-07,20190507,20190507,20190522.0,USD,RV,1.0,,20135.32,20190507.0,NAAX,1929272614.0,0
U001,0200772670,ASSOCIAT systems,2019-08-06 00:00:00,2019.0,1929641878.0,2019-07-20,20190720,20190720,20190804.0,USD,RV,1.0,,1326.78,20190720.0,NAU5,1929641878.0,0
U001,0200769623,WAL-MAR us,2019-09-16 00:00:00,2019.0,1929824363.0,2019-09-05,20190903,20190905,20190920.0,USD,RV,1.0,,15843.4,20190905.0,NAH4,1929824363.0,0
U001,0200704045,RA corp,2019-08-02 00:00:00,2019.0,1929635705.0,2019-07-18,20190718,20190718,20190802.0,USD,RV,1.0,,37191.72,20190718.0,NAA8,1929635705.0,0
CA02,0140104429,COSTCO corporation,2019-04-03 00:00:00,2019.0,2960535967.0,2019-03-17,20190317,20190317,20190329.0,CAD,RV,1.0,,1059.65,20190319.0,CA10,2960535967.0,0
U001,0200769623,WAL-MAR in,2020-02-05 00:00:00,2020.0,1930440732.0,2020-01-25,20200124,20200125,20200209.0,USD,RV,1.0,,38325.41,20200125.0,NAH4,1930440732.0,0
U001,0200769623,WAL-MAR us,2019-08-30 00:00:00,2019.0,1929738750.0,2019-08-14,20190813,20190814,20190829.0,USD,RV,1.0,,10271.45,20190814.0,NAH4,1929738750.0,0
U001,CCU013,KRAFT F llc,2019-11-27 00:00:00,2019.0,1930053986.0,2019-10-28,20191026,20191028,20191028.0,USD,RV,1.0,,22137.6,20191028.0,NAX2,1930053986.0,0
U001,0200769623,WAL-MAR trust,2019-01-22 00:00:00,2019.0,1928545379.0,2019-01-02,20181231,20190102,20190117.0,USD,RV,1.0,,32091.88,20190102.0,NAH4,1928545379.0,0
U001,0200900909,SYSCO corporation,2019-04-18 00:00:00,2019.0,1929067826.0,2019-04-01,20190402,20190401,20190416.0,USD,RV,1.0,,4641.18,20190401.0,NAA8,1929067826.0,0
U001,0200743129,BROOKS associates,2019-05-01 00:00:00,2019.0,1929129768.0,2019-04-11,20190411,20190411,20190426.0,USD,RV,1.0,,128538.07,20190411.0,NAA8,1929129768.0,0
U001,200820380,SMITH'S associates,2019-04-08 00:00:00,2019.0,1929013875.0,2019-03-24,20190322,20190324,20190408.0,USD,RV,1.0,,16894.86,20190324.0,NAA8,1929013875.0,0
U001,0200744019,TARG corporation,,2020.0,1930631698.0,2020-03-11,20200310,20200311,20200326.0,USD,RV,1.0,,21071.42,20200311.0,NAA8,1930631698.0,1
U001,0200769623,WAL-MAR corp,2019-11-22 00:00:00,2019.0,1930143218.0,2019-11-12,20191112,20191112,20191127.0,USD,RV,1.0,,39008.55,20191112.0,NAH4,1930143218.0,0
U001,0200769623,WAL-MAR ,2019-03-14 00:00:00,2019.0,1928859148.0,2019-02-26,20190226,20190226,20190313.0,USD,RV,1.0,,12764.0,20190226.0,NAH4,1928859148.0,0
U001,0200794332,COST in,2019-07-11 00:00:00,2019.0,1929546224.0,2019-06-27,20190626,20190627,20190712.0,USD,RV,1.0,,2340.9,20190627.0,NAAX,1929546224.0,0
U001,0200078795,H T H systems,2019-04-05 00:00:00,2019.0,1929001655.0,2019-03-20,20190320,20190320,20190404.0,USD,RV,1.0,,6500.95,20190320.0,NAA8,1929001655.0,0
U001,0200759878,SA trust,2019-09-09 00:00:00,2019.0,1929774335.0,2019-08-22,20190822,20190822,20190906.0,USD,RV,1.0,,32497.81,20190822.0,NAH4,1929774335.0,0
U001,0200466603,SMITH'S co,,2020.0,1930770896.0,2020-04-11,20200409,20200411,20200426.0,USD,RV,1.0,,63587.63,20200411.0,NAA8,1930770896.0,1
U001,0200780383,MEIJ corp,2019-04-15 00:00:00,2019.0,1929052906.0,2019-03-29,20190329,20190329,20190413.0,USD,RV,1.0,,49738.87,20190329.0,NAA8,1929052906.0,0
U001,0200769623,WAL-MAR ,2019-04-01 00:00:00,2019.0,1928977991.0,2019-03-19,20190316,20190319,20190403.0,USD,RV,1.0,,4736.16,20190319.0,NAH4,1928977991.0,0
CA02,140104409,LOB systems,2019-07-29 00:00:00,2019.0,2960560463.0,2019-07-06,20190706,20190706,20190723.0,CAD,RV,1.0,,145985.06,20190713.0,CA10,2960560463.0,0
U001,0200803720,DEC co,,2020.0,1930692437.0,2020-03-24,20200324,20200324,20200408.0,USD,RV,1.0,,4640.68,20200316.0,NAM4,1930692437.0,1
U001,0200705742,DOT co,,2020.0,1930576614.0,2020-02-27,20200227,20200227,20200330.0,USD,RV,1.0,,35504.29,20200227.0,NA32,1930576614.0,1
U001,200776463,KROGE corporation,2019-04-15 00:00:00,2019.0,1929040175.0,2019-03-29,20190327,20190329,20190413.0,USD,RV,1.0,,71056.46,20190329.0,NAA8,1929040175.0,0
U001,0200706844,WINC systems,2020-03-04 00:00:00,2020.0,1930526447.0,2020-02-18,20200214,20200218,20200304.0,USD,RV,1.0,,3942.4,20200218.0,NAA8,1930526447.0,0
U001,0200793568,SUPE foundation,2020-01-29 00:00:00,2020.0,1930391725.0,2020-01-12,20200113,20200112,20200127.0,USD,RV,1.0,,1579.67,20200112.0,NAA8,1930391725.0,0
U001,0200769623,WAL-MAR trust,2019-11-12 00:00:00,2019.0,1930088677.0,2019-11-02,20191101,20191102,20191117.0,USD,RV,1.0,,6795.92,20191102.0,NAH4,1930088677.0,0
U001,0200744019,TARG systems,2020-04-24 00:00:00,2020.0,1930558230.0,2020-02-22,20200222,20200222,20200427.0,USD,RV,1.0,,11255.24,20200222.0,NAGD,1930558230.0,0
U001,0100031704,DELHAIZE ,2019-07-26 00:00:00,2019.0,1929594383.0,2019-07-11,20190709,20190711,20190726.0,USD,RV,1.0,,91989.78,20190711.0,NAA8,1929594383.0,0
U001,0200230690,DECA co,2019-05-09 00:00:00,2019.0,1929254688.0,2019-05-04,20190504,20190504,20190508.0,USD,RV,1.0,,3251.17,20190501.0,NAM1,1929254688.0,0
U001,0200353024,DECA foundation,2019-06-25 00:00:00,2019.0,1929519384.0,2019-06-20,20190620,20190620,20190626.0,USD,RV,1.0,,5788.94,20190616.0,NAM2,1929519384.0,0
U001,0200777735,NASH  us,2019-10-08 00:00:00,2019.0,1929911389.0,2019-09-23,20190923,20190923,20191008.0,USD,RV,1.0,,106.14,20190923.0,NAA8,1929911389.0,0
U001,0100054178,ROUNDY ,2019-04-13 00:00:00,2019.0,1928929618.0,2019-03-13,20190308,20190313,20190328.0,USD,RV,1.0,,6810.85,20190313.0,NAA8,1928929618.0,0
U001,0200769623,WAL-MAR corp,2019-07-05 00:00:00,2019.0,1929532728.0,2019-06-24,20190623,20190624,20190709.0,USD,RV,1.0,,56425.56,20190624.0,NAH4,1929532728.0,0
U001,0200763814,SYSCO F corporation,2019-12-23 00:00:00,2019.0,1930221795.0,2019-12-05,20191205,20191205,20191220.0,USD,RV,1.0,,32436.72,20191205.0,NAA8,1930221795.0,0
U001,0200799342,MITCH ,2020-02-21 00:00:00,2020.0,1930487156.0,2020-02-06,20200206,20200206,20200221.0,USD,RV,1.0,,42413.93,20200206.0,NAA8,1930487156.0,0
U001,0200592182,DECA us,2019-12-16 00:00:00,2019.0,1930221601.0,2019-12-05,20191205,20191205,20191224.0,USD,RV,1.0,,630.36,20191201.0,NAM4,1930221601.0,0
U001,0200799367,MCL ,2019-02-08 00:00:00,2019.0,1928678718.0,2019-01-25,20190124,20190125,20190209.0,USD,RV,1.0,,79507.78,20190125.0,NAA8,1928678718.0,0
U001,0200759878,SA systems,2019-05-14 00:00:00,2019.0,1929093138.0,2019-04-08,20190405,20190408,20190523.0,USD,RV,1.0,,116872.61,20190408.0,NAWP,1929093138.0,0
U001,0200726979,BJ'S  corporation,2019-04-30 00:00:00,2019.0,1929163860.0,2019-04-15,20190417,20190415,20190430.0,USD,RV,1.0,,494.16,20190415.0,NAA8,1929163860.0,0
U001,0200780825,SYSCO FO trust,2019-02-08 00:00:00,2019.0,1928658040.0,2019-01-22,20190121,20190122,20190206.0,USD,RV,1.0,,6526.52,20190122.0,NAA8,1928658040.0,0
U001,CCCA02,KRAFT  us,2019-08-02 00:00:00,2019.0,1929509496.0,2019-06-19,20190618,20190619,20190724.0,USD,RV,1.0,,15642.72,20190619.0,NAG2,1929509496.0,0
U001,0200726979,BJ'S  corp,,2020.0,1930830901.0,2020-04-28,20200427,20200428,20200513.0,USD,RV,1.0,,991.86,20200428.0,NAA8,1930830901.0,1
U001,0200769623,WAL-MAR foundation,2019-03-12 00:00:00,2019.0,1928883203.0,2019-03-02,20190301,20190302,20190317.0,USD,RV,1.0,,603.42,20190302.0,NAH4,1928883203.0,0
U001,0200769623,WAL-MAR trust,2019-03-13 00:00:00,2019.0,1928888519.0,2019-03-03,20190302,20190303,20190318.0,USD,RV,1.0,,1008.38,20190303.0,NAH4,1928888519.0,0
CA02,0100028184,SD  us,2020-02-10 00:00:00,2020.0,2960610503.0,2020-01-27,20200127,20200127,20200206.0,CAD,RV,1.0,,17100.0,20200127.0,CA10,2960610503.0,0
U001,0200955827,KE us,2019-12-31 00:00:00,2019.0,1930273472.0,2019-12-14,20191213,20191214,20191229.0,USD,RV,1.0,,33654.32,20191214.0,NAA8,1930273472.0,0
U001,0200726979,BJ'S  systems,2020-01-27 00:00:00,2020.0,1930390145.0,2020-01-12,20200111,20200112,20200127.0,USD,RV,1.0,,820.98,20200112.0,NAA8,1930390145.0,0
U001,0200418007,AM systems,2019-12-10 00:00:00,2019.0,1930169632.0,2019-11-25,20191119,20191125,20191210.0,USD,RV,1.0,,1004.92,20191125.0,NAA8,1930169632.0,0
U001,CCU002,KRFT FDS systems,2019-08-30 00:00:00,2019.0,1929620148.0,2019-07-17,20190715,20190717,20190821.0,USD,RV,1.0,,57361.65,20190717.0,NAG2,1929620148.0,0
U001,0200769623,WAL-MAR ,2019-08-13 00:00:00,2019.0,1929691540.0,2019-08-03,20190802,20190803,20190818.0,USD,RV,1.0,,6532.6,20190803.0,NAH4,1929691540.0,0
U001,0200705985,POCON co,2019-09-04 00:00:00,2019.0,1929766517.0,2019-08-20,20190820,20190820,20190904.0,USD,RV,1.0,,15150.73,20190820.0,NAA8,1929766517.0,0
U001,0200762301,C&S WH corporation,2019-04-26 00:00:00,2019.0,1929124932.0,2019-04-11,20190410,20190411,20190426.0,USD,RV,1.0,,126644.13,20190411.0,NAC6,1929124932.0,0
U001,0200769623,WAL-MAR us,2019-06-11 00:00:00,2019.0,1929371764.0,2019-05-24,20190524,20190524,20190608.0,USD,RV,1.0,,6606.74,20190524.0,NAH4,1929371764.0,0
U001,0200900909,SYSCO ,2019-04-19 00:00:00,2019.0,1929081746.0,2019-04-03,20190403,20190403,20190418.0,USD,RV,1.0,,4239.34,20190403.0,NAA8,1929081746.0,0
U001,0200704858,WAKE associates,2019-07-10 00:00:00,2019.0,1929537338.0,2019-06-25,20190624,20190625,20190710.0,USD,RV,1.0,,67309.8,20190625.0,NAA8,1929537338.0,0
U001,0200555117,BURR us,2019-01-15 00:00:00,2019.0,1928536836.0,2018-12-30,20181229,20181230,20190114.0,USD,RV,1.0,,310.68,20181230.0,NAA8,1928536836.0,0
U001,0200759878,SA foundation,2020-03-06 00:00:00,2020.0,1930542297.0,2020-02-19,20200219,20200219,20200305.0,USD,RV,1.0,,47944.23,20200219.0,NAH4,1930542297.0,0
U001,0200769623,WAL-MAR trust,2019-04-29 00:00:00,2019.0,1929155192.0,2019-04-17,20190416,20190417,20190502.0,USD,RV,1.0,,57019.77,20190417.0,NAH4,1929155192.0,0
U001,0200416837,DEC trust,2019-10-16 00:00:00,2019.0,1929960071.0,2019-10-04,20191004,20191004,20191024.0,USD,RV,1.0,,219.65,20191001.0,NAM4,1929960071.0,0
U001,0200403651,Y H trust,2019-05-22 00:00:00,2019.0,1929155650.0,2019-04-19,20190416,20190419,20190521.0,USD,RV,1.0,,5694.0,20190419.0,NA32,1929155650.0,0
U001,0200780383,MEIJ trust,2019-02-19 00:00:00,2019.0,1928706489.0,2019-01-30,20190130,20190130,20190214.0,USD,RV,1.0,,17362.64,20190130.0,NAA8,1928706489.0,0
U001,0200418007,AM trust,2019-03-06 00:00:00,2019.0,1928797387.0,2019-02-19,20190214,20190219,20190306.0,USD,RV,1.0,,30678.97,20190219.0,NAA8,1928797387.0,0
U001,0100021540,MASTER associates,2020-02-27 00:00:00,2020.0,1930518723.0,2020-02-13,20200213,20200213,20200223.0,USD,RV,1.0,,20529.94,20200213.0,NA10,1930518723.0,0
U001,0200769623,WAL-MAR associates,2019-03-21 00:00:00,2019.0,1928888115.0,2019-03-05,20190302,20190305,20190320.0,USD,RV,1.0,,9668.86,20190305.0,NAH4,1928888115.0,0
U013,0140103400,FOST corp,2019-12-23 00:00:00,2019.0,1991835154.0,2019-11-18,20191118,20191118,20191218.0,USD,RV,1.0,,1656.2,20191118.0,NAVE,1991835154.0,0
U001,0200706844,WINC in,2019-05-30 00:00:00,2019.0,1929314907.0,2019-05-15,20190514,20190515,20190530.0,USD,RV,1.0,,16704.25,20190515.0,NAA8,1929314907.0,0
CA02,0140104423,METRO  us,2019-12-20 00:00:00,2019.0,2960599705.0,2019-12-11,20191211,20191211,20191221.0,CAD,RV,1.0,,22891.41,20191211.0,CA10,2960599705.0,0
U001,0200769623,WAL-MAR llc,2020-02-04 00:00:00,2020.0,1930433957.0,2020-01-24,20200124,20200124,20200208.0,USD,RV,1.0,,471.56,20200124.0,NAH4,1930433957.0,0
U001,0200762301,C&S WH co,2019-04-18 00:00:00,2019.0,1928782970.0,2019-02-11,20190212,20190211,20190417.0,USD,RV,1.0,,7543.94,20190211.0,NAGD,1928782970.0,0
U001,0200769623,WAL-MAR trust,2020-02-27 00:00:00,2020.0,1930532201.0,2020-02-17,20200215,20200217,20200303.0,USD,RV,1.0,,688.15,20200217.0,NAH4,1930532201.0,0
U001,0200776463,KROGE in,,2020.0,1930643568.0,2020-03-11,20200312,20200311,20200326.0,USD,RV,1.0,,80699.11,20200311.0,NAA8,1930643568.0,1
U001,0200726979,BJ'S  corp,2019-09-03 00:00:00,2019.0,1929764833.0,2019-08-18,20190820,20190818,20190902.0,USD,RV,1.0,,460.98,20190818.0,NAA8,1929764833.0,0
U001,0200761734,H E BUT corp,2019-12-31 00:00:00,2019.0,1930287849.0,2019-12-17,20191217,20191217,20200101.0,USD,RV,1.0,,20551.26,20191217.0,NAA8,1930287849.0,0
U001,0200795490,HY -  in,2019-10-07 00:00:00,2019.0,1929619695.0,2019-07-15,20190715,20190715,20190928.0,USD,RV,1.0,,391.24,20190715.0,NAWN,1929619695.0,0
U001,0200769623,WAL-MAR foundation,2019-02-22 00:00:00,2019.0,1928786977.0,2019-02-12,20190212,20190212,20190227.0,USD,RV,1.0,,3748.84,20190212.0,NAH4,1928786977.0,0
U001,CCU013,KRAFT F llc,2019-03-29 00:00:00,2019.0,1928766329.0,2019-02-10,20190208,20190210,20190210.0,USD,RV,1.0,,7870.6,20190210.0,NAX2,1928766329.0,0
U001,0200020431,DEC associates,2020-02-03 00:00:00,2020.0,1930430396.0,2020-01-23,20200123,20200123,20200208.0,USD,RV,1.0,,311.88,20200116.0,NAM4,1930430396.0,0
U001,0200900909,SYSCO llc,2020-02-12 00:00:00,2020.0,1930444281.0,2020-01-27,20200127,20200127,20200211.0,USD,RV,1.0,,38319.45,20200127.0,NAA8,1930444281.0,0
U001,0200778355,US  corporation,2019-10-18 00:00:00,2019.0,1929961547.0,2019-10-03,20191004,20191003,20191018.0,USD,RV,1.0,,52342.23,20191003.0,NAA8,1929961547.0,0
U001,0200794332,COST trust,2020-02-13 00:00:00,2020.0,1930458235.0,2020-01-30,20200130,20200130,20200214.0,USD,RV,1.0,,62190.16,20200130.0,NAAX,1930458235.0,0
U001,0200772670,ASSOCIAT ,2019-02-14 00:00:00,2019.0,1928721290.0,2019-02-01,20190201,20190201,20190216.0,USD,RV,1.0,,12815.43,20190201.0,NAU5,1928721290.0,0
U001,0200726979,BJ'S  associates,2019-12-05 00:00:00,2019.0,1930163672.0,2019-11-17,20191117,20191117,20191202.0,USD,RV,1.0,,19568.51,20191117.0,NAA8,1930163672.0,0
U001,0200706844,WINC corporation,2019-09-09 00:00:00,2019.0,1929790581.0,2019-08-25,20190825,20190825,20190909.0,USD,RV,1.0,,945.74,20190825.0,NAA8,1929790581.0,0
U001,0200769623,WAL-MAR associates,2019-02-06 00:00:00,2019.0,1928690622.0,2019-01-27,20190126,20190127,20190211.0,USD,RV,1.0,,22670.7,20190127.0,NAH4,1928690622.0,0
U001,0200920735,ALBERT trust,2019-07-08 00:00:00,2019.0,1929526873.0,2019-06-22,20190621,20190622,20190707.0,USD,RV,1.0,,80641.67,20190622.0,NAA8,1929526873.0,0
U001,0200769623,WAL-MAR foundation,2019-05-23 00:00:00,2019.0,1929290531.0,2019-05-10,20190510,20190510,20190525.0,USD,RV,1.0,,319.99,20190510.0,NAH4,1929290531.0,0
U001,0200769623,WAL-MAR corporation,2019-11-26 00:00:00,2019.0,1930161214.0,2019-11-16,20191115,20191116,20191201.0,USD,RV,1.0,,71941.25,20191116.0,NAH4,1930161214.0,0
CA02,0140105847,GORDON F ,2019-11-25 00:00:00,2019.0,2960592732.0,2019-11-12,20191112,20191112,20191124.0,CAD,RV,1.0,,63507.85,20191114.0,CA10,2960592732.0,0
U001,0200743996,STATER  corp,2019-11-13 00:00:00,2019.0,1930056853.0,2019-10-29,20191029,20191029,20191113.0,USD,RV,1.0,,17922.15,20191029.0,NAA8,1930056853.0,0
U001,0200769623,WAL-MAR llc,2020-01-22 00:00:00,2020.0,1930356858.0,2020-01-05,20200106,20200105,20200120.0,USD,RV,1.0,,56423.54,20200105.0,NAH4,1930356858.0,0
U001,0200744019,TARG corporation,2019-04-10 00:00:00,2019.0,1929030023.0,2019-03-26,20190326,20190326,20190410.0,USD,RV,1.0,,109.76,20190326.0,NAA8,1929030023.0,0
U001,0200707822,PUBLI trust,2019-01-22 00:00:00,2019.0,1928575603.0,2019-01-06,20190105,20190106,20190121.0,USD,RV,1.0,,77006.53,20190106.0,NAA8,1928575603.0,0
U001,0200769623,WAL-MAR associates,2019-09-20 00:00:00,2019.0,1929851002.0,2019-09-09,20190909,20190909,20190924.0,USD,RV,1.0,,1898.2,20190909.0,NAH4,1929851002.0,0
U001,CCCA02,KRAFT  systems,2019-03-01 00:00:00,2019.0,1928671311.0,2019-01-25,20190123,20190125,20190301.0,USD,RV,1.0,,15161.25,20190125.0,NAG2,1928671311.0,0
U001,0200780383,MEIJ corporation,,2020.0,1930821670.0,2020-04-23,20200423,20200423,20200508.0,USD,RV,1.0,,80193.17,20200423.0,NAA8,1930821670.0,1
U001,0200353024,DECA ,2019-11-18 00:00:00,2019.0,1930123738.0,2019-11-07,20191107,20191107,20191124.0,USD,RV,1.0,,1336.39,20191101.0,NAM4,1930123738.0,0
U001,0200794332,COST in,2020-03-09 00:00:00,2020.0,1930563584.0,2020-02-24,20200224,20200224,20200310.0,USD,RV,1.0,,3845.47,20200224.0,NAAX,1930563584.0,0
U001,0200769623,WAL-MAR trust,2019-05-23 00:00:00,2019.0,1929182641.0,2019-04-21,20190420,20190421,20190506.0,USD,RV,1.0,,49088.34,20190421.0,NAH4,1929182641.0,0
U001,0200437182,FOOD  us,2019-12-26 00:00:00,2019.0,1930251071.0,2019-12-10,20191208,20191210,20191225.0,USD,RV,1.0,,57099.61,20191210.0,NAA8,1930251071.0,0
U001,0200769623,WAL-MAR associates,2019-07-09 00:00:00,2019.0,1929531604.0,2019-06-21,20190622,20190621,20190706.0,USD,RV,1.0,,44044.35,20190621.0,NAH4,1929531604.0,0
U001,0200729828,KENNETH llc,,2020.0,1930611424.0,2020-03-06,20200306,20200306,20200321.0,USD,RV,1.0,,34386.74,20200306.0,NAA8,1930611424.0,1
U001,0200078795,H T H corporation,2019-06-11 00:00:00,2019.0,1929410920.0,2019-05-31,20190531,20190531,20190615.0,USD,RV,1.0,,27613.19,20190531.0,NAA8,1929410920.0,0
U001,0200416837,DEC corp,2019-11-12 00:00:00,2019.0,1930099935.0,2019-11-05,20191105,20191105,20191111.0,USD,RV,1.0,,23837.1,20191101.0,NAM2,1930099935.0,0
U001,0200230690,DECA associates,2019-03-04 00:00:00,2019.0,1928857837.0,2019-02-26,20190226,20190226,20190311.0,USD,RV,1.0,,347.88,20190216.0,NAM4,1928857837.0,0
CA02,0140106408,WAL-M corporation,2019-08-01 00:00:00,2019.0,2960565181.0,2019-07-15,20190715,20190715,20190726.0,CAD,RV,1.0,,3949.97,20190716.0,CA10,2960565181.0,0
U001,CCCA02,KRAFT  corporation,2019-08-30 00:00:00,2019.0,1929572383.0,2019-07-07,20190705,20190707,20190811.0,USD,RV,1.0,,13816.04,20190707.0,NAG2,1929572383.0,0
U001,CCCA02,KRAFT  systems,2020-03-27 00:00:00,2020.0,1930553216.0,2020-02-23,20200221,20200223,20200329.0,USD,RV,1.0,,30521.12,20200223.0,NAG2,1930553216.0,0
U001,0200769623,WAL-MAR trust,2019-02-01 00:00:00,2019.0,1928656663.0,2019-01-22,20190121,20190122,20190206.0,USD,RV,1.0,,64782.39,20190122.0,NAH4,1928656663.0,0
U001,0200799367,MCL corporation,2020-02-07 00:00:00,2020.0,1930426124.0,2020-01-23,20200122,20200123,20200207.0,USD,RV,1.0,,17036.19,20200123.0,NAA8,1930426124.0,0
U001,0200407025,ALBERT in,2020-03-02 00:00:00,2020.0,1930516577.0,2020-02-14,20200212,20200214,20200229.0,USD,RV,1.0,,72048.21,20200214.0,NAA8,1930516577.0,0
U001,0200790107,ROU co,2020-01-24 00:00:00,2020.0,1930377366.0,2020-01-07,20200109,20200107,20200122.0,USD,RV,1.0,,121788.94,20200107.0,NAC6,1930377366.0,0
U001,0200748108,KROGER systems,2019-05-14 00:00:00,2019.0,1929225412.0,2019-04-29,20190429,20190429,20190514.0,USD,RV,1.0,,5574.02,20190429.0,NAA8,1929225412.0,0
U001,0200508557,FOODL associates,2019-02-11 00:00:00,2019.0,1928647081.0,2019-01-25,20190118,20190125,20190209.0,USD,RV,1.0,,2959.05,20190125.0,NAA8,1928647081.0,0
U001,0200769623,WAL-MAR ,2019-01-22 00:00:00,2019.0,1928613030.0,2019-01-11,20190112,20190111,20190126.0,USD,RV,1.0,,10461.12,20190111.0,NAH4,1928613030.0,0
U001,0200763814,SYSCO F corp,2019-07-31 00:00:00,2019.0,1929623834.0,2019-07-15,20190715,20190715,20190730.0,USD,RV,1.0,,19913.47,20190715.0,NAA8,1929623834.0,0
U001,0200704045,RA us,2019-03-25 00:00:00,2019.0,1928939949.0,2019-03-10,20190310,20190310,20190325.0,USD,RV,1.0,,131158.51,20190310.0,NAA8,1928939949.0,0
U001,0200769623,WAL-MAR associates,,2020.0,1930623292.0,2020-03-10,20200309,20200310,20200325.0,USD,RV,1.0,,72154.25,20200310.0,NAH4,1930623292.0,1
U001,0200833713,JETRO foundation,2019-07-16 00:00:00,2019.0,1929545375.0,2019-06-26,20190626,20190626,20190716.0,USD,RV,1.0,,10180.91,20190626.0,NAD1,1929545375.0,0
U001,0200704858,WAKE in,2019-04-29 00:00:00,2019.0,1929137819.0,2019-04-13,20190412,20190413,20190617.0,USD,RV,1.0,,29225.12,20190413.0,NAGD,1929137819.0,0
U001,0200769623,WAL-MAR co,2019-12-04 00:00:00,2019.0,1930188631.0,2019-11-24,20191123,20191124,20191209.0,USD,RV,1.0,,14761.04,20191124.0,NAH4,1930188631.0,0
U001,0200763814,SYSCO F in,2020-02-25 00:00:00,2020.0,1930474388.0,2020-02-04,20200204,20200204,20200224.0,USD,RV,1.0,,7021.05,20200204.0,NAD1,1930474388.0,0
U001,0200769623,WAL-MAR corporation,2019-08-02 00:00:00,2019.0,1929644464.0,2019-07-23,20190721,20190723,20190807.0,USD,RV,1.0,,39288.16,20190723.0,NAH4,1929644464.0,0
U001,0200794332,COST foundation,2019-11-08 00:00:00,2019.0,1930048921.0,2019-10-25,20191023,20191025,20191109.0,USD,RV,1.0,,16549.84,20191025.0,NAAX,1930048921.0,0
U001,0200749782,KROG us,2019-07-01 00:00:00,2019.0,1929463017.0,2019-06-15,20190609,20190615,20190630.0,USD,RV,1.0,,31181.56,20190615.0,NAA8,1929463017.0,0
U001,200705742,DOT corporation,2019-04-25 00:00:00,2019.0,1929092180.0,2019-04-05,20190405,20190405,20190507.0,USD,RV,1.0,,2407.14,20190405.0,NA32,1929092180.0,0
U001,0200592182,DECA corp,2019-10-23 00:00:00,2019.0,1930043311.0,2019-10-22,20191022,20191022,20191026.0,USD,RV,1.0,,2842.6,20191016.0,NAM2,1930043311.0,0
U001,0200704858,WAKE foundation,2019-10-07 00:00:00,2019.0,1929927453.0,2019-09-27,20190926,20190927,20191012.0,USD,RV,1.0,,243372.8,20190927.0,NAA8,1929927453.0,0
U001,0100036039,GI corporation,2019-08-26 00:00:00,2019.0,1929732891.0,2019-08-12,20190811,20190812,20190827.0,USD,RV,1.0,,56264.94,20190812.0,NAA8,1929732891.0,0
U001,0200777735,NASH  corp,,2020.0,1930817445.0,2020-04-22,20200422,20200422,20200507.0,USD,RV,1.0,,109153.92,20200422.0,NAA8,1930817445.0,1
U001,200782001,GORDO ,2019-03-05 00:00:00,2019.0,1928792939.0,2019-02-13,20190213,20190213,20190228.0,USD,RV,1.0,,21711.78,20190213.0,NAA8,1928792939.0,0
U001,0200230690,DECA systems,2019-05-25 00:00:00,2019.0,1929351859.0,2019-05-21,20190521,20190521,20190526.0,USD,RV,1.0,,77.06,20190516.0,NAM2,1929351859.0,0
U001,0200759878,SA foundation,,2020.0,1930828486.0,2020-04-28,20200426,20200428,20200513.0,USD,RV,1.0,,48319.9,20200428.0,NAH4,1930828486.0,1
U001,0200782001,GORDO corporation,2019-12-24 00:00:00,2019.0,1930216515.0,2019-12-04,20191204,20191204,20191224.0,USD,RV,1.0,,26936.98,20191204.0,NAD1,1930216515.0,0
U001,0200726979,BJ'S  ,2019-05-17 00:00:00,2019.0,1929237988.0,2019-05-02,20190501,20190502,20190517.0,USD,RV,1.0,,235.25,20190502.0,NAA8,1929237988.0,0
CA02,0140104409,LOB systems,2019-04-22 00:00:00,2019.0,2960540578.0,2019-04-10,20190410,20190410,20190420.0,CAD,RV,1.0,,134523.47,20190410.0,CA10,2960540578.0,0
U001,0200769623,WAL-MAR in,,2020.0,1930661113.0,2020-03-16,20200317,20200316,20200331.0,USD,RV,1.0,,60777.23,20200316.0,NAH4,1930661113.0,1
U001,0200762301,C&S WH co,2019-02-26 00:00:00,2019.0,1928775205.0,2019-02-10,20190210,20190210,20190225.0,USD,RV,1.0,,107648.91,20190210.0,NAC6,1928775205.0,0
U001,0200721330,PARK co,2019-12-16 00:00:00,2019.0,1930215689.0,2019-12-03,20191204,20191203,20191213.0,USD,RV,1.0,,79051.39,20191203.0,NA10,1930215689.0,0
U001,0200726979,BJ'S  llc,2019-01-28 00:00:00,2019.0,1928601114.0,2019-01-11,20190110,20190111,20190126.0,USD,RV,1.0,,26.62,20190111.0,NAA8,1928601114.0,0
U001,0200726979,BJ'S  in,2019-05-28 00:00:00,2019.0,1929281630.0,2019-05-10,20190508,20190510,20190525.0,USD,RV,1.0,,65735.8,20190510.0,NAA8,1929281630.0,0
U013,0140103311,GLOBA us,2019-11-06 00:00:00,2019.0,1991833328.0,2019-10-12,20191008,20191012,20191111.0,USD,RV,1.0,,22524.7,20191012.0,NAVE,1991833328.0,0
U001,0200769623,WAL-MAR systems,2019-04-02 00:00:00,2019.0,1929003378.0,2019-03-23,20190321,20190323,20190407.0,USD,RV,1.0,,34042.3,20190323.0,NAH4,1929003378.0,0
U001,0200769623,WAL-MAR co,2019-04-08 00:00:00,2019.0,1929037097.0,2019-03-28,20190327,20190328,20190412.0,USD,RV,1.0,,49607.88,20190328.0,NAH4,1929037097.0,0
U001,0200783609,PROFIC co,2019-02-26 00:00:00,2019.0,1928753248.0,2019-02-08,20190206,20190208,20190223.0,USD,RV,1.0,,26495.28,20190208.0,NAA8,1928753248.0,0
U001,0200744019,TARG us,2020-02-05 00:00:00,2020.0,1930413650.0,2020-01-22,20200120,20200122,20200206.0,USD,RV,1.0,,19090.62,20200122.0,NAA8,1930413650.0,0
U001,0200769623,WAL-MAR co,,2020.0,1930576697.0,2020-03-01,20200301,20200301,20200316.0,USD,RV,1.0,,3227.43,20200301.0,NAH4,1930576697.0,1
U001,200705372,FR systems,2019-07-11 00:00:00,2019.0,1929534711.0,2019-06-26,20190624,20190626,20190711.0,USD,RV,1.0,,87045.07,20190626.0,NAA8,1929534711.0,0
U001,0200726979,BJ'S  trust,2020-03-02 00:00:00,2020.0,1930522207.0,2020-02-13,20200213,20200213,20200228.0,USD,RV,1.0,,458.35,20200213.0,NAA8,1930522207.0,0
U001,0200705089,JETR llc,2019-06-21 00:00:00,2019.0,1929453629.0,2019-06-08,20190607,20190608,20190623.0,USD,RV,1.0,,27415.08,20190608.0,NAA8,1929453629.0,0
U001,0200705742,DOT co,2019-05-16 00:00:00,2019.0,1929211087.0,2019-04-26,20190426,20190426,20190528.0,USD,RV,1.0,,14887.77,20190426.0,NA32,1929211087.0,0
U001,CCU002,KRFT FDS co,,2020.0,1930614545.0,2020-03-08,20200306,20200308,20200412.0,USD,RV,1.0,,6772.95,20200308.0,NAG2,1930614545.0,1
U001,0200769623,WAL-MAR associates,2019-11-01 00:00:00,2019.0,1930038082.0,2019-10-22,20191021,20191022,20191106.0,USD,RV,1.0,,76301.13,20191022.0,NAH4,1930038082.0,0
U001,0200078795,H T H corporation,2019-11-27 00:00:00,2019.0,1930144548.0,2019-11-13,20191113,20191113,20191128.0,USD,RV,1.0,,2939.23,20191113.0,NAA8,1930144548.0,0
CA02,0140105785,SHOPPE corporation,2019-09-06 00:00:00,2019.0,2960574082.0,2019-08-20,20190820,20190820,20190831.0,CAD,RV,1.0,,12902.4,20190821.0,CA10,2960574082.0,0
CA02,0140104409,LOB co,2019-05-24 00:00:00,2019.0,2960547166.0,2019-05-08,20190508,20190508,20190518.0,CAD,RV,1.0,,194309.62,20190508.0,CA10,2960547166.0,0
U001,0200756072,REINHA corporation,2019-04-22 00:00:00,2019.0,1929087693.0,2019-04-05,20190404,20190405,20190420.0,USD,RV,1.0,,22368.32,20190405.0,NAA8,1929087693.0,0
U001,0200793568,SUPE corporation,2019-04-03 00:00:00,2019.0,1928989022.0,2019-03-18,20190319,20190318,20190402.0,USD,RV,1.0,,13334.75,20190318.0,NAA8,1928989022.0,0
U001,0200786288,FAMILY trust,2019-11-07 00:00:00,2019.0,1930046333.0,2019-10-25,20191023,20191025,20191109.0,USD,RV,1.0,,14312.56,20191025.0,NAC6,1930046333.0,0
U001,0200769623,WAL-MAR in,2020-02-25 00:00:00,2020.0,1930518556.0,2020-02-15,20200213,20200215,20200301.0,USD,RV,1.0,,26264.25,20200215.0,NAH4,1930518556.0,0
U001,0200763814,SYSCO F corp,2019-08-09 00:00:00,2019.0,1929655500.0,2019-07-23,20190723,20190723,20190807.0,USD,RV,1.0,,32110.66,20190723.0,NAA8,1929655500.0,0
U001,0200561861,CO corp,,2020.0,1930557376.0,2020-02-28,20200222,20200228,20200314.0,USD,RV,1.0,,41324.62,20200228.0,NAA8,1930557376.0,1
U001,0200752302,KROGER associates,2019-01-25 00:00:00,2019.0,1928608127.0,2019-01-10,20190111,20190110,20190125.0,USD,RV,1.0,,18296.74,20190110.0,NAA8,1928608127.0,0
U001,0200762301,C&S WH in,2019-02-20 00:00:00,2019.0,1928727965.0,2019-02-06,20190203,20190206,20190221.0,USD,RV,1.0,,21108.87,20190206.0,NAC6,1928727965.0,0
U001,0200610381,MERCHAN ,2019-01-24 00:00:00,2019.0,1928565392.0,2019-01-10,20190104,20190110,20190125.0,USD,RV,1.0,,22927.64,20190110.0,NAA8,1928565392.0,0
U001,0200769623,WAL-MAR trust,2019-04-24 00:00:00,2019.0,1929142792.0,2019-04-14,20190413,20190414,20190429.0,USD,RV,1.0,,22132.57,20190414.0,NAH4,1929142792.0,0
U001,0200769623,WAL-MAR in,2019-02-26 00:00:00,2019.0,1928773017.0,2019-02-09,20190209,20190209,20190224.0,USD,RV,1.0,,57182.99,20190209.0,NAH4,1928773017.0,0
U001,0200799367,MCL associates,2019-07-08 00:00:00,2019.0,1929519474.0,2019-06-21,20190620,20190621,20190706.0,USD,RV,1.0,,25033.12,20190621.0,NAA8,1929519474.0,0
U001,0200726979,BJ'S  co,2019-10-18 00:00:00,2019.0,1929952182.0,2019-10-03,20191002,20191003,20191018.0,USD,RV,1.0,,679.5,20191003.0,NAA8,1929952182.0,0
U001,0200778355,US  co,2019-05-06 00:00:00,2019.0,1929154815.0,2019-04-16,20190416,20190416,20190506.0,USD,RV,1.0,,99187.88,20190416.0,NAD1,1929154815.0,0
U001,0100035578,MICH systems,2019-09-16 00:00:00,2019.0,1929767795.0,2019-08-21,20190821,20190821,20190921.0,USD,RV,1.0,,17627.3,20190821.0,NA3B,1929767795.0,0
U001,0200769623,WAL-MAR systems,2020-03-06 00:00:00,2020.0,1930538195.0,2020-02-19,20200218,20200219,20200305.0,USD,RV,1.0,,8905.91,20200219.0,NAH4,1930538195.0,0
U002,0200501669,WAL MA us,2020-03-16 00:00:00,2020.0,1990571215.0,2020-02-03,20200201,20200203,20200309.0,USD,RV,1.0,,1526.4,20200203.0,NAG2,1990571215.0,0
U001,0200769623,WAL-MAR us,2019-02-04 00:00:00,2019.0,1928668992.0,2019-01-22,20190123,20190122,20190206.0,USD,RV,1.0,,2925.56,20190122.0,NAH4,1928668992.0,0
U001,0200759878,SA foundation,2019-07-30 00:00:00,2019.0,1929610999.0,2019-07-14,20190711,20190714,20190729.0,USD,RV,1.0,,29666.9,20190714.0,NAH4,1929610999.0,0
U001,0200721222,GO co,2019-03-11 00:00:00,2019.0,1928842022.0,2019-02-22,20190222,20190222,20190309.0,USD,RV,1.0,,3608.84,20190222.0,NAA8,1928842022.0,0
U001,0200900909,SYSCO llc,2019-03-12 00:00:00,2019.0,1928866732.0,2019-02-26,20190226,20190226,20190313.0,USD,RV,1.0,,2758.56,20190226.0,NAA8,1928866732.0,0
U001,0200769623,WAL-MAR co,,2020.0,1930642284.0,2020-03-13,20200312,20200313,20200328.0,USD,RV,1.0,,661.11,20200313.0,NAH4,1930642284.0,1
U001,0200769623,WAL-MAR co,2019-09-09 00:00:00,2019.0,1929790459.0,2019-08-27,20190825,20190827,20190911.0,USD,RV,1.0,,64.73,20190827.0,NAH4,1929790459.0,0
U001,0200772670,ASSOCIAT llc,2019-12-09 00:00:00,2019.0,1930189827.0,2019-11-24,20191124,20191124,20191209.0,USD,RV,1.0,,148141.67,20191124.0,NAU5,1930189827.0,0
U001,0200148860,DOLLA co,2019-02-20 00:00:00,2019.0,1928739305.0,2019-02-05,20190205,20190205,20190220.0,USD,RV,1.0,,90602.44,20190205.0,NAA8,1928739305.0,0
U001,0200769623,WAL-MAR co,2019-08-13 00:00:00,2019.0,1929697090.0,2019-08-03,20190803,20190803,20190818.0,USD,RV,1.0,,36691.13,20190803.0,NAH4,1929697090.0,0
U001,0200759878,SA ,2019-09-20 00:00:00,2019.0,1929822796.0,2019-09-05,20190903,20190905,20190920.0,USD,RV,1.0,,14446.74,20190905.0,NAH4,1929822796.0,0
U001,0200769623,WAL-MAR corporation,2019-03-11 00:00:00,2019.0,1928870419.0,2019-02-28,20190227,20190228,20190315.0,USD,RV,1.0,,15177.94,20190228.0,NAH4,1928870419.0,0
U001,0200769623,WAL-MAR associates,,2020.0,1930646589.0,2020-03-14,20200313,20200314,20200329.0,USD,RV,1.0,,3052.23,20200314.0,NAH4,1930646589.0,1
U001,0200705742,DOT associates,2019-03-20 00:00:00,2019.0,1928878355.0,2019-02-28,20190228,20190228,20190401.0,USD,RV,1.0,,6457.07,20190228.0,NA32,1928878355.0,0
U001,0200416837,DEC corporation,2020-02-03 00:00:00,2020.0,1930424381.0,2020-01-22,20200122,20200122,20200208.0,USD,RV,1.0,,2330.81,20200116.0,NAM4,1930424381.0,0
U001,0200714710,SYSCO  ,2019-04-08 00:00:00,2019.0,1929005092.0,2019-03-23,20190321,20190323,20190407.0,USD,RV,1.0,,694.31,20190323.0,NAA8,1929005092.0,0
U001,0200726979,BJ'S  corporation,2019-09-16 00:00:00,2019.0,1929812012.0,2019-08-30,20190829,20190830,20190914.0,USD,RV,1.0,,441.47,20190830.0,NAA8,1929812012.0,0
U001,0200793513,KROGER ,2019-12-09 00:00:00,2019.0,1930184828.0,2019-11-24,20191122,20191124,20191209.0,USD,RV,1.0,,62631.48,20191124.0,NAA8,1930184828.0,0
U001,0200920735,ALBERT llc,2019-06-24 00:00:00,2019.0,1929451012.0,2019-06-08,20190607,20190608,20190623.0,USD,RV,1.0,,121785.57,20190608.0,NAA8,1929451012.0,0
U001,0200780383,MEIJ corp,2019-11-19 00:00:00,2019.0,1930095977.0,2019-11-04,20191103,20191104,20191119.0,USD,RV,1.0,,120751.64,20191104.0,NAA8,1930095977.0,0
U001,0200769623,WAL-MAR foundation,2019-02-13 00:00:00,2019.0,1928719783.0,2019-02-03,20190202,20190203,20190218.0,USD,RV,1.0,,53483.14,20190203.0,NAH4,1928719783.0,0
U001,0200769623,WAL-MAR llc,,2020.0,1930683586.0,2020-03-23,20200321,20200323,20200407.0,USD,RV,1.0,,506.18,20200323.0,NAH4,1930683586.0,1
U001,0200744019,TARG associates,2019-01-22 00:00:00,2019.0,1928562219.0,2019-01-05,20190103,20190105,20190120.0,USD,RV,1.0,,17945.88,20190105.0,NAA8,1928562219.0,0
U001,0200772670,ASSOCIAT foundation,2019-04-11 00:00:00,2019.0,1929035258.0,2019-03-26,20190326,20190326,20190410.0,USD,RV,1.0,,47115.04,20190326.0,NAU5,1929035258.0,0
U001,0100033439,WESTI corporation,2019-11-27 00:00:00,2019.0,1930173766.0,2019-11-22,20191120,20191122,20191202.0,USD,RV,1.0,,40777.0,20191122.0,NA10,1930173766.0,0
U001,0200126819,MCLANE associates,2020-01-31 00:00:00,2020.0,1930396069.0,2020-01-17,20200114,20200117,20200201.0,USD,RV,1.0,,10619.55,20200117.0,NAA8,1930396069.0,0
U001,0200772670,ASSOCIAT systems,2019-07-25 00:00:00,2019.0,1928829310.0,2019-02-20,20190220,20190220,20190426.0,USD,RV,1.0,,344.47,20190220.0,NAGD,1928829310.0,0
U001,0200726979,BJ'S  us,2019-07-03 00:00:00,2019.0,1929539788.0,2019-06-18,20190625,20190618,20190703.0,USD,RV,1.0,,286.39,20190618.0,NAA8,1929539788.0,0
U001,0200723794,MID MO trust,2019-07-03 00:00:00,2019.0,1929499708.0,2019-06-16,20190616,20190616,20190701.0,USD,RV,1.0,,140535.08,20190616.0,NAA8,1929499708.0,0
U001,0200152991,JET corporation,,2020.0,1930606195.0,2020-03-05,20200305,20200305,20200320.0,USD,RV,1.0,,4842.93,20200305.0,NAA8,1930606195.0,1
U001,0200704045,RA systems,2019-12-02 00:00:00,2019.0,1930161162.0,2019-11-15,20191115,20191115,20191130.0,USD,RV,1.0,,42336.62,20191115.0,NAA8,1930161162.0,0
U001,200749091,DICA trust,2019-04-15 00:00:00,2019.0,1929006564.0,2019-03-26,20190321,20190326,20190427.0,USD,RV,1.0,,1229.02,20190326.0,NA32,1929006564.0,0
U002,0100036009,JOSE foundation,2020-03-02 00:00:00,2020.0,1990570607.0,2020-01-22,20200120,20200122,20200226.0,USD,RV,1.0,,22236.48,20200122.0,NAG2,1990570607.0,0
U001,0200769623,WAL-MAR ,2019-09-10 00:00:00,2019.0,1929788419.0,2019-08-24,20190823,20190824,20190908.0,USD,RV,1.0,,35096.16,20190824.0,NAH4,1929788419.0,0
CA02,0140104409,LOB ,2019-12-20 00:00:00,2019.0,2960598553.0,2019-12-06,20191206,20191206,20191219.0,CAD,RV,1.0,,133929.0,20191209.0,CA10,2960598553.0,0
U001,0200435191,C& associates,2020-02-27 00:00:00,2020.0,1930482407.0,2020-02-12,20200205,20200212,20200227.0,USD,RV,1.0,,47439.84,20200212.0,NAC6,1930482407.0,0
CA02,0140104429,COSTCO associates,2019-12-30 00:00:00,2019.0,2960596546.0,2019-12-07,20191207,20191207,20191223.0,CAD,RV,1.0,,69411.88,20191213.0,CA10,2960596546.0,0
U001,0200794332,COST llc,2019-11-29 00:00:00,2019.0,1930150430.0,2019-11-14,20191113,20191114,20191129.0,USD,RV,1.0,,8171.92,20191114.0,NAAX,1930150430.0,0
U001,0200799367,MCL systems,2020-02-07 00:00:00,2020.0,1930427068.0,2020-01-23,20200122,20200123,20200207.0,USD,RV,1.0,,8199.35,20200123.0,NAA8,1930427068.0,0
U001,0200797984,PIGGLY associates,2019-04-08 00:00:00,2019.0,1929006168.0,2019-03-23,20190321,20190323,20190407.0,USD,RV,1.0,,88085.77,20190323.0,NAA8,1929006168.0,0
U001,0200772670,ASSOCIAT corp,2019-06-17 00:00:00,2019.0,1929411964.0,2019-05-31,20190531,20190531,20190615.0,USD,RV,1.0,,142506.82,20190531.0,NAU5,1929411964.0,0
U001,0200769623,WAL-MAR co,,2020.0,1930724681.0,2020-04-02,20200331,20200402,20200417.0,USD,RV,1.0,,14573.99,20200402.0,NAH4,1930724681.0,1
U001,0200769623,WAL-MAR systems,2019-01-18 00:00:00,2019.0,1928580452.0,2019-01-08,20190106,20190108,20190123.0,USD,RV,1.0,,3748.84,20190108.0,NAH4,1928580452.0,0
U001,0200769623,WAL-MAR associates,2019-03-12 00:00:00,2019.0,1928877956.0,2019-02-28,20190228,20190228,20190315.0,USD,RV,1.0,,2916.2,20190228.0,NAH4,1928877956.0,0
U001,0200707822,PUBLI ,2020-02-03 00:00:00,2020.0,1930414166.0,2020-01-19,20200120,20200119,20200203.0,USD,RV,1.0,,149549.88,20200119.0,NAA8,1930414166.0,0
U001,200148860,DOLLA ,2019-02-22 00:00:00,2019.0,1928757384.0,2019-02-08,20190207,20190208,20190223.0,USD,RV,1.0,,14824.32,20190208.0,NAA8,1928757384.0,0
U001,0200769623,WAL-MAR llc,2019-08-13 00:00:00,2019.0,1929662430.0,2019-07-26,20190725,20190726,20190810.0,USD,RV,1.0,,5323.97,20190726.0,NAH4,1929662430.0,0
U001,0200353024,DECA llc,2019-02-13 00:00:00,2019.0,1928779326.0,2019-02-11,20190211,20190211,20190211.0,USD,RV,1.0,,2223.72,20190201.0,NAM2,1928779326.0,0
U001,0200705742,DOT ,2019-09-30 00:00:00,2019.0,1929808088.0,2019-08-29,20190829,20190829,20190930.0,USD,RV,1.0,,689.21,20190829.0,NA32,1929808088.0,0
U001,0200762301,C&S WH trust,2019-11-05 00:00:00,2019.0,1930035193.0,2019-10-21,20191020,20191021,20191105.0,USD,RV,1.0,,10380.24,20191021.0,NAC6,1930035193.0,0
U001,0200726979,BJ'S  ,2019-01-29 00:00:00,2019.0,1928614848.0,2019-01-14,20190112,20190114,20190129.0,USD,RV,1.0,,157.31,20190114.0,NAA8,1928614848.0,0
U001,0200778355,US  llc,2020-01-22 00:00:00,2020.0,1930378234.0,2020-01-09,20200108,20200109,20200124.0,USD,RV,1.0,,29788.21,20200109.0,NAA8,1930378234.0,0
U001,0200769623,WAL-MAR co,2019-03-22 00:00:00,2019.0,1928939873.0,2019-03-11,20190310,20190311,20190326.0,USD,RV,1.0,,52186.1,20190311.0,NAH4,1928939873.0,0
U001,0200706844,WINC ,2019-06-21 00:00:00,2019.0,1929436727.0,2019-06-06,20190605,20190606,20190621.0,USD,RV,1.0,,9479.2,20190606.0,NAA8,1929436727.0,0
U001,CCCA02,KRAFT  associates,2019-05-31 00:00:00,2019.0,1929168722.0,2019-04-20,20190418,20190420,20190525.0,USD,RV,1.0,,12278.75,20190420.0,NAG2,1929168722.0,0
U001,0200739006,AL corp,2020-01-14 00:00:00,2020.0,1930337003.0,2019-12-31,20191230,20191231,20200115.0,USD,RV,1.0,,21334.1,20191231.0,NAA8,1930337003.0,0
U001,0100044048,CJ  systems,2019-02-06 00:00:00,2019.0,1928536360.0,2019-01-03,20181231,20190103,20190118.0,USD,RV,1.0,,767.5,20190103.0,NAA8,1928536360.0,0
U001,CCU013,KRAFT F in,2019-11-27 00:00:00,2019.0,1929927053.0,2019-09-29,20190930,20190929,20190929.0,USD,RV,1.0,,3293.68,20190929.0,NAX2,1929927053.0,0
U001,0200769623,WAL-MAR us,,2020.0,1930655423.0,2020-03-17,20200316,20200317,20200401.0,USD,RV,1.0,,31899.42,20200317.0,NAH4,1930655423.0,1
U001,0200744019,TARG corporation,2020-02-14 00:00:00,2020.0,1930455543.0,2020-01-30,20200130,20200130,20200214.0,USD,RV,1.0,,7664.54,20200130.0,NAA8,1930455543.0,0
U001,0200769623,WAL-MAR in,2019-08-13 00:00:00,2019.0,1929686496.0,2019-08-03,20190801,20190803,20190818.0,USD,RV,1.0,,24752.63,20190803.0,NAH4,1929686496.0,0
U001,0200915438,GROC corp,2020-02-21 00:00:00,2020.0,1930477819.0,2020-02-06,20200205,20200206,20200221.0,USD,RV,1.0,,14377.0,20200206.0,NAA8,1930477819.0,0
U001,CCU013,KRAFT F us,2019-03-01 00:00:00,2019.0,1928544672.0,2018-12-31,20181231,20181231,20181231.0,USD,RV,1.0,,14873.4,20181231.0,NAX2,1928544672.0,0
CA02,0140104409,LOB systems,2019-09-27 00:00:00,2019.0,2960579347.0,2019-09-13,20190913,20190913,20190925.0,CAD,RV,1.0,,66017.26,20190915.0,CA10,2960579347.0,0
U001,0100001452,COASTAL  us,2020-03-03 00:00:00,2020.0,1930507843.0,2020-02-17,20200210,20200217,20200303.0,USD,RV,1.0,,8800.78,20200217.0,NAA8,1930507843.0,0
U001,0200776463,KROGE foundation,2019-07-03 00:00:00,2019.0,1929502053.0,2019-06-18,20190617,20190618,20190703.0,USD,RV,1.0,,66874.68,20190618.0,NAA8,1929502053.0,0
U001,0200705742,DOT co,2019-07-09 00:00:00,2019.0,1929446015.0,2019-06-06,20190606,20190606,20190708.0,USD,RV,1.0,,55201.39,20190606.0,NA32,1929446015.0,0
U001,0200761734,H E BUT co,2019-06-20 00:00:00,2019.0,1929441752.0,2019-06-06,20190605,20190606,20190621.0,USD,RV,1.0,,6417.53,20190606.0,NAA8,1929441752.0,0
U001,0200769623,WAL-MAR us,2019-12-17 00:00:00,2019.0,1930212334.0,2019-12-05,20191203,20191205,20191220.0,USD,RV,1.0,,3539.92,20191205.0,NAH4,1930212334.0,0
U001,0200771157,WEIS foundation,2020-02-25 00:00:00,2020.0,1930508312.0,2020-02-10,20200210,20200210,20200225.0,USD,RV,1.0,,28860.03,20200210.0,NAA8,1930508312.0,0
U001,0200742791,QUI foundation,2019-09-05 00:00:00,2019.0,1929754757.0,2019-08-21,20190816,20190821,20190905.0,USD,RV,1.0,,5026.39,20190821.0,NAA8,1929754757.0,0
CA02,0140105847,GORDON F corp,2020-02-17 00:00:00,2020.0,2960612550.0,2020-02-05,20200205,20200205,20200217.0,CAD,RV,1.0,,3347.4,20200207.0,CA10,2960612550.0,0
U001,0200769623,WAL-MAR co,2019-12-16 00:00:00,2019.0,1930207836.0,2019-12-03,20191201,20191203,20191218.0,USD,RV,1.0,,9439.72,20191203.0,NAH4,1930207836.0,0
U001,0200416837,DEC llc,2020-01-27 00:00:00,2020.0,1930426385.0,2020-01-22,20200122,20200122,20200123.0,USD,RV,1.0,,30094.23,20200116.0,NAM1,1930426385.0,0
CA02,0140104423,METRO  trust,2019-12-16 00:00:00,2019.0,2960596468.0,2019-11-29,20191129,20191129,20191212.0,CAD,RV,1.0,,355287.87,20191202.0,CA10,2960596468.0,0
U001,0200769623,WAL-MAR corporation,2019-12-04 00:00:00,2019.0,1930187461.0,2019-11-22,20191123,20191122,20191207.0,USD,RV,1.0,,471.56,20191122.0,NAH4,1930187461.0,0
U001,0200759878,SA llc,2020-02-18 00:00:00,2020.0,1930461868.0,2020-01-31,20200131,20200131,20200215.0,USD,RV,1.0,,43622.62,20200131.0,NAH4,1930461868.0,0
CA02,0140104409,LOB us,2019-08-19 00:00:00,2019.0,2960568983.0,2019-08-01,20190801,20190801,20190820.0,CAD,RV,1.0,,118084.09,20190810.0,CA10,2960568983.0,0
U001,0200786288,FAMILY corp,,2020.0,1930800077.0,2020-04-20,20200418,20200420,20200505.0,USD,RV,1.0,,13421.72,20200420.0,NAC6,1930800077.0,1
U001,0200769623,WAL-MAR llc,2019-05-20 00:00:00,2019.0,1929231548.0,2019-05-01,20190430,20190501,20190516.0,USD,RV,1.0,,964.8,20190501.0,NAH4,1929231548.0,0
U001,0200592182,DECA co,2020-02-03 00:00:00,2020.0,1930443483.0,2020-01-27,20200127,20200127,20200208.0,USD,RV,1.0,,382.56,20200116.0,NAM4,1930443483.0,0
U002,0200501669,WAL MA ,2019-04-09 00:00:00,2019.0,1990565328.0,2019-02-28,20190226,20190228,20190404.0,USD,RV,1.0,,55906.26,20190228.0,NAG2,1990565328.0,0
CA02,0140104429,COSTCO systems,,2020.0,2960631491.0,2020-05-06,20200506,20200506,20200516.0,CAD,RV,1.0,,37625.96,20200506.0,CA10,2960631491.0,1
U001,0200769623,WAL-MAR trust,2019-10-01 00:00:00,2019.0,1929877336.0,2019-09-15,20190915,20190915,20190930.0,USD,RV,1.0,,6629.64,20190915.0,NAH4,1929877336.0,0
U001,0200726979,BJ'S  co,,2020.0,1930654592.0,2020-03-16,20200316,20200316,20200331.0,USD,RV,1.0,,508.67,20200316.0,NAA8,1930654592.0,1
U001,0200974851,RESTA in,2019-12-17 00:00:00,2019.0,1930201017.0,2019-11-27,20191127,20191127,20191217.0,USD,RV,1.0,,757.24,20191127.0,NAD1,1930201017.0,0
U001,0200749730,PERFOR in,2019-07-19 00:00:00,2019.0,1929573574.0,2019-07-08,20190703,20190708,20190723.0,USD,RV,1.0,,25167.63,20190708.0,NAA8,1929573574.0,0
U001,0200769623,WAL-MAR in,2019-09-23 00:00:00,2019.0,1929827915.0,2019-09-06,20190904,20190906,20190921.0,USD,RV,1.0,,19705.91,20190906.0,NAH4,1929827915.0,0
U001,0200794332,COST foundation,2019-12-17 00:00:00,2019.0,1929826574.0,2019-09-03,20190903,20190903,20190918.0,USD,RV,1.0,,1507.35,20190903.0,NAAX,1929826574.0,0
U001,0200148860,DOLLA us,2020-03-11 00:00:00,2020.0,1930563568.0,2020-02-24,20200224,20200224,20200310.0,USD,RV,1.0,,134165.51,20200224.0,NAA8,1930563568.0,0
U001,0200726979,BJ'S  co,2019-05-06 00:00:00,2019.0,1929159874.0,2019-04-19,20190417,20190419,20190504.0,USD,RV,1.0,,9222.81,20190419.0,NAA8,1929159874.0,0
U001,0200772670,ASSOCIAT us,2019-09-16 00:00:00,2019.0,1929814386.0,2019-08-30,20190830,20190830,20190914.0,USD,RV,1.0,,423.97,20190830.0,NAU5,1929814386.0,0
CA02,0140105785,SHOPPE systems,2019-05-03 00:00:00,2019.0,2960541235.0,2019-04-12,20190412,20190412,20190427.0,CAD,RV,1.0,,1195.14,20190417.0,CA10,2960541235.0,0
U001,0200779906,BOZZU corp,2020-02-14 00:00:00,2020.0,1930453340.0,2020-01-29,20200129,20200129,20200213.0,USD,RV,1.0,,50018.79,20200129.0,NAA8,1930453340.0,0
U001,0200749782,KROG corp,2019-11-21 00:00:00,2019.0,1930113569.0,2019-11-06,20191106,20191106,20191121.0,USD,RV,1.0,,86308.7,20191106.0,NAA8,1930113569.0,0
U001,0200769623,WAL-MAR llc,2020-01-21 00:00:00,2020.0,1930383987.0,2020-01-09,20200110,20200109,20200124.0,USD,RV,1.0,,471.56,20200109.0,NAH4,1930383987.0,0
U001,0200769623,WAL-MAR ,,2020.0,1930855537.0,2020-05-04,20200503,20200504,20200519.0,USD,RV,1.0,,654.1,20200504.0,NAH4,1930855537.0,1
U001,0200706844,WINC corporation,2019-03-18 00:00:00,2019.0,1928874009.0,2019-03-01,20190228,20190301,20190316.0,USD,RV,1.0,,16780.03,20190301.0,NAA8,1928874009.0,0
U001,200769623,WAL-MAR corporation,,2020.0,1930685728.0,2020-03-23,20200323,20200323,20200407.0,USD,RV,1.0,,3433.47,20200323.0,NAH4,1930685728.0,1
U001,0200763489,GENERAL us,2019-06-05 00:00:00,2019.0,1929055390.0,2019-04-01,20190330,20190401,20190605.0,USD,RV,1.0,,13131.1,20190401.0,NAGD,1929055390.0,0
U002,0100043903,CARIB systems,2019-08-13 00:00:00,2019.0,1990567910.0,2019-07-15,20190715,20190715,20190819.0,USD,RV,1.0,,15055.2,20190715.0,NAG2,1990567910.0,0
U001,0200769623,WAL-MAR us,2019-03-22 00:00:00,2019.0,1928907442.0,2019-03-06,20190305,20190306,20190321.0,USD,RV,1.0,,244.24,20190306.0,NAH4,1928907442.0,0
CA02,0140104429,COSTCO corp,2019-04-12 00:00:00,2019.0,2960537532.0,2019-03-26,20190327,20190326,20190406.0,CAD,RV,1.0,,28697.74,20190327.0,CA10,2960537532.0,0
U001,0200609331,KROG ,,2020.0,1930577750.0,2020-02-27,20200227,20200227,20200313.0,USD,RV,1.0,,14865.26,20200227.0,NAA8,1930577750.0,1
U001,0200418007,AM co,2019-12-12 00:00:00,2019.0,1930198905.0,2019-11-27,20191126,20191127,20191212.0,USD,RV,1.0,,7520.8,20191127.0,NAA8,1930198905.0,0
U001,0100021540,MASTER corp,2019-09-19 00:00:00,2019.0,1929368074.0,2019-05-23,20190523,20190523,20190920.0,USD,RV,1.0,,495.0,20190523.0,NAVL,1929368074.0,0
U001,0140142846,MONDE foundation,2019-08-22 00:00:00,2019.0,1929523928.0,2019-06-21,20190621,20190621,20190820.0,USD,RV,1.0,,63536.2,20190621.0,NACB,1929523928.0,0
U001,0200704045,RA in,2020-02-27 00:00:00,2020.0,1930517241.0,2020-02-12,20200212,20200212,20200227.0,USD,RV,1.0,,82653.33,20200212.0,NAA8,1930517241.0,0
U001,0100016691,BAY  in,2019-10-30 00:00:00,2019.0,1929914300.0,2019-09-23,20190923,20190923,20191023.0,USD,RV,1.0,,15088.0,20190923.0,NAD5,1929914300.0,0
U001,0200769623,WAL-MAR in,2019-12-23 00:00:00,2019.0,1930270320.0,2019-12-12,20191211,20191212,20191227.0,USD,RV,1.0,,61359.53,20191212.0,NAH4,1930270320.0,0
U001,0200726979,BJ'S  llc,2019-04-29 00:00:00,2019.0,1929155996.0,2019-04-14,20190417,20190414,20190429.0,USD,RV,1.0,,438.95,20190414.0,NAA8,1929155996.0,0
U001,0200793568,SUPE llc,,2020.0,1930783509.0,2020-04-13,20200414,20200413,20200428.0,USD,RV,1.0,,104325.98,20200413.0,NAA8,1930783509.0,1
U001,0200353024,DECA systems,2019-12-26 00:00:00,2019.0,1930293707.0,2019-12-18,20191218,20191218,20191226.0,USD,RV,1.0,,1680.95,20191216.0,NAM2,1930293707.0,0
U001,0200769623,WAL-MAR llc,2019-12-06 00:00:00,2019.0,1930189438.0,2019-11-26,20191124,20191126,20191211.0,USD,RV,1.0,,22815.58,20191126.0,NAH4,1930189438.0,0
U001,200769623,WAL-MAR us,2019-04-15 00:00:00,2019.0,1929080645.0,2019-04-04,20190404,20190404,20190419.0,USD,RV,1.0,,1897.5,20190404.0,NAH4,1929080645.0,0
U001,0200337148,COAS foundation,2019-01-17 00:00:00,2019.0,1928559311.0,2019-01-02,20190103,20190102,20190117.0,USD,RV,1.0,,4272.1,20190102.0,NAA8,1928559311.0,0
U001,0200728652,F &  ,2019-02-25 00:00:00,2019.0,1928745683.0,2019-02-08,20190205,20190208,20190223.0,USD,RV,1.0,,174.6,20190208.0,NAA8,1928745683.0,0
U001,0200132251,SUPERB corp,2019-02-14 00:00:00,2019.0,1928712503.0,2019-01-30,20190130,20190130,20190214.0,USD,RV,1.0,,11280.0,20190130.0,NAA8,1928712503.0,0
U001,0100015557,BI co,2019-04-29 00:00:00,2019.0,1929156543.0,2019-04-16,20190416,20190416,20190501.0,USD,RV,1.0,,31181.82,20190416.0,NAA8,1929156543.0,0
U001,0200769623,WAL-MAR llc,2020-01-22 00:00:00,2020.0,1930388090.0,2020-01-10,20200111,20200110,20200125.0,USD,RV,1.0,,471.56,20200110.0,NAH4,1930388090.0,0
U001,0200942148,BRADY systems,2019-05-10 00:00:00,2019.0,1928894889.0,2019-03-04,20190304,20190304,20190403.0,USD,RV,1.0,,16675.2,20190304.0,NAD5,1928894889.0,0
U001,0100036538,DENVER systems,2019-08-02 00:00:00,2019.0,1929651650.0,2019-07-26,20190723,20190726,20190810.0,USD,RV,1.0,,13365.12,20190726.0,NAA8,1929651650.0,0
U001,0200769623,WAL-MAR ,2020-01-21 00:00:00,2020.0,1930371917.0,2020-01-08,20200108,20200108,20200123.0,USD,RV,1.0,,32065.16,20200108.0,NAH4,1930371917.0,0
U001,0100031704,DELHAIZE corp,2019-12-24 00:00:00,2019.0,1930218275.0,2019-12-04,20191204,20191204,20191219.0,USD,RV,1.0,,11927.29,20191204.0,NAA8,1930218275.0,0
U001,0200769623,WAL-MAR foundation,2019-07-19 00:00:00,2019.0,1929588034.0,2019-07-09,20190708,20190709,20190724.0,USD,RV,1.0,,61852.98,20190709.0,NAH4,1929588034.0,0
U001,0200795490,HY -  foundation,,2020.0,1930806381.0,2020-04-20,20200421,20200420,20200505.0,USD,RV,1.0,,76855.13,20200420.0,NAA8,1930806381.0,1
U001,0200769623,WAL-MAR in,2019-09-24 00:00:00,2019.0,1929869775.0,2019-09-14,20190912,20190914,20190929.0,USD,RV,1.0,,15148.11,20190914.0,NAH4,1929869775.0,0
U001,200776463,KROGE corp,2019-02-19 00:00:00,2019.0,1928721224.0,2019-02-01,20190201,20190201,20190216.0,USD,RV,1.0,,124495.44,20190201.0,NAA8,1928721224.0,0
U001,0200486270,BAR foundation,2019-01-18 00:00:00,2019.0,1928545486.0,2019-01-03,20181231,20190103,20190118.0,USD,RV,1.0,,2166.0,20190103.0,NAA8,1928545486.0,0
U001,0200769623,WAL-MAR associates,2019-09-24 00:00:00,2019.0,1929861558.0,2019-09-12,20190911,20190912,20190927.0,USD,RV,1.0,,19032.05,20190912.0,NAH4,1929861558.0,0
U001,0200726979,BJ'S  co,2019-08-16 00:00:00,2019.0,1929680485.0,2019-08-01,20190731,20190801,20190816.0,USD,RV,1.0,,370.02,20190801.0,NAA8,1929680485.0,0
U001,0200705742,DOT corp,2019-09-30 00:00:00,2019.0,1929872772.0,2019-09-13,20190913,20190913,20191015.0,USD,RV,1.0,,1245.95,20190913.0,NA32,1929872772.0,0
U001,0200707822,PUBLI co,2019-11-13 00:00:00,2019.0,1929959083.0,2019-10-04,20191004,20191004,20191113.0,USD,RV,1.0,,3198.72,20191004.0,NAWU,1929959083.0,0
U001,0200769623,WAL-MAR trust,2019-09-27 00:00:00,2019.0,1929881030.0,2019-09-17,20190917,20190917,20191002.0,USD,RV,1.0,,64495.17,20190917.0,NAH4,1929881030.0,0
U001,0200794332,COST corp,,2020.0,1930814923.0,2020-04-22,20200422,20200422,20200507.0,USD,RV,1.0,,50467.1,20200422.0,NAAX,1930814923.0,1
U001,0200744019,TARG us,2020-02-10 00:00:00,2020.0,1930507991.0,2020-02-10,20200210,20200210,20200225.0,USD,RV,1.0,,2630.4,20200210.0,NAA8,1930507991.0,0
U001,0200744019,TARG llc,2019-07-02 00:00:00,2019.0,1929492444.0,2019-06-15,20190614,20190615,20190630.0,USD,RV,1.0,,11650.74,20190615.0,NAA8,1929492444.0,0
U001,0200707005,KING S in,2019-08-05 00:00:00,2019.0,1929632822.0,2019-07-19,20190717,20190719,20190803.0,USD,RV,1.0,,121333.82,20190719.0,NAA8,1929632822.0,0
U001,0200744019,TARG in,2019-12-26 00:00:00,2019.0,1930225776.0,2019-12-07,20191206,20191207,20191222.0,USD,RV,1.0,,16980.76,20191207.0,NAA8,1930225776.0,0
U001,0200780383,MEIJ systems,2019-11-29 00:00:00,2019.0,1930123716.0,2019-11-07,20191107,20191107,20191122.0,USD,RV,1.0,,141175.52,20191107.0,NAA8,1930123716.0,0
U001,0200769623,WAL-MAR trust,2020-01-27 00:00:00,2020.0,1930366308.0,2020-01-08,20200107,20200108,20200123.0,USD,RV,1.0,,19906.62,20200108.0,NAH4,1930366308.0,0
CA02,0140106293,ATLANT in,2020-01-27 00:00:00,2020.0,2960606038.0,2020-01-09,20200109,20200109,20200127.0,CAD,RV,1.0,,174.11,20200117.0,CA10,2960606038.0,0
U001,0200769623,WAL-MAR in,2019-11-15 00:00:00,2019.0,1930091543.0,2019-11-05,20191102,20191105,20191120.0,USD,RV,1.0,,15348.98,20191105.0,NAH4,1930091543.0,0
U001,0200759878,SA foundation,2019-03-15 00:00:00,2019.0,1928877010.0,2019-02-28,20190228,20190228,20190315.0,USD,RV,1.0,,45598.57,20190228.0,NAH4,1928877010.0,0
U001,0200148860,DOLLA corp,2020-03-03 00:00:00,2020.0,1930531597.0,2020-02-17,20200217,20200217,20200303.0,USD,RV,1.0,,78262.29,20200217.0,NAA8,1930531597.0,0
U001,0200148860,DOLLA associates,2019-11-15 00:00:00,2019.0,1930078438.0,2019-11-01,20191031,20191101,20191116.0,USD,RV,1.0,,14776.32,20191101.0,NAA8,1930078438.0,0
U001,200769623,WAL-MAR co,2019-05-02 00:00:00,2019.0,1929185553.0,2019-04-22,20190422,20190422,20190507.0,USD,RV,1.0,,51654.6,20190422.0,NAH4,1929185553.0,0
U001,0200794332,COST associates,2019-03-22 00:00:00,2019.0,1928918677.0,2019-03-06,20190306,20190306,20190321.0,USD,RV,1.0,,28574.17,20190306.0,NAAX,1928918677.0,0
U001,0200749225,SUPER  trust,2019-06-03 00:00:00,2019.0,1929330450.0,2019-05-17,20190516,20190517,20190601.0,USD,RV,1.0,,46621.74,20190517.0,NAA8,1929330450.0,0
U001,0200772670,ASSOCIAT us,2019-11-13 00:00:00,2019.0,1930056968.0,2019-10-27,20191028,20191027,20191111.0,USD,RV,1.0,,146324.22,20191027.0,NAU5,1930056968.0,0
U001,0200337148,COAS co,2020-02-13 00:00:00,2020.0,1930454388.0,2020-01-29,20200129,20200129,20200213.0,USD,RV,1.0,,14478.52,20200129.0,NAA8,1930454388.0,0
U001,0200769623,WAL-MAR systems,2019-05-16 00:00:00,2019.0,1929260010.0,2019-05-06,20190504,20190506,20190521.0,USD,RV,1.0,,16176.09,20190506.0,NAH4,1929260010.0,0
U001,0200778870,C corporation,2020-02-25 00:00:00,2020.0,1930477690.0,2020-02-07,20200205,20200207,20200222.0,USD,RV,1.0,,13221.8,20200207.0,NAA8,1930477690.0,0
CA02,0140106347,F J W foundation,2019-07-18 00:00:00,2019.0,2960560257.0,2019-07-04,20190704,20190704,20190721.0,CAD,RV,1.0,,9051.36,20190711.0,CA10,2960560257.0,0
U001,0200725421,BEN  systems,2019-05-02 00:00:00,2019.0,1929197984.0,2019-04-24,20190423,20190424,20190509.0,USD,RV,1.0,,60682.49,20190424.0,NAA8,1929197984.0,0
CA02,0140104409,LOB llc,2019-04-08 00:00:00,2019.0,2960535118.0,2019-03-18,20190318,20190318,20190406.0,CAD,RV,1.0,,116288.88,20190327.0,CA10,2960535118.0,0
U001,0200759878,SA foundation,2020-01-24 00:00:00,2020.0,1930364559.0,2020-01-09,20200107,20200109,20200124.0,USD,RV,1.0,,61977.14,20200109.0,NAH4,1930364559.0,0
U001,0200769623,WAL-MAR us,2020-02-27 00:00:00,2020.0,1930530853.0,2020-02-16,20200215,20200216,20200302.0,USD,RV,1.0,,661.11,20200216.0,NAH4,1930530853.0,0
U001,0200759878,SA systems,2019-08-13 00:00:00,2019.0,1929669686.0,2019-07-28,20190727,20190728,20190812.0,USD,RV,1.0,,14257.87,20190728.0,NAH4,1929669686.0,0
U001,0200744019,TARG foundation,2019-11-21 00:00:00,2019.0,1930098490.0,2019-11-06,20191105,20191106,20191121.0,USD,RV,1.0,,5208.5,20191106.0,NAA8,1930098490.0,0
U001,0200769623,WAL-MAR trust,2019-01-30 00:00:00,2019.0,1928644166.0,2019-01-19,20190117,20190119,20190203.0,USD,RV,1.0,,71694.92,20190119.0,NAH4,1928644166.0,0
U001,0200780383,MEIJ co,2019-08-22 00:00:00,2019.0,1929712529.0,2019-08-06,20190806,20190806,20190821.0,USD,RV,1.0,,115505.35,20190806.0,NAA8,1929712529.0,0
U001,CCCA02,KRAFT  in,2020-03-27 00:00:00,2020.0,1930493268.0,2020-02-09,20200207,20200209,20200315.0,USD,RV,1.0,,9119.72,20200209.0,NAG2,1930493268.0,0
CA02,0140104429,COSTCO trust,2019-01-30 00:00:00,2019.0,2960522331.0,2019-01-14,20190114,20190114,20190125.0,CAD,RV,1.0,,25699.08,20190115.0,CA10,2960522331.0,0
U001,0200936373,SUPE ,2019-05-28 00:00:00,2019.0,1929291169.0,2019-05-10,20190510,20190510,20190525.0,USD,RV,1.0,,16584.07,20190510.0,NAA8,1929291169.0,0
U001,0200797452,US  trust,2019-10-21 00:00:00,2019.0,1929953997.0,2019-10-02,20191002,20191002,20191017.0,USD,RV,1.0,,41163.81,20191002.0,NAA8,1929953997.0,0
U001,0200712187,SPAR systems,2019-05-31 00:00:00,2019.0,1929327910.0,2019-05-16,20190516,20190516,20190531.0,USD,RV,1.0,,91858.31,20190516.0,NAA8,1929327910.0,0
U001,0200772670,ASSOCIAT systems,,2020.0,1930814708.0,2020-04-22,20200422,20200422,20200507.0,USD,RV,1.0,,59811.88,20200422.0,NAU5,1930814708.0,1
U001,0200793830,M llc,2020-01-30 00:00:00,2020.0,1930390729.0,2020-01-11,20200111,20200111,20200126.0,USD,RV,1.0,,63832.05,20200111.0,NAA8,1930390729.0,0
U001,0200764795,SYSCO  llc,2019-01-28 00:00:00,2019.0,1928596733.0,2019-01-09,20190109,20190109,20190124.0,USD,RV,1.0,,5347.0,20190109.0,NAA8,1928596733.0,0
U001,CCU013,KRAFT F corporation,2020-02-28 00:00:00,2020.0,1930357963.0,2020-01-06,20200106,20200106,20200106.0,USD,RV,1.0,,27044.05,20200106.0,NAX2,1930357963.0,0
CA02,CCU001,KRAFT  co,2019-03-01 00:00:00,2019.0,2960523296.0,2019-01-24,20190124,20190124,20190301.0,CAD,RV,1.0,,35799.0,20190125.0,NAG2,2960523296.0,0
U001,200780383,MEIJ foundation,2019-02-08 00:00:00,2019.0,1928665368.0,2019-01-23,20190123,20190123,20190207.0,USD,RV,1.0,,43861.99,20190123.0,NAA8,1928665368.0,0
U001,0200769623,WAL-MAR corp,2019-09-12 00:00:00,2019.0,1929820167.0,2019-09-02,20190901,20190902,20190917.0,USD,RV,1.0,,759.96,20190902.0,NAH4,1929820167.0,0
U001,0200704858,WAKE foundation,2019-11-25 00:00:00,2019.0,1930153312.0,2019-11-14,20191114,20191114,20191129.0,USD,RV,1.0,,17201.35,20191114.0,NAA8,1930153312.0,0
U001,0200781803,JRD llc,2019-09-23 00:00:00,2019.0,1929826248.0,2019-09-03,20190903,20190903,20190923.0,USD,RV,1.0,,2073.73,20190903.0,NAD1,1929826248.0,0
U001,0200515231,US  systems,2019-08-27 00:00:00,2019.0,1929726171.0,2019-08-11,20190809,20190811,20190826.0,USD,RV,1.0,,32695.61,20190811.0,NAA8,1929726171.0,0
U001,0200769623,WAL-MAR in,2019-05-20 00:00:00,2019.0,1929273495.0,2019-05-08,20190507,20190508,20190523.0,USD,RV,1.0,,22105.11,20190508.0,NAH4,1929273495.0,0
U001,0200724999,GILSTE llc,2020-02-14 00:00:00,2020.0,1930450393.0,2020-01-29,20200128,20200129,20200208.0,USD,RV,1.0,,53586.0,20200129.0,NA10,1930450393.0,0
CA02,0140106372,G T  llc,2020-01-24 00:00:00,2020.0,2960606327.0,2020-01-13,20200113,20200113,20200125.0,CAD,RV,1.0,,4333.82,20200115.0,CA10,2960606327.0,0
U001,0200780383,MEIJ in,2019-05-08 00:00:00,2019.0,1929188442.0,2019-04-23,20190422,20190423,20190508.0,USD,RV,1.0,,8498.67,20190423.0,NAA8,1929188442.0,0
U001,0200769623,WAL-MAR co,,2020.0,1930782767.0,2020-04-14,20200414,20200414,20200429.0,USD,RV,1.0,,40122.48,20200414.0,NAH4,1930782767.0,1
U001,0200726979,BJ'S  corporation,2019-03-26 00:00:00,2019.0,1928956859.0,2019-03-10,20190313,20190310,20190325.0,USD,RV,1.0,,571.42,20190310.0,NAA8,1928956859.0,0
U001,0200769623,WAL-MAR us,2019-04-02 00:00:00,2019.0,1928980231.0,2019-03-18,20190317,20190318,20190402.0,USD,RV,1.0,,9935.88,20190318.0,NAH4,1928980231.0,0
CA02,0140104440,SO co,2019-07-31 00:00:00,2019.0,2960565825.0,2019-07-16,20190716,20190716,20190727.0,CAD,RV,1.0,,291991.82,20190717.0,CA10,2960565825.0,0
U001,0200769623,WAL-MAR trust,2019-02-07 00:00:00,2019.0,1928696830.0,2019-01-28,20190128,20190128,20190212.0,USD,RV,1.0,,63707.46,20190128.0,NAH4,1928696830.0,0
CA02,0140104440,SO in,2020-03-23 00:00:00,2020.0,2960616317.0,2020-02-24,20200224,20200224,20200309.0,CAD,RV,1.0,,83727.67,20200228.0,CA10,2960616317.0,0
U001,0200466603,SMITH'S associates,2019-05-13 00:00:00,2019.0,1929229685.0,2019-04-28,20190429,20190428,20190513.0,USD,RV,1.0,,84174.98,20190428.0,NAA8,1929229685.0,0
CA02,0140106408,WAL-M in,2019-12-24 00:00:00,2019.0,2960598763.0,2019-12-08,20191208,20191208,20191218.0,CAD,RV,1.0,,596.47,20191208.0,CA10,2960598763.0,0
U001,0200769623,WAL-MAR llc,2019-06-04 00:00:00,2019.0,1929342312.0,2019-05-18,20190518,20190518,20190602.0,USD,RV,1.0,,403.35,20190518.0,NAH4,1929342312.0,0
U001,0200726979,BJ'S  in,2019-08-20 00:00:00,2019.0,1929709763.0,2019-08-05,20190806,20190805,20190820.0,USD,RV,1.0,,158.23,20190805.0,NAA8,1929709763.0,0
U001,0200729290,KROGER llc,2019-02-06 00:00:00,2019.0,1928652360.0,2019-01-20,20190120,20190120,20190204.0,USD,RV,1.0,,113040.12,20190120.0,NAA8,1928652360.0,0
U001,CCU013,KRAFT F in,2019-08-02 00:00:00,2019.0,1929516763.0,2019-06-19,20190619,20190619,20190619.0,USD,RV,1.0,,11610.27,20190619.0,NAX2,1929516763.0,0
U001,0200769623,WAL-MAR corporation,2020-02-06 00:00:00,2020.0,1930442500.0,2020-01-26,20200125,20200126,20200210.0,USD,RV,1.0,,1584.2,20200126.0,NAH4,1930442500.0,0
U001,0200726979,BJ'S  co,2019-02-11 00:00:00,2019.0,1928683007.0,2019-01-25,20190125,20190125,20190209.0,USD,RV,1.0,,382.15,20190125.0,NAA8,1928683007.0,0
U001,0200769623,WAL-MAR in,2019-11-08 00:00:00,2019.0,1930056889.0,2019-10-28,20191029,20191028,20191112.0,USD,RV,1.0,,69221.58,20191028.0,NAH4,1930056889.0,0
U001,0200749225,SUPER  llc,2019-05-06 00:00:00,2019.0,1929042943.0,2019-03-28,20190328,20190328,20190412.0,USD,RV,1.0,,10602.89,20190328.0,NAA8,1929042943.0,0
U001,0200706844,WINC co,2020-03-02 00:00:00,2020.0,1930516269.0,2020-02-13,20200212,20200213,20200228.0,USD,RV,1.0,,67300.18,20200213.0,NAA8,1930516269.0,0
U001,0200726979,BJ'S  associates,2019-02-01 00:00:00,2019.0,1928644253.0,2019-01-16,20190117,20190116,20190131.0,USD,RV,1.0,,891.34,20190116.0,NAA8,1928644253.0,0
U001,0200726979,BJ'S  systems,2019-06-03 00:00:00,2019.0,1929348291.0,2019-05-19,20190520,20190519,20190603.0,USD,RV,1.0,,512.94,20190519.0,NAA8,1929348291.0,0
U001,0200769623,WAL-MAR trust,2019-05-03 00:00:00,2019.0,1929182671.0,2019-04-21,20190421,20190421,20190506.0,USD,RV,1.0,,44510.79,20190421.0,NAH4,1929182671.0,0
U001,0200776463,KROGE us,2019-03-07 00:00:00,2019.0,1928814359.0,2019-02-20,20190218,20190220,20190307.0,USD,RV,1.0,,18980.75,20190220.0,NAA8,1928814359.0,0
U001,0200769623,WAL-MAR ,2019-11-13 00:00:00,2019.0,1930094879.0,2019-11-02,20191102,20191102,20191117.0,USD,RV,1.0,,12510.05,20191102.0,NAH4,1930094879.0,0
U001,0200769623,WAL-MAR trust,2019-12-17 00:00:00,2019.0,1930220066.0,2019-12-06,20191205,20191206,20191221.0,USD,RV,1.0,,12849.41,20191206.0,NAH4,1930220066.0,0
U001,CCU002,KRFT FDS associates,2019-08-02 00:00:00,2019.0,1929540211.0,2019-06-29,20190625,20190629,20190803.0,USD,RV,1.0,,41638.67,20190629.0,NAG2,1929540211.0,0
U001,0200769623,WAL-MAR trust,,2020.0,1930750457.0,2020-04-06,20200405,20200406,20200421.0,USD,RV,1.0,,7991.52,20200406.0,NAH4,1930750457.0,1
U001,0200342745,NAPPIE trust,2019-11-05 00:00:00,2019.0,1930066072.0,2019-10-30,20191029,20191030,20191114.0,USD,RV,1.0,,30910.93,20191030.0,NAA8,1930066072.0,0
U001,0200416837,DEC ,2019-02-15 00:00:00,2019.0,1928780117.0,2019-02-11,20190211,20190211,20190224.0,USD,RV,1.0,,1321.03,20190201.0,NAM4,1928780117.0,0
U001,0200769623,WAL-MAR ,2019-12-17 00:00:00,2019.0,1930193386.0,2019-11-27,20191126,20191127,20191212.0,USD,RV,1.0,,49152.45,20191127.0,NAH4,1930193386.0,0
U001,0200761734,H E BUT systems,,2020.0,1930709456.0,2020-03-28,20200327,20200328,20200412.0,USD,RV,1.0,,15310.61,20200328.0,NAA8,1930709456.0,1
U001,0200759878,SA corporation,2020-02-10 00:00:00,2020.0,1930430630.0,2020-01-24,20200122,20200124,20200208.0,USD,RV,1.0,,33039.26,20200124.0,NAH4,1930430630.0,0
U001,0200708411,SHAM in,,2020.0,1930586302.0,2020-03-02,20200301,20200302,20200317.0,USD,RV,1.0,,22987.48,20200302.0,NAA8,1930586302.0,1
CA02,0140104409,LOB associates,,2020.0,2960619220.0,2020-03-08,20200308,20200308,20200319.0,CAD,RV,1.0,,263371.68,20200309.0,CA10,2960619220.0,1
U001,0200769623,WAL-MAR co,2019-08-05 00:00:00,2019.0,1929653263.0,2019-07-25,20190723,20190725,20190809.0,USD,RV,1.0,,22962.42,20190725.0,NAH4,1929653263.0,0
U001,0200772670,ASSOCIAT foundation,2019-03-11 00:00:00,2019.0,1928831274.0,2019-02-21,20190221,20190221,20190308.0,USD,RV,1.0,,292.65,20190221.0,NAU5,1928831274.0,0
CA02,140104240,FEDER us,2019-07-30 00:00:00,2019.0,2960563228.0,2019-07-10,20190710,20190710,20190727.0,CAD,RV,1.0,,137429.16,20190717.0,CA10,2960563228.0,0
U001,0200548360,COSTA foundation,2019-08-09 00:00:00,2019.0,1929672365.0,2019-07-31,20190729,20190731,20190815.0,USD,RV,1.0,,38452.13,20190731.0,NAA8,1929672365.0,0
U001,0200769623,WAL-MAR us,,2020.0,1930712230.0,2020-03-29,20200328,20200329,20200413.0,USD,RV,1.0,,34942.43,20200329.0,NAH4,1930712230.0,1
U001,200769623,WAL-MAR co,2019-06-17 00:00:00,2019.0,1929419891.0,2019-06-05,20190603,20190605,20190620.0,USD,RV,1.0,,12006.38,20190605.0,NAH4,1929419891.0,0
U001,0200705089,JETR corp,2019-12-13 00:00:00,2019.0,1930199283.0,2019-11-28,20191127,20191128,20191213.0,USD,RV,1.0,,21576.14,20191128.0,NAA8,1930199283.0,0
U001,0200096390,D systems,2019-05-29 00:00:00,2019.0,1929266973.0,2019-05-07,20190506,20190507,20190522.0,USD,RV,1.0,,21393.83,20190507.0,NAA8,1929266973.0,0
U001,0200769623,WAL-MAR trust,2020-02-25 00:00:00,2020.0,1930463538.0,2020-02-01,20200131,20200201,20200216.0,USD,RV,1.0,,18104.49,20200201.0,NAH4,1930463538.0,0
U001,0200705742,DOT in,,2020.0,1930751010.0,2020-04-04,20200405,20200404,20200508.0,USD,RV,1.0,,1805.03,20200404.0,NAAW,1930751010.0,1
U001,0200726979,BJ'S  corporation,2020-01-21 00:00:00,2020.0,1930347758.0,2020-01-03,20200103,20200103,20200118.0,USD,RV,1.0,,1153.15,20200103.0,NAA8,1930347758.0,0
U001,0200769623,WAL-MAR in,2019-08-16 00:00:00,2019.0,1929706524.0,2019-08-06,20190805,20190806,20190821.0,USD,RV,1.0,,15904.95,20190806.0,NAH4,1929706524.0,0
U001,0200769623,WAL-MAR systems,2019-02-19 00:00:00,2019.0,1928759616.0,2019-02-07,20190207,20190207,20190222.0,USD,RV,1.0,,37125.12,20190207.0,NAH4,1928759616.0,0
U001,200707822,PUBLI in,2019-03-13 00:00:00,2019.0,1928866700.0,2019-02-26,20190226,20190226,20190313.0,USD,RV,1.0,,1089.52,20190226.0,NAA8,1928866700.0,0
U001,0100014724,DEC associates,2020-03-02 00:00:00,2020.0,1930554341.0,2020-02-21,20200221,20200221,20200310.0,USD,RV,1.0,,37377.2,20200216.0,NAM4,1930554341.0,0
U001,0200434439,BAUGH SU in,2019-10-29 00:00:00,2019.0,1929978547.0,2019-10-07,20191007,20191007,20191027.0,USD,RV,1.0,,79430.04,20191007.0,NAD1,1929978547.0,0
U001,0200704045,RA llc,2020-02-18 00:00:00,2020.0,1930465668.0,2020-02-01,20200201,20200201,20200216.0,USD,RV,1.0,,77843.4,20200201.0,NAA8,1930465668.0,0
U001,0200353024,DECA ,2019-08-01 00:00:00,2019.0,1929646633.0,2019-07-22,20190722,20190722,20190808.0,USD,RV,1.0,,4758.26,20190716.0,NAM4,1929646633.0,0
U001,0200705742,DOT llc,2019-11-29 00:00:00,2019.0,1930149021.0,2019-11-14,20191113,20191114,20191218.0,USD,RV,1.0,,16333.01,20191114.0,NAAW,1930149021.0,0
U001,0200759878,SA us,2019-07-18 00:00:00,2019.0,1929548496.0,2019-07-02,20190701,20190702,20190717.0,USD,RV,1.0,,18900.99,20190702.0,NAH4,1929548496.0,0
U001,0200769623,WAL-MAR corp,2019-05-08 00:00:00,2019.0,1929213268.0,2019-04-27,20190426,20190427,20190512.0,USD,RV,1.0,,61441.34,20190427.0,NAH4,1929213268.0,0
U001,0200726979,BJ'S  corp,2019-12-11 00:00:00,2019.0,1930191336.0,2019-11-26,20191125,20191126,20191211.0,USD,RV,1.0,,119.24,20191126.0,NAA8,1930191336.0,0
U001,0200769623,WAL-MAR trust,2019-06-12 00:00:00,2019.0,1929384606.0,2019-05-28,20190527,20190528,20190612.0,USD,RV,1.0,,11275.4,20190528.0,NAH4,1929384606.0,0
U001,0200729290,KROGER ,2019-08-19 00:00:00,2019.0,1929694978.0,2019-08-03,20190803,20190803,20190818.0,USD,RV,1.0,,58311.92,20190803.0,NAA8,1929694978.0,0
CA02,0140105847,GORDON F trust,2019-02-25 00:00:00,2019.0,2960526525.0,2019-02-12,20190212,20190212,20190223.0,CAD,RV,1.0,,14949.44,20190213.0,CA10,2960526525.0,0
U001,0200761734,H E BUT ,2019-03-29 00:00:00,2019.0,1928959693.0,2019-03-15,20190313,20190315,20190330.0,USD,RV,1.0,,66440.73,20190315.0,NAA8,1928959693.0,0
U001,0200769623,WAL-MAR co,2019-06-04 00:00:00,2019.0,1929368334.0,2019-05-25,20190523,20190525,20190609.0,USD,RV,1.0,,49712.81,20190525.0,NAH4,1929368334.0,0
U001,0200769623,WAL-MAR corporation,2019-09-05 00:00:00,2019.0,1929764989.0,2019-08-20,20190819,20190820,20190904.0,USD,RV,1.0,,29924.66,20190820.0,NAH4,1929764989.0,0
U001,0200769623,WAL-MAR llc,2019-07-02 00:00:00,2019.0,1929530030.0,2019-06-22,20190621,20190622,20190707.0,USD,RV,1.0,,28474.88,20190622.0,NAH4,1929530030.0,0
U001,0200762301,C&S WH co,,2020.0,1930845886.0,2020-05-01,20200501,20200501,20200516.0,USD,RV,1.0,,122342.85,20200501.0,NAC6,1930845886.0,1
U001,0200756072,REINHA in,,2020.0,1930787774.0,2020-04-16,20200415,20200416,20200501.0,USD,RV,1.0,,79160.72,20200416.0,NAA8,1930787774.0,1
U001,200726979,BJ'S  associates,2019-07-29 00:00:00,2019.0,1929619295.0,2019-07-14,20190715,20190714,20190729.0,USD,RV,1.0,,190.59,20190714.0,NAA8,1929619295.0,0
U001,0200792734,MDV/ in,,2020.0,1930835481.0,2020-05-05,20200504,20200505,20200520.0,USD,RV,1.0,,21769.18,20200505.0,NAA8,1930835481.0,1
U001,0200418007,AM foundation,2019-09-11 00:00:00,2019.0,1929795923.0,2019-08-27,20190826,20190827,20190911.0,USD,RV,1.0,,47315.82,20190827.0,NAA8,1929795923.0,0
U001,0200759812,SHAH trust,2019-09-24 00:00:00,2019.0,1929836832.0,2019-09-07,20190905,20190907,20190922.0,USD,RV,1.0,,38176.46,20190907.0,NAA8,1929836832.0,0
U001,0200560331,KERR corp,2019-09-09 00:00:00,2019.0,1929475476.0,2019-06-19,20190611,20190619,20190917.0,USD,RV,1.0,,8516.25,20190619.0,NAVM,1929475476.0,0
U001,0200769623,WAL-MAR ,2019-03-19 00:00:00,2019.0,1928929733.0,2019-03-08,20190308,20190308,20190323.0,USD,RV,1.0,,756.28,20190308.0,NAH4,1928929733.0,0
U001,0200729290,KROGER co,2019-08-08 00:00:00,2019.0,1929650081.0,2019-07-24,20190723,20190724,20190808.0,USD,RV,1.0,,70956.74,20190724.0,NAA8,1929650081.0,0
U001,200769623,WAL-MAR corporation,2019-08-23 00:00:00,2019.0,1929739552.0,2019-08-13,20190813,20190813,20190828.0,USD,RV,1.0,,47860.89,20190813.0,NAH4,1929739552.0,0
U001,0200726979,BJ'S  ,2019-01-28 00:00:00,2019.0,1928613551.0,2019-01-12,20190112,20190112,20190127.0,USD,RV,1.0,,410.25,20190112.0,NAA8,1928613551.0,0
U001,0200704858,WAKE co,2019-02-11 00:00:00,2019.0,1928679921.0,2019-01-25,20190124,20190125,20190209.0,USD,RV,1.0,,17406.43,20190125.0,NAA8,1928679921.0,0
U001,0200794332,COST co,2019-11-29 00:00:00,2019.0,1930156629.0,2019-11-14,20191114,20191114,20191129.0,USD,RV,1.0,,28812.81,20191114.0,NAAX,1930156629.0,0
U001,0200794332,COST foundation,2020-02-03 00:00:00,2020.0,1930402421.0,2020-01-17,20200115,20200117,20200201.0,USD,RV,1.0,,14204.38,20200117.0,NAAX,1930402421.0,0
U001,0200020431,DEC associates,2019-04-01 00:00:00,2019.0,1928996365.0,2019-03-20,20190320,20190320,20190408.0,USD,RV,1.0,,3508.86,20190316.0,NAM4,1928996365.0,0
U001,0200759878,SA associates,2019-10-10 00:00:00,2019.0,1929900737.0,2019-09-22,20190920,20190922,20191007.0,USD,RV,1.0,,14624.72,20190922.0,NAH4,1929900737.0,0
U001,CCCA02,KRAFT  corporation,2019-09-20 00:00:00,2019.0,1929890910.0,2019-09-20,20190918,20190920,20191025.0,USD,RV,1.0,,17793.6,20190920.0,NAG2,1929890910.0,0
U001,0200920735,ALBERT co,,2020.0,1930690918.0,2020-03-24,20200324,20200324,20200408.0,USD,RV,1.0,,51870.71,20200324.0,NAA8,1930690918.0,1
U001,0200777735,NASH  corporation,2019-11-19 00:00:00,2019.0,1930100056.0,2019-11-05,20191105,20191105,20191120.0,USD,RV,1.0,,58010.64,20191105.0,NAA8,1930100056.0,0
U001,0200719300,SYSTEMS corp,2019-01-25 00:00:00,2019.0,1928546632.0,2019-01-02,20181231,20190102,20190117.0,USD,RV,1.0,,607.2,20190102.0,NAA8,1928546632.0,0
U001,0200769623,WAL-MAR systems,2019-09-24 00:00:00,2019.0,1929876309.0,2019-09-14,20190914,20190914,20190929.0,USD,RV,1.0,,6675.43,20190914.0,NAH4,1929876309.0,0
U001,0200769623,WAL-MAR associates,2019-04-01 00:00:00,2019.0,1928992845.0,2019-03-20,20190320,20190320,20190404.0,USD,RV,1.0,,27079.28,20190320.0,NAH4,1928992845.0,0
U001,0200331749,SYSC systems,2019-04-26 00:00:00,2019.0,1929111775.0,2019-04-10,20190409,20190410,20190425.0,USD,RV,1.0,,6292.69,20190410.0,NAA8,1929111775.0,0
U001,0200744019,TARG systems,2019-10-21 00:00:00,2019.0,1929934415.0,2019-09-28,20190927,20190928,20191013.0,USD,RV,1.0,,8361.11,20190928.0,NAA8,1929934415.0,0
U001,0200759878,SA llc,2019-06-17 00:00:00,2019.0,1929403269.0,2019-05-30,20190530,20190530,20190614.0,USD,RV,1.0,,18654.75,20190530.0,NAH4,1929403269.0,0
CA02,0140104429,COSTCO trust,2019-06-10 00:00:00,2019.0,2960552330.0,2019-06-03,20190603,20190603,20190614.0,CAD,RV,1.0,,19460.44,20190604.0,CA10,2960552330.0,0
U001,CCCA02,KRAFT  corp,2019-09-27 00:00:00,2019.0,1929734539.0,2019-08-13,20190812,20190813,20190917.0,USD,RV,1.0,,13371.75,20190813.0,NAG2,1929734539.0,0
U001,0200769623,WAL-MAR foundation,2019-03-29 00:00:00,2019.0,1928988549.0,2019-03-19,20190318,20190319,20190403.0,USD,RV,1.0,,1084.28,20190319.0,NAH4,1928988549.0,0
U001,200742791,QUI corporation,2019-04-25 00:00:00,2019.0,1929056445.0,2019-04-03,20190330,20190403,20190418.0,USD,RV,1.0,,68963.4,20190403.0,NAA8,1929056445.0,0
U001,0200705742,DOT us,2019-05-01 00:00:00,2019.0,1929155590.0,2019-04-16,20190416,20190416,20190506.0,USD,RV,1.0,,22310.08,20190416.0,NAD1,1929155590.0,0
U001,0200769623,WAL-MAR systems,2020-02-18 00:00:00,2020.0,1930494356.0,2020-02-08,20200207,20200208,20200223.0,USD,RV,1.0,,1898.2,20200208.0,NAH4,1930494356.0,0
U001,0200762301,C&S WH corp,2019-03-04 00:00:00,2019.0,1928806308.0,2019-02-15,20190215,20190215,20190421.0,USD,RV,1.0,,7288.0,20190215.0,NAGD,1928806308.0,0
U001,0100043936,PAPA JO foundation,2019-04-08 00:00:00,2019.0,1929035587.0,2019-03-27,20190327,20190327,20190406.0,USD,RV,1.0,,9790.2,20190327.0,NA10,1929035587.0,0
U001,0200769623,WAL-MAR corporation,2019-12-02 00:00:00,2019.0,1930168492.0,2019-11-20,20191119,20191120,20191205.0,USD,RV,1.0,,38642.32,20191120.0,NAH4,1930168492.0,0
U001,0200769623,WAL-MAR ,2019-09-09 00:00:00,2019.0,1929773646.0,2019-08-23,20190822,20190823,20190907.0,USD,RV,1.0,,55537.58,20190823.0,NAH4,1929773646.0,0
U013,CC7080,HEINZ  systems,2019-08-30 00:00:00,2019.0,1991826590.0,2019-05-09,20190508,20190509,20190623.0,USD,RV,1.0,,17628.43,20190509.0,NAVF,1991826590.0,0
U001,0200769623,WAL-MAR co,2019-01-30 00:00:00,2019.0,1928647408.0,2019-01-20,20190118,20190120,20190204.0,USD,RV,1.0,,43293.93,20190120.0,NAH4,1928647408.0,0
U001,0200769623,WAL-MAR ,2019-07-10 00:00:00,2019.0,1929559134.0,2019-06-30,20190629,20190630,20190715.0,USD,RV,1.0,,22600.74,20190630.0,NAH4,1929559134.0,0
CA02,0140120967,VEG PR associates,2019-02-15 00:00:00,2019.0,2960526318.0,2019-02-05,20190205,20190205,20190216.0,CAD,RV,1.0,,61721.72,20190206.0,CA10,2960526318.0,0
U001,0200759878,SA foundation,2020-04-22 00:00:00,2020.0,1930531082.0,2020-02-16,20200215,20200216,20200421.0,USD,RV,1.0,,4922.74,20200216.0,NAGD,1930531082.0,0
U001,0200705742,DOT ,2019-05-01 00:00:00,2019.0,1929155607.0,2019-04-16,20190416,20190416,20190520.0,USD,RV,1.0,,4418.32,20190416.0,NAAW,1929155607.0,0
U001,0200759878,SA foundation,2020-01-16 00:00:00,2020.0,1930337188.0,2020-01-01,20191231,20200101,20200116.0,USD,RV,1.0,,42351.25,20200101.0,NAH4,1930337188.0,0
U001,0100001196,DOLLAR corp,2019-05-30 00:00:00,2019.0,1929311256.0,2019-05-14,20190513,20190514,20190529.0,USD,RV,1.0,,31769.29,20190514.0,NAA8,1929311256.0,0
U001,0200736337,SYSCO F corporation,2019-05-24 00:00:00,2019.0,1929265274.0,2019-05-08,20190506,20190508,20190523.0,USD,RV,1.0,,1510.86,20190508.0,NAA8,1929265274.0,0
U001,0200942148,BRADY corporation,2019-06-07 00:00:00,2019.0,1929111591.0,2019-04-09,20190409,20190409,20190509.0,USD,RV,1.0,,17186.4,20190409.0,NAD5,1929111591.0,0
U001,0200792293,UNIFIE us,,2020.0,1930587162.0,2020-03-02,20200302,20200302,20200317.0,USD,RV,1.0,,32126.53,20200302.0,NAA8,1930587162.0,1
CA02,0100021489,CHENS E co,2019-04-11 00:00:00,2019.0,2960537006.0,2019-03-22,20190322,20190322,20190402.0,CAD,RV,1.0,,19103.52,20190323.0,CA10,2960537006.0,0
U001,0200726979,BJ'S  foundation,2019-03-18 00:00:00,2019.0,1928890518.0,2019-03-03,20190302,20190303,20190318.0,USD,RV,1.0,,132.24,20190303.0,NAA8,1928890518.0,0
U001,0200769623,WAL-MAR corporation,2019-03-04 00:00:00,2019.0,1928823606.0,2019-02-21,20190219,20190221,20190308.0,USD,RV,1.0,,5342.13,20190221.0,NAH4,1928823606.0,0
U001,0200793513,KROGER us,2019-10-21 00:00:00,2019.0,1929964445.0,2019-10-04,20191004,20191004,20191019.0,USD,RV,1.0,,1323.38,20191004.0,NAA8,1929964445.0,0
U001,0200769623,WAL-MAR corp,2019-04-16 00:00:00,2019.0,1929081174.0,2019-04-05,20190404,20190405,20190420.0,USD,RV,1.0,,1627.03,20190405.0,NAH4,1929081174.0,0
U001,200769623,WAL-MAR foundation,2019-04-09 00:00:00,2019.0,1929009037.0,2019-03-23,20190322,20190323,20190407.0,USD,RV,1.0,,10717.21,20190323.0,NAH4,1929009037.0,0
U001,0200769623,WAL-MAR in,2019-01-28 00:00:00,2019.0,1928632770.0,2019-01-15,20190116,20190115,20190130.0,USD,RV,1.0,,21900.11,20190115.0,NAH4,1928632770.0,0
U001,0200708411,SHAM trust,2019-09-04 00:00:00,2019.0,1929723564.0,2019-08-14,20190808,20190814,20190903.0,USD,RV,1.0,,4502.52,20190814.0,NAD1,1929723564.0,0
CA02,0100012991,CJR WH trust,2019-01-22 00:00:00,2019.0,2960520640.0,2019-01-03,20190103,20190103,20190118.0,CAD,RV,1.0,,6650.48,20190108.0,CA10,2960520640.0,0
U001,0200722444,PERFOR corp,2019-06-07 00:00:00,2019.0,1929366409.0,2019-05-23,20190522,20190523,20190607.0,USD,RV,1.0,,43984.21,20190523.0,NAA8,1929366409.0,0
U001,0200778870,C co,2020-01-16 00:00:00,2020.0,1930337637.0,2019-12-31,20191231,20191231,20200115.0,USD,RV,1.0,,27750.64,20191231.0,NAA8,1930337637.0,0
U001,0200769623,WAL-MAR corporation,2019-06-26 00:00:00,2019.0,1929491201.0,2019-06-15,20190614,20190615,20190630.0,USD,RV,1.0,,3225.75,20190615.0,NAH4,1929491201.0,0
U001,0200769623,WAL-MAR in,2019-02-07 00:00:00,2019.0,1928694489.0,2019-01-28,20190128,20190128,20190212.0,USD,RV,1.0,,37634.34,20190128.0,NAH4,1928694489.0,0
U001,0200769623,WAL-MAR co,2019-04-10 00:00:00,2019.0,1929041792.0,2019-03-29,20190328,20190329,20190413.0,USD,RV,1.0,,117271.28,20190329.0,NAH4,1929041792.0,0
U001,0200772670,ASSOCIAT llc,2019-06-17 00:00:00,2019.0,1929141761.0,2019-04-13,20190413,20190413,20190617.0,USD,RV,1.0,,1844.83,20190413.0,NAGD,1929141761.0,0
U001,0100031704,DELHAIZE us,2020-02-27 00:00:00,2020.0,1930506746.0,2020-02-11,20200210,20200211,20200226.0,USD,RV,1.0,,10435.29,20200211.0,NAA8,1930506746.0,0
U001,0200726979,BJ'S  us,2019-09-03 00:00:00,2019.0,1929764828.0,2019-08-18,20190820,20190818,20190902.0,USD,RV,1.0,,682.65,20190818.0,NAA8,1929764828.0,0
U001,0200741174,M B  corporation,2019-05-20 00:00:00,2019.0,1929201322.0,2019-05-01,20190424,20190501,20190521.0,USD,RV,1.0,,20540.91,20190501.0,NAD1,1929201322.0,0
U001,0200719526,SHARP S corp,2020-02-14 00:00:00,2020.0,1930458212.0,2020-01-31,20200130,20200131,20200215.0,USD,RV,1.0,,16254.96,20200131.0,NAA8,1930458212.0,0
U001,0200799367,MCL foundation,2019-05-20 00:00:00,2019.0,1929212376.0,2019-05-02,20190426,20190502,20190517.0,USD,RV,1.0,,8776.24,20190502.0,NAA8,1929212376.0,0
U001,0200493614,US  systems,2020-02-24 00:00:00,2020.0,1930459227.0,2020-01-30,20200130,20200130,20200214.0,USD,RV,1.0,,41931.04,20200130.0,NAA8,1930459227.0,0
U001,0200799367,MCL foundation,2019-11-12 00:00:00,2019.0,1930041887.0,2019-10-24,20191022,20191024,20191108.0,USD,RV,1.0,,18741.93,20191024.0,NAA8,1930041887.0,0
U001,0200769623,WAL-MAR corp,,2020.0,1930687949.0,2020-03-24,20200323,20200324,20200408.0,USD,RV,1.0,,40135.21,20200324.0,NAH4,1930687949.0,1
U001,0200783317,VIEL associates,2019-01-17 00:00:00,2019.0,1928560037.0,2019-01-04,20190103,20190104,20190119.0,USD,RV,1.0,,47658.51,20190104.0,NAA8,1928560037.0,0
U001,0200769623,WAL-MAR co,2019-08-27 00:00:00,2019.0,1929751715.0,2019-08-17,20190815,20190817,20190901.0,USD,RV,1.0,,2321.7,20190817.0,NAH4,1929751715.0,0
U001,0200797984,PIGGLY in,2019-06-25 00:00:00,2019.0,1929454883.0,2019-06-10,20190608,20190610,20190625.0,USD,RV,1.0,,105652.7,20190610.0,NAA8,1929454883.0,0
U001,0200769623,WAL-MAR corporation,2019-01-14 00:00:00,2019.0,1928554967.0,2019-01-02,20190103,20190102,20190117.0,USD,RV,1.0,,25247.12,20190102.0,NAH4,1928554967.0,0
CA02,140104429,COSTCO ,2019-04-22 00:00:00,2019.0,2960539597.0,2019-04-09,20190409,20190409,20190419.0,CAD,RV,1.0,,52334.11,20190409.0,CA10,2960539597.0,0
U001,0200416837,DEC trust,2019-12-02 00:00:00,2019.0,1930182685.0,2019-11-22,20191122,20191122,20191209.0,USD,RV,1.0,,316.32,20191116.0,NAM4,1930182685.0,0
U001,0200732755,KROGER trust,2019-09-24 00:00:00,2019.0,1929849443.0,2019-09-09,20190908,20190909,20190924.0,USD,RV,1.0,,17725.02,20190909.0,NAA8,1929849443.0,0
U001,0200778870,C ,2020-04-14 00:00:00,2020.0,1930488628.0,2020-02-05,20200206,20200205,20200410.0,USD,RV,1.0,,4267.56,20200205.0,NAGD,1930488628.0,0
U001,0200759878,SA associates,,2020.0,1930581866.0,2020-02-29,20200228,20200229,20200315.0,USD,RV,1.0,,33418.06,20200229.0,NAH4,1930581866.0,1
U001,0200761734,H E BUT in,,2020.0,1930606145.0,2020-03-05,20200305,20200305,20200509.0,USD,RV,1.0,,21013.11,20200305.0,NAGD,1930606145.0,1
U001,0200741174,M B  co,2020-01-29 00:00:00,2020.0,1930396682.0,2020-01-14,20200114,20200114,20200129.0,USD,RV,1.0,,4848.73,20200114.0,NAA8,1930396682.0,0
U001,0200794332,COST co,2019-12-23 00:00:00,2019.0,1930221621.0,2019-12-05,20191205,20191205,20191220.0,USD,RV,1.0,,7957.49,20191205.0,NAAX,1930221621.0,0
U001,0200758883,PERFOR co,2019-04-09 00:00:00,2019.0,1929037116.0,2019-03-27,20190327,20190327,20190411.0,USD,RV,1.0,,40209.34,20190327.0,NAA8,1929037116.0,0
U001,0200749782,KROG in,2019-05-13 00:00:00,2019.0,1929218015.0,2019-04-28,20190427,20190428,20190513.0,USD,RV,1.0,,32003.32,20190428.0,NAA8,1929218015.0,0
U001,200230690,DECA trust,2019-02-25 00:00:00,2019.0,1928838069.0,2019-02-22,20190222,20190222,20190226.0,USD,RV,1.0,,1697.62,20190216.0,NAM2,1928838069.0,0
U001,0200729290,KROGER trust,2019-08-19 00:00:00,2019.0,1929686668.0,2019-08-01,20190801,20190801,20190816.0,USD,RV,1.0,,64345.87,20190801.0,NAA8,1929686668.0,0
U001,0200881076,ALBERT systems,2019-12-16 00:00:00,2019.0,1930206743.0,2019-12-01,20191201,20191201,20191216.0,USD,RV,1.0,,138402.72,20191201.0,NAA8,1930206743.0,0
U001,CCU013,KRAFT F corp,2019-05-31 00:00:00,2019.0,1929213141.0,2019-04-30,20190426,20190430,20190430.0,USD,RV,1.0,,1905.77,20190430.0,NAX2,1929213141.0,0
U001,0200769623,WAL-MAR llc,2019-08-22 00:00:00,2019.0,1929726655.0,2019-08-11,20190809,20190811,20190826.0,USD,RV,1.0,,33849.66,20190811.0,NAH4,1929726655.0,0
U001,CCU013,KRAFT F trust,2019-09-27 00:00:00,2019.0,1929773845.0,2019-08-24,20190822,20190824,20190824.0,USD,RV,1.0,,122480.4,20190824.0,NAX2,1929773845.0,0
U001,0200769623,WAL-MAR corp,2019-10-30 00:00:00,2019.0,1930032445.0,2019-10-20,20191019,20191020,20191104.0,USD,RV,1.0,,49444.28,20191020.0,NAH4,1930032445.0,0
U001,0200706844,WINC foundation,2020-02-24 00:00:00,2020.0,1930477808.0,2020-02-07,20200205,20200207,20200222.0,USD,RV,1.0,,733.75,20200207.0,NAA8,1930477808.0,0
U001,0200772670,ASSOCIAT systems,2019-05-01 00:00:00,2019.0,1929156233.0,2019-04-16,20190416,20190416,20190501.0,USD,RV,1.0,,56089.49,20190416.0,NAU5,1929156233.0,0
U001,0200726979,BJ'S  associates,2019-01-15 00:00:00,2019.0,1928551767.0,2018-12-31,20190102,20181231,20190115.0,USD,RV,1.0,,289.52,20181231.0,NAA8,1928551767.0,0
CA02,0140104409,LOB corp,2019-04-26 00:00:00,2019.0,2960540335.0,2019-04-09,20190409,20190409,20190427.0,CAD,RV,1.0,,294505.06,20190417.0,CA10,2960540335.0,0
U001,0200769623,WAL-MAR corp,2019-02-08 00:00:00,2019.0,1928693246.0,2019-01-29,20190127,20190129,20190213.0,USD,RV,1.0,,14743.09,20190129.0,NAH4,1928693246.0,0
U001,200776463,KROGE ,2019-02-19 00:00:00,2019.0,1928722005.0,2019-02-01,20190201,20190201,20190216.0,USD,RV,1.0,,10766.14,20190201.0,NAA8,1928722005.0,0
U001,0100043945,CEDARL corporation,2019-05-30 00:00:00,2019.0,1928621066.0,2019-01-15,20190114,20190115,20190130.0,USD,RV,1.0,,17463.6,20190115.0,NAA8,1928621066.0,0
U001,0200020431,DEC trust,2020-01-15 00:00:00,2020.0,1930356069.0,2020-01-06,20200106,20200106,20200124.0,USD,RV,1.0,,141.6,20200101.0,NAM4,1930356069.0,0
U001,0200769623,WAL-MAR associates,2020-01-10 00:00:00,2020.0,1930324587.0,2019-12-29,20191228,20191229,20200113.0,USD,RV,1.0,,11125.02,20191229.0,NAH4,1930324587.0,0
U001,0200700919,US  systems,2019-12-16 00:00:00,2019.0,1930189642.0,2019-11-25,20191124,20191125,20191215.0,USD,RV,1.0,,40239.85,20191125.0,NAD1,1930189642.0,0
U001,0200353024,DECA co,2020-02-13 00:00:00,2020.0,1930480462.0,2020-02-05,20200205,20200205,20200211.0,USD,RV,1.0,,5204.87,20200201.0,NAM2,1930480462.0,0
U001,0200729942,SA in,2020-03-03 00:00:00,2020.0,1930538091.0,2020-02-17,20200218,20200217,20200303.0,USD,RV,1.0,,30874.83,20200217.0,NAA8,1930538091.0,0
U001,0200769623,WAL-MAR associates,2020-03-11 00:00:00,2020.0,1930561202.0,2020-02-24,20200224,20200224,20200310.0,USD,RV,1.0,,44760.01,20200224.0,NAH4,1930561202.0,0
U001,0200706844,WINC associates,2019-10-15 00:00:00,2019.0,1929933623.0,2019-09-27,20190927,20190927,20191012.0,USD,RV,1.0,,7717.82,20190927.0,NAA8,1929933623.0,0
U001,200769623,WAL-MAR llc,2019-04-12 00:00:00,2019.0,1929063167.0,2019-04-02,20190401,20190402,20190417.0,USD,RV,1.0,,1816.18,20190402.0,NAH4,1929063167.0,0
U001,0200729942,SA co,2019-05-31 00:00:00,2019.0,1929351491.0,2019-05-20,20190520,20190520,20190604.0,USD,RV,1.0,,4047.52,20190520.0,NAA8,1929351491.0,0
CA02,0140106408,WAL-M ,2019-08-19 00:00:00,2019.0,2960568674.0,2019-07-30,20190730,20190730,20190816.0,CAD,RV,1.0,,223390.14,20190806.0,CA10,2960568674.0,0
U001,0200769623,WAL-MAR trust,2019-04-17 00:00:00,2019.0,1929059896.0,2019-04-01,20190331,20190401,20190416.0,USD,RV,1.0,,52954.33,20190401.0,NAH4,1929059896.0,0
U001,0200744019,TARG us,,2020.0,1930833094.0,2020-04-29,20200428,20200429,20200514.0,USD,RV,1.0,,3348.98,20200429.0,NAA8,1930833094.0,1
U001,200416837,DEC ,2019-07-24 00:00:00,2019.0,1929637498.0,2019-07-19,20190719,20190719,20190723.0,USD,RV,1.0,,18927.53,20190716.0,NAM1,1929637498.0,0
U001,0200771157,WEIS corp,2019-06-18 00:00:00,2019.0,1929413315.0,2019-06-01,20190601,20190601,20190616.0,USD,RV,1.0,,635.82,20190601.0,NAA8,1929413315.0,0
U001,0200571960,OSI  llc,2019-07-09 00:00:00,2019.0,1929549179.0,2019-06-27,20190627,20190627,20190712.0,USD,RV,1.0,,12524.16,20190627.0,NAA8,1929549179.0,0
U001,200769623,WAL-MAR llc,2019-07-24 00:00:00,2019.0,1929614550.0,2019-07-13,20190713,20190713,20190728.0,USD,RV,1.0,,15721.37,20190713.0,NAH4,1929614550.0,0
U001,0200353024,DECA co,2019-12-02 00:00:00,2019.0,1930180318.0,2019-11-21,20191121,20191121,20191209.0,USD,RV,1.0,,1403.11,20191116.0,NAM4,1930180318.0,0
U001,0200794332,COST us,2020-02-25 00:00:00,2020.0,1930495730.0,2020-02-07,20200207,20200207,20200222.0,USD,RV,1.0,,32715.47,20200207.0,NAAX,1930495730.0,0
U001,0200726979,BJ'S  corp,2020-02-26 00:00:00,2020.0,1930510657.0,2020-02-11,20200211,20200211,20200226.0,USD,RV,1.0,,181.89,20200211.0,NAA8,1930510657.0,0
U001,0200769623,WAL-MAR corp,2019-11-08 00:00:00,2019.0,1930064732.0,2019-10-29,20191028,20191029,20191113.0,USD,RV,1.0,,14582.8,20191029.0,NAH4,1930064732.0,0
U001,0200769623,WAL-MAR in,2020-02-20 00:00:00,2020.0,1930506398.0,2020-02-10,20200210,20200210,20200225.0,USD,RV,1.0,,48202.94,20200210.0,NAH4,1930506398.0,0
CA02,0140104392,FLANAG corp,2019-09-03 00:00:00,2019.0,2960574348.0,2019-08-21,20190821,20190821,20190901.0,CAD,RV,1.0,,74854.12,20190822.0,CA10,2960574348.0,0
U001,0200714710,SYSCO  corp,2020-04-03 00:00:00,2020.0,1930567148.0,2020-02-25,20200225,20200225,20200328.0,USD,RV,1.0,,1571.9,20200225.0,NA32,1930567148.0,0
U001,0100001196,DOLLAR in,2019-12-06 00:00:00,2019.0,1930184354.0,2019-11-22,20191122,20191122,20191207.0,USD,RV,1.0,,64414.97,20191122.0,NAA8,1930184354.0,0
U001,200769623,WAL-MAR associates,2019-05-02 00:00:00,2019.0,1929181585.0,2019-04-22,20190421,20190422,20190507.0,USD,RV,1.0,,60886.26,20190422.0,NAH4,1929181585.0,0
U001,0200743129,BROOKS co,,2020.0,1930731929.0,2020-04-04,20200402,20200404,20200419.0,USD,RV,1.0,,2643.61,20200404.0,NAA8,1930731929.0,1
U001,0200900909,SYSCO llc,2019-04-25 00:00:00,2019.0,1929113290.0,2019-04-10,20190410,20190410,20190425.0,USD,RV,1.0,,4218.08,20190410.0,NAA8,1929113290.0,0
U001,0200418007,AM in,2019-09-16 00:00:00,2019.0,1929816212.0,2019-08-30,20190830,20190830,20191103.0,USD,RV,1.0,,41.76,20190830.0,NAGD,1929816212.0,0
U001,0200769623,WAL-MAR in,2019-05-17 00:00:00,2019.0,1929259974.0,2019-05-05,20190504,20190505,20190520.0,USD,RV,1.0,,114.93,20190505.0,NAH4,1929259974.0,0
U001,0200793088,DEMOU associates,2020-01-28 00:00:00,2020.0,1930389306.0,2020-01-13,20200111,20200113,20200128.0,USD,RV,1.0,,31606.96,20200113.0,NAA8,1930389306.0,0
U001,0200749782,KROG systems,2019-08-16 00:00:00,2019.0,1929686439.0,2019-08-01,20190801,20190801,20190816.0,USD,RV,1.0,,16873.29,20190801.0,NAA8,1929686439.0,0
U001,0200762301,C&S WH corporation,2019-05-21 00:00:00,2019.0,1929261047.0,2019-05-05,20190505,20190505,20190520.0,USD,RV,1.0,,12953.34,20190505.0,NAC6,1929261047.0,0
U001,0200741174,M B  trust,2019-08-08 00:00:00,2019.0,1929665296.0,2019-07-26,20190726,20190726,20190810.0,USD,RV,1.0,,1859.88,20190726.0,NAA8,1929665296.0,0
U001,0200752302,KROGER systems,2019-01-28 00:00:00,2019.0,1928612716.0,2019-01-11,20190111,20190111,20190126.0,USD,RV,1.0,,52527.67,20190111.0,NAA8,1928612716.0,0
U001,0200762301,C&S WH co,2019-05-13 00:00:00,2019.0,1928909066.0,2019-03-06,20190306,20190306,20190510.0,USD,RV,1.0,,31965.12,20190306.0,NAGD,1928909066.0,0
U001,0200752302,KROGER trust,2019-07-29 00:00:00,2019.0,1929618722.0,2019-07-13,20190713,20190713,20190728.0,USD,RV,1.0,,66132.73,20190713.0,NAA8,1929618722.0,0
U001,0200769623,WAL-MAR foundation,2019-10-02 00:00:00,2019.0,1929903429.0,2019-09-21,20190920,20190921,20191006.0,USD,RV,1.0,,49756.83,20190921.0,NAH4,1929903429.0,0
CA02,0140106408,WAL-M llc,2019-02-08 00:00:00,2019.0,2960524309.0,2019-01-23,20190123,20190123,20190202.0,CAD,RV,1.0,,2963.1,20190123.0,CA10,2960524309.0,0
U001,0200780383,MEIJ llc,2019-03-27 00:00:00,2019.0,1928872347.0,2019-02-27,20190227,20190227,20190314.0,USD,RV,1.0,,1564.54,20190227.0,NAA8,1928872347.0,0
U001,0200769623,WAL-MAR systems,2019-12-23 00:00:00,2019.0,1930264576.0,2019-12-11,20191211,20191211,20191226.0,USD,RV,1.0,,4125.42,20191211.0,NAH4,1930264576.0,0
U001,0200780383,MEIJ in,2019-12-30 00:00:00,2019.0,1930270210.0,2019-12-12,20191211,20191212,20191227.0,USD,RV,1.0,,134446.85,20191212.0,NAA8,1930270210.0,0
U001,0200782001,GORDO systems,2019-04-16 00:00:00,2019.0,1929077564.0,2019-04-03,20190403,20190403,20190418.0,USD,RV,1.0,,39358.13,20190403.0,NAA8,1929077564.0,0
U001,0200775094,SAVE M corporation,,2020.0,1930703701.0,2020-03-25,20200325,20200325,20200409.0,USD,RV,1.0,,42777.73,20200325.0,NAA8,1930703701.0,1
U001,0200744019,TARG in,2019-05-10 00:00:00,2019.0,1929212718.0,2019-04-27,20190426,20190427,20190512.0,USD,RV,1.0,,8680.03,20190427.0,NAA8,1929212718.0,0
U001,0200769623,WAL-MAR llc,2019-02-13 00:00:00,2019.0,1928722654.0,2019-02-03,20190202,20190203,20190218.0,USD,RV,1.0,,5593.4,20190203.0,NAH4,1928722654.0,0
U001,0200704858,WAKE foundation,2019-06-04 00:00:00,2019.0,1929343336.0,2019-05-20,20190518,20190520,20190604.0,USD,RV,1.0,,16650.98,20190520.0,NAA8,1929343336.0,0
U001,0200726979,BJ'S  foundation,2019-03-07 00:00:00,2019.0,1928823826.0,2019-02-20,20190219,20190220,20190307.0,USD,RV,1.0,,166.33,20190220.0,NAA8,1928823826.0,0
U001,0200769623,WAL-MAR foundation,2019-07-23 00:00:00,2019.0,1929601197.0,2019-07-11,20190709,20190711,20190726.0,USD,RV,1.0,,1897.5,20190711.0,NAH4,1929601197.0,0
U001,0200726979,BJ'S  trust,2019-08-01 00:00:00,2019.0,1929624023.0,2019-07-16,20190715,20190716,20190731.0,USD,RV,1.0,,208.36,20190716.0,NAA8,1929624023.0,0
U001,0200761734,H E BUT in,2019-11-18 00:00:00,2019.0,1930081959.0,2019-11-02,20191031,20191102,20191117.0,USD,RV,1.0,,86183.39,20191102.0,NAA8,1930081959.0,0
U001,CCU013,KRAFT F trust,2019-08-02 00:00:00,2019.0,1929520728.0,2019-06-20,20190621,20190620,20190620.0,USD,RV,1.0,,32962.2,20190620.0,NAX2,1929520728.0,0
CA02,0140104429,COSTCO associates,,2020.0,2960617975.0,2020-03-03,20200303,20200303,20200314.0,CAD,RV,1.0,,11006.92,20200304.0,CA10,2960617975.0,1
U001,0200705372,FR co,2020-03-03 00:00:00,2020.0,1930531740.0,2020-02-17,20200215,20200217,20200303.0,USD,RV,1.0,,135070.29,20200217.0,NAA8,1930531740.0,0
U001,0200515231,US  trust,2019-06-07 00:00:00,2019.0,1929354742.0,2019-05-21,20190521,20190521,20190605.0,USD,RV,1.0,,10635.06,20190521.0,NAA8,1929354742.0,0
U001,0200769623,WAL-MAR trust,2019-09-25 00:00:00,2019.0,1929877574.0,2019-09-15,20190915,20190915,20190930.0,USD,RV,1.0,,1099.59,20190915.0,NAH4,1929877574.0,0
CA02,0140104409,LOB us,2019-06-24 00:00:00,2019.0,2960554729.0,2019-06-13,20190613,20190613,20190623.0,CAD,RV,1.0,,93527.72,20190613.0,CA10,2960554729.0,0
U001,0200744019,TARG foundation,2019-05-28 00:00:00,2019.0,1929288175.0,2019-05-10,20190509,20190510,20190525.0,USD,RV,1.0,,6783.89,20190510.0,NAA8,1929288175.0,0
U001,0200707005,KING S associates,2019-07-15 00:00:00,2019.0,1929555015.0,2019-06-29,20190628,20190629,20190714.0,USD,RV,1.0,,16933.76,20190629.0,NAA8,1929555015.0,0
U001,0200794332,COST us,2019-12-19 00:00:00,2019.0,1930220457.0,2019-12-05,20191205,20191205,20191220.0,USD,RV,1.0,,8277.57,20191205.0,NAAX,1930220457.0,0
U001,0200833713,JETRO us,2019-11-08 00:00:00,2019.0,1930047784.0,2019-10-24,20191023,20191024,20191108.0,USD,RV,1.0,,10097.8,20191024.0,NAA8,1930047784.0,0
U001,0200769623,WAL-MAR ,2019-01-22 00:00:00,2019.0,1928581907.0,2019-01-09,20190107,20190109,20190124.0,USD,RV,1.0,,2520.24,20190109.0,NAH4,1928581907.0,0
U001,0200769623,WAL-MAR llc,2019-08-27 00:00:00,2019.0,1929753613.0,2019-08-16,20190816,20190816,20190831.0,USD,RV,1.0,,1897.5,20190816.0,NAH4,1929753613.0,0
U001,0200740393,LABAT co,2020-02-18 00:00:00,2020.0,1930469779.0,2020-02-04,20200202,20200204,20200219.0,USD,RV,1.0,,47154.34,20200204.0,NAA8,1930469779.0,0
U001,0100043888,GIOVA us,2019-10-02 00:00:00,2019.0,1929908723.0,2019-09-23,20190921,20190923,20191008.0,USD,RV,1.0,,28358.22,20190923.0,NAA8,1929908723.0,0
U001,0200769623,WAL-MAR in,2019-07-05 00:00:00,2019.0,1929508752.0,2019-06-18,20190617,20190618,20190703.0,USD,RV,1.0,,4722.45,20190618.0,NAH4,1929508752.0,0
U001,0200759878,SA in,2020-01-23 00:00:00,2020.0,1930365061.0,2020-01-07,20200107,20200107,20200122.0,USD,RV,1.0,,13673.06,20200107.0,NAH4,1930365061.0,0
U001,200769623,WAL-MAR llc,2019-07-29 00:00:00,2019.0,1929610004.0,2019-07-17,20190711,20190717,20190801.0,USD,RV,1.0,,1084.22,20190717.0,NAH4,1929610004.0,0
U001,0200726979,BJ'S  systems,2020-01-21 00:00:00,2020.0,1930366151.0,2020-01-05,20200107,20200105,20200120.0,USD,RV,1.0,,806.6,20200105.0,NAA8,1930366151.0,0
U001,0200749782,KROG co,2019-12-16 00:00:00,2019.0,1930203647.0,2019-11-30,20191129,20191130,20191215.0,USD,RV,1.0,,113957.65,20191130.0,NAA8,1930203647.0,0
U001,0200706844,WINC corporation,,2020.0,1930693361.0,2020-03-26,20200325,20200326,20200410.0,USD,RV,1.0,,15005.82,20200326.0,NAA8,1930693361.0,1
U001,0200797984,PIGGLY systems,,2020.0,1930832304.0,2020-04-29,20200428,20200429,20200514.0,USD,RV,1.0,,104193.25,20200429.0,NAA8,1930832304.0,1
U001,0200769623,WAL-MAR corp,2019-06-05 00:00:00,2019.0,1929374495.0,2019-05-25,20190524,20190525,20190609.0,USD,RV,1.0,,67618.33,20190525.0,NAH4,1929374495.0,0
U001,0200712102,SUGAR  associates,2020-05-01 00:00:00,2020.0,1930538837.0,2020-02-18,20200218,20200218,20200418.0,USD,RV,1.0,,41546.0,20200218.0,NAVQ,1930538837.0,0
U001,0200707822,PUBLI llc,2019-04-02 00:00:00,2019.0,1928986702.0,2019-03-18,20190318,20190318,20190402.0,USD,RV,1.0,,79316.83,20190318.0,NAA8,1928986702.0,0
U001,0100031704,DELHAIZE systems,2019-12-06 00:00:00,2019.0,1930157172.0,2019-11-18,20191115,20191118,20191203.0,USD,RV,1.0,,6592.28,20191118.0,NAA8,1930157172.0,0
U001,200769623,WAL-MAR corporation,2019-07-08 00:00:00,2019.0,1929499449.0,2019-06-19,20190617,20190619,20190704.0,USD,RV,1.0,,52272.33,20190619.0,NAH4,1929499449.0,0
U001,0200769623,WAL-MAR trust,2019-03-05 00:00:00,2019.0,1928808696.0,2019-02-17,20190216,20190217,20190304.0,USD,RV,1.0,,13613.31,20190217.0,NAH4,1928808696.0,0
U001,0200769623,WAL-MAR systems,2019-10-29 00:00:00,2019.0,1930007333.0,2019-10-18,20191012,20191018,20191102.0,USD,RV,1.0,,2599.33,20191018.0,NAH4,1930007333.0,0
U001,0200769623,WAL-MAR foundation,2019-03-28 00:00:00,2019.0,1928969873.0,2019-03-16,20190315,20190316,20190331.0,USD,RV,1.0,,11858.73,20190316.0,NAH4,1928969873.0,0
CA02,0140106271,LONGO  associates,2019-07-24 00:00:00,2019.0,2960562937.0,2019-07-09,20190709,20190709,20190720.0,CAD,RV,1.0,,3978.45,20190710.0,CA10,2960562937.0,0
U001,0200769623,WAL-MAR corp,,2020.0,1930623103.0,2020-03-09,20200308,20200309,20200324.0,USD,RV,1.0,,9484.8,20200309.0,NAH4,1930623103.0,1
U001,0200769623,WAL-MAR systems,2019-10-04 00:00:00,2019.0,1929915739.0,2019-09-24,20190924,20190924,20191009.0,USD,RV,1.0,,46527.88,20190924.0,NAH4,1929915739.0,0
U001,0200152991,JET corp,2019-03-29 00:00:00,2019.0,1928962084.0,2019-03-15,20190314,20190315,20190330.0,USD,RV,1.0,,7199.67,20190315.0,NAA8,1928962084.0,0
U001,0200726979,BJ'S  co,2019-05-30 00:00:00,2019.0,1929296951.0,2019-05-14,20190511,20190514,20190529.0,USD,RV,1.0,,13681.94,20190514.0,NAA8,1929296951.0,0
U001,0200723794,MID MO co,2019-06-10 00:00:00,2019.0,1929371697.0,2019-05-24,20190524,20190524,20190608.0,USD,RV,1.0,,21648.64,20190524.0,NAA8,1929371697.0,0
U001,0200726979,BJ'S  co,,2020.0,1930799896.0,2020-04-19,20200418,20200419,20200504.0,USD,RV,1.0,,273.31,20200419.0,NAA8,1930799896.0,1
CA02,0140105847,GORDON F foundation,2019-03-04 00:00:00,2019.0,2960529633.0,2019-02-20,20190220,20190220,20190302.0,CAD,RV,1.0,,49886.85,20190220.0,CA10,2960529633.0,0
U001,0200794332,COST corp,2020-02-28 00:00:00,2020.0,1930521823.0,2020-02-14,20200213,20200214,20200229.0,USD,RV,1.0,,33957.8,20200214.0,NAAX,1930521823.0,0
U001,0200772595,SAFEW associates,2020-02-14 00:00:00,2020.0,1930451757.0,2020-01-30,20200128,20200130,20200214.0,USD,RV,1.0,,22418.58,20200130.0,NAA8,1930451757.0,0
U001,200769623,WAL-MAR corporation,2019-07-10 00:00:00,2019.0,1929554533.0,2019-06-30,20190629,20190630,20190715.0,USD,RV,1.0,,1606.64,20190630.0,NAH4,1929554533.0,0
U001,0200769623,WAL-MAR associates,,2020.0,1930773085.0,2020-04-10,20200410,20200410,20200425.0,USD,RV,1.0,,40458.84,20200410.0,NAH4,1930773085.0,1
U001,0200794332,COST foundation,2020-02-14 00:00:00,2020.0,1930461495.0,2020-01-31,20200131,20200131,20200215.0,USD,RV,1.0,,32715.47,20200131.0,NAAX,1930461495.0,0
U001,200721222,GO corp,2019-08-28 00:00:00,2019.0,1929708898.0,2019-08-08,20190807,20190808,20190823.0,USD,RV,1.0,,19709.23,20190808.0,NAA8,1929708898.0,0
U002,0100036009,JOSE trust,2019-03-25 00:00:00,2019.0,1990565013.0,2019-02-12,20190208,20190212,20190319.0,USD,RV,1.0,,13005.46,20190212.0,NAG2,1990565013.0,0
U002,0100035734,MERCH us,2019-05-13 00:00:00,2019.0,1990567116.0,2019-04-25,20190423,20190425,20190510.0,USD,RV,1.0,,22763.73,20190425.0,NAA8,1990567116.0,0
U001,0200769623,WAL-MAR foundation,2020-02-10 00:00:00,2020.0,1930448549.0,2020-01-29,20200128,20200129,20200213.0,USD,RV,1.0,,45204.8,20200129.0,NAH4,1930448549.0,0
U001,0200763814,SYSCO F associates,2019-05-21 00:00:00,2019.0,1929276188.0,2019-05-07,20190508,20190507,20190522.0,USD,RV,1.0,,1551.75,20190507.0,NAA8,1929276188.0,0
U001,0200759878,SA corporation,2019-06-21 00:00:00,2019.0,1929438651.0,2019-06-06,20190605,20190606,20190621.0,USD,RV,1.0,,34770.13,20190606.0,NAH4,1929438651.0,0
U001,0200875006,KROGER associates,2019-09-09 00:00:00,2019.0,1929788423.0,2019-08-23,20190823,20190823,20190907.0,USD,RV,1.0,,117480.54,20190823.0,NAA8,1929788423.0,0
U001,0200769623,WAL-MAR in,2020-01-27 00:00:00,2020.0,1930397440.0,2020-01-15,20200114,20200115,20200130.0,USD,RV,1.0,,36260.56,20200115.0,NAH4,1930397440.0,0
U001,0200769623,WAL-MAR corp,2019-08-05 00:00:00,2019.0,1929610547.0,2019-07-12,20190711,20190712,20190727.0,USD,RV,1.0,,801.82,20190712.0,NAH4,1929610547.0,0
U001,0200980828,BEN E us,2019-04-29 00:00:00,2019.0,1929156277.0,2019-04-18,20190416,20190418,20190503.0,USD,RV,1.0,,30149.99,20190418.0,NAA8,1929156277.0,0
U001,0200769623,WAL-MAR systems,2019-05-29 00:00:00,2019.0,1929340333.0,2019-05-18,20190518,20190518,20190602.0,USD,RV,1.0,,45973.27,20190518.0,NAH4,1929340333.0,0
U001,0200726979,BJ'S  ,2019-04-29 00:00:00,2019.0,1929155477.0,2019-04-12,20190417,20190412,20190427.0,USD,RV,1.0,,548.56,20190412.0,NAA8,1929155477.0,0
U001,0200761734,H E BUT co,2019-01-25 00:00:00,2019.0,1928608889.0,2019-01-11,20190111,20190111,20190126.0,USD,RV,1.0,,68548.14,20190111.0,NAA8,1928608889.0,0
U001,0200331749,SYSC in,2020-02-21 00:00:00,2020.0,1930477605.0,2020-02-04,20200204,20200204,20200219.0,USD,RV,1.0,,15103.07,20200204.0,NAA8,1930477605.0,0
U001,0200769623,WAL-MAR trust,2019-08-16 00:00:00,2019.0,1929709643.0,2019-08-06,20190806,20190806,20190821.0,USD,RV,1.0,,471.56,20190806.0,NAH4,1929709643.0,0
U001,200797452,US  corporation,2019-02-22 00:00:00,2019.0,1928712232.0,2019-01-30,20190130,20190130,20190214.0,USD,RV,1.0,,1655.5,20190130.0,NAA8,1928712232.0,0
U001,0200739006,AL corporation,2019-04-05 00:00:00,2019.0,1929003415.0,2019-03-21,20190320,20190321,20190405.0,USD,RV,1.0,,59309.81,20190321.0,NAA8,1929003415.0,0
U001,200875006,KROGER corporation,2019-04-11 00:00:00,2019.0,1929031021.0,2019-03-26,20190326,20190326,20190410.0,USD,RV,1.0,,57519.14,20190326.0,NAA8,1929031021.0,0
U001,0200771157,WEIS us,2019-04-25 00:00:00,2019.0,1929114290.0,2019-04-09,20190410,20190409,20190424.0,USD,RV,1.0,,17398.06,20190409.0,NAA8,1929114290.0,0
U001,0200726979,BJ'S  llc,2019-11-01 00:00:00,2019.0,1930018868.0,2019-10-17,20191016,20191017,20191101.0,USD,RV,1.0,,33258.63,20191017.0,NAA8,1930018868.0,0
U001,0200743996,STATER  corporation,2020-01-30 00:00:00,2020.0,1930399489.0,2020-01-15,20200114,20200115,20200130.0,USD,RV,1.0,,30167.54,20200115.0,NAA8,1930399489.0,0
U001,0200772670,ASSOCIAT co,2019-09-24 00:00:00,2019.0,1929850540.0,2019-09-09,20190909,20190909,20190924.0,USD,RV,1.0,,60576.8,20190909.0,NAU5,1929850540.0,0
U001,0200726979,BJ'S  foundation,2019-08-16 00:00:00,2019.0,1929682244.0,2019-08-01,20190731,20190801,20190816.0,USD,RV,1.0,,331.77,20190801.0,NAA8,1929682244.0,0
U001,0200769623,WAL-MAR in,,2020.0,1930582025.0,2020-02-29,20200228,20200229,20200315.0,USD,RV,1.0,,623.68,20200229.0,NAH4,1930582025.0,1
U001,0200707005,KING S co,,2020.0,1930731116.0,2020-04-08,20200401,20200408,20200423.0,USD,RV,1.0,,19853.58,20200408.0,NAA8,1930731116.0,1
U001,0200704858,WAKE us,2019-09-03 00:00:00,2019.0,1929753161.0,2019-08-16,20190816,20190816,20190831.0,USD,RV,1.0,,17123.73,20190816.0,NAA8,1929753161.0,0
U001,0200761734,H E BUT foundation,2019-07-02 00:00:00,2019.0,1929516982.0,2019-06-19,20190619,20190619,20190704.0,USD,RV,1.0,,94304.17,20190619.0,NAA8,1929516982.0,0
U001,0200353024,DECA ,2019-08-01 00:00:00,2019.0,1929646605.0,2019-07-22,20190722,20190722,20190808.0,USD,RV,1.0,,84.48,20190716.0,NAM4,1929646605.0,0
U001,0200744019,TARG associates,2019-02-15 00:00:00,2019.0,1928697579.0,2019-01-29,20190128,20190129,20190213.0,USD,RV,1.0,,5636.43,20190129.0,NAA8,1928697579.0,0
U001,0200794332,COST foundation,2019-02-08 00:00:00,2019.0,1928660875.0,2019-01-22,20190122,20190122,20190206.0,USD,RV,1.0,,7290.36,20190122.0,NAAX,1928660875.0,0
U001,0200794332,COST ,2019-05-31 00:00:00,2019.0,1929321371.0,2019-05-16,20190515,20190516,20190531.0,USD,RV,1.0,,10393.38,20190516.0,NAAX,1929321371.0,0
U001,0200704858,WAKE co,2019-10-07 00:00:00,2019.0,1929900702.0,2019-09-20,20190919,20190920,20191005.0,USD,RV,1.0,,120363.86,20190920.0,NAA8,1929900702.0,0
U001,CCCA02,KRAFT  in,2019-11-01 00:00:00,2019.0,1929915912.0,2019-09-24,20190924,20190924,20191029.0,USD,RV,1.0,,21670.84,20190924.0,NAG2,1929915912.0,0
U001,0200769623,WAL-MAR co,2019-02-04 00:00:00,2019.0,1928676805.0,2019-01-24,20190124,20190124,20190208.0,USD,RV,1.0,,20886.37,20190124.0,NAH4,1928676805.0,0
U001,0200152991,JET corporation,2019-08-07 00:00:00,2019.0,1929649662.0,2019-07-23,20190722,20190723,20190807.0,USD,RV,1.0,,310.62,20190723.0,NAA8,1929649662.0,0
U001,0200769623,WAL-MAR foundation,2020-01-22 00:00:00,2020.0,1930384113.0,2020-01-10,20200110,20200110,20200125.0,USD,RV,1.0,,21867.8,20200110.0,NAH4,1930384113.0,0
U001,0200865666,RESTAU systems,2019-01-18 00:00:00,2019.0,1928565613.0,2019-01-03,20190103,20190103,20190118.0,USD,RV,1.0,,10709.85,20190103.0,NAA8,1928565613.0,0
U001,0200726979,BJ'S  llc,2019-08-06 00:00:00,2019.0,1929644552.0,2019-07-22,20190723,20190722,20190806.0,USD,RV,1.0,,334.31,20190722.0,NAA8,1929644552.0,0
U001,0200769623,WAL-MAR corporation,2020-01-31 00:00:00,2020.0,1930415762.0,2020-01-21,20200120,20200121,20200205.0,USD,RV,1.0,,4273.4,20200121.0,NAH4,1930415762.0,0
U001,0200794332,COST corporation,2019-06-28 00:00:00,2019.0,1929478088.0,2019-06-12,20190612,20190612,20190627.0,USD,RV,1.0,,32621.41,20190612.0,NAAX,1929478088.0,0
U001,0200508557,FOODL associates,2019-06-10 00:00:00,2019.0,1929336638.0,2019-05-24,20190517,20190524,20190608.0,USD,RV,1.0,,3589.7,20190524.0,NAA8,1929336638.0,0
U001,0100031704,DELHAIZE in,,2020.0,1930793315.0,2020-04-17,20200416,20200417,20200502.0,USD,RV,1.0,,86273.93,20200417.0,NAA8,1930793315.0,1
U001,0200148860,DOLLA co,2019-09-13 00:00:00,2019.0,1929809120.0,2019-08-30,20190829,20190830,20190914.0,USD,RV,1.0,,45244.09,20190830.0,NAA8,1929809120.0,0
U001,0200148860,DOLLA systems,2019-05-01 00:00:00,2019.0,1929145278.0,2019-04-16,20190415,20190416,20190501.0,USD,RV,1.0,,76816.77,20190416.0,NAA8,1929145278.0,0
U001,0200752302,KROGER foundation,2019-03-14 00:00:00,2019.0,1928870567.0,2019-02-27,20190227,20190227,20190314.0,USD,RV,1.0,,58940.02,20190227.0,NAA8,1928870567.0,0
U001,0200769623,WAL-MAR co,2019-05-08 00:00:00,2019.0,1929222664.0,2019-04-28,20190428,20190428,20190513.0,USD,RV,1.0,,30746.22,20190428.0,NAH4,1929222664.0,0
U001,200769623,WAL-MAR llc,2019-07-24 00:00:00,2019.0,1929618024.0,2019-07-14,20190713,20190714,20190729.0,USD,RV,1.0,,21000.37,20190714.0,NAH4,1929618024.0,0
U001,0200769623,WAL-MAR llc,2019-05-20 00:00:00,2019.0,1929261526.0,2019-05-06,20190504,20190506,20190521.0,USD,RV,1.0,,43388.11,20190506.0,NAH4,1929261526.0,0
CA02,0140104552,THE NO corp,2019-09-06 00:00:00,2019.0,2960575500.0,2019-08-23,20190824,20190823,20190909.0,CAD,RV,1.0,,6712.2,20190830.0,CA10,2960575500.0,0
CA02,0140104409,LOB corporation,2019-09-20 00:00:00,2019.0,2960578352.0,2019-09-07,20190907,20190907,20190919.0,CAD,RV,1.0,,233853.88,20190909.0,CA10,2960578352.0,0
U001,0200020431,DEC ,2019-07-01 00:00:00,2019.0,1929515016.0,2019-06-19,20190619,20190619,20190709.0,USD,RV,1.0,,349.4,20190616.0,NAM4,1929515016.0,0
U001,200762950,HAR foundation,2019-07-17 00:00:00,2019.0,1929549604.0,2019-06-28,20190627,20190628,20190713.0,USD,RV,1.0,,151845.47,20190628.0,NAA8,1929549604.0,0
U001,0200777735,NASH  corp,2019-10-07 00:00:00,2019.0,1929928092.0,2019-09-26,20190926,20190926,20191130.0,USD,RV,1.0,,5769.97,20190926.0,NAGD,1929928092.0,0
CA02,0100030194,AMAZO associates,2020-02-18 00:00:00,2020.0,2960612093.0,2020-02-03,20200203,20200203,20200222.0,CAD,RV,1.0,,36588.39,20200212.0,CA10,2960612093.0,0
U001,0200793830,M us,2019-06-12 00:00:00,2019.0,1929425566.0,2019-06-04,20190604,20190604,20190619.0,USD,RV,1.0,,42185.21,20190604.0,NAA8,1929425566.0,0
U002,0200816950,COLOM foundation,2020-03-04 00:00:00,2020.0,1990571801.0,2020-02-02,20200203,20200202,20200303.0,USD,RV,1.0,,42283.55,20200202.0,NA38,1990571801.0,0
U001,0200744019,TARG ,2019-07-05 00:00:00,2019.0,1929511910.0,2019-06-18,20190618,20190618,20190703.0,USD,RV,1.0,,105170.16,20190618.0,NAA8,1929511910.0,0
U001,0200769623,WAL-MAR corporation,2020-03-04 00:00:00,2020.0,1930557340.0,2020-02-21,20200221,20200221,20200307.0,USD,RV,1.0,,51894.28,20200221.0,NAH4,1930557340.0,0
CA02,0140106408,WAL-M in,2019-09-05 00:00:00,2019.0,2960573933.0,2019-08-20,20190820,20190820,20190831.0,CAD,RV,1.0,,69119.97,20190821.0,CA10,2960573933.0,0
U001,0200357714,US  corporation,2019-07-15 00:00:00,2019.0,1929473843.0,2019-06-11,20190611,20190611,20190713.0,USD,RV,1.0,,2888.86,20190611.0,NA32,1929473843.0,0
U001,0200290370,BARGAIN  in,2020-01-23 00:00:00,2020.0,1930363091.0,2020-01-07,20200106,20200107,20200122.0,USD,RV,1.0,,27081.39,20200107.0,NAA8,1930363091.0,0
U001,0200762301,C&S WH corp,2019-08-02 00:00:00,2019.0,1929634203.0,2019-07-19,20190718,20190719,20190803.0,USD,RV,1.0,,17694.9,20190719.0,NAC6,1929634203.0,0
U001,0200759878,SA ,2019-04-10 00:00:00,2019.0,1929031925.0,2019-03-26,20190326,20190326,20190410.0,USD,RV,1.0,,36623.44,20190326.0,NAH4,1929031925.0,0
U001,0200744019,TARG llc,2019-08-13 00:00:00,2019.0,1929665419.0,2019-07-26,20190726,20190726,20190810.0,USD,RV,1.0,,17065.73,20190726.0,NAA8,1929665419.0,0
U001,0200978899,MBM/PF corporation,2019-07-08 00:00:00,2019.0,1929516754.0,2019-06-19,20190619,20190619,20190704.0,USD,RV,1.0,,13110.84,20190619.0,NAA8,1929516754.0,0
U001,0200780383,MEIJ llc,2019-07-23 00:00:00,2019.0,1929584476.0,2019-07-08,20190707,20190708,20190723.0,USD,RV,1.0,,13158.1,20190708.0,NAA8,1929584476.0,0
U001,0200230690,DECA in,2019-08-16 00:00:00,2019.0,1929703281.0,2019-08-05,20190805,20190805,20190824.0,USD,RV,1.0,,563.76,20190801.0,NAM4,1929703281.0,0
U001,0200739534,OK associates,2019-04-19 00:00:00,2019.0,1929095835.0,2019-04-05,20190405,20190405,20190420.0,USD,RV,1.0,,68135.48,20190405.0,NAA8,1929095835.0,0
U001,0200769623,WAL-MAR corporation,2019-05-20 00:00:00,2019.0,1929215393.0,2019-04-27,20190427,20190427,20190512.0,USD,RV,1.0,,6932.56,20190427.0,NAH4,1929215393.0,0
U001,200769623,WAL-MAR associates,,2020.0,1930756697.0,2020-04-08,20200407,20200408,20200423.0,USD,RV,1.0,,1898.9,20200408.0,NAH4,1930756697.0,1
U001,0200769623,WAL-MAR co,2019-09-27 00:00:00,2019.0,1929876939.0,2019-09-16,20190914,20190916,20191001.0,USD,RV,1.0,,12159.32,20190916.0,NAH4,1929876939.0,0
U001,0200769623,WAL-MAR in,2019-04-18 00:00:00,2019.0,1929101161.0,2019-04-08,20190407,20190408,20190423.0,USD,RV,1.0,,3593.18,20190408.0,NAH4,1929101161.0,0
U001,CCU013,KRAFT F foundation,2019-05-18 00:00:00,2019.0,1929310498.0,2019-05-18,20190514,20190518,20190518.0,USD,RV,1.0,,11075.26,20190518.0,NAX2,1929310498.0,0
U001,200078795,H T H foundation,2019-03-26 00:00:00,2019.0,1928957752.0,2019-03-13,20190314,20190313,20190328.0,USD,RV,1.0,,1072.11,20190313.0,NAA8,1928957752.0,0
U001,0200769623,WAL-MAR corp,2019-02-13 00:00:00,2019.0,1928727340.0,2019-02-03,20190202,20190203,20190218.0,USD,RV,1.0,,256.32,20190203.0,NAH4,1928727340.0,0
U001,0200779906,BOZZU llc,2019-10-28 00:00:00,2019.0,1929988693.0,2019-10-10,20191009,20191010,20191025.0,USD,RV,1.0,,119207.76,20191010.0,NAA8,1929988693.0,0
CA02,0140105847,GORDON F foundation,2019-09-23 00:00:00,2019.0,2960578775.0,2019-09-11,20190911,20190911,20190922.0,CAD,RV,1.0,,30480.7,20190912.0,CA10,2960578775.0,0
U001,0200881076,ALBERT corporation,2019-02-27 00:00:00,2019.0,1928758335.0,2019-02-12,20190206,20190212,20190227.0,USD,RV,1.0,,20062.63,20190212.0,NAA8,1928758335.0,0
U001,200769623,WAL-MAR foundation,2019-08-23 00:00:00,2019.0,1929733936.0,2019-08-13,20190811,20190813,20190828.0,USD,RV,1.0,,22607.91,20190813.0,NAH4,1929733936.0,0
U001,0200769623,WAL-MAR co,2019-05-06 00:00:00,2019.0,1929200436.0,2019-04-24,20190424,20190424,20190509.0,USD,RV,1.0,,22854.7,20190424.0,NAH4,1929200436.0,0
U001,0100031704,DELHAIZE ,2019-12-03 00:00:00,2019.0,1930148925.0,2019-11-13,20191113,20191113,20191128.0,USD,RV,1.0,,120568.04,20191113.0,NAA8,1930148925.0,0
CA02,0140104440,SO us,2019-02-27 00:00:00,2019.0,2960527468.0,2019-02-08,20190208,20190208,20190218.0,CAD,RV,1.0,,105491.89,20190208.0,CA10,2960527468.0,0
U001,200769623,WAL-MAR corporation,,2020.0,1930750656.0,2020-04-06,20200405,20200406,20200421.0,USD,RV,1.0,,3794.77,20200406.0,NAH4,1930750656.0,1
U001,0200744019,TARG corp,2019-10-08 00:00:00,2019.0,1929896904.0,2019-09-20,20190919,20190920,20191005.0,USD,RV,1.0,,875.06,20190920.0,NAA8,1929896904.0,0
U001,0140142846,MONDE trust,2019-11-29 00:00:00,2019.0,1929911053.0,2019-09-26,20190923,20190926,20191125.0,USD,RV,1.0,,898.95,20190926.0,NACB,1929911053.0,0
U001,0200759878,SA foundation,2019-01-22 00:00:00,2019.0,1928577693.0,2019-01-07,20190105,20190107,20190122.0,USD,RV,1.0,,68597.34,20190107.0,NAH4,1928577693.0,0
U001,0200769623,WAL-MAR trust,2019-08-20 00:00:00,2019.0,1929710435.0,2019-08-07,20190806,20190807,20190822.0,USD,RV,1.0,,1897.5,20190807.0,NAH4,1929710435.0,0
U001,0200778355,US  corporation,2019-09-20 00:00:00,2019.0,1929808789.0,2019-08-29,20190829,20190829,20190918.0,USD,RV,1.0,,951.14,20190829.0,NAD1,1929808789.0,0
U001,0200779051,AFFILI us,2019-07-15 00:00:00,2019.0,1929533835.0,2019-06-26,20190624,20190626,20190711.0,USD,RV,1.0,,20746.53,20190626.0,NAA8,1929533835.0,0
U001,200769623,WAL-MAR co,2019-07-16 00:00:00,2019.0,1929558386.0,2019-06-30,20190629,20190630,20190715.0,USD,RV,1.0,,5621.68,20190630.0,NAH4,1929558386.0,0
U001,0200780825,SYSCO FO in,2019-07-10 00:00:00,2019.0,1929534526.0,2019-06-24,20190624,20190624,20190709.0,USD,RV,1.0,,22919.43,20190624.0,NAA8,1929534526.0,0
U001,0200782669,SYGMA ,2019-12-26 00:00:00,2019.0,1930224889.0,2019-12-10,20191205,20191210,20191225.0,USD,RV,1.0,,34708.55,20191210.0,NAA8,1930224889.0,0
U001,0200029010,KROG associates,2019-08-05 00:00:00,2019.0,1929642989.0,2019-07-19,20190720,20190719,20190803.0,USD,RV,1.0,,80363.27,20190719.0,NAA8,1929642989.0,0
U001,0200759878,SA corp,2019-10-15 00:00:00,2019.0,1929939614.0,2019-09-29,20190928,20190929,20191014.0,USD,RV,1.0,,12668.17,20190929.0,NAH4,1929939614.0,0
U001,0200726979,BJ'S  associates,2019-03-14 00:00:00,2019.0,1928860905.0,2019-02-25,20190226,20190225,20190312.0,USD,RV,1.0,,967.98,20190225.0,NAA8,1928860905.0,0
U001,0200769623,WAL-MAR trust,2019-05-29 00:00:00,2019.0,1929323756.0,2019-05-16,20190516,20190516,20190531.0,USD,RV,1.0,,53870.77,20190516.0,NAH4,1929323756.0,0
U001,0100033439,WESTI us,2020-03-06 00:00:00,2020.0,1930559992.0,2020-02-26,20200224,20200226,20200307.0,USD,RV,1.0,,38349.0,20200226.0,NA10,1930559992.0,0
U001,0200416837,DEC associates,2019-05-25 00:00:00,2019.0,1929377946.0,2019-05-25,20190525,20190525,20190523.0,USD,RV,1.0,,8296.02,20190516.0,NAM1,1929377946.0,0
U001,0200769623,WAL-MAR trust,2019-12-18 00:00:00,2019.0,1930245176.0,2019-12-08,20191207,20191208,20191223.0,USD,RV,1.0,,129.98,20191208.0,NAH4,1930245176.0,0
U001,0200769623,WAL-MAR llc,,2020.0,1930580793.0,2020-02-29,20200228,20200229,20200315.0,USD,RV,1.0,,15746.07,20200229.0,NAH4,1930580793.0,1
U001,0200707741,SMART &  corp,2020-01-27 00:00:00,2020.0,1930389310.0,2020-01-10,20200111,20200110,20200125.0,USD,RV,1.0,,18067.15,20200110.0,NAA8,1930389310.0,0
U002,0200978592,PLAZA foundation,,2020.0,1990572117.0,2020-03-21,20200319,20200321,20200425.0,USD,RV,1.0,,66950.63,20200321.0,NAG2,1990572117.0,1
U001,0200002965,DECA llc,2020-01-15 00:00:00,2020.0,1930358360.0,2020-01-06,20200106,20200106,20200124.0,USD,RV,1.0,,10535.04,20200101.0,NAM4,1930358360.0,0
U001,0100036292,AMY foundation,2019-11-27 00:00:00,2019.0,1930035282.0,2019-10-21,20191021,20191021,20191106.0,USD,RV,1.0,,17882.92,20191021.0,NA3F,1930035282.0,0
U001,0200780825,SYSCO FO llc,2019-02-19 00:00:00,2019.0,1928726472.0,2019-02-05,20190204,20190205,20190220.0,USD,RV,1.0,,1934.87,20190205.0,NAA8,1928726472.0,0
U001,0200795490,HY -  corporation,2019-05-17 00:00:00,2019.0,1928943336.0,2019-03-11,20190311,20190311,20190515.0,USD,RV,1.0,,26152.91,20190311.0,NAGD,1928943336.0,0
U001,CCCA02,KRAFT  in,2019-08-30 00:00:00,2019.0,1929575706.0,2019-07-05,20190703,20190705,20190809.0,USD,RV,1.0,,37848.8,20190705.0,NAG2,1929575706.0,0
U001,0200752302,KROGER corp,2019-11-25 00:00:00,2019.0,1930013410.0,2019-10-15,20191015,20191015,20191124.0,USD,RV,1.0,,115.74,20191015.0,NAWU,1930013410.0,0
U001,0200782669,SYGMA trust,2019-05-28 00:00:00,2019.0,1929209661.0,2019-04-25,20190425,20190425,20190527.0,USD,RV,1.0,,51419.24,20190425.0,NA32,1929209661.0,0
U001,0200705742,DOT associates,2019-06-14 00:00:00,2019.0,1929405445.0,2019-05-30,20190530,20190530,20190703.0,USD,RV,1.0,,545.88,20190530.0,NAAW,1929405445.0,0
U001,0200794332,COST llc,2020-02-18 00:00:00,2020.0,1930472463.0,2020-02-03,20200203,20200203,20200218.0,USD,RV,1.0,,19155.05,20200203.0,NAAX,1930472463.0,0
U001,0200014556,ALBER co,2019-08-12 00:00:00,2019.0,1929627367.0,2019-07-19,20190717,20190719,20190803.0,USD,RV,1.0,,90689.3,20190719.0,NAA8,1929627367.0,0
U001,0200416837,DEC associates,2019-07-01 00:00:00,2019.0,1929514398.0,2019-06-19,20190619,20190619,20190709.0,USD,RV,1.0,,988.06,20190616.0,NAM4,1929514398.0,0
U001,0200711029,WEGMAN associates,,2020.0,1930750904.0,2020-04-05,20200405,20200405,20200420.0,USD,RV,1.0,,22786.96,20200405.0,NAA8,1930750904.0,1
U001,200799180,CHEN llc,2019-04-05 00:00:00,2019.0,1928997085.0,2019-03-21,20190320,20190321,20190405.0,USD,RV,1.0,,34694.81,20190321.0,NAA8,1928997085.0,0
U001,0200744019,TARG trust,2019-10-23 00:00:00,2019.0,1929959273.0,2019-10-05,20191004,20191005,20191020.0,USD,RV,1.0,,17089.01,20191005.0,NAA8,1929959273.0,0
U001,0200759878,SA systems,2019-10-07 00:00:00,2019.0,1929806384.0,2019-08-30,20190828,20190830,20191014.0,USD,RV,1.0,,92117.66,20190830.0,NAWP,1929806384.0,0
U001,0200418007,AM ,2019-10-09 00:00:00,2019.0,1929898932.0,2019-09-24,20190919,20190924,20191009.0,USD,RV,1.0,,436.86,20190924.0,NAA8,1929898932.0,0
U001,0200048886,SHERWO llc,2019-03-13 00:00:00,2019.0,1928859442.0,2019-02-27,20190226,20190227,20190314.0,USD,RV,1.0,,83739.44,20190227.0,NAA8,1928859442.0,0
U001,0200704858,WAKE foundation,2019-02-11 00:00:00,2019.0,1928703187.0,2019-01-29,20190129,20190129,20190213.0,USD,RV,1.0,,185987.82,20190129.0,NAA8,1928703187.0,0
U001,0200806580,BE us,2019-07-22 00:00:00,2019.0,1929606746.0,2019-07-16,20190710,20190716,20190731.0,USD,RV,1.0,,19141.82,20190716.0,NAA8,1929606746.0,0
U001,0200769623,WAL-MAR corporation,2019-06-18 00:00:00,2019.0,1929456826.0,2019-06-07,20190607,20190607,20190622.0,USD,RV,1.0,,52435.79,20190607.0,NAH4,1929456826.0,0
U001,0200769623,WAL-MAR llc,2019-05-21 00:00:00,2019.0,1929266191.0,2019-05-09,20190506,20190509,20190524.0,USD,RV,1.0,,16864.56,20190509.0,NAH4,1929266191.0,0
U001,0200956366,RICH ,2019-01-23 00:00:00,2019.0,1928609533.0,2019-01-09,20190111,20190109,20190124.0,USD,RV,1.0,,53400.6,20190109.0,NAA8,1928609533.0,0
U001,0200769623,WAL-MAR ,2019-12-27 00:00:00,2019.0,1930264184.0,2019-12-14,20191211,20191214,20191229.0,USD,RV,1.0,,26852.52,20191214.0,NAH4,1930264184.0,0
U001,0200769623,WAL-MAR systems,2020-03-06 00:00:00,2020.0,1930558864.0,2020-02-24,20200222,20200224,20200310.0,USD,RV,1.0,,49702.65,20200224.0,NAH4,1930558864.0,0
U001,0200803720,DEC systems,,2020.0,1930769275.0,2020-04-10,20200410,20200410,20200424.0,USD,RV,1.0,,2879.24,20200401.0,NAM4,1930769275.0,1
U001,0200418007,AM corp,2019-06-25 00:00:00,2019.0,1929445279.0,2019-06-10,20190606,20190610,20190625.0,USD,RV,1.0,,329.56,20190610.0,NAA8,1929445279.0,0
U001,0200732755,KROGER llc,2019-12-30 00:00:00,2019.0,1930280695.0,2019-12-15,20191214,20191215,20191230.0,USD,RV,1.0,,127241.28,20191215.0,NAA8,1930280695.0,0
U001,0200726979,BJ'S  co,2019-04-29 00:00:00,2019.0,1929160606.0,2019-04-12,20190417,20190412,20190427.0,USD,RV,1.0,,387.92,20190412.0,NAA8,1929160606.0,0
U001,0200790107,ROU co,2019-07-02 00:00:00,2019.0,1929497476.0,2019-06-17,20190616,20190617,20190702.0,USD,RV,1.0,,132199.02,20190617.0,NAC6,1929497476.0,0
U001,0200744019,TARG foundation,,2020.0,1930862912.0,2020-05-07,20200506,20200507,20200522.0,USD,RV,1.0,,22631.36,20200507.0,NAA8,1930862912.0,1
U001,200794332,COST us,,2020.0,1930684079.0,2020-03-24,20200322,20200324,20200408.0,USD,RV,1.0,,454.46,20200324.0,NAAX,1930684079.0,1
CA02,0140104429,COSTCO ,,2020.0,2960617959.0,2020-03-02,20200302,20200302,20200312.0,CAD,RV,1.0,,40505.24,20200302.0,CA10,2960617959.0,1
U001,0200776463,KROGE trust,2019-11-18 00:00:00,2019.0,1930088847.0,2019-11-01,20191101,20191101,20191116.0,USD,RV,1.0,,130131.28,20191101.0,NAA8,1930088847.0,0
U001,0200769623,WAL-MAR foundation,2020-03-09 00:00:00,2020.0,1930559534.0,2020-02-26,20200223,20200226,20200312.0,USD,RV,1.0,,16381.5,20200226.0,NAH4,1930559534.0,0
U001,0200769623,WAL-MAR foundation,2019-02-25 00:00:00,2019.0,1928791589.0,2019-02-12,20190213,20190212,20190227.0,USD,RV,1.0,,73060.56,20190212.0,NAH4,1928791589.0,0
U001,0200769623,WAL-MAR foundation,2019-10-17 00:00:00,2019.0,1929976113.0,2019-10-07,20191006,20191007,20191022.0,USD,RV,1.0,,60040.5,20191007.0,NAH4,1929976113.0,0
U001,0200772670,ASSOCIAT corporation,2019-05-29 00:00:00,2019.0,1929302062.0,2019-05-11,20190511,20190511,20190526.0,USD,RV,1.0,,611.99,20190511.0,NAU5,1929302062.0,0
U001,0100043892,IN-N in,2019-10-08 00:00:00,2019.0,1929929024.0,2019-09-25,20190926,20190925,20191010.0,USD,RV,1.0,,15393.72,20190925.0,NAA8,1929929024.0,0
U001,0200797452,US  us,2019-08-16 00:00:00,2019.0,1929677879.0,2019-07-30,20190730,20190730,20190814.0,USD,RV,1.0,,49024.83,20190730.0,NAA8,1929677879.0,0
U001,0200769623,WAL-MAR us,2019-12-02 00:00:00,2019.0,1930162642.0,2019-11-17,20191116,20191117,20191202.0,USD,RV,1.0,,19456.01,20191117.0,NAH4,1930162642.0,0
U001,0200736337,SYSCO F llc,2019-10-18 00:00:00,2019.0,1929940820.0,2019-10-02,20190930,20191002,20191017.0,USD,RV,1.0,,5899.06,20191002.0,NAA8,1929940820.0,0
U001,0200735528,ASSOCIA ,2019-04-18 00:00:00,2019.0,1929060296.0,2019-04-02,20190331,20190402,20190417.0,USD,RV,1.0,,116612.77,20190402.0,NAA8,1929060296.0,0
U001,0200769623,WAL-MAR corp,2019-06-20 00:00:00,2019.0,1929458260.0,2019-06-10,20190608,20190610,20190625.0,USD,RV,1.0,,8803.97,20190610.0,NAH4,1929458260.0,0
U001,0200718130,SYSCO F us,2019-04-24 00:00:00,2019.0,1929098198.0,2019-04-08,20190407,20190408,20190423.0,USD,RV,1.0,,4375.63,20190408.0,NAA8,1929098198.0,0
U001,0200820380,SMITH'S llc,2019-09-16 00:00:00,2019.0,1929814754.0,2019-09-01,20190831,20190901,20190916.0,USD,RV,1.0,,66547.14,20190901.0,NAA8,1929814754.0,0
U001,0200781831,RITE trust,2019-04-18 00:00:00,2019.0,1929070404.0,2019-04-03,20190402,20190403,20190418.0,USD,RV,1.0,,81793.11,20190403.0,NAA8,1929070404.0,0
U001,0200759878,SA corp,2019-09-16 00:00:00,2019.0,1929798195.0,2019-08-29,20190827,20190829,20190913.0,USD,RV,1.0,,14869.3,20190829.0,NAH4,1929798195.0,0
U001,0200769623,WAL-MAR corporation,2019-09-19 00:00:00,2019.0,1929842880.0,2019-09-09,20190907,20190909,20190924.0,USD,RV,1.0,,38064.29,20190909.0,NAH4,1929842880.0,0
U001,0200794332,COST corp,2019-10-17 00:00:00,2019.0,1929951538.0,2019-10-02,20191002,20191002,20191017.0,USD,RV,1.0,,8334.54,20191002.0,NAAX,1929951538.0,0
U001,0200726979,BJ'S  systems,,2020.0,1930717820.0,2020-03-29,20200328,20200329,20200413.0,USD,RV,1.0,,206.36,20200329.0,NAA8,1930717820.0,1
U001,0200707822,PUBLI corp,2019-03-22 00:00:00,2019.0,1928923540.0,2019-03-07,20190307,20190307,20190322.0,USD,RV,1.0,,114911.78,20190307.0,NAA8,1928923540.0,0
U001,0200726979,BJ'S  llc,,2020.0,1930843009.0,2020-04-28,20200430,20200428,20200513.0,USD,RV,1.0,,431.34,20200428.0,NAA8,1930843009.0,1
U001,0200769623,WAL-MAR co,2019-04-11 00:00:00,2019.0,1929053583.0,2019-04-01,20190330,20190401,20190416.0,USD,RV,1.0,,886.53,20190401.0,NAH4,1929053583.0,0
U001,0200847305,CUSTOM llc,2019-06-14 00:00:00,2019.0,1929403041.0,2019-05-30,20190529,20190530,20190609.0,USD,RV,1.0,,62538.54,20190530.0,NA10,1929403041.0,0
U001,0200721222,GO associates,2019-12-05 00:00:00,2019.0,1930166468.0,2019-11-19,20191119,20191119,20191204.0,USD,RV,1.0,,91921.16,20191119.0,NAA8,1930166468.0,0
U013,CC6050,HEIN co,2019-08-16 00:00:00,2019.0,1991829158.0,2019-07-05,20190705,20190705,20190819.0,USD,RV,1.0,,23601.46,20190705.0,NAVF,1991829158.0,0
U001,0200769623,WAL-MAR trust,2020-02-24 00:00:00,2020.0,1930517311.0,2020-02-13,20200212,20200213,20200228.0,USD,RV,1.0,,2373.96,20200213.0,NAH4,1930517311.0,0
U001,0200466603,SMITH'S co,2019-11-25 00:00:00,2019.0,1930120965.0,2019-11-09,20191107,20191109,20191124.0,USD,RV,1.0,,52559.16,20191109.0,NAA8,1930120965.0,0
U001,0200785971,SYSCO  ,2019-11-29 00:00:00,2019.0,1930078031.0,2019-11-01,20191031,20191101,20191116.0,USD,RV,1.0,,9859.75,20191101.0,NAA8,1930078031.0,0
U001,0200769623,WAL-MAR corporation,2019-05-09 00:00:00,2019.0,1929220861.0,2019-04-28,20190427,20190428,20190513.0,USD,RV,1.0,,1019.02,20190428.0,NAH4,1929220861.0,0
U001,0200275115,SHAWS  us,2019-11-01 00:00:00,2019.0,1929791085.0,2019-08-28,20190827,20190828,20191101.0,USD,RV,1.0,,2881.77,20190828.0,NAGD,1929791085.0,0
U001,0200769623,WAL-MAR llc,2019-05-16 00:00:00,2019.0,1929259523.0,2019-05-04,20190504,20190504,20190519.0,USD,RV,1.0,,11306.81,20190504.0,NAH4,1929259523.0,0
U001,0200769623,WAL-MAR trust,2019-09-12 00:00:00,2019.0,1929821805.0,2019-09-02,20190901,20190902,20190917.0,USD,RV,1.0,,51812.35,20190902.0,NAH4,1929821805.0,0
U001,0200704858,WAKE trust,2019-11-18 00:00:00,2019.0,1930077045.0,2019-11-01,20191030,20191101,20191211.0,USD,RV,1.0,,1617.28,20191101.0,NAWU,1930077045.0,0
U001,0200418007,AM trust,2019-02-28 00:00:00,2019.0,1928765389.0,2019-02-12,20190208,20190212,20190227.0,USD,RV,1.0,,34818.39,20190212.0,NAA8,1928765389.0,0
U001,0200772670,ASSOCIAT ,2019-12-02 00:00:00,2019.0,1929938216.0,2019-09-27,20190927,20190927,20191201.0,USD,RV,1.0,,23136.4,20190927.0,NAGD,1929938216.0,0
U001,0200458253,ATLANTA  trust,2019-08-23 00:00:00,2019.0,1929620634.0,2019-07-17,20190715,20190717,20190816.0,USD,RV,1.0,,55135.08,20190717.0,NAD5,1929620634.0,0
U001,200803720,DEC co,2019-04-12 00:00:00,2019.0,1929118661.0,2019-04-10,20190410,20190410,20190411.0,USD,RV,1.0,,2688.34,20190401.0,NAM2,1929118661.0,0
U001,0200416837,DEC corp,2019-08-16 00:00:00,2019.0,1929702456.0,2019-08-05,20190805,20190805,20190824.0,USD,RV,1.0,,320.94,20190801.0,NAM4,1929702456.0,0
U001,0200759082,INGL in,2019-08-09 00:00:00,2019.0,1929656566.0,2019-07-24,20190724,20190724,20190808.0,USD,RV,1.0,,92890.19,20190724.0,NAA8,1929656566.0,0
U001,0200707822,PUBLI co,2019-12-11 00:00:00,2019.0,1930198476.0,2019-11-26,20191127,20191126,20191211.0,USD,RV,1.0,,142673.14,20191126.0,NAA8,1930198476.0,0
U001,0200727278,BLOU in,2019-09-06 00:00:00,2019.0,1929753957.0,2019-08-20,20190816,20190820,20190904.0,USD,RV,1.0,,77431.95,20190820.0,NAA8,1929753957.0,0
CA02,0140106408,WAL-M us,2019-12-30 00:00:00,2019.0,2960597354.0,2019-12-06,20191206,20191206,20191216.0,CAD,RV,1.0,,8932.36,20191206.0,CA10,2960597354.0,0
U001,0200592182,DECA us,,2020.0,1930886665.0,2020-05-12,20200512,20200512,20200524.0,USD,RV,1.0,,1226.0,20200501.0,NAM4,1930886665.0,1
U001,0100031704,DELHAIZE associates,2019-09-10 00:00:00,2019.0,1929791476.0,2019-08-27,20190826,20190827,20190911.0,USD,RV,1.0,,37622.09,20190827.0,NAA8,1929791476.0,0
U001,0200769623,WAL-MAR systems,,2020.0,1930619552.0,2020-03-08,20200307,20200308,20200323.0,USD,RV,1.0,,28359.39,20200308.0,NAH4,1930619552.0,1
U001,0200762301,C&S WH corp,2019-09-24 00:00:00,2019.0,1929588788.0,2019-07-10,20190708,20190710,20190923.0,USD,RV,1.0,,2125.15,20190710.0,NAWN,1929588788.0,0
U001,0200707005,KING S corporation,,2020.0,1930581887.0,2020-03-02,20200229,20200302,20200317.0,USD,RV,1.0,,28604.81,20200302.0,NAA8,1930581887.0,1
U001,0200980828,BEN E co,2020-02-24 00:00:00,2020.0,1930515704.0,2020-02-14,20200211,20200214,20200229.0,USD,RV,1.0,,22472.54,20200214.0,NAA8,1930515704.0,0
U001,0200797452,US  llc,2019-10-04 00:00:00,2019.0,1929876049.0,2019-09-13,20190914,20190913,20190928.0,USD,RV,1.0,,64808.41,20190913.0,NAA8,1929876049.0,0
CA02,0100025721,MANU us,2019-01-21 00:00:00,2019.0,2960520922.0,2019-01-02,20190102,20190102,20190114.0,CAD,RV,1.0,,12975.84,20190104.0,CA10,2960520922.0,0
U001,200732755,KROGER systems,2019-04-23 00:00:00,2019.0,1929101243.0,2019-04-08,20190407,20190408,20190423.0,USD,RV,1.0,,23341.33,20190408.0,NAA8,1929101243.0,0
CA02,140105847,GORDON F llc,2019-03-01 00:00:00,2019.0,2960529083.0,2019-02-19,20190219,20190219,20190302.0,CAD,RV,1.0,,26035.4,20190220.0,CA10,2960529083.0,0
U001,0200707822,PUBLI in,2019-04-26 00:00:00,2019.0,1929130415.0,2019-04-11,20190411,20190411,20190426.0,USD,RV,1.0,,121029.54,20190411.0,NAA8,1929130415.0,0
U001,0200749782,KROG in,2019-01-24 00:00:00,2019.0,1928594139.0,2019-01-09,20190109,20190109,20190124.0,USD,RV,1.0,,5953.98,20190109.0,NAA8,1928594139.0,0
U001,0200769623,WAL-MAR co,2019-04-23 00:00:00,2019.0,1929131322.0,2019-04-11,20190411,20190411,20190426.0,USD,RV,1.0,,50546.88,20190411.0,NAH4,1929131322.0,0
U001,0200747369,SCHNU in,2019-06-25 00:00:00,2019.0,1929457795.0,2019-06-08,20190608,20190608,20190623.0,USD,RV,1.0,,47117.59,20190608.0,NAA8,1929457795.0,0
CA02,0100031628,COLDST co,2019-11-12 00:00:00,2019.0,2960587299.0,2019-10-22,20191022,20191022,20191110.0,CAD,RV,1.0,,11645.28,20191031.0,CA10,2960587299.0,0
U001,0200782001,GORDO llc,2019-07-03 00:00:00,2019.0,1929518584.0,2019-06-20,20190620,20190620,20190705.0,USD,RV,1.0,,40378.95,20190620.0,NAA8,1929518584.0,0
U001,0100000222,SMITHFIE foundation,2019-11-15 00:00:00,2019.0,1930065321.0,2019-10-29,20191029,20191029,20191113.0,USD,RV,1.0,,32334.87,20191029.0,NAA8,1930065321.0,0
U001,0200780383,MEIJ systems,2019-11-22 00:00:00,2019.0,1930114314.0,2019-11-06,20191106,20191106,20191121.0,USD,RV,1.0,,51072.63,20191106.0,NAA8,1930114314.0,0
U001,CCU002,KRFT FDS trust,2019-12-20 00:00:00,2019.0,1930116110.0,2019-11-10,20191106,20191110,20191215.0,USD,RV,1.0,,296.31,20191110.0,NAG2,1930116110.0,0
U001,0200772670,ASSOCIAT associates,2019-02-20 00:00:00,2019.0,1928733344.0,2019-02-04,20190204,20190204,20190219.0,USD,RV,1.0,,148140.86,20190204.0,NAU5,1928733344.0,0
U001,0200230690,DECA llc,2019-12-24 00:00:00,2019.0,1930288685.0,2019-12-17,20191217,20191217,20191223.0,USD,RV,1.0,,8121.29,20191216.0,NAM1,1930288685.0,0
U001,CCCA02,KRAFT  corporation,2020-02-28 00:00:00,2020.0,1930421503.0,2020-01-23,20200121,20200123,20200227.0,USD,RV,1.0,,26121.6,20200123.0,NAG2,1930421503.0,0
U001,0200762301,C&S WH trust,2019-03-01 00:00:00,2019.0,1928795848.0,2019-02-14,20190214,20190214,20190301.0,USD,RV,1.0,,4440.77,20190214.0,NAC6,1928795848.0,0
U001,200803720,DEC llc,2019-04-16 00:00:00,2019.0,1929119671.0,2019-04-10,20190410,20190410,20190424.0,USD,RV,1.0,,5246.73,20190401.0,NAM4,1929119671.0,0
U001,0200772595,SAFEW corp,2019-05-24 00:00:00,2019.0,1929284162.0,2019-05-09,20190508,20190509,20190524.0,USD,RV,1.0,,65873.25,20190509.0,NAA8,1929284162.0,0
U001,200794332,COST foundation,,2020.0,1930654905.0,2020-03-18,20200316,20200318,20200402.0,USD,RV,1.0,,12610.49,20200318.0,NAAX,1930654905.0,1
U001,0200353024,DECA systems,2019-06-03 00:00:00,2019.0,1929354762.0,2019-05-21,20190521,20190521,20190608.0,USD,RV,1.0,,347.74,20190516.0,NAM4,1929354762.0,0
U001,0100031704,DELHAIZE corp,2019-09-23 00:00:00,2019.0,1929830632.0,2019-09-05,20190905,20190905,20190920.0,USD,RV,1.0,,16740.01,20190905.0,NAA8,1929830632.0,0
U001,0200792734,MDV/ corporation,,2020.0,1930858070.0,2020-05-05,20200505,20200505,20200520.0,USD,RV,1.0,,37911.08,20200505.0,NAA8,1930858070.0,1
U001,0200705742,DOT in,2019-01-23 00:00:00,2019.0,1928590524.0,2019-01-08,20190108,20190108,20190123.0,USD,RV,1.0,,2530.04,20190108.0,NAA8,1928590524.0,0
U001,0200762301,C&S WH llc,2019-05-07 00:00:00,2019.0,1929178788.0,2019-04-20,20190420,20190420,20190505.0,USD,RV,1.0,,1990.81,20190420.0,NAC6,1929178788.0,0
U001,0200797984,PIGGLY co,,2020.0,1930794574.0,2020-04-17,20200416,20200417,20200502.0,USD,RV,1.0,,107256.52,20200417.0,NAA8,1930794574.0,1
U001,0200780383,MEIJ foundation,2019-10-03 00:00:00,2019.0,1929881663.0,2019-09-18,20190917,20190918,20191003.0,USD,RV,1.0,,462.82,20190918.0,NAA8,1929881663.0,0
U001,0200769623,WAL-MAR foundation,2019-03-04 00:00:00,2019.0,1928799868.0,2019-02-15,20190214,20190215,20190302.0,USD,RV,1.0,,101.15,20190215.0,NAH4,1928799868.0,0
U001,0200769623,WAL-MAR ,2019-02-08 00:00:00,2019.0,1928702809.0,2019-01-29,20190129,20190129,20190213.0,USD,RV,1.0,,34384.05,20190129.0,NAH4,1928702809.0,0
U001,0200769623,WAL-MAR corp,2019-08-30 00:00:00,2019.0,1929760099.0,2019-08-19,20190818,20190819,20190903.0,USD,RV,1.0,,14497.92,20190819.0,NAH4,1929760099.0,0
U001,0200407025,ALBERT ,2020-01-17 00:00:00,2020.0,1930339486.0,2020-01-02,20191231,20200102,20200117.0,USD,RV,1.0,,6773.28,20200102.0,NAA8,1930339486.0,0
U001,200759878,SA us,2019-06-14 00:00:00,2019.0,1929381668.0,2019-05-29,20190526,20190529,20190613.0,USD,RV,1.0,,15861.92,20190529.0,NAH4,1929381668.0,0
U001,0200769623,WAL-MAR llc,2019-12-24 00:00:00,2019.0,1930240276.0,2019-12-08,20191207,20191208,20191223.0,USD,RV,1.0,,2907.58,20191208.0,NAH4,1930240276.0,0
U001,0200357714,US  llc,2019-07-31 00:00:00,2019.0,1929620179.0,2019-07-15,20190715,20190715,20190730.0,USD,RV,1.0,,30995.2,20190715.0,NAA8,1929620179.0,0
U001,0200726979,BJ'S  ,2019-09-06 00:00:00,2019.0,1929772127.0,2019-08-22,20190821,20190822,20190906.0,USD,RV,1.0,,257.28,20190822.0,NAA8,1929772127.0,0
U001,0200780383,MEIJ co,2020-01-27 00:00:00,2020.0,1930379378.0,2020-01-09,20200109,20200109,20200124.0,USD,RV,1.0,,49741.9,20200109.0,NAA8,1930379378.0,0
U001,200769623,WAL-MAR in,2020-01-13 00:00:00,2020.0,1930333225.0,2019-12-31,20191229,20191231,20200115.0,USD,RV,1.0,,15582.59,20191231.0,NAH4,1930333225.0,0
U001,0200769623,WAL-MAR associates,2020-03-09 00:00:00,2020.0,1930533787.0,2020-02-18,20200217,20200218,20200304.0,USD,RV,1.0,,1184.18,20200218.0,NAH4,1930533787.0,0
U001,CCU013,KRAFT F corporation,2019-05-03 00:00:00,2019.0,1928973705.0,2019-03-15,20190315,20190315,20190315.0,USD,RV,1.0,,29162.0,20190315.0,NAX2,1928973705.0,0
U001,200455322,PEA in,2019-03-22 00:00:00,2019.0,1928844731.0,2019-02-24,20190222,20190224,20190326.0,USD,RV,1.0,,66914.9,20190224.0,NAD5,1928844731.0,0
U002,0200978592,PLAZA in,2019-09-11 00:00:00,2019.0,1990567654.0,2019-07-30,20190728,20190730,20190903.0,USD,RV,1.0,,59586.06,20190730.0,NAG2,1990567654.0,0
U001,0200790107,ROU foundation,2019-10-07 00:00:00,2019.0,1929886287.0,2019-09-19,20190919,20190919,20191004.0,USD,RV,1.0,,119495.51,20190919.0,NAC6,1929886287.0,0
U001,0200747369,SCHNU corp,2019-12-03 00:00:00,2019.0,1930164589.0,2019-11-17,20191118,20191117,20191202.0,USD,RV,1.0,,21623.1,20191117.0,NAA8,1930164589.0,0
U001,0200782249,ACE  corp,2019-07-26 00:00:00,2019.0,1929611998.0,2019-07-15,20190712,20190715,20190730.0,USD,RV,1.0,,42261.03,20190715.0,NAA8,1929611998.0,0
U001,0200726979,BJ'S  ,2020-02-26 00:00:00,2020.0,1930510911.0,2020-02-11,20200211,20200211,20200226.0,USD,RV,1.0,,842.3,20200211.0,NAA8,1930510911.0,0
U001,0200714710,SYSCO  co,2019-06-26 00:00:00,2019.0,1929462620.0,2019-06-10,20190609,20190610,20190625.0,USD,RV,1.0,,1041.27,20190610.0,NAA8,1929462620.0,0
U001,0100030964,NATURA systems,2019-06-12 00:00:00,2019.0,1929435543.0,2019-06-06,20190605,20190606,20190621.0,USD,RV,1.0,,5303.31,20190606.0,NAA8,1929435543.0,0
U001,0200769623,WAL-MAR systems,2019-08-01 00:00:00,2019.0,1929626733.0,2019-07-17,20190716,20190717,20190801.0,USD,RV,1.0,,2022.04,20190717.0,NAH4,1929626733.0,0
U001,0200769623,WAL-MAR llc,2019-07-02 00:00:00,2019.0,1929524502.0,2019-06-21,20190621,20190621,20190706.0,USD,RV,1.0,,471.56,20190621.0,NAH4,1929524502.0,0
U001,0200769623,WAL-MAR corporation,2019-05-13 00:00:00,2019.0,1929225247.0,2019-04-30,20190429,20190430,20190515.0,USD,RV,1.0,,551.85,20190430.0,NAH4,1929225247.0,0
U001,CCU013,KRAFT F us,2019-08-30 00:00:00,2019.0,1928710477.0,2019-02-01,20190130,20190201,20190201.0,USD,RV,1.0,,1356.04,20190201.0,NAX2,1928710477.0,0
U001,0200769623,WAL-MAR corp,2019-10-07 00:00:00,2019.0,1929910718.0,2019-09-24,20190923,20190924,20191009.0,USD,RV,1.0,,17061.25,20190924.0,NAH4,1929910718.0,0
U001,0200794332,COST trust,2019-05-13 00:00:00,2019.0,1929205887.0,2019-04-26,20190425,20190426,20190511.0,USD,RV,1.0,,20557.14,20190426.0,NAAX,1929205887.0,0
U001,CCU013,KRAFT F corporation,2019-06-28 00:00:00,2019.0,1929385605.0,2019-05-29,20190527,20190529,20190529.0,USD,RV,1.0,,28871.99,20190529.0,NAX2,1929385605.0,0
U001,0200769623,WAL-MAR trust,2019-11-18 00:00:00,2019.0,1929951254.0,2019-10-04,20191002,20191004,20191019.0,USD,RV,1.0,,808.85,20191004.0,NAH4,1929951254.0,0
CA02,0140104440,SO in,2019-11-20 00:00:00,2019.0,2960591623.0,2019-11-05,20191105,20191105,20191115.0,CAD,RV,1.0,,143616.46,20191105.0,CA10,2960591623.0,0
U001,0200526831,PERISH foundation,2019-12-16 00:00:00,2019.0,1930200139.0,2019-11-27,20191127,20191127,20191212.0,USD,RV,1.0,,115752.23,20191127.0,NAA8,1930200139.0,0
U001,0200735226,BAS in,2019-06-26 00:00:00,2019.0,1929479161.0,2019-06-12,20190612,20190612,20190627.0,USD,RV,1.0,,20948.52,20190612.0,NAA8,1929479161.0,0
U001,0200820380,SMITH'S associates,2019-06-03 00:00:00,2019.0,1929322718.0,2019-05-18,20190515,20190518,20190602.0,USD,RV,1.0,,17902.86,20190518.0,NAA8,1929322718.0,0
U001,0200761734,H E BUT us,2019-01-23 00:00:00,2019.0,1928578830.0,2019-01-09,20190106,20190109,20190124.0,USD,RV,1.0,,15064.21,20190109.0,NAA8,1928578830.0,0
U001,200769623,WAL-MAR foundation,,2020.0,1930685396.0,2020-03-23,20200322,20200323,20200407.0,USD,RV,1.0,,3270.04,20200323.0,NAH4,1930685396.0,1
U001,0200705742,DOT in,2019-12-30 00:00:00,2019.0,1930195317.0,2019-11-26,20191126,20191126,20191230.0,USD,RV,1.0,,2414.57,20191126.0,NAAW,1930195317.0,0
U001,0200769623,WAL-MAR in,2019-06-05 00:00:00,2019.0,1929377489.0,2019-05-25,20190525,20190525,20190609.0,USD,RV,1.0,,1636.25,20190525.0,NAH4,1929377489.0,0
U001,0200762301,C&S WH llc,2019-07-16 00:00:00,2019.0,1929558665.0,2019-06-30,20190629,20190630,20190715.0,USD,RV,1.0,,6583.0,20190630.0,NAC6,1929558665.0,0
U001,0200148860,DOLLA associates,2019-07-08 00:00:00,2019.0,1929515612.0,2019-06-20,20190619,20190620,20190705.0,USD,RV,1.0,,86992.77,20190620.0,NAA8,1929515612.0,0
U001,0200744019,TARG corp,2020-01-30 00:00:00,2020.0,1930396535.0,2020-01-15,20200114,20200115,20200130.0,USD,RV,1.0,,7193.56,20200115.0,NAA8,1930396535.0,0
U001,0200803720,DEC corporation,2019-10-01 00:00:00,2019.0,1929910485.0,2019-09-23,20190923,20190923,20191009.0,USD,RV,1.0,,1998.54,20190916.0,NAM4,1929910485.0,0
U001,0200744019,TARG co,2019-03-26 00:00:00,2019.0,1928888043.0,2019-03-03,20190302,20190303,20190318.0,USD,RV,1.0,,10713.71,20190303.0,NAA8,1928888043.0,0
U013,0100046476,PAPA JOH llc,2019-11-11 00:00:00,2019.0,1991834606.0,2019-11-06,20191106,20191106,20191106.0,USD,RV,1.0,,13876.0,20191106.0,NAB1,1991834606.0,0
U001,0200769623,WAL-MAR associates,2020-02-21 00:00:00,2020.0,1930506640.0,2020-02-11,20200209,20200211,20200226.0,USD,RV,1.0,,3403.8,20200211.0,NAH4,1930506640.0,0
U001,0200230690,DECA associates,2019-05-09 00:00:00,2019.0,1929257930.0,2019-05-04,20190504,20190504,20190511.0,USD,RV,1.0,,1975.11,20190501.0,NAM2,1929257930.0,0
U001,0200769623,WAL-MAR co,2019-07-19 00:00:00,2019.0,1929559411.0,2019-07-02,20190629,20190702,20190717.0,USD,RV,1.0,,6168.2,20190702.0,NAH4,1929559411.0,0
U001,0200571849,US  systems,2019-01-29 00:00:00,2019.0,1928594262.0,2019-01-11,20190109,20190111,20190131.0,USD,RV,1.0,,40618.84,20190111.0,NAD1,1928594262.0,0
U001,0200792734,MDV/ ,2019-10-11 00:00:00,2019.0,1929672919.0,2019-07-29,20190729,20190729,20191012.0,USD,RV,1.0,,4220.2,20190729.0,NAWN,1929672919.0,0
U001,0200726979,BJ'S  corp,2019-07-01 00:00:00,2019.0,1929487931.0,2019-06-15,20190613,20190615,20190630.0,USD,RV,1.0,,33383.31,20190615.0,NAA8,1929487931.0,0
U001,0200706844,WINC trust,2019-03-22 00:00:00,2019.0,1928906763.0,2019-03-05,20190305,20190305,20190320.0,USD,RV,1.0,,17155.14,20190305.0,NAA8,1928906763.0,0
U001,CCU013,KRAFT F foundation,2020-02-28 00:00:00,2020.0,1930439972.0,2020-01-25,20200125,20200125,20200125.0,USD,RV,1.0,,17222.8,20200125.0,NAX2,1930439972.0,0
U001,0200769623,WAL-MAR foundation,2019-02-11 00:00:00,2019.0,1928707942.0,2019-01-31,20190130,20190131,20190215.0,USD,RV,1.0,,15709.69,20190131.0,NAH4,1928707942.0,0
U001,0200769623,WAL-MAR corporation,2019-02-21 00:00:00,2019.0,1928780511.0,2019-02-11,20190211,20190211,20190226.0,USD,RV,1.0,,991.22,20190211.0,NAH4,1928780511.0,0
U001,0200762301,C&S WH co,2019-01-15 00:00:00,2019.0,1928539714.0,2018-12-30,20181229,20181230,20190114.0,USD,RV,1.0,,18116.87,20181230.0,NAC6,1928539714.0,0
U001,0200799367,MCL associates,2019-04-15 00:00:00,2019.0,1929024323.0,2019-03-28,20190325,20190328,20190412.0,USD,RV,1.0,,21924.08,20190328.0,NAA8,1929024323.0,0
U001,0200769623,WAL-MAR in,2020-02-18 00:00:00,2020.0,1930474483.0,2020-02-05,20200204,20200205,20200220.0,USD,RV,1.0,,37933.39,20200205.0,NAH4,1930474483.0,0
U001,0200762301,C&S WH trust,2019-10-22 00:00:00,2019.0,1929967952.0,2019-10-07,20191005,20191007,20191022.0,USD,RV,1.0,,18261.24,20191007.0,NAC6,1929967952.0,0
U001,0200707005,KING S co,,2020.0,1930715320.0,2020-03-29,20200328,20200329,20200413.0,USD,RV,1.0,,13930.02,20200329.0,NAA8,1930715320.0,1
U001,0200726979,BJ'S  us,2019-11-01 00:00:00,2019.0,1930021377.0,2019-10-17,20191017,20191017,20191101.0,USD,RV,1.0,,975.55,20191017.0,NAA8,1930021377.0,0
U001,0200723794,MID MO corporation,,2020.0,1930644084.0,2020-03-12,20200312,20200312,20200327.0,USD,RV,1.0,,139402.4,20200312.0,NAA8,1930644084.0,1
U001,0200769623,WAL-MAR corp,2019-12-19 00:00:00,2019.0,1930251927.0,2019-12-09,20191209,20191209,20191224.0,USD,RV,1.0,,5027.3,20191209.0,NAH4,1930251927.0,0
CA02,0140104240,FEDER trust,2020-02-12 00:00:00,2020.0,2960609073.0,2020-01-28,20200128,20200128,20200215.0,CAD,RV,1.0,,13899.22,20200205.0,CA10,2960609073.0,0
U001,0200756072,REINHA corp,2020-02-20 00:00:00,2020.0,1930476740.0,2020-02-05,20200204,20200205,20200220.0,USD,RV,1.0,,40572.52,20200205.0,NAA8,1930476740.0,0
U001,0200455322,PEA in,2019-02-11 00:00:00,2019.0,1928561689.0,2019-01-05,20190103,20190105,20190204.0,USD,RV,1.0,,24816.74,20190105.0,NAD5,1928561689.0,0
U001,0200762301,C&S WH foundation,2019-12-16 00:00:00,2019.0,1930199050.0,2019-11-29,20191127,20191129,20191214.0,USD,RV,1.0,,31154.5,20191129.0,NAC6,1930199050.0,0
U001,0200040366,RASTEL foundation,2019-07-30 00:00:00,2019.0,1929595161.0,2019-07-11,20190709,20190711,20190726.0,USD,RV,1.0,,32074.55,20190711.0,NAA8,1929595161.0,0
U001,0200769623,WAL-MAR trust,2019-08-01 00:00:00,2019.0,1929626411.0,2019-07-17,20190716,20190717,20190801.0,USD,RV,1.0,,6172.77,20190717.0,NAH4,1929626411.0,0
U001,0200772595,SAFEW co,2019-11-12 00:00:00,2019.0,1930050003.0,2019-10-25,20191024,20191025,20191109.0,USD,RV,1.0,,21445.13,20191025.0,NAA8,1930050003.0,0
U002,0200978592,PLAZA in,2019-08-14 00:00:00,2019.0,1990567629.0,2019-07-02,20190630,20190702,20190806.0,USD,RV,1.0,,59586.06,20190702.0,NAG2,1990567629.0,0
U001,0200729942,SA trust,2019-11-01 00:00:00,2019.0,1930035269.0,2019-10-21,20191021,20191021,20191105.0,USD,RV,1.0,,12427.83,20191021.0,NAA8,1930035269.0,0
U001,0200769623,WAL-MAR associates,2019-05-14 00:00:00,2019.0,1929224686.0,2019-04-28,20190429,20190428,20190513.0,USD,RV,1.0,,64736.3,20190428.0,NAH4,1929224686.0,0
U001,0200794332,COST foundation,2019-05-17 00:00:00,2019.0,1929245032.0,2019-05-03,20190502,20190503,20190518.0,USD,RV,1.0,,27569.23,20190503.0,NAAX,1929245032.0,0
U001,0200705742,DOT trust,,2020.0,1930653590.0,2020-03-15,20200315,20200315,20200330.0,USD,RV,1.0,,23359.8,20200315.0,NAA8,1930653590.0,1
U001,0200769623,WAL-MAR associates,2019-10-15 00:00:00,2019.0,1929961578.0,2019-10-05,20191004,20191005,20191020.0,USD,RV,1.0,,43697.87,20191005.0,NAH4,1929961578.0,0
U001,0200212854,MTC  llc,2019-12-31 00:00:00,2019.0,1930282920.0,2019-12-16,20191215,20191216,20191231.0,USD,RV,1.0,,77772.0,20191216.0,NAA8,1930282920.0,0
U001,0200769623,WAL-MAR systems,2019-08-15 00:00:00,2019.0,1929676968.0,2019-07-30,20190730,20190730,20190814.0,USD,RV,1.0,,52101.89,20190730.0,NAH4,1929676968.0,0
U001,0200785971,SYSCO  us,2019-07-15 00:00:00,2019.0,1929466852.0,2019-06-10,20190610,20190610,20190712.0,USD,RV,1.0,,14806.05,20190610.0,NA32,1929466852.0,0
U001,0200782669,SYGMA ,,2020.0,1930794786.0,2020-04-22,20200416,20200422,20200507.0,USD,RV,1.0,,7448.63,20200422.0,NAA8,1930794786.0,1
U001,0200759878,SA co,2019-08-16 00:00:00,2019.0,1929681587.0,2019-08-01,20190731,20190801,20190816.0,USD,RV,1.0,,68868.65,20190801.0,NAH4,1929681587.0,0
U001,0200793122,PIGGLY corporation,2019-11-15 00:00:00,2019.0,1930093607.0,2019-11-04,20191102,20191104,20191119.0,USD,RV,1.0,,51838.62,20191104.0,NAA8,1930093607.0,0
CA02,0140106408,WAL-M corporation,2019-08-13 00:00:00,2019.0,2960568523.0,2019-07-28,20190728,20190728,20190807.0,CAD,RV,1.0,,85064.55,20190728.0,CA10,2960568523.0,0
U001,0200769623,WAL-MAR in,2019-11-29 00:00:00,2019.0,1930163566.0,2019-11-18,20191118,20191118,20191203.0,USD,RV,1.0,,26145.34,20191118.0,NAH4,1930163566.0,0
U001,0200761734,H E BUT corporation,2019-05-21 00:00:00,2019.0,1929271899.0,2019-05-07,20190507,20190507,20190522.0,USD,RV,1.0,,3169.6,20190507.0,NAA8,1929271899.0,0
U001,0200729942,SA corporation,2020-01-14 00:00:00,2020.0,1930333629.0,2019-12-30,20191230,20191230,20200114.0,USD,RV,1.0,,4040.73,20191230.0,NAA8,1930333629.0,0
U001,200739534,OK foundation,2019-05-02 00:00:00,2019.0,1929154524.0,2019-04-16,20190416,20190416,20190501.0,USD,RV,1.0,,59298.44,20190416.0,NAA8,1929154524.0,0
U001,0200769623,WAL-MAR in,2019-03-05 00:00:00,2019.0,1928833626.0,2019-02-22,20190221,20190222,20190309.0,USD,RV,1.0,,3819.52,20190222.0,NAH4,1928833626.0,0
CA02,0140105686,SYSC corp,2019-02-07 00:00:00,2019.0,2960524130.0,2019-01-24,20190124,20190124,20190204.0,CAD,RV,1.0,,20922.44,20190125.0,CA10,2960524130.0,0
U001,0100031704,DELHAIZE llc,2020-02-26 00:00:00,2020.0,1930503843.0,2020-02-10,20200208,20200210,20200225.0,USD,RV,1.0,,71252.75,20200210.0,NAA8,1930503843.0,0
U001,0200780383,MEIJ co,,2020.0,1930719159.0,2020-03-29,20200330,20200329,20200413.0,USD,RV,1.0,,8549.76,20200329.0,NAA8,1930719159.0,1
U001,0200704045,RA associates,2019-12-27 00:00:00,2019.0,1930268506.0,2019-12-12,20191211,20191212,20191227.0,USD,RV,1.0,,72961.53,20191212.0,NAA8,1930268506.0,0
U001,200769623,WAL-MAR us,2019-07-30 00:00:00,2019.0,1929633271.0,2019-07-18,20190718,20190718,20190802.0,USD,RV,1.0,,1897.5,20190718.0,NAH4,1929633271.0,0
U001,0200769623,WAL-MAR co,2019-11-18 00:00:00,2019.0,1930116282.0,2019-11-07,20191106,20191107,20191122.0,USD,RV,1.0,,38.93,20191107.0,NAH4,1930116282.0,0
U001,0200705742,DOT systems,2019-07-10 00:00:00,2019.0,1929540324.0,2019-06-25,20190625,20190625,20190710.0,USD,RV,1.0,,40445.65,20190625.0,NAA8,1929540324.0,0
U001,0200769623,WAL-MAR corp,2019-12-30 00:00:00,2019.0,1930285156.0,2019-12-17,20191216,20191217,20200101.0,USD,RV,1.0,,57694.47,20191217.0,NAH4,1930285156.0,0
U001,0100031704,DELHAIZE systems,2020-03-05 00:00:00,2020.0,1930540498.0,2020-02-19,20200218,20200219,20200305.0,USD,RV,1.0,,9372.85,20200219.0,NAA8,1930540498.0,0
U001,0200936373,SUPE associates,2019-06-20 00:00:00,2019.0,1929404723.0,2019-06-04,20190603,20190604,20190619.0,USD,RV,1.0,,101048.06,20190604.0,NAA8,1929404723.0,0
U001,0200769623,WAL-MAR systems,2019-11-19 00:00:00,2019.0,1930124248.0,2019-11-09,20191107,20191109,20191124.0,USD,RV,1.0,,54379.58,20191109.0,NAH4,1930124248.0,0
U001,0200769623,WAL-MAR trust,2019-06-21 00:00:00,2019.0,1929426629.0,2019-06-05,20190604,20190605,20190620.0,USD,RV,1.0,,977.24,20190605.0,NAH4,1929426629.0,0
CA02,0140105847,GORDON F llc,2019-01-21 00:00:00,2019.0,2960520794.0,2019-01-07,20190107,20190107,20190120.0,CAD,RV,1.0,,32031.87,20190110.0,CA10,2960520794.0,0
U013,CC6600,KRAFT  llc,2019-05-28 00:00:00,2019.0,1991823353.0,2019-03-01,20190302,20190301,20190415.0,USD,RV,1.0,,14228.2,20190301.0,NAVF,1991823353.0,0
U001,0200700919,US  ,2019-02-08 00:00:00,2019.0,1928669665.0,2019-01-24,20190123,20190124,20190208.0,USD,RV,1.0,,25473.09,20190124.0,NAA8,1928669665.0,0
U001,0200707822,PUBLI foundation,2020-02-03 00:00:00,2020.0,1930413862.0,2020-01-19,20200120,20200119,20200203.0,USD,RV,1.0,,99225.42,20200119.0,NAA8,1930413862.0,0
U001,0200776463,KROGE corporation,2019-12-02 00:00:00,2019.0,1930157843.0,2019-11-15,20191115,20191115,20191130.0,USD,RV,1.0,,14077.43,20191115.0,NAA8,1930157843.0,0
U001,0200780383,MEIJ llc,,2020.0,1930664749.0,2020-03-18,20200317,20200318,20200402.0,USD,RV,1.0,,135801.79,20200318.0,NAA8,1930664749.0,1
U001,0200769623,WAL-MAR us,2019-05-21 00:00:00,2019.0,1929288979.0,2019-05-10,20190510,20190510,20190525.0,USD,RV,1.0,,7516.79,20190510.0,NAH4,1929288979.0,0
U013,0100034330,MASSY D corp,2019-06-26 00:00:00,2019.0,1991827085.0,2019-05-28,20190524,20190528,20190627.0,USD,RV,1.0,,5225.79,20190528.0,NAVE,1991827085.0,0
U001,0200726979,BJ'S  associates,2019-07-10 00:00:00,2019.0,1929536179.0,2019-06-25,20190624,20190625,20190710.0,USD,RV,1.0,,59.16,20190625.0,NAA8,1929536179.0,0
U001,0200769623,WAL-MAR systems,2020-03-04 00:00:00,2020.0,1930556089.0,2020-02-23,20200222,20200223,20200309.0,USD,RV,1.0,,13806.35,20200223.0,NAH4,1930556089.0,0
U001,0200705742,DOT ,2019-04-19 00:00:00,2019.0,1929091105.0,2019-04-04,20190405,20190404,20190419.0,USD,RV,1.0,,22628.33,20190404.0,NAA8,1929091105.0,0
CA02,0140104340,COLABOR  us,2019-05-30 00:00:00,2019.0,2960544825.0,2019-05-01,20190501,20190501,20190512.0,CAD,RV,1.0,,6625.9,20190502.0,CA10,2960544825.0,0
U001,0200799367,MCL llc,,2020.0,1930643113.0,2020-03-12,20200312,20200312,20200327.0,USD,RV,1.0,,78931.8,20200312.0,NAA8,1930643113.0,1
U001,0200711029,WEGMAN ,2019-02-19 00:00:00,2019.0,1928719567.0,2019-02-02,20190131,20190202,20190217.0,USD,RV,1.0,,40536.25,20190202.0,NAA8,1928719567.0,0
U001,0200785971,SYSCO  corp,2019-07-05 00:00:00,2019.0,1929516849.0,2019-06-19,20190619,20190619,20190704.0,USD,RV,1.0,,8785.71,20190619.0,NAA8,1929516849.0,0
U001,0200353024,DECA ,2019-12-27 00:00:00,2019.0,1930291689.0,2019-12-18,20191218,20191218,20191226.0,USD,RV,1.0,,5371.97,20191216.0,NAM2,1930291689.0,0
U001,0200762301,C&S WH co,2019-05-07 00:00:00,2019.0,1929176700.0,2019-04-25,20190419,20190425,20190510.0,USD,RV,1.0,,7421.4,20190425.0,NAC6,1929176700.0,0
U001,0200726979,BJ'S  co,2019-12-16 00:00:00,2019.0,1930206954.0,2019-12-01,20191130,20191201,20191216.0,USD,RV,1.0,,786.07,20191201.0,NAA8,1930206954.0,0
U001,0200772670,ASSOCIAT trust,2019-07-11 00:00:00,2019.0,1929540016.0,2019-06-25,20190625,20190625,20190710.0,USD,RV,1.0,,739.16,20190625.0,NAU5,1929540016.0,0
U001,0200416837,DEC corporation,2019-12-16 00:00:00,2019.0,1930216390.0,2019-12-04,20191204,20191204,20191224.0,USD,RV,1.0,,1071.92,20191201.0,NAM4,1930216390.0,0
U001,200772595,SAFEW trust,2019-06-04 00:00:00,2019.0,1929343301.0,2019-05-20,20190518,20190520,20190604.0,USD,RV,1.0,,51783.18,20190520.0,NAA8,1929343301.0,0
U001,0200772670,ASSOCIAT llc,2020-02-24 00:00:00,2020.0,1930503447.0,2020-02-08,20200208,20200208,20200223.0,USD,RV,1.0,,58153.85,20200208.0,NAU5,1930503447.0,0
U001,0200769623,WAL-MAR llc,2020-01-22 00:00:00,2020.0,1930384310.0,2020-01-12,20200110,20200112,20200127.0,USD,RV,1.0,,14458.71,20200112.0,NAH4,1930384310.0,0
U001,0200769623,WAL-MAR corp,2019-05-06 00:00:00,2019.0,1929180658.0,2019-04-24,20190420,20190424,20190509.0,USD,RV,1.0,,16305.47,20190424.0,NAH4,1929180658.0,0
U001,CCCA02,KRAFT  associates,2019-08-30 00:00:00,2019.0,1929604776.0,2019-07-12,20190710,20190712,20190816.0,USD,RV,1.0,,21190.4,20190712.0,NAG2,1929604776.0,0
U001,0200756072,REINHA foundation,2019-12-05 00:00:00,2019.0,1930166170.0,2019-11-18,20191118,20191118,20191203.0,USD,RV,1.0,,31282.81,20191118.0,NAA8,1930166170.0,0
CA02,0100054993,CENTRAL  corporation,2019-10-11 00:00:00,2019.0,2960581914.0,2019-09-24,20190924,20190924,20191006.0,CAD,RV,1.0,,1027.5,20190926.0,CA10,2960581914.0,0
U001,0200718130,SYSCO F trust,,2020.0,1930669568.0,2020-03-18,20200318,20200318,20200402.0,USD,RV,1.0,,28311.84,20200318.0,NAA8,1930669568.0,1
U001,0200704858,WAKE us,2020-02-27 00:00:00,2020.0,1930516104.0,2020-02-12,20200211,20200212,20200227.0,USD,RV,1.0,,90145.15,20200212.0,NAA8,1930516104.0,0
U001,200806580,BE associates,2019-03-26 00:00:00,2019.0,1928954486.0,2019-03-18,20190313,20190318,20190402.0,USD,RV,1.0,,3756.48,20190318.0,NAA8,1928954486.0,0
U001,CCU002,KRFT FDS ,2019-03-29 00:00:00,2019.0,1928768707.0,2019-02-10,20190208,20190210,20190317.0,USD,RV,1.0,,21096.54,20190210.0,NAG2,1928768707.0,0
U001,0200769623,WAL-MAR trust,2019-03-12 00:00:00,2019.0,1928880339.0,2019-03-02,20190228,20190302,20190317.0,USD,RV,1.0,,2742.34,20190302.0,NAH4,1928880339.0,0
U001,0200718130,SYSCO F in,2020-03-10 00:00:00,2020.0,1930461500.0,2020-02-05,20200203,20200205,20200308.0,USD,RV,1.0,,5149.4,20200205.0,NA32,1930461500.0,0
U001,0200718130,SYSCO F co,2019-04-17 00:00:00,2019.0,1929010395.0,2019-03-27,20190322,20190327,20190416.0,USD,RV,1.0,,12011.83,20190327.0,NAD1,1929010395.0,0
U001,0200407025,ALBERT in,,2020.0,1930593399.0,2020-03-05,20200303,20200305,20200320.0,USD,RV,1.0,,72943.63,20200305.0,NAA8,1930593399.0,1
U001,0200769623,WAL-MAR corporation,2019-03-28 00:00:00,2019.0,1928969463.0,2019-03-17,20190315,20190317,20190401.0,USD,RV,1.0,,728.64,20190317.0,NAH4,1928969463.0,0
U001,0200764795,SYSCO  corp,2019-02-11 00:00:00,2019.0,1928672135.0,2019-01-25,20190124,20190125,20190209.0,USD,RV,1.0,,28872.69,20190125.0,NAA8,1928672135.0,0
U001,0200782001,GORDO us,2019-08-21 00:00:00,2019.0,1929722098.0,2019-08-08,20190808,20190808,20190823.0,USD,RV,1.0,,27262.32,20190808.0,NAA8,1929722098.0,0
CA02,0140105686,SYSC llc,2020-02-06 00:00:00,2020.0,2960608636.0,2020-01-22,20200122,20200122,20200203.0,CAD,RV,1.0,,14861.11,20200124.0,CA10,2960608636.0,0
U001,0200769623,WAL-MAR co,2019-05-09 00:00:00,2019.0,1929228114.0,2019-04-29,20190429,20190429,20190514.0,USD,RV,1.0,,471.56,20190429.0,NAH4,1929228114.0,0
U001,0200727272,BROOKS us,2020-02-06 00:00:00,2020.0,1930414698.0,2020-01-20,20200120,20200120,20200204.0,USD,RV,1.0,,115583.42,20200120.0,NAA8,1930414698.0,0
U001,0200799367,MCL corp,2019-02-14 00:00:00,2019.0,1928670328.0,2019-01-30,20190123,20190130,20190214.0,USD,RV,1.0,,15723.64,20190130.0,NAA8,1928670328.0,0
U001,0200799538,UNITE co,2019-07-31 00:00:00,2019.0,1929612229.0,2019-07-12,20190712,20190712,20190727.0,USD,RV,1.0,,81195.51,20190712.0,NAA8,1929612229.0,0
U001,0200974851,RESTA trust,2020-01-22 00:00:00,2020.0,1930344771.0,2020-01-02,20200102,20200102,20200122.0,USD,RV,1.0,,856.76,20200102.0,NAD1,1930344771.0,0
U001,200726979,BJ'S  systems,2019-08-23 00:00:00,2019.0,1929719706.0,2019-08-08,20190807,20190808,20190823.0,USD,RV,1.0,,170.51,20190808.0,NAA8,1929719706.0,0
U001,0200230690,DECA trust,2019-10-23 00:00:00,2019.0,1930041142.0,2019-10-22,20191022,20191022,20191026.0,USD,RV,1.0,,3086.6,20191016.0,NAM2,1930041142.0,0
U001,CCU013,KRAFT F in,2019-05-31 00:00:00,2019.0,1929141868.0,2019-04-16,20190415,20190416,20190416.0,USD,RV,1.0,,53777.52,20190416.0,NAX2,1929141868.0,0
U001,0200772670,ASSOCIAT llc,2020-01-17 00:00:00,2020.0,1930339495.0,2019-12-31,20191231,20191231,20200115.0,USD,RV,1.0,,3258.38,20191231.0,NAU5,1930339495.0,0
U001,0200357714,US  systems,2019-09-24 00:00:00,2019.0,1929854582.0,2019-09-10,20190910,20190910,20190925.0,USD,RV,1.0,,64413.79,20190910.0,NAA8,1929854582.0,0
U001,0200331749,SYSC systems,2019-04-01 00:00:00,2019.0,1928949868.0,2019-03-13,20190312,20190313,20190328.0,USD,RV,1.0,,1159.84,20190313.0,NAA8,1928949868.0,0
U001,0200571960,OSI  corporation,,2020.0,1930646345.0,2020-03-13,20200312,20200313,20200328.0,USD,RV,1.0,,94424.06,20200313.0,NAA8,1930646345.0,1
U001,0200780383,MEIJ trust,2019-03-27 00:00:00,2019.0,1928871917.0,2019-02-27,20190227,20190227,20190314.0,USD,RV,1.0,,933.38,20190227.0,NAA8,1928871917.0,0
U001,0200780825,SYSCO FO corp,2019-07-09 00:00:00,2019.0,1929520995.0,2019-06-21,20190621,20190621,20190706.0,USD,RV,1.0,,28223.89,20190621.0,NAA8,1929520995.0,0
U001,0200793088,DEMOU corporation,2020-01-21 00:00:00,2020.0,1930356260.0,2020-01-07,20200105,20200107,20200122.0,USD,RV,1.0,,58567.12,20200107.0,NAA8,1930356260.0,0
U001,0200942148,BRADY us,2019-04-19 00:00:00,2019.0,1929106403.0,2019-04-08,20190408,20190408,20190508.0,USD,RV,1.0,,14882.4,20190408.0,NAD5,1929106403.0,0
U001,0200762950,HAR co,2019-05-16 00:00:00,2019.0,1928946021.0,2019-03-14,20190312,20190314,20190518.0,USD,RV,1.0,,23784.98,20190314.0,NAGD,1928946021.0,0
U001,0200763814,SYSCO F ,2019-10-24 00:00:00,2019.0,1930000876.0,2019-10-10,20191011,20191010,20191025.0,USD,RV,1.0,,4653.54,20191010.0,NAA8,1930000876.0,0
U001,0200418007,AM associates,2019-04-17 00:00:00,2019.0,1929049140.0,2019-04-02,20190401,20190402,20190417.0,USD,RV,1.0,,2547.14,20190402.0,NAA8,1929049140.0,0
U001,0200769623,WAL-MAR corporation,2019-09-12 00:00:00,2019.0,1929816652.0,2019-09-02,20190831,20190902,20190917.0,USD,RV,1.0,,22518.27,20190902.0,NAH4,1929816652.0,0
U001,0200762301,C&S WH systems,2019-02-27 00:00:00,2019.0,1928778642.0,2019-02-12,20190211,20190212,20190227.0,USD,RV,1.0,,24210.44,20190212.0,NAC6,1928778642.0,0
U001,0200780383,MEIJ in,2019-05-03 00:00:00,2019.0,1929166721.0,2019-04-18,20190417,20190418,20190503.0,USD,RV,1.0,,112059.36,20190418.0,NAA8,1929166721.0,0
U001,0200705742,DOT co,2019-10-28 00:00:00,2019.0,1929983471.0,2019-10-08,20191008,20191008,20191111.0,USD,RV,1.0,,1009.81,20191008.0,NAAW,1929983471.0,0
U001,0200769623,WAL-MAR systems,2019-06-25 00:00:00,2019.0,1929479584.0,2019-06-14,20190612,20190614,20190629.0,USD,RV,1.0,,3593.18,20190614.0,NAH4,1929479584.0,0
U001,0200704045,RA co,2019-10-30 00:00:00,2019.0,1930014674.0,2019-10-15,20191015,20191015,20191030.0,USD,RV,1.0,,56005.62,20191015.0,NAA8,1930014674.0,0
U001,0200769623,WAL-MAR corporation,2019-02-25 00:00:00,2019.0,1928791973.0,2019-02-12,20190213,20190212,20190227.0,USD,RV,1.0,,882.33,20190212.0,NAH4,1928791973.0,0
U013,0100036060,PANAMEX  us,2019-07-15 00:00:00,2019.0,1991825282.0,2019-05-12,20190508,20190512,20190711.0,USD,RV,1.0,,2362.42,20190512.0,NAUZ,1991825282.0,0
U001,0200769623,WAL-MAR corp,2019-03-07 00:00:00,2019.0,1928851667.0,2019-02-25,20190224,20190225,20190312.0,USD,RV,1.0,,458.06,20190225.0,NAH4,1928851667.0,0
U001,0200794332,COST llc,2019-12-30 00:00:00,2019.0,1930289526.0,2019-12-15,20191217,20191215,20191230.0,USD,RV,1.0,,17457.54,20191215.0,NAAX,1930289526.0,0
U001,200762301,C&S WH in,2019-06-19 00:00:00,2019.0,1929426825.0,2019-06-04,20190604,20190604,20190619.0,USD,RV,1.0,,22679.42,20190604.0,NAC6,1929426825.0,0
U001,0200152991,JET corp,,2020.0,1930842379.0,2020-05-01,20200430,20200501,20200516.0,USD,RV,1.0,,6577.35,20200501.0,NAA8,1930842379.0,1
U001,0200580232,INTERR ,2019-11-13 00:00:00,2019.0,1930088927.0,2019-11-03,20191104,20191103,20191113.0,USD,RV,1.0,,42061.25,20191103.0,NA10,1930088927.0,0
U001,0200741174,M B  trust,2019-04-05 00:00:00,2019.0,1928989075.0,2019-03-19,20190319,20190319,20190403.0,USD,RV,1.0,,21311.0,20190319.0,NAA8,1928989075.0,0
U001,0200769623,WAL-MAR llc,2019-08-05 00:00:00,2019.0,1929656433.0,2019-07-25,20190724,20190725,20190809.0,USD,RV,1.0,,70366.52,20190725.0,NAH4,1929656433.0,0
U001,0200793830,M in,2019-08-28 00:00:00,2019.0,1929738790.0,2019-08-11,20190813,20190811,20190826.0,USD,RV,1.0,,71668.05,20190811.0,NAA8,1929738790.0,0
U001,0200743123,KROGER co,2019-06-13 00:00:00,2019.0,1929387678.0,2019-05-29,20190528,20190529,20190613.0,USD,RV,1.0,,9972.24,20190529.0,NAA8,1929387678.0,0
U001,200761734,H E BUT foundation,2019-03-13 00:00:00,2019.0,1928871330.0,2019-02-27,20190227,20190227,20190314.0,USD,RV,1.0,,65415.03,20190227.0,NAA8,1928871330.0,0
U001,0200714710,SYSCO  systems,2019-02-28 00:00:00,2019.0,1928761232.0,2019-02-12,20190207,20190212,20190227.0,USD,RV,1.0,,2546.74,20190212.0,NAA8,1928761232.0,0
U001,0200337148,COAS corp,2019-02-28 00:00:00,2019.0,1928796070.0,2019-02-13,20190214,20190213,20190228.0,USD,RV,1.0,,60453.01,20190213.0,NAA8,1928796070.0,0
U001,0200707822,PUBLI systems,2019-11-29 00:00:00,2019.0,1930151891.0,2019-11-14,20191114,20191114,20191129.0,USD,RV,1.0,,2377.37,20191114.0,NAA8,1930151891.0,0
U001,0200759082,INGL llc,2019-04-03 00:00:00,2019.0,1928982027.0,2019-03-18,20190318,20190318,20190402.0,USD,RV,1.0,,144719.66,20190318.0,NAA8,1928982027.0,0
U001,0200806580,BE foundation,2019-08-26 00:00:00,2019.0,1929741781.0,2019-08-14,20190813,20190814,20190829.0,USD,RV,1.0,,9639.0,20190814.0,NAA8,1929741781.0,0
U001,0200769623,WAL-MAR llc,2019-02-14 00:00:00,2019.0,1928713312.0,2019-01-31,20190131,20190131,20190215.0,USD,RV,1.0,,1515.49,20190131.0,NAH4,1928713312.0,0
U001,0200592182,DECA llc,2019-05-25 00:00:00,2019.0,1929348155.0,2019-05-20,20190520,20190520,20190523.0,USD,RV,1.0,,44371.78,20190516.0,NAM1,1929348155.0,0
U001,0200750051,ALBER in,2019-06-13 00:00:00,2019.0,1929403672.0,2019-05-29,20190530,20190529,20190613.0,USD,RV,1.0,,141384.42,20190529.0,NAA8,1929403672.0,0
U001,0200707822,PUBLI associates,,2020.0,1930862744.0,2020-05-06,20200506,20200506,20200521.0,USD,RV,1.0,,168698.92,20200506.0,NAA8,1930862744.0,1
U001,0200726979,BJ'S  ,2019-03-04 00:00:00,2019.0,1928806330.0,2019-02-16,20190215,20190216,20190303.0,USD,RV,1.0,,63.33,20190216.0,NAA8,1928806330.0,0
U001,0200769623,WAL-MAR foundation,2019-10-07 00:00:00,2019.0,1929909401.0,2019-09-21,20190922,20190921,20191006.0,USD,RV,1.0,,4271.46,20190921.0,NAH4,1929909401.0,0
U001,0200739006,AL corporation,2019-10-21 00:00:00,2019.0,1929973713.0,2019-10-07,20191005,20191007,20191022.0,USD,RV,1.0,,26883.84,20191007.0,NAA8,1929973713.0,0
U001,0200714710,SYSCO  ,2019-12-11 00:00:00,2019.0,1930119377.0,2019-11-06,20191107,20191106,20191121.0,USD,RV,1.0,,2096.44,20191106.0,NAA8,1930119377.0,0
U001,0200769623,WAL-MAR systems,2019-12-11 00:00:00,2019.0,1930207165.0,2019-11-30,20191130,20191130,20191215.0,USD,RV,1.0,,12021.64,20191130.0,NAH4,1930207165.0,0
U001,0200793568,SUPE ,2019-06-04 00:00:00,2019.0,1929329874.0,2019-05-16,20190516,20190516,20190531.0,USD,RV,1.0,,127073.92,20190516.0,NAA8,1929329874.0,0
U001,0200744019,TARG us,2019-09-03 00:00:00,2019.0,1929747401.0,2019-08-15,20190814,20190815,20190830.0,USD,RV,1.0,,2189.62,20190815.0,NAA8,1929747401.0,0
U001,0200778355,US  in,2019-05-13 00:00:00,2019.0,1929207146.0,2019-04-24,20190425,20190424,20190509.0,USD,RV,1.0,,47317.35,20190424.0,NAA8,1929207146.0,0
CA02,0140104409,LOB in,2019-08-30 00:00:00,2019.0,2960572871.0,2019-08-14,20190814,20190814,20190831.0,CAD,RV,1.0,,109562.92,20190821.0,CA10,2960572871.0,0
U001,200759878,SA foundation,2019-06-14 00:00:00,2019.0,1929395353.0,2019-05-30,20190529,20190530,20190614.0,USD,RV,1.0,,69994.45,20190530.0,NAH4,1929395353.0,0
U001,0200726979,BJ'S  associates,2019-09-12 00:00:00,2019.0,1929792870.0,2019-08-28,20190826,20190828,20190912.0,USD,RV,1.0,,54958.27,20190828.0,NAA8,1929792870.0,0
U001,0200418007,AM associates,2020-01-24 00:00:00,2020.0,1930391504.0,2020-01-13,20200112,20200113,20200128.0,USD,RV,1.0,,1416.78,20200113.0,NAA8,1930391504.0,0
U001,0200078245,WOR us,2019-06-12 00:00:00,2019.0,1929375394.0,2019-05-24,20190524,20190524,20190608.0,USD,RV,1.0,,4752.8,20190524.0,NAA8,1929375394.0,0
U001,0200784489,GE llc,2020-03-09 00:00:00,2020.0,1930539438.0,2020-02-20,20200218,20200220,20200306.0,USD,RV,1.0,,11872.2,20200220.0,NAA8,1930539438.0,0
U001,0200508557,FOODL co,2019-10-09 00:00:00,2019.0,1929881747.0,2019-09-24,20190917,20190924,20191009.0,USD,RV,1.0,,4235.85,20190924.0,NAA8,1929881747.0,0
U001,0200769623,WAL-MAR us,2020-02-18 00:00:00,2020.0,1930462958.0,2020-02-06,20200201,20200206,20200221.0,USD,RV,1.0,,17971.5,20200206.0,NAH4,1930462958.0,0
U001,0200762301,C&S WH us,2019-07-01 00:00:00,2019.0,1929490906.0,2019-06-15,20190614,20190615,20190630.0,USD,RV,1.0,,26402.4,20190615.0,NAC6,1929490906.0,0
U001,0200759878,SA corporation,2019-07-01 00:00:00,2019.0,1929487312.0,2019-06-14,20190613,20190614,20190629.0,USD,RV,1.0,,17973.46,20190614.0,NAH4,1929487312.0,0
U001,0200493614,US  corp,2019-03-11 00:00:00,2019.0,1928811536.0,2019-02-18,20190218,20190218,20190310.0,USD,RV,1.0,,70598.31,20190218.0,NAD1,1928811536.0,0
CA02,0140104429,COSTCO us,2019-09-16 00:00:00,2019.0,2960577232.0,2019-09-03,20190903,20190903,20190913.0,CAD,RV,1.0,,37170.58,20190903.0,CA10,2960577232.0,0
U001,0200726979,BJ'S  corp,2019-12-23 00:00:00,2019.0,1930229325.0,2019-12-07,20191206,20191207,20191222.0,USD,RV,1.0,,1237.69,20191207.0,NAA8,1930229325.0,0
U001,0200920735,ALBERT associates,2019-05-30 00:00:00,2019.0,1929320145.0,2019-05-15,20190515,20190515,20190530.0,USD,RV,1.0,,97133.62,20190515.0,NAA8,1929320145.0,0
U001,0200726979,BJ'S  corp,2020-02-18 00:00:00,2020.0,1930458082.0,2020-02-01,20200130,20200201,20200216.0,USD,RV,1.0,,17735.44,20200201.0,NAA8,1930458082.0,0
U001,0200726979,BJ'S  ,2019-06-10 00:00:00,2019.0,1929398481.0,2019-05-26,20190529,20190526,20190610.0,USD,RV,1.0,,506.55,20190526.0,NAA8,1929398481.0,0
U001,0200416837,DEC corporation,2019-08-16 00:00:00,2019.0,1929702974.0,2019-08-05,20190805,20190805,20190824.0,USD,RV,1.0,,668.4,20190801.0,NAM4,1929702974.0,0
U001,0200762301,C&S WH ,2019-01-16 00:00:00,2019.0,1928545777.0,2019-01-03,20181231,20190103,20190118.0,USD,RV,1.0,,128709.78,20190103.0,NAC6,1928545777.0,0
U001,0200769623,WAL-MAR co,2019-02-19 00:00:00,2019.0,1928760736.0,2019-02-08,20190207,20190208,20190223.0,USD,RV,1.0,,16000.0,20190208.0,NAH4,1928760736.0,0
U001,0200726979,BJ'S  ,2020-03-10 00:00:00,2020.0,1930559529.0,2020-02-24,20200223,20200224,20200310.0,USD,RV,1.0,,31.56,20200224.0,NAA8,1930559529.0,0
U001,0200749782,KROG trust,2019-08-19 00:00:00,2019.0,1929685567.0,2019-08-03,20190802,20190803,20190818.0,USD,RV,1.0,,41514.59,20190803.0,NAA8,1929685567.0,0
U001,0200780383,MEIJ us,2019-08-28 00:00:00,2019.0,1929738150.0,2019-08-13,20190812,20190813,20190828.0,USD,RV,1.0,,5756.74,20190813.0,NAA8,1929738150.0,0
U001,0200769623,WAL-MAR llc,2019-10-15 00:00:00,2019.0,1929942364.0,2019-10-02,20190930,20191002,20191017.0,USD,RV,1.0,,24529.95,20191002.0,NAH4,1929942364.0,0
CA02,0140104409,LOB us,2019-02-27 00:00:00,2019.0,2960530118.0,2019-02-21,20190221,20190221,20190225.0,CAD,RV,1.0,,7214.76,20190215.0,CA10,2960530118.0,0
CA02,0140104240,FEDER associates,2020-01-21 00:00:00,2020.0,2960605227.0,2020-01-05,20200105,20200105,20200124.0,CAD,RV,1.0,,186163.17,20200114.0,CA10,2960605227.0,0
U001,0200416837,DEC in,,2020.0,1930674740.0,2020-03-20,20200320,20200320,20200408.0,USD,RV,1.0,,180.24,20200316.0,NAM4,1930674740.0,1
U001,0200705742,DOT associates,2019-06-27 00:00:00,2019.0,1929480564.0,2019-06-12,20190612,20190612,20190627.0,USD,RV,1.0,,16369.12,20190612.0,NAA8,1929480564.0,0
U001,0200726979,BJ'S  us,2019-12-11 00:00:00,2019.0,1930199024.0,2019-11-26,20191127,20191126,20191211.0,USD,RV,1.0,,763.76,20191126.0,NAA8,1930199024.0,0
CA02,0140104249,SOB foundation,2019-05-06 00:00:00,2019.0,2960541438.0,2019-04-14,20190414,20190414,20190502.0,CAD,RV,1.0,,10412.78,20190422.0,CA10,2960541438.0,0
U001,0200769623,WAL-MAR in,,2020.0,1930636861.0,2020-03-10,20200310,20200310,20200325.0,USD,RV,1.0,,32339.54,20200310.0,NAH4,1930636861.0,1
U001,0200126819,MCLANE foundation,2019-08-05 00:00:00,2019.0,1929634440.0,2019-07-19,20190718,20190719,20190803.0,USD,RV,1.0,,29523.16,20190719.0,NAA8,1929634440.0,0
U001,CCU013,KRAFT F corp,2019-03-01 00:00:00,2019.0,1928631261.0,2019-01-15,20190115,20190115,20190115.0,USD,RV,1.0,,9444.0,20190115.0,NAX2,1928631261.0,0
U001,0200353024,DECA trust,2019-05-01 00:00:00,2019.0,1929173576.0,2019-04-19,20190419,20190419,20190509.0,USD,RV,1.0,,1404.88,20190416.0,NAM4,1929173576.0,0
U001,0200707741,SMART &  us,2019-02-20 00:00:00,2019.0,1928713322.0,2019-01-31,20190131,20190131,20190215.0,USD,RV,1.0,,127369.97,20190131.0,NAA8,1928713322.0,0
U001,0200466603,SMITH'S ,2019-12-17 00:00:00,2019.0,1930208527.0,2019-12-02,20191201,20191202,20191217.0,USD,RV,1.0,,201737.89,20191202.0,NAA8,1930208527.0,0
U001,0200780383,MEIJ us,2019-08-14 00:00:00,2019.0,1929677111.0,2019-07-29,20190730,20190729,20190813.0,USD,RV,1.0,,33382.81,20190729.0,NAA8,1929677111.0,0
U001,0200705372,FR foundation,,2020.0,1930819067.0,2020-04-25,20200423,20200425,20200510.0,USD,RV,1.0,,115326.24,20200425.0,NAA8,1930819067.0,1
U001,0200763152,PERFOR ,2019-07-02 00:00:00,2019.0,1929486608.0,2019-06-18,20190613,20190618,20190708.0,USD,RV,1.0,,3449.7,20190618.0,NAD1,1929486608.0,0
U001,0200762301,C&S WH corporation,2019-11-19 00:00:00,2019.0,1930088973.0,2019-11-03,20191102,20191103,20191118.0,USD,RV,1.0,,19542.52,20191103.0,NAC6,1930088973.0,0
U001,0200762301,C&S WH in,2019-08-14 00:00:00,2019.0,1929671574.0,2019-07-30,20190729,20190730,20190814.0,USD,RV,1.0,,4414.99,20190730.0,NAC6,1929671574.0,0
U001,0200769623,WAL-MAR foundation,2019-04-24 00:00:00,2019.0,1929140334.0,2019-04-13,20190413,20190413,20190428.0,USD,RV,1.0,,42895.19,20190413.0,NAH4,1929140334.0,0
U001,0200772670,ASSOCIAT llc,,2020.0,1930685862.0,2020-03-22,20200323,20200322,20200406.0,USD,RV,1.0,,110077.28,20200322.0,NAU5,1930685862.0,1
U001,0200769623,WAL-MAR us,2019-12-17 00:00:00,2019.0,1930222260.0,2019-12-06,20191205,20191206,20191221.0,USD,RV,1.0,,53172.81,20191206.0,NAH4,1930222260.0,0
U013,0140103278,COS co,2019-11-29 00:00:00,2019.0,1991831997.0,2019-09-28,20190924,20190928,20191127.0,USD,RV,1.0,,15556.28,20190928.0,NAUZ,1991831997.0,0
U001,0200744019,TARG foundation,2019-02-12 00:00:00,2019.0,1928647185.0,2019-01-19,20190118,20190119,20190203.0,USD,RV,1.0,,10509.37,20190119.0,NAA8,1928647185.0,0
U001,200744019,TARG systems,2019-05-20 00:00:00,2019.0,1928978647.0,2019-03-17,20190317,20190317,20190521.0,USD,RV,1.0,,4783.18,20190317.0,NAGD,1928978647.0,0
U001,0200793088,DEMOU in,2019-01-15 00:00:00,2019.0,1928540994.0,2018-12-31,20181230,20181231,20190115.0,USD,RV,1.0,,16907.79,20181231.0,NAA8,1928540994.0,0
U002,0200978592,PLAZA trust,2019-04-01 00:00:00,2019.0,1990565711.0,2019-02-22,20190218,20190222,20190329.0,USD,RV,1.0,,20426.0,20190222.0,NAG2,1990565711.0,0
U001,0200759878,SA us,,2020.0,1930583644.0,2020-03-01,20200229,20200301,20200316.0,USD,RV,1.0,,13703.12,20200301.0,NAH4,1930583644.0,1
U001,0200794332,COST corporation,2019-10-07 00:00:00,2019.0,1929878682.0,2019-09-20,20190916,20190920,20191005.0,USD,RV,1.0,,969.96,20190920.0,NAAX,1929878682.0,0
CA02,0140106408,WAL-M llc,2019-10-08 00:00:00,2019.0,2960581349.0,2019-09-22,20190922,20190922,20191003.0,CAD,RV,1.0,,169380.15,20190923.0,CA10,2960581349.0,0
U001,0200761734,H E BUT corp,2019-10-31 00:00:00,2019.0,1930025882.0,2019-10-17,20191017,20191017,20191101.0,USD,RV,1.0,,60429.61,20191017.0,NAA8,1930025882.0,0
U001,0200769623,WAL-MAR trust,,2020.0,1930687823.0,2020-03-25,20200323,20200325,20200409.0,USD,RV,1.0,,14598.87,20200325.0,NAH4,1930687823.0,1
U001,0200726979,BJ'S  us,2019-06-13 00:00:00,2019.0,1929384784.0,2019-05-29,20190528,20190529,20190613.0,USD,RV,1.0,,426.69,20190529.0,NAA8,1929384784.0,0
U001,0200769623,WAL-MAR in,2019-11-12 00:00:00,2019.0,1930083373.0,2019-11-01,20191031,20191101,20191116.0,USD,RV,1.0,,7358.49,20191101.0,NAH4,1930083373.0,0
U001,0200725421,BEN  us,2019-08-16 00:00:00,2019.0,1929698579.0,2019-08-07,20190804,20190807,20190822.0,USD,RV,1.0,,26836.79,20190807.0,NAA8,1929698579.0,0
U001,0200764795,SYSCO  trust,2019-12-18 00:00:00,2019.0,1930206232.0,2019-12-02,20191130,20191202,20191217.0,USD,RV,1.0,,424.34,20191202.0,NAA8,1930206232.0,0
U001,0200769623,WAL-MAR ,2019-05-23 00:00:00,2019.0,1929291437.0,2019-05-11,20190510,20190511,20190526.0,USD,RV,1.0,,1328.25,20190511.0,NAH4,1929291437.0,0
U001,200794332,COST co,2019-05-07 00:00:00,2019.0,1929184529.0,2019-04-22,20190421,20190422,20190507.0,USD,RV,1.0,,15177.42,20190422.0,NAAX,1929184529.0,0
U001,0200752302,KROGER us,2019-08-15 00:00:00,2019.0,1929672369.0,2019-07-31,20190729,20190731,20190815.0,USD,RV,1.0,,17519.05,20190731.0,NAA8,1929672369.0,0
U001,0200900909,SYSCO us,2019-07-30 00:00:00,2019.0,1929523582.0,2019-06-27,20190621,20190627,20190717.0,USD,RV,1.0,,990.57,20190627.0,NAD1,1929523582.0,0
U001,0200769623,WAL-MAR associates,2019-07-18 00:00:00,2019.0,1929585573.0,2019-07-08,20190707,20190708,20190723.0,USD,RV,1.0,,32246.58,20190708.0,NAH4,1929585573.0,0
U001,0200794332,COST corporation,,2020.0,1930709465.0,2020-03-28,20200327,20200328,20200412.0,USD,RV,1.0,,13630.58,20200328.0,NAAX,1930709465.0,1
U001,0200747369,SCHNU in,2019-05-14 00:00:00,2019.0,1929245957.0,2019-05-01,20190502,20190501,20190516.0,USD,RV,1.0,,130133.17,20190501.0,NAA8,1929245957.0,0
U001,0200769623,WAL-MAR co,,2020.0,1930777073.0,2020-04-11,20200411,20200411,20200426.0,USD,RV,1.0,,688.41,20200411.0,NAH4,1930777073.0,1
CA02,0140104729,ALIME in,2019-12-24 00:00:00,2019.0,2960600246.0,2019-12-12,20191212,20191212,20191224.0,CAD,RV,1.0,,6960.0,20191214.0,CA10,2960600246.0,0
U001,0100031704,DELHAIZE corporation,2019-09-20 00:00:00,2019.0,1929823029.0,2019-09-05,20190903,20190905,20190920.0,USD,RV,1.0,,91529.03,20190905.0,NAA8,1929823029.0,0
U001,0200915438,GROC corporation,2019-08-28 00:00:00,2019.0,1929731176.0,2019-08-13,20190809,20190813,20190828.0,USD,RV,1.0,,8208.0,20190813.0,NAA8,1929731176.0,0
U001,0140142846,MONDE us,2019-05-02 00:00:00,2019.0,1928863487.0,2019-03-01,20190226,20190301,20190430.0,USD,RV,1.0,,10946.67,20190301.0,NACB,1928863487.0,0
U001,0100031704,DELHAIZE corporation,2019-02-19 00:00:00,2019.0,1928719379.0,2019-02-01,20190201,20190201,20190216.0,USD,RV,1.0,,40637.9,20190201.0,NAA8,1928719379.0,0
U001,0200148860,DOLLA co,2019-06-28 00:00:00,2019.0,1929491870.0,2019-06-14,20190614,20190614,20190629.0,USD,RV,1.0,,8893.05,20190614.0,NAA8,1929491870.0,0
U001,0200769623,WAL-MAR systems,,2020.0,1930796278.0,2020-04-20,20200418,20200420,20200505.0,USD,RV,1.0,,25932.37,20200420.0,NAH4,1930796278.0,1
U001,0200416837,DEC systems,2019-03-18 00:00:00,2019.0,1928915214.0,2019-03-06,20190306,20190306,20190324.0,USD,RV,1.0,,2300.24,20190301.0,NAM4,1928915214.0,0
U001,0200771157,WEIS in,2019-03-18 00:00:00,2019.0,1928880126.0,2019-02-28,20190228,20190228,20190315.0,USD,RV,1.0,,23344.02,20190228.0,NAA8,1928880126.0,0
U001,0200762301,C&S WH corporation,2019-06-10 00:00:00,2019.0,1929367751.0,2019-05-24,20190523,20190524,20190608.0,USD,RV,1.0,,37015.75,20190524.0,NAC6,1929367751.0,0
U001,0200078795,H T H us,2019-06-06 00:00:00,2019.0,1929322986.0,2019-05-15,20190515,20190515,20190530.0,USD,RV,1.0,,1064.49,20190515.0,NAA8,1929322986.0,0
U001,0200900909,SYSCO ,2019-06-17 00:00:00,2019.0,1929397356.0,2019-06-01,20190529,20190601,20190616.0,USD,RV,1.0,,35935.73,20190601.0,NAA8,1929397356.0,0
U001,0200714710,SYSCO  in,2019-05-28 00:00:00,2019.0,1929272812.0,2019-05-07,20190507,20190507,20190527.0,USD,RV,1.0,,30643.63,20190507.0,NAD1,1929272812.0,0
U001,0200705742,DOT llc,2019-12-06 00:00:00,2019.0,1930161219.0,2019-11-16,20191116,20191116,20191218.0,USD,RV,1.0,,54869.14,20191116.0,NA32,1930161219.0,0
U001,0200769623,WAL-MAR trust,2019-09-04 00:00:00,2019.0,1929753810.0,2019-08-18,20190816,20190818,20190902.0,USD,RV,1.0,,490.32,20190818.0,NAH4,1929753810.0,0
U001,0200785971,SYSCO  corporation,2019-08-15 00:00:00,2019.0,1929676414.0,2019-07-30,20190730,20190730,20190814.0,USD,RV,1.0,,35097.3,20190730.0,NAA8,1929676414.0,0
U001,0200696090,UNITE us,2020-02-03 00:00:00,2020.0,1930396241.0,2020-01-17,20200114,20200117,20200201.0,USD,RV,1.0,,6477.12,20200117.0,NAA8,1930396241.0,0
U001,0200742521,GLA trust,2019-05-07 00:00:00,2019.0,1929186706.0,2019-04-22,20190422,20190422,20190507.0,USD,RV,1.0,,30020.34,20190422.0,NAA8,1929186706.0,0
U001,0200794332,COST trust,2019-06-14 00:00:00,2019.0,1929376747.0,2019-05-29,20190524,20190529,20190618.0,USD,RV,1.0,,250510.12,20190529.0,NA84,1929376747.0,0
U001,0200707822,PUBLI associates,,2020.0,1930679391.0,2020-03-20,20200320,20200320,20200404.0,USD,RV,1.0,,67156.35,20200320.0,NAA8,1930679391.0,1
U001,200782001,GORDO associates,,2020.0,1930601064.0,2020-03-05,20200304,20200305,20200406.0,USD,RV,1.0,,54228.19,20200305.0,NA32,1930601064.0,1
U001,0200795490,HY -  systems,2019-10-04 00:00:00,2019.0,1929896229.0,2019-09-18,20190919,20190918,20191003.0,USD,RV,1.0,,87910.39,20190918.0,NAA8,1929896229.0,0
U001,0200705089,JETR corp,2019-11-06 00:00:00,2019.0,1930038545.0,2019-10-22,20191021,20191022,20191106.0,USD,RV,1.0,,8519.62,20191022.0,NAA8,1930038545.0,0
U001,0200782669,SYGMA corp,2020-01-28 00:00:00,2020.0,1930363447.0,2020-01-06,20200107,20200106,20200126.0,USD,RV,1.0,,19646.97,20200106.0,NAD1,1930363447.0,0
U001,0200772670,ASSOCIAT llc,2019-12-10 00:00:00,2019.0,1930189653.0,2019-11-24,20191124,20191124,20191209.0,USD,RV,1.0,,16503.03,20191124.0,NAU5,1930189653.0,0
U001,0200700919,US  systems,2019-05-29 00:00:00,2019.0,1929288166.0,2019-05-09,20190509,20190509,20190524.0,USD,RV,1.0,,19093.94,20190509.0,NAA8,1929288166.0,0
U001,0200727278,BLOU trust,,2020.0,1930831143.0,2020-04-30,20200427,20200430,20200515.0,USD,RV,1.0,,72878.4,20200430.0,NAA8,1930831143.0,1
U001,0200707822,PUBLI ,2019-05-31 00:00:00,2019.0,1929322357.0,2019-05-16,20190515,20190516,20190531.0,USD,RV,1.0,,39001.69,20190516.0,NAA8,1929322357.0,0
U001,0200786288,FAMILY llc,2019-03-07 00:00:00,2019.0,1928837561.0,2019-02-22,20190221,20190222,20190309.0,USD,RV,1.0,,14411.0,20190222.0,NAC6,1928837561.0,0
U001,0200726979,BJ'S  corp,2019-06-03 00:00:00,2019.0,1929322036.0,2019-05-17,20190515,20190517,20190601.0,USD,RV,1.0,,9222.81,20190517.0,NAA8,1929322036.0,0
U001,0200786288,FAMILY us,2019-05-02 00:00:00,2019.0,1929159396.0,2019-04-19,20190417,20190419,20190504.0,USD,RV,1.0,,15323.24,20190419.0,NAC6,1929159396.0,0
U001,0200186937,SYSC co,2019-08-06 00:00:00,2019.0,1929558938.0,2019-07-02,20190629,20190702,20190803.0,USD,RV,1.0,,14857.96,20190702.0,NA32,1929558938.0,0
U001,0200761734,H E BUT systems,2019-08-06 00:00:00,2019.0,1929646697.0,2019-07-24,20190722,20190724,20190808.0,USD,RV,1.0,,115015.5,20190724.0,NAA8,1929646697.0,0
CA02,0140105785,SHOPPE llc,2019-06-07 00:00:00,2019.0,2960547866.0,2019-05-15,20190515,20190515,20190526.0,CAD,RV,1.0,,81407.34,20190516.0,CA10,2960547866.0,0
U001,0200769623,WAL-MAR corporation,2019-01-15 00:00:00,2019.0,1928561727.0,2019-01-05,20190103,20190105,20190120.0,USD,RV,1.0,,32965.59,20190105.0,NAH4,1928561727.0,0
CA02,0140104409,LOB ,2020-03-16 00:00:00,2020.0,2960615595.0,2020-02-25,20200225,20200225,20200315.0,CAD,RV,1.0,,210114.12,20200305.0,CA10,2960615595.0,0
U001,0200418007,AM corporation,2020-01-15 00:00:00,2020.0,1930339013.0,2020-01-01,20191231,20200101,20200116.0,USD,RV,1.0,,1268.22,20200101.0,NAA8,1930339013.0,0
U001,0200771157,WEIS in,2019-01-24 00:00:00,2019.0,1928593732.0,2019-01-09,20190109,20190109,20190124.0,USD,RV,1.0,,50107.5,20190109.0,NAA8,1928593732.0,0
U001,0200437182,FOOD  llc,2019-07-26 00:00:00,2019.0,1929607797.0,2019-07-11,20190711,20190711,20190726.0,USD,RV,1.0,,47290.58,20190711.0,NAA8,1929607797.0,0
U001,0200769623,WAL-MAR llc,2019-05-29 00:00:00,2019.0,1929339754.0,2019-05-18,20190517,20190518,20190602.0,USD,RV,1.0,,8701.08,20190518.0,NAH4,1929339754.0,0
U001,0200769623,WAL-MAR associates,2019-11-15 00:00:00,2019.0,1930100628.0,2019-11-04,20191105,20191104,20191119.0,USD,RV,1.0,,64975.53,20191104.0,NAH4,1930100628.0,0
U001,0200726979,BJ'S  systems,2020-02-27 00:00:00,2020.0,1930516713.0,2020-02-12,20200212,20200212,20200227.0,USD,RV,1.0,,100.47,20200212.0,NAA8,1930516713.0,0
U001,0200769623,WAL-MAR systems,2019-06-27 00:00:00,2019.0,1929494509.0,2019-06-17,20190615,20190617,20190702.0,USD,RV,1.0,,1898.2,20190617.0,NAH4,1929494509.0,0
U001,0200416837,DEC us,2019-04-01 00:00:00,2019.0,1928996354.0,2019-03-20,20190320,20190320,20190408.0,USD,RV,1.0,,849.66,20190316.0,NAM4,1928996354.0,0
U001,CCCA02,KRAFT  associates,2020-03-27 00:00:00,2020.0,1930549538.0,2020-02-22,20200220,20200222,20200328.0,USD,RV,1.0,,15716.16,20200222.0,NAG2,1930549538.0,0
U001,0200769623,WAL-MAR foundation,2019-09-04 00:00:00,2019.0,1929780519.0,2019-08-24,20190823,20190824,20190908.0,USD,RV,1.0,,116758.89,20190824.0,NAH4,1929780519.0,0
U001,0200230690,DECA systems,2019-05-01 00:00:00,2019.0,1929168330.0,2019-04-18,20190418,20190418,20190509.0,USD,RV,1.0,,2090.22,20190416.0,NAM4,1929168330.0,0
U001,0200763229,MAINES corp,2019-07-15 00:00:00,2019.0,1929553295.0,2019-06-28,20190627,20190628,20190713.0,USD,RV,1.0,,27744.25,20190628.0,NAA8,1929553295.0,0
U001,0200750051,ALBER corp,2019-01-28 00:00:00,2019.0,1928600883.0,2019-01-10,20190110,20190110,20190125.0,USD,RV,1.0,,75650.74,20190110.0,NAA8,1928600883.0,0
U001,0200778998,CE trust,2019-02-22 00:00:00,2019.0,1928752358.0,2019-02-07,20190206,20190207,20190222.0,USD,RV,1.0,,40870.8,20190207.0,NAA8,1928752358.0,0
U001,0200936373,SUPE us,2019-10-03 00:00:00,2019.0,1929878870.0,2019-09-18,20190916,20190918,20191003.0,USD,RV,1.0,,4037.11,20190918.0,NAA8,1929878870.0,0
U013,0140103311,GLOBA llc,2019-08-09 00:00:00,2019.0,1991829213.0,2019-07-13,20190709,20190713,20190812.0,USD,RV,1.0,,2800.85,20190713.0,NAVE,1991829213.0,0
U001,0200769623,WAL-MAR llc,2019-12-31 00:00:00,2019.0,1930287685.0,2019-12-17,20191217,20191217,20200101.0,USD,RV,1.0,,5839.55,20191217.0,NAH4,1930287685.0,0
U001,200707005,KING S trust,2019-04-22 00:00:00,2019.0,1929087345.0,2019-04-06,20190404,20190406,20190421.0,USD,RV,1.0,,76368.03,20190406.0,NAA8,1929087345.0,0
U001,0200769623,WAL-MAR us,2019-03-28 00:00:00,2019.0,1928981461.0,2019-03-18,20190317,20190318,20190402.0,USD,RV,1.0,,25368.72,20190318.0,NAH4,1928981461.0,0
U001,0200732755,KROGER associates,2019-05-21 00:00:00,2019.0,1929263267.0,2019-05-06,20190506,20190506,20190521.0,USD,RV,1.0,,38247.26,20190506.0,NAA8,1929263267.0,0
U001,200762950,HAR llc,,2020.0,1930748349.0,2020-04-05,20200404,20200405,20200420.0,USD,RV,1.0,,100795.0,20200405.0,NAA8,1930748349.0,1
U001,0100026939,SYSC associates,2019-09-11 00:00:00,2019.0,1929798454.0,2019-08-27,20190827,20190827,20190911.0,USD,RV,1.0,,1641.51,20190827.0,NAA8,1929798454.0,0
U001,0200555117,BURR associates,2019-09-09 00:00:00,2019.0,1929787110.0,2019-08-24,20190823,20190824,20190908.0,USD,RV,1.0,,97178.3,20190824.0,NAA8,1929787110.0,0
U001,0200769623,WAL-MAR ,2019-03-08 00:00:00,2019.0,1928855169.0,2019-02-26,20190225,20190226,20190313.0,USD,RV,1.0,,61002.27,20190226.0,NAH4,1928855169.0,0
U001,0200769623,WAL-MAR in,2019-08-20 00:00:00,2019.0,1929715638.0,2019-08-08,20190807,20190808,20190823.0,USD,RV,1.0,,49157.83,20190808.0,NAH4,1929715638.0,0
U001,0200936373,SUPE in,2019-12-26 00:00:00,2019.0,1930260460.0,2019-12-11,20191210,20191211,20191226.0,USD,RV,1.0,,1563.06,20191211.0,NAA8,1930260460.0,0
U001,0200794332,COST systems,2019-12-06 00:00:00,2019.0,1930175890.0,2019-11-21,20191120,20191121,20191206.0,USD,RV,1.0,,16439.88,20191121.0,NAAX,1930175890.0,0
U001,0200769623,WAL-MAR corp,2019-10-15 00:00:00,2019.0,1929940021.0,2019-09-29,20190928,20190929,20191014.0,USD,RV,1.0,,430.58,20190929.0,NAH4,1929940021.0,0
U001,0200782669,SYGMA in,2019-04-22 00:00:00,2019.0,1929077594.0,2019-04-03,20190403,20190403,20190418.0,USD,RV,1.0,,27624.09,20190403.0,NAA8,1929077594.0,0
U001,0200769623,WAL-MAR us,2020-01-24 00:00:00,2020.0,1930388595.0,2020-01-14,20200111,20200114,20200129.0,USD,RV,1.0,,15945.78,20200114.0,NAH4,1930388595.0,0
U001,0200900212,CASEY us,2019-05-09 00:00:00,2019.0,1929243302.0,2019-05-01,20190501,20190501,20190516.0,USD,RV,1.0,,33579.04,20190501.0,NAA8,1929243302.0,0
U001,0200769623,WAL-MAR foundation,2019-04-30 00:00:00,2019.0,1929169800.0,2019-04-18,20190418,20190418,20190503.0,USD,RV,1.0,,14948.17,20190418.0,NAH4,1929169800.0,0
U001,0200900909,SYSCO corp,2019-11-12 00:00:00,2019.0,1929956519.0,2019-10-08,20191002,20191008,20191109.0,USD,RV,1.0,,12526.41,20191008.0,NA32,1929956519.0,0
U001,0200763814,SYSCO F corporation,2019-02-21 00:00:00,2019.0,1928762611.0,2019-02-07,20190207,20190207,20190222.0,USD,RV,1.0,,6494.44,20190207.0,NAA8,1928762611.0,0
U001,0200739534,OK llc,,2020.0,1930662941.0,2020-03-18,20200317,20200318,20200402.0,USD,RV,1.0,,23738.62,20200318.0,NAA8,1930662941.0,1
U001,0200769623,WAL-MAR us,,2020.0,1930747487.0,2020-04-05,20200404,20200405,20200420.0,USD,RV,1.0,,5517.7,20200405.0,NAH4,1930747487.0,1
U001,0200769623,WAL-MAR systems,,2020.0,1930819059.0,2020-04-24,20200423,20200424,20200509.0,USD,RV,1.0,,9181.63,20200424.0,NAH4,1930819059.0,1
U001,0200719300,SYSTEMS systems,2019-03-12 00:00:00,2019.0,1928826359.0,2019-02-20,20190219,20190220,20190307.0,USD,RV,1.0,,25321.61,20190220.0,NAA8,1928826359.0,0
U001,0200761734,H E BUT associates,2019-06-20 00:00:00,2019.0,1929439644.0,2019-06-06,20190605,20190606,20190621.0,USD,RV,1.0,,82955.14,20190606.0,NAA8,1929439644.0,0
U001,0200765011,MAINES us,2019-08-19 00:00:00,2019.0,1929681750.0,2019-08-02,20190731,20190802,20190817.0,USD,RV,1.0,,27444.39,20190802.0,NAA8,1929681750.0,0
U001,0200772670,ASSOCIAT corp,2019-08-27 00:00:00,2019.0,1929742456.0,2019-08-13,20190814,20190813,20190828.0,USD,RV,1.0,,13938.75,20190813.0,NAU5,1929742456.0,0
U001,0200769623,WAL-MAR corp,2019-05-14 00:00:00,2019.0,1929236828.0,2019-05-01,20190430,20190501,20190516.0,USD,RV,1.0,,2194.07,20190501.0,NAH4,1929236828.0,0
U001,200793568,SUPE in,2019-04-09 00:00:00,2019.0,1929014769.0,2019-03-22,20190322,20190322,20190406.0,USD,RV,1.0,,53873.81,20190322.0,NAA8,1929014769.0,0
U001,0200752302,KROGER in,2019-03-07 00:00:00,2019.0,1928832900.0,2019-02-20,20190221,20190220,20190307.0,USD,RV,1.0,,87940.01,20190220.0,NAA8,1928832900.0,0
U001,0200761734,H E BUT in,2019-04-30 00:00:00,2019.0,1929153434.0,2019-04-16,20190416,20190416,20190501.0,USD,RV,1.0,,46562.21,20190416.0,NAA8,1929153434.0,0
U001,0200769623,WAL-MAR llc,2019-10-22 00:00:00,2019.0,1929989132.0,2019-10-11,20191009,20191011,20191026.0,USD,RV,1.0,,13794.41,20191011.0,NAH4,1929989132.0,0
U001,0200712105,WALG in,2019-10-25 00:00:00,2019.0,1929990258.0,2019-10-09,20191009,20191009,20191024.0,USD,RV,1.0,,90481.62,20191009.0,NAA8,1929990258.0,0
U001,0200769623,WAL-MAR in,2020-01-24 00:00:00,2020.0,1930371581.0,2020-01-08,20200108,20200108,20200123.0,USD,RV,1.0,,1566.11,20200108.0,NAH4,1930371581.0,0
U001,0200759878,SA corporation,2019-08-15 00:00:00,2019.0,1929676345.0,2019-07-29,20190730,20190729,20190813.0,USD,RV,1.0,,13687.8,20190729.0,NAH4,1929676345.0,0
U001,0200769623,WAL-MAR in,2020-01-28 00:00:00,2020.0,1930409863.0,2020-01-17,20200117,20200117,20200201.0,USD,RV,1.0,,12177.38,20200117.0,NAH4,1930409863.0,0
CA02,140104285,BUY- in,2019-05-21 00:00:00,2019.0,2960546592.0,2019-05-05,20190505,20190505,20190524.0,CAD,RV,1.0,,3978.96,20190514.0,CA10,2960546592.0,0
U001,0200769623,WAL-MAR corporation,2019-06-21 00:00:00,2019.0,1929422242.0,2019-06-05,20190603,20190605,20190620.0,USD,RV,1.0,,1890.17,20190605.0,NAH4,1929422242.0,0
U001,0200769623,WAL-MAR systems,2019-10-15 00:00:00,2019.0,1929942042.0,2019-10-01,20190930,20191001,20191016.0,USD,RV,1.0,,34375.57,20191001.0,NAH4,1929942042.0,0
U001,0200741174,M B  in,2020-01-21 00:00:00,2020.0,1930361543.0,2020-01-06,20200106,20200106,20200121.0,USD,RV,1.0,,9309.67,20200106.0,NAA8,1930361543.0,0
U001,0200739534,OK in,2019-10-04 00:00:00,2019.0,1929888092.0,2019-09-17,20190918,20190917,20191002.0,USD,RV,1.0,,58007.97,20190917.0,NAA8,1929888092.0,0
U001,0200772670,ASSOCIAT trust,2019-11-06 00:00:00,2019.0,1930049580.0,2019-10-24,20191024,20191024,20191108.0,USD,RV,1.0,,17656.68,20191024.0,NAU5,1930049580.0,0
U001,0200974851,RESTA co,,2020.0,1930643400.0,2020-03-11,20200312,20200311,20200326.0,USD,RV,1.0,,2222.15,20200311.0,NAA8,1930643400.0,1
U001,0200769623,WAL-MAR us,2020-01-23 00:00:00,2020.0,1930344668.0,2020-01-03,20200102,20200103,20200118.0,USD,RV,1.0,,10978.56,20200103.0,NAH4,1930344668.0,0
U001,0200794332,COST us,2019-05-31 00:00:00,2019.0,1929333268.0,2019-05-17,20190516,20190517,20190601.0,USD,RV,1.0,,32675.03,20190517.0,NAAX,1929333268.0,0
U001,0200769623,WAL-MAR associates,2020-03-12 00:00:00,2020.0,1930563527.0,2020-02-25,20200224,20200225,20200311.0,USD,RV,1.0,,66564.41,20200225.0,NAH4,1930563527.0,0
U001,0200020431,DEC ,2019-12-30 00:00:00,2019.0,1930303621.0,2019-12-20,20191220,20191220,20200108.0,USD,RV,1.0,,1644.48,20191216.0,NAM4,1930303621.0,0
CA02,0140104429,COSTCO trust,2019-02-11 00:00:00,2019.0,2960523268.0,2019-01-20,20190120,20190120,20190209.0,CAD,RV,1.0,,41795.46,20190130.0,CA10,2960523268.0,0
U001,0200769623,WAL-MAR corporation,2019-02-07 00:00:00,2019.0,1928696834.0,2019-01-28,20190128,20190128,20190212.0,USD,RV,1.0,,32857.17,20190128.0,NAH4,1928696834.0,0
U001,0200555117,BURR corporation,2019-11-13 00:00:00,2019.0,1930057201.0,2019-10-28,20191028,20191028,20191112.0,USD,RV,1.0,,143700.47,20191028.0,NAA8,1930057201.0,0
U001,0200793513,KROGER llc,2019-02-19 00:00:00,2019.0,1928706760.0,2019-01-30,20190130,20190130,20190214.0,USD,RV,1.0,,52998.51,20190130.0,NAA8,1928706760.0,0
U001,0200337148,COAS llc,2019-11-20 00:00:00,2019.0,1930104838.0,2019-11-05,20191105,20191105,20191120.0,USD,RV,1.0,,108309.0,20191105.0,NAA8,1930104838.0,0
U001,0200148860,DOLLA in,2019-11-26 00:00:00,2019.0,1930137504.0,2019-11-11,20191111,20191111,20191126.0,USD,RV,1.0,,5149.12,20191111.0,NAA8,1930137504.0,0
U001,0200769623,WAL-MAR corporation,2020-02-11 00:00:00,2020.0,1930436749.0,2020-01-31,20200124,20200131,20200215.0,USD,RV,1.0,,8380.76,20200131.0,NAH4,1930436749.0,0
U001,0200759878,SA foundation,2020-02-25 00:00:00,2020.0,1930492823.0,2020-02-09,20200206,20200209,20200224.0,USD,RV,1.0,,7769.5,20200209.0,NAH4,1930492823.0,0
U001,0200769623,WAL-MAR us,2019-12-20 00:00:00,2019.0,1930210562.0,2019-12-04,20191203,20191204,20191219.0,USD,RV,1.0,,7233.9,20191204.0,NAH4,1930210562.0,0
U001,0200769623,WAL-MAR us,2019-12-09 00:00:00,2019.0,1930192349.0,2019-11-26,20191125,20191126,20191211.0,USD,RV,1.0,,36510.87,20191126.0,NAH4,1930192349.0,0
U001,0200794332,COST ,,2020.0,1930785009.0,2020-04-15,20200414,20200415,20200430.0,USD,RV,1.0,,4327.03,20200415.0,NAAX,1930785009.0,1
U001,CCCA02,KRAFT  systems,2019-03-29 00:00:00,2019.0,1928828270.0,2019-02-21,20190220,20190221,20190328.0,USD,RV,1.0,,8424.0,20190221.0,NAG2,1928828270.0,0
U001,200706844,WINC associates,2019-07-08 00:00:00,2019.0,1929507247.0,2019-06-20,20190617,20190620,20190705.0,USD,RV,1.0,,2357.31,20190620.0,NAA8,1929507247.0,0
U001,0200769623,WAL-MAR in,,2020.0,1930819108.0,2020-04-26,20200423,20200426,20200511.0,USD,RV,1.0,,58167.02,20200426.0,NAH4,1930819108.0,1
U001,200769623,WAL-MAR us,2019-04-09 00:00:00,2019.0,1929052977.0,2019-03-30,20190329,20190330,20190414.0,USD,RV,1.0,,9610.14,20190330.0,NAH4,1929052977.0,0
U001,0200762301,C&S WH associates,2019-01-15 00:00:00,2019.0,1928536038.0,2018-12-31,20181229,20181231,20190115.0,USD,RV,1.0,,20037.56,20181231.0,NAC6,1928536038.0,0
U001,0200782001,GORDO ,2019-11-05 00:00:00,2019.0,1929945837.0,2019-10-01,20191001,20191001,20191102.0,USD,RV,1.0,,13481.37,20191001.0,NA32,1929945837.0,0
U001,0200769623,WAL-MAR foundation,2019-11-08 00:00:00,2019.0,1930052178.0,2019-10-25,20191025,20191025,20191109.0,USD,RV,1.0,,53960.97,20191025.0,NAH4,1930052178.0,0
U001,0200769623,WAL-MAR foundation,2019-03-04 00:00:00,2019.0,1928824146.0,2019-02-19,20190219,20190219,20190306.0,USD,RV,1.0,,64236.7,20190219.0,NAH4,1928824146.0,0
U001,0200759878,SA associates,2019-03-21 00:00:00,2019.0,1928905396.0,2019-03-06,20190305,20190306,20190321.0,USD,RV,1.0,,60144.94,20190306.0,NAH4,1928905396.0,0
U001,0200875006,KROGER trust,2019-09-13 00:00:00,2019.0,1929812075.0,2019-08-29,20190830,20190829,20190913.0,USD,RV,1.0,,71793.07,20190829.0,NAA8,1929812075.0,0
U001,0200769623,WAL-MAR foundation,2019-08-20 00:00:00,2019.0,1929721199.0,2019-08-09,20190808,20190809,20190824.0,USD,RV,1.0,,42687.43,20190809.0,NAH4,1929721199.0,0
CA02,140104409,LOB systems,2019-07-29 00:00:00,2019.0,2960565464.0,2019-07-16,20190716,20190716,20190727.0,CAD,RV,1.0,,25962.22,20190717.0,CA10,2960565464.0,0
U001,0200769623,WAL-MAR systems,2019-05-07 00:00:00,2019.0,1929192512.0,2019-04-24,20190423,20190424,20190509.0,USD,RV,1.0,,9850.64,20190424.0,NAH4,1929192512.0,0
U001,0100043948,AMERIC trust,2019-07-19 00:00:00,2019.0,1929558216.0,2019-07-08,20190701,20190708,20190723.0,USD,RV,1.0,,16949.38,20190708.0,NAA8,1929558216.0,0
U001,0200769623,WAL-MAR us,2020-02-25 00:00:00,2020.0,1930526592.0,2020-02-14,20200214,20200214,20200229.0,USD,RV,1.0,,45961.07,20200214.0,NAH4,1930526592.0,0
U001,0200732755,KROGER systems,2019-09-03 00:00:00,2019.0,1929749426.0,2019-08-16,20190815,20190816,20190831.0,USD,RV,1.0,,122309.63,20190816.0,NAA8,1929749426.0,0
U001,0200726979,BJ'S  corporation,2019-11-13 00:00:00,2019.0,1930054904.0,2019-10-28,20191026,20191028,20191112.0,USD,RV,1.0,,17489.65,20191028.0,NAA8,1930054904.0,0
U001,0200782001,GORDO llc,2019-05-07 00:00:00,2019.0,1929133779.0,2019-04-17,20190412,20190417,20190507.0,USD,RV,1.0,,24888.6,20190417.0,NAD1,1929133779.0,0
CA02,0140105847,GORDON F corp,2019-02-25 00:00:00,2019.0,2960528620.0,2019-02-12,20190212,20190212,20190224.0,CAD,RV,1.0,,7410.9,20190214.0,CA10,2960528620.0,0
U001,0200148860,DOLLA corp,2019-10-07 00:00:00,2019.0,1929909774.0,2019-09-22,20190922,20190922,20191007.0,USD,RV,1.0,,5149.12,20190922.0,NAA8,1929909774.0,0
U001,0200771157,WEIS us,2019-06-19 00:00:00,2019.0,1929425644.0,2019-06-04,20190604,20190604,20190619.0,USD,RV,1.0,,74023.87,20190604.0,NAA8,1929425644.0,0
U001,0200803720,DEC co,2019-05-09 00:00:00,2019.0,1929274271.0,2019-05-07,20190507,20190507,20190508.0,USD,RV,1.0,,18479.76,20190501.0,NAM1,1929274271.0,0
U001,0200772670,ASSOCIAT in,2020-02-20 00:00:00,2020.0,1930477067.0,2020-02-04,20200204,20200204,20200219.0,USD,RV,1.0,,5289.28,20200204.0,NAU5,1930477067.0,0
U001,0200769623,WAL-MAR corporation,2019-02-04 00:00:00,2019.0,1928665388.0,2019-01-23,20190123,20190123,20190207.0,USD,RV,1.0,,20227.47,20190123.0,NAH4,1928665388.0,0
U001,0200782669,SYGMA us,2019-09-10 00:00:00,2019.0,1929749105.0,2019-08-20,20190815,20190820,20190921.0,USD,RV,1.0,,23920.29,20190820.0,NA32,1929749105.0,0
U001,0200769623,WAL-MAR us,2019-06-19 00:00:00,2019.0,1929420693.0,2019-06-03,20190603,20190603,20190618.0,USD,RV,1.0,,47876.76,20190603.0,NAH4,1929420693.0,0
CA02,0140105686,SYSC in,2019-08-22 00:00:00,2019.0,2960570657.0,2019-08-04,20190804,20190804,20190819.0,CAD,RV,1.0,,33242.2,20190809.0,CA10,2960570657.0,0
U001,0200735528,ASSOCIA in,2019-03-18 00:00:00,2019.0,1928860978.0,2019-02-28,20190226,20190228,20190315.0,USD,RV,1.0,,129670.57,20190228.0,NAA8,1928860978.0,0
U001,0200707822,PUBLI llc,2019-04-03 00:00:00,2019.0,1928991320.0,2019-03-19,20190319,20190319,20190403.0,USD,RV,1.0,,66323.87,20190319.0,NAA8,1928991320.0,0
U001,0200705742,DOT co,2019-11-13 00:00:00,2019.0,1930070364.0,2019-10-29,20191029,20191029,20191113.0,USD,RV,1.0,,3603.03,20191029.0,NAA8,1930070364.0,0
U001,0200769623,WAL-MAR llc,,2020.0,1930621102.0,2020-03-09,20200307,20200309,20200324.0,USD,RV,1.0,,11217.86,20200309.0,NAH4,1930621102.0,1
U001,0200705742,DOT associates,2019-03-22 00:00:00,2019.0,1928825239.0,2019-02-18,20190219,20190218,20190322.0,USD,RV,1.0,,26332.49,20190218.0,NA32,1928825239.0,0
U001,0200759878,SA in,2019-05-06 00:00:00,2019.0,1928870557.0,2019-02-27,20190227,20190227,20190503.0,USD,RV,1.0,,7446.63,20190227.0,NAGD,1928870557.0,0
U013,0140103335,PARAM us,2020-03-11 00:00:00,2020.0,1991839457.0,2020-02-17,20200213,20200217,20200318.0,USD,RV,1.0,,7632.37,20200217.0,NAVE,1991839457.0,0
U001,0200714710,SYSCO  corp,2019-10-07 00:00:00,2019.0,1929880757.0,2019-09-17,20190917,20190917,20191002.0,USD,RV,1.0,,17596.35,20190917.0,NAA8,1929880757.0,0
U001,0200230690,DECA foundation,2019-07-16 00:00:00,2019.0,1929570538.0,2019-07-03,20190703,20190703,20190724.0,USD,RV,1.0,,1414.2,20190701.0,NAM4,1929570538.0,0
U001,0200769623,WAL-MAR trust,2019-11-15 00:00:00,2019.0,1930092830.0,2019-11-03,20191102,20191103,20191118.0,USD,RV,1.0,,22867.84,20191103.0,NAH4,1930092830.0,0
U001,0200769623,WAL-MAR systems,2019-04-22 00:00:00,2019.0,1929097345.0,2019-04-10,20190406,20190410,20190425.0,USD,RV,1.0,,17259.59,20190410.0,NAH4,1929097345.0,0
U001,0200726979,BJ'S  systems,2019-08-01 00:00:00,2019.0,1929612886.0,2019-07-12,20190712,20190712,20190727.0,USD,RV,1.0,,14199.08,20190712.0,NAA8,1929612886.0,0
U001,0200722444,PERFOR systems,2019-12-19 00:00:00,2019.0,1930214647.0,2019-12-04,20191203,20191204,20191219.0,USD,RV,1.0,,28109.83,20191204.0,NAA8,1930214647.0,0
U001,0200793568,SUPE us,2019-11-06 00:00:00,2019.0,1929773781.0,2019-08-22,20190822,20190822,20191105.0,USD,RV,1.0,,1292.82,20190822.0,NAWN,1929773781.0,0
U001,0200769623,WAL-MAR corporation,2019-11-29 00:00:00,2019.0,1930163107.0,2019-11-17,20191116,20191117,20191202.0,USD,RV,1.0,,72222.63,20191117.0,NAH4,1930163107.0,0
U001,0200744019,TARG corporation,2020-02-07 00:00:00,2020.0,1930428643.0,2020-01-22,20200123,20200122,20200206.0,USD,RV,1.0,,11234.02,20200122.0,NAA8,1930428643.0,0
U001,0200793568,SUPE llc,2019-10-21 00:00:00,2019.0,1929952382.0,2019-10-04,20191002,20191004,20191019.0,USD,RV,1.0,,23998.24,20191004.0,NAA8,1929952382.0,0
U001,0200772595,SAFEW corp,,2020.0,1930729105.0,2020-04-02,20200401,20200402,20200417.0,USD,RV,1.0,,84562.49,20200402.0,NAA8,1930729105.0,1
